ISO-10303-21;
HEADER;
FILE_DESCRIPTION(('KiCad electronic assembly'),'2;1');
FILE_NAME('Mouse v3.step','2026-08-31T11:29:19',('Pcbnew'),('Kicad'),
  'Open CASCADE STEP processor 7.9','KiCad to STEP converter','Unknown'
  );
FILE_SCHEMA(('AUTOMOTIVE_DESIGN { 1 0 10303 214 1 1 1 1 }'));
ENDSEC;
DATA;
#1 = APPLICATION_PROTOCOL_DEFINITION('international standard',
  'automotive_design',2000,#2);
#2 = APPLICATION_CONTEXT(
  'core data for automotive mechanical design processes');
#3 = SHAPE_DEFINITION_REPRESENTATION(#4,#10);
#4 = PRODUCT_DEFINITION_SHAPE('','',#5);
#5 = PRODUCT_DEFINITION('design','',#6,#9);
#6 = PRODUCT_DEFINITION_FORMATION('','',#7);
#7 = PRODUCT('Mouse v3 1','Mouse v3 1','',(#8));
#8 = PRODUCT_CONTEXT('',#2,'mechanical');
#9 = PRODUCT_DEFINITION_CONTEXT('part definition',#2,'design');
#10 = SHAPE_REPRESENTATION('',(#11,#15,#19,#23,#27,#31,#35,#39,#43,#47,
    #51,#55,#59,#63,#67),#71);
#11 = AXIS2_PLACEMENT_3D('',#12,#13,#14);
#12 = CARTESIAN_POINT('',(0.,0.,0.));
#13 = DIRECTION('',(0.,0.,1.));
#14 = DIRECTION('',(1.,0.,-0.));
#15 = AXIS2_PLACEMENT_3D('',#16,#17,#18);
#16 = CARTESIAN_POINT('',(125.3,-93.8,1.595));
#17 = DIRECTION('',(0.,0.,1.));
#18 = DIRECTION('',(1.,0.,0.));
#19 = AXIS2_PLACEMENT_3D('',#20,#21,#22);
#20 = CARTESIAN_POINT('',(132.6,-91.1,1.595));
#21 = DIRECTION('',(-0.,0.,1.));
#22 = DIRECTION('',(1.110223024625E-16,-1.,0.));
#23 = AXIS2_PLACEMENT_3D('',#24,#25,#26);
#24 = CARTESIAN_POINT('',(126.0375,-84.9,1.595));
#25 = DIRECTION('',(0.,0.,1.));
#26 = DIRECTION('',(1.,0.,0.));
#27 = AXIS2_PLACEMENT_3D('',#28,#29,#30);
#28 = CARTESIAN_POINT('',(131.7,-87.7,1.595));
#29 = DIRECTION('',(0.,0.,1.));
#30 = DIRECTION('',(1.,0.,0.));
#31 = AXIS2_PLACEMENT_3D('',#32,#33,#34);
#32 = CARTESIAN_POINT('',(132.4,-84.1,1.595));
#33 = DIRECTION('',(0.,-0.,1.));
#34 = DIRECTION('',(1.110223024625E-16,1.,0.));
#35 = AXIS2_PLACEMENT_3D('',#36,#37,#38);
#36 = CARTESIAN_POINT('',(123.1,-90.7,1.595));
#37 = DIRECTION('',(0.,0.,1.));
#38 = DIRECTION('',(-1.,1.224646799147E-16,0.));
#39 = AXIS2_PLACEMENT_3D('',#40,#41,#42);
#40 = CARTESIAN_POINT('',(130.,-91.1,1.595));
#41 = DIRECTION('',(-0.,0.,1.));
#42 = DIRECTION('',(1.110223024625E-16,-1.,0.));
#43 = AXIS2_PLACEMENT_3D('',#44,#45,#46);
#44 = CARTESIAN_POINT('',(129.8,-84.1,1.595));
#45 = DIRECTION('',(0.,-0.,1.));
#46 = DIRECTION('',(1.110223024625E-16,1.,0.));
#47 = AXIS2_PLACEMENT_3D('',#48,#49,#50);
#48 = CARTESIAN_POINT('',(125.3,-96.3,1.595));
#49 = DIRECTION('',(0.,0.,1.));
#50 = DIRECTION('',(1.,0.,0.));
#51 = AXIS2_PLACEMENT_3D('',#52,#53,#54);
#52 = CARTESIAN_POINT('',(126.0625,-87.6,1.595));
#53 = DIRECTION('',(0.,0.,1.));
#54 = DIRECTION('',(1.,0.,0.));
#55 = AXIS2_PLACEMENT_3D('',#56,#57,#58);
#56 = CARTESIAN_POINT('',(150.4,-105.7,1.595));
#57 = DIRECTION('',(0.,-0.,1.));
#58 = DIRECTION('',(1.110223024625E-16,1.,0.));
#59 = AXIS2_PLACEMENT_3D('',#60,#61,#62);
#60 = CARTESIAN_POINT('',(131.,-95.3,1.595));
#61 = DIRECTION('',(0.,0.,1.));
#62 = DIRECTION('',(1.,0.,0.));
#63 = AXIS2_PLACEMENT_3D('',#64,#65,#66);
#64 = CARTESIAN_POINT('',(149.,-85.,1.595));
#65 = DIRECTION('',(0.,0.,1.));
#66 = DIRECTION('',(1.,0.,0.));
#67 = AXIS2_PLACEMENT_3D('',#68,#69,#70);
#68 = CARTESIAN_POINT('',(0.,0.,0.));
#69 = DIRECTION('',(0.,0.,1.));
#70 = DIRECTION('',(1.,0.,-0.));
#71 = ( GEOMETRIC_REPRESENTATION_CONTEXT(3) 
GLOBAL_UNCERTAINTY_ASSIGNED_CONTEXT((#75)) GLOBAL_UNIT_ASSIGNED_CONTEXT(
(#72,#73,#74)) REPRESENTATION_CONTEXT('Context #1',
  '3D Context with UNIT and UNCERTAINTY') );
#72 = ( LENGTH_UNIT() NAMED_UNIT(*) SI_UNIT(.MILLI.,.METRE.) );
#73 = ( NAMED_UNIT(*) PLANE_ANGLE_UNIT() SI_UNIT($,.RADIAN.) );
#74 = ( NAMED_UNIT(*) SI_UNIT($,.STERADIAN.) SOLID_ANGLE_UNIT() );
#75 = UNCERTAINTY_MEASURE_WITH_UNIT(LENGTH_MEASURE(1.E-07),#72,
  'distance_accuracy_value','confusion accuracy');
#76 = PRODUCT_RELATED_PRODUCT_CATEGORY('part',$,(#7));
#77 = SHAPE_DEFINITION_REPRESENTATION(#78,#84);
#78 = PRODUCT_DEFINITION_SHAPE('','',#79);
#79 = PRODUCT_DEFINITION('design','',#80,#83);
#80 = PRODUCT_DEFINITION_FORMATION('','',#81);
#81 = PRODUCT('C_0805_2012Metric','C_0805_2012Metric','',(#82));
#82 = PRODUCT_CONTEXT('',#2,'mechanical');
#83 = PRODUCT_DEFINITION_CONTEXT('part definition',#2,'design');
#84 = SHAPE_REPRESENTATION('',(#11,#85),#89);
#85 = AXIS2_PLACEMENT_3D('',#86,#87,#88);
#86 = CARTESIAN_POINT('',(0.,0.,0.));
#87 = DIRECTION('',(0.,0.,1.));
#88 = DIRECTION('',(1.,0.,-0.));
#89 = ( GEOMETRIC_REPRESENTATION_CONTEXT(3) 
GLOBAL_UNCERTAINTY_ASSIGNED_CONTEXT((#93)) GLOBAL_UNIT_ASSIGNED_CONTEXT(
(#90,#91,#92)) REPRESENTATION_CONTEXT('Context #1',
  '3D Context with UNIT and UNCERTAINTY') );
#90 = ( LENGTH_UNIT() NAMED_UNIT(*) SI_UNIT(.MILLI.,.METRE.) );
#91 = ( NAMED_UNIT(*) PLANE_ANGLE_UNIT() SI_UNIT($,.RADIAN.) );
#92 = ( NAMED_UNIT(*) SI_UNIT($,.STERADIAN.) SOLID_ANGLE_UNIT() );
#93 = UNCERTAINTY_MEASURE_WITH_UNIT(LENGTH_MEASURE(1.E-07),#90,
  'distance_accuracy_value','confusion accuracy');
#94 = CONTEXT_DEPENDENT_SHAPE_REPRESENTATION(#95,#97);
#95 = ( REPRESENTATION_RELATIONSHIP('','',#84,#10) 
REPRESENTATION_RELATIONSHIP_WITH_TRANSFORMATION(#96) 
SHAPE_REPRESENTATION_RELATIONSHIP() );
#96 = ITEM_DEFINED_TRANSFORMATION('','',#11,#15);
#97 = PRODUCT_DEFINITION_SHAPE('Placement','Placement of an item',#98);
#98 = NEXT_ASSEMBLY_USAGE_OCCURRENCE('2','C8','',#5,#79,$);
#99 = PRODUCT_RELATED_PRODUCT_CATEGORY('part',$,(#81));
#100 = SHAPE_DEFINITION_REPRESENTATION(#101,#107);
#101 = PRODUCT_DEFINITION_SHAPE('','',#102);
#102 = PRODUCT_DEFINITION('design','',#103,#106);
#103 = PRODUCT_DEFINITION_FORMATION('','',#104);
#104 = PRODUCT('C_0805_2012Metric','C_0805_2012Metric','',(#105));
#105 = PRODUCT_CONTEXT('',#2,'mechanical');
#106 = PRODUCT_DEFINITION_CONTEXT('part definition',#2,'design');
#107 = ADVANCED_BREP_SHAPE_REPRESENTATION('',(#11,#108),#962);
#108 = MANIFOLD_SOLID_BREP('',#109);
#109 = CLOSED_SHELL('',(#110,#186,#217,#242,#267,#291,#315,#340,#365,
    #382,#468,#500,#524,#549,#573,#598,#622,#647,#664,#750,#781,#806,
    #831,#855,#879,#904,#929,#946));
#110 = ADVANCED_FACE('',(#111),#181,.F.);
#111 = FACE_BOUND('',#112,.F.);
#112 = EDGE_LOOP('',(#113,#123,#132,#140,#149,#157,#166,#174));
#113 = ORIENTED_EDGE('',*,*,#114,.F.);
#114 = EDGE_CURVE('',#115,#117,#119,.T.);
#115 = VERTEX_POINT('',#116);
#116 = CARTESIAN_POINT('',(-1.,-0.625,4.E-02));
#117 = VERTEX_POINT('',#118);
#118 = CARTESIAN_POINT('',(-1.,-0.625,1.21));
#119 = LINE('',#120,#121);
#120 = CARTESIAN_POINT('',(-1.,-0.625,0.));
#121 = VECTOR('',#122,1.);
#122 = DIRECTION('',(0.,0.,1.));
#123 = ORIENTED_EDGE('',*,*,#124,.T.);
#124 = EDGE_CURVE('',#115,#125,#127,.T.);
#125 = VERTEX_POINT('',#126);
#126 = CARTESIAN_POINT('',(-1.,-0.585,0.));
#127 = CIRCLE('',#128,4.E-02);
#128 = AXIS2_PLACEMENT_3D('',#129,#130,#131);
#129 = CARTESIAN_POINT('',(-1.,-0.585,4.E-02));
#130 = DIRECTION('',(1.,0.,-0.));
#131 = DIRECTION('',(0.,0.,1.));
#132 = ORIENTED_EDGE('',*,*,#133,.T.);
#133 = EDGE_CURVE('',#125,#134,#136,.T.);
#134 = VERTEX_POINT('',#135);
#135 = CARTESIAN_POINT('',(-1.,0.585,0.));
#136 = LINE('',#137,#138);
#137 = CARTESIAN_POINT('',(-1.,-0.625,0.));
#138 = VECTOR('',#139,1.);
#139 = DIRECTION('',(0.,1.,0.));
#140 = ORIENTED_EDGE('',*,*,#141,.F.);
#141 = EDGE_CURVE('',#142,#134,#144,.T.);
#142 = VERTEX_POINT('',#143);
#143 = CARTESIAN_POINT('',(-1.,0.625,4.E-02));
#144 = CIRCLE('',#145,4.E-02);
#145 = AXIS2_PLACEMENT_3D('',#146,#147,#148);
#146 = CARTESIAN_POINT('',(-1.,0.585,4.E-02));
#147 = DIRECTION('',(-1.,0.,0.));
#148 = DIRECTION('',(0.,0.,1.));
#149 = ORIENTED_EDGE('',*,*,#150,.T.);
#150 = EDGE_CURVE('',#142,#151,#153,.T.);
#151 = VERTEX_POINT('',#152);
#152 = CARTESIAN_POINT('',(-1.,0.625,1.21));
#153 = LINE('',#154,#155);
#154 = CARTESIAN_POINT('',(-1.,0.625,0.));
#155 = VECTOR('',#156,1.);
#156 = DIRECTION('',(0.,0.,1.));
#157 = ORIENTED_EDGE('',*,*,#158,.T.);
#158 = EDGE_CURVE('',#151,#159,#161,.T.);
#159 = VERTEX_POINT('',#160);
#160 = CARTESIAN_POINT('',(-1.,0.585,1.25));
#161 = CIRCLE('',#162,4.E-02);
#162 = AXIS2_PLACEMENT_3D('',#163,#164,#165);
#163 = CARTESIAN_POINT('',(-1.,0.585,1.21));
#164 = DIRECTION('',(1.,0.,-0.));
#165 = DIRECTION('',(0.,0.,1.));
#166 = ORIENTED_EDGE('',*,*,#167,.F.);
#167 = EDGE_CURVE('',#168,#159,#170,.T.);
#168 = VERTEX_POINT('',#169);
#169 = CARTESIAN_POINT('',(-1.,-0.585,1.25));
#170 = LINE('',#171,#172);
#171 = CARTESIAN_POINT('',(-1.,-0.625,1.25));
#172 = VECTOR('',#173,1.);
#173 = DIRECTION('',(0.,1.,0.));
#174 = ORIENTED_EDGE('',*,*,#175,.F.);
#175 = EDGE_CURVE('',#117,#168,#176,.T.);
#176 = CIRCLE('',#177,4.E-02);
#177 = AXIS2_PLACEMENT_3D('',#178,#179,#180);
#178 = CARTESIAN_POINT('',(-1.,-0.585,1.21));
#179 = DIRECTION('',(-1.,0.,0.));
#180 = DIRECTION('',(0.,0.,1.));
#181 = PLANE('',#182);
#182 = AXIS2_PLACEMENT_3D('',#183,#184,#185);
#183 = CARTESIAN_POINT('',(-1.,-0.625,0.));
#184 = DIRECTION('',(1.,0.,0.));
#185 = DIRECTION('',(0.,0.,1.));
#186 = ADVANCED_FACE('',(#187),#212,.F.);
#187 = FACE_BOUND('',#188,.F.);
#188 = EDGE_LOOP('',(#189,#199,#205,#206));
#189 = ORIENTED_EDGE('',*,*,#190,.F.);
#190 = EDGE_CURVE('',#191,#193,#195,.T.);
#191 = VERTEX_POINT('',#192);
#192 = CARTESIAN_POINT('',(-0.6,-0.625,4.E-02));
#193 = VERTEX_POINT('',#194);
#194 = CARTESIAN_POINT('',(-0.6,-0.625,1.21));
#195 = LINE('',#196,#197);
#196 = CARTESIAN_POINT('',(-0.6,-0.625,0.));
#197 = VECTOR('',#198,1.);
#198 = DIRECTION('',(0.,0.,1.));
#199 = ORIENTED_EDGE('',*,*,#200,.F.);
#200 = EDGE_CURVE('',#115,#191,#201,.T.);
#201 = LINE('',#202,#203);
#202 = CARTESIAN_POINT('',(-1.,-0.625,4.E-02));
#203 = VECTOR('',#204,1.);
#204 = DIRECTION('',(1.,0.,0.));
#205 = ORIENTED_EDGE('',*,*,#114,.T.);
#206 = ORIENTED_EDGE('',*,*,#207,.T.);
#207 = EDGE_CURVE('',#117,#193,#208,.T.);
#208 = LINE('',#209,#210);
#209 = CARTESIAN_POINT('',(-1.,-0.625,1.21));
#210 = VECTOR('',#211,1.);
#211 = DIRECTION('',(1.,0.,0.));
#212 = PLANE('',#213);
#213 = AXIS2_PLACEMENT_3D('',#214,#215,#216);
#214 = CARTESIAN_POINT('',(-1.,-0.625,0.));
#215 = DIRECTION('',(0.,1.,0.));
#216 = DIRECTION('',(0.,-0.,1.));
#217 = ADVANCED_FACE('',(#218),#237,.T.);
#218 = FACE_BOUND('',#219,.T.);
#219 = EDGE_LOOP('',(#220,#221,#229,#236));
#220 = ORIENTED_EDGE('',*,*,#124,.T.);
#221 = ORIENTED_EDGE('',*,*,#222,.T.);
#222 = EDGE_CURVE('',#125,#223,#225,.T.);
#223 = VERTEX_POINT('',#224);
#224 = CARTESIAN_POINT('',(-0.6,-0.585,0.));
#225 = LINE('',#226,#227);
#226 = CARTESIAN_POINT('',(-1.,-0.585,0.));
#227 = VECTOR('',#228,1.);
#228 = DIRECTION('',(1.,0.,0.));
#229 = ORIENTED_EDGE('',*,*,#230,.F.);
#230 = EDGE_CURVE('',#191,#223,#231,.T.);
#231 = CIRCLE('',#232,4.E-02);
#232 = AXIS2_PLACEMENT_3D('',#233,#234,#235);
#233 = CARTESIAN_POINT('',(-0.6,-0.585,4.E-02));
#234 = DIRECTION('',(1.,0.,-0.));
#235 = DIRECTION('',(0.,0.,1.));
#236 = ORIENTED_EDGE('',*,*,#200,.F.);
#237 = CYLINDRICAL_SURFACE('',#238,4.E-02);
#238 = AXIS2_PLACEMENT_3D('',#239,#240,#241);
#239 = CARTESIAN_POINT('',(-1.,-0.585,4.E-02));
#240 = DIRECTION('',(1.,0.,0.));
#241 = DIRECTION('',(0.,-1.,0.));
#242 = ADVANCED_FACE('',(#243),#262,.T.);
#243 = FACE_BOUND('',#244,.T.);
#244 = EDGE_LOOP('',(#245,#246,#255,#261));
#245 = ORIENTED_EDGE('',*,*,#207,.T.);
#246 = ORIENTED_EDGE('',*,*,#247,.T.);
#247 = EDGE_CURVE('',#193,#248,#250,.T.);
#248 = VERTEX_POINT('',#249);
#249 = CARTESIAN_POINT('',(-0.6,-0.585,1.25));
#250 = CIRCLE('',#251,4.E-02);
#251 = AXIS2_PLACEMENT_3D('',#252,#253,#254);
#252 = CARTESIAN_POINT('',(-0.6,-0.585,1.21));
#253 = DIRECTION('',(-1.,0.,0.));
#254 = DIRECTION('',(0.,0.,1.));
#255 = ORIENTED_EDGE('',*,*,#256,.F.);
#256 = EDGE_CURVE('',#168,#248,#257,.T.);
#257 = LINE('',#258,#259);
#258 = CARTESIAN_POINT('',(-1.,-0.585,1.25));
#259 = VECTOR('',#260,1.);
#260 = DIRECTION('',(1.,0.,0.));
#261 = ORIENTED_EDGE('',*,*,#175,.F.);
#262 = CYLINDRICAL_SURFACE('',#263,4.E-02);
#263 = AXIS2_PLACEMENT_3D('',#264,#265,#266);
#264 = CARTESIAN_POINT('',(-1.,-0.585,1.21));
#265 = DIRECTION('',(1.,0.,0.));
#266 = DIRECTION('',(0.,-1.,0.));
#267 = ADVANCED_FACE('',(#268),#286,.F.);
#268 = FACE_BOUND('',#269,.F.);
#269 = EDGE_LOOP('',(#270,#271,#272,#280));
#270 = ORIENTED_EDGE('',*,*,#133,.F.);
#271 = ORIENTED_EDGE('',*,*,#222,.T.);
#272 = ORIENTED_EDGE('',*,*,#273,.T.);
#273 = EDGE_CURVE('',#223,#274,#276,.T.);
#274 = VERTEX_POINT('',#275);
#275 = CARTESIAN_POINT('',(-0.6,0.585,0.));
#276 = LINE('',#277,#278);
#277 = CARTESIAN_POINT('',(-0.6,-0.625,0.));
#278 = VECTOR('',#279,1.);
#279 = DIRECTION('',(0.,1.,0.));
#280 = ORIENTED_EDGE('',*,*,#281,.F.);
#281 = EDGE_CURVE('',#134,#274,#282,.T.);
#282 = LINE('',#283,#284);
#283 = CARTESIAN_POINT('',(-1.,0.585,0.));
#284 = VECTOR('',#285,1.);
#285 = DIRECTION('',(1.,0.,0.));
#286 = PLANE('',#287);
#287 = AXIS2_PLACEMENT_3D('',#288,#289,#290);
#288 = CARTESIAN_POINT('',(-1.,-0.625,0.));
#289 = DIRECTION('',(0.,0.,1.));
#290 = DIRECTION('',(1.,0.,-0.));
#291 = ADVANCED_FACE('',(#292),#310,.T.);
#292 = FACE_BOUND('',#293,.T.);
#293 = EDGE_LOOP('',(#294,#295,#296,#304));
#294 = ORIENTED_EDGE('',*,*,#167,.F.);
#295 = ORIENTED_EDGE('',*,*,#256,.T.);
#296 = ORIENTED_EDGE('',*,*,#297,.T.);
#297 = EDGE_CURVE('',#248,#298,#300,.T.);
#298 = VERTEX_POINT('',#299);
#299 = CARTESIAN_POINT('',(-0.6,0.585,1.25));
#300 = LINE('',#301,#302);
#301 = CARTESIAN_POINT('',(-0.6,-0.625,1.25));
#302 = VECTOR('',#303,1.);
#303 = DIRECTION('',(0.,1.,0.));
#304 = ORIENTED_EDGE('',*,*,#305,.F.);
#305 = EDGE_CURVE('',#159,#298,#306,.T.);
#306 = LINE('',#307,#308);
#307 = CARTESIAN_POINT('',(-1.,0.585,1.25));
#308 = VECTOR('',#309,1.);
#309 = DIRECTION('',(1.,0.,0.));
#310 = PLANE('',#311);
#311 = AXIS2_PLACEMENT_3D('',#312,#313,#314);
#312 = CARTESIAN_POINT('',(-1.,-0.625,1.25));
#313 = DIRECTION('',(0.,0.,1.));
#314 = DIRECTION('',(1.,0.,-0.));
#315 = ADVANCED_FACE('',(#316),#335,.T.);
#316 = FACE_BOUND('',#317,.T.);
#317 = EDGE_LOOP('',(#318,#326,#333,#334));
#318 = ORIENTED_EDGE('',*,*,#319,.T.);
#319 = EDGE_CURVE('',#142,#320,#322,.T.);
#320 = VERTEX_POINT('',#321);
#321 = CARTESIAN_POINT('',(-0.6,0.625,4.E-02));
#322 = LINE('',#323,#324);
#323 = CARTESIAN_POINT('',(-1.,0.625,4.E-02));
#324 = VECTOR('',#325,1.);
#325 = DIRECTION('',(1.,0.,0.));
#326 = ORIENTED_EDGE('',*,*,#327,.T.);
#327 = EDGE_CURVE('',#320,#274,#328,.T.);
#328 = CIRCLE('',#329,4.E-02);
#329 = AXIS2_PLACEMENT_3D('',#330,#331,#332);
#330 = CARTESIAN_POINT('',(-0.6,0.585,4.E-02));
#331 = DIRECTION('',(-1.,0.,0.));
#332 = DIRECTION('',(0.,0.,1.));
#333 = ORIENTED_EDGE('',*,*,#281,.F.);
#334 = ORIENTED_EDGE('',*,*,#141,.F.);
#335 = CYLINDRICAL_SURFACE('',#336,4.E-02);
#336 = AXIS2_PLACEMENT_3D('',#337,#338,#339);
#337 = CARTESIAN_POINT('',(-1.,0.585,4.E-02));
#338 = DIRECTION('',(1.,0.,0.));
#339 = DIRECTION('',(-0.,1.,0.));
#340 = ADVANCED_FACE('',(#341),#360,.T.);
#341 = FACE_BOUND('',#342,.T.);
#342 = EDGE_LOOP('',(#343,#344,#345,#354));
#343 = ORIENTED_EDGE('',*,*,#158,.T.);
#344 = ORIENTED_EDGE('',*,*,#305,.T.);
#345 = ORIENTED_EDGE('',*,*,#346,.F.);
#346 = EDGE_CURVE('',#347,#298,#349,.T.);
#347 = VERTEX_POINT('',#348);
#348 = CARTESIAN_POINT('',(-0.6,0.625,1.21));
#349 = CIRCLE('',#350,4.E-02);
#350 = AXIS2_PLACEMENT_3D('',#351,#352,#353);
#351 = CARTESIAN_POINT('',(-0.6,0.585,1.21));
#352 = DIRECTION('',(1.,0.,-0.));
#353 = DIRECTION('',(0.,0.,1.));
#354 = ORIENTED_EDGE('',*,*,#355,.F.);
#355 = EDGE_CURVE('',#151,#347,#356,.T.);
#356 = LINE('',#357,#358);
#357 = CARTESIAN_POINT('',(-1.,0.625,1.21));
#358 = VECTOR('',#359,1.);
#359 = DIRECTION('',(1.,0.,0.));
#360 = CYLINDRICAL_SURFACE('',#361,4.E-02);
#361 = AXIS2_PLACEMENT_3D('',#362,#363,#364);
#362 = CARTESIAN_POINT('',(-1.,0.585,1.21));
#363 = DIRECTION('',(1.,0.,0.));
#364 = DIRECTION('',(-0.,1.,0.));
#365 = ADVANCED_FACE('',(#366),#377,.T.);
#366 = FACE_BOUND('',#367,.T.);
#367 = EDGE_LOOP('',(#368,#374,#375,#376));
#368 = ORIENTED_EDGE('',*,*,#369,.F.);
#369 = EDGE_CURVE('',#320,#347,#370,.T.);
#370 = LINE('',#371,#372);
#371 = CARTESIAN_POINT('',(-0.6,0.625,0.));
#372 = VECTOR('',#373,1.);
#373 = DIRECTION('',(0.,0.,1.));
#374 = ORIENTED_EDGE('',*,*,#319,.F.);
#375 = ORIENTED_EDGE('',*,*,#150,.T.);
#376 = ORIENTED_EDGE('',*,*,#355,.T.);
#377 = PLANE('',#378);
#378 = AXIS2_PLACEMENT_3D('',#379,#380,#381);
#379 = CARTESIAN_POINT('',(-1.,0.625,0.));
#380 = DIRECTION('',(0.,1.,0.));
#381 = DIRECTION('',(0.,-0.,1.));
#382 = ADVANCED_FACE('',(#383,#393),#463,.T.);
#383 = FACE_BOUND('',#384,.T.);
#384 = EDGE_LOOP('',(#385,#386,#387,#388,#389,#390,#391,#392));
#385 = ORIENTED_EDGE('',*,*,#190,.F.);
#386 = ORIENTED_EDGE('',*,*,#230,.T.);
#387 = ORIENTED_EDGE('',*,*,#273,.T.);
#388 = ORIENTED_EDGE('',*,*,#327,.F.);
#389 = ORIENTED_EDGE('',*,*,#369,.T.);
#390 = ORIENTED_EDGE('',*,*,#346,.T.);
#391 = ORIENTED_EDGE('',*,*,#297,.F.);
#392 = ORIENTED_EDGE('',*,*,#247,.F.);
#393 = FACE_BOUND('',#394,.T.);
#394 = EDGE_LOOP('',(#395,#406,#414,#423,#431,#440,#448,#457));
#395 = ORIENTED_EDGE('',*,*,#396,.F.);
#396 = EDGE_CURVE('',#397,#399,#401,.T.);
#397 = VERTEX_POINT('',#398);
#398 = CARTESIAN_POINT('',(-0.6,-0.585,8.E-02));
#399 = VERTEX_POINT('',#400);
#400 = CARTESIAN_POINT('',(-0.6,-0.545,4.E-02));
#401 = CIRCLE('',#402,4.E-02);
#402 = AXIS2_PLACEMENT_3D('',#403,#404,#405);
#403 = CARTESIAN_POINT('',(-0.6,-0.545,8.E-02));
#404 = DIRECTION('',(1.,0.,-0.));
#405 = DIRECTION('',(0.,0.,1.));
#406 = ORIENTED_EDGE('',*,*,#407,.T.);
#407 = EDGE_CURVE('',#397,#408,#410,.T.);
#408 = VERTEX_POINT('',#409);
#409 = CARTESIAN_POINT('',(-0.6,-0.585,1.17));
#410 = LINE('',#411,#412);
#411 = CARTESIAN_POINT('',(-0.6,-0.585,4.E-02));
#412 = VECTOR('',#413,1.);
#413 = DIRECTION('',(0.,0.,1.));
#414 = ORIENTED_EDGE('',*,*,#415,.T.);
#415 = EDGE_CURVE('',#408,#416,#418,.T.);
#416 = VERTEX_POINT('',#417);
#417 = CARTESIAN_POINT('',(-0.6,-0.545,1.21));
#418 = CIRCLE('',#419,4.E-02);
#419 = AXIS2_PLACEMENT_3D('',#420,#421,#422);
#420 = CARTESIAN_POINT('',(-0.6,-0.545,1.17));
#421 = DIRECTION('',(-1.,0.,0.));
#422 = DIRECTION('',(0.,0.,1.));
#423 = ORIENTED_EDGE('',*,*,#424,.T.);
#424 = EDGE_CURVE('',#416,#425,#427,.T.);
#425 = VERTEX_POINT('',#426);
#426 = CARTESIAN_POINT('',(-0.6,0.545,1.21));
#427 = LINE('',#428,#429);
#428 = CARTESIAN_POINT('',(-0.6,-0.585,1.21));
#429 = VECTOR('',#430,1.);
#430 = DIRECTION('',(0.,1.,0.));
#431 = ORIENTED_EDGE('',*,*,#432,.F.);
#432 = EDGE_CURVE('',#433,#425,#435,.T.);
#433 = VERTEX_POINT('',#434);
#434 = CARTESIAN_POINT('',(-0.6,0.585,1.17));
#435 = CIRCLE('',#436,4.E-02);
#436 = AXIS2_PLACEMENT_3D('',#437,#438,#439);
#437 = CARTESIAN_POINT('',(-0.6,0.545,1.17));
#438 = DIRECTION('',(1.,0.,-0.));
#439 = DIRECTION('',(0.,0.,1.));
#440 = ORIENTED_EDGE('',*,*,#441,.F.);
#441 = EDGE_CURVE('',#442,#433,#444,.T.);
#442 = VERTEX_POINT('',#443);
#443 = CARTESIAN_POINT('',(-0.6,0.585,8.E-02));
#444 = LINE('',#445,#446);
#445 = CARTESIAN_POINT('',(-0.6,0.585,4.E-02));
#446 = VECTOR('',#447,1.);
#447 = DIRECTION('',(0.,0.,1.));
#448 = ORIENTED_EDGE('',*,*,#449,.T.);
#449 = EDGE_CURVE('',#442,#450,#452,.T.);
#450 = VERTEX_POINT('',#451);
#451 = CARTESIAN_POINT('',(-0.6,0.545,4.E-02));
#452 = CIRCLE('',#453,4.E-02);
#453 = AXIS2_PLACEMENT_3D('',#454,#455,#456);
#454 = CARTESIAN_POINT('',(-0.6,0.545,8.E-02));
#455 = DIRECTION('',(-1.,0.,0.));
#456 = DIRECTION('',(0.,0.,1.));
#457 = ORIENTED_EDGE('',*,*,#458,.F.);
#458 = EDGE_CURVE('',#399,#450,#459,.T.);
#459 = LINE('',#460,#461);
#460 = CARTESIAN_POINT('',(-0.6,-0.585,4.E-02));
#461 = VECTOR('',#462,1.);
#462 = DIRECTION('',(0.,1.,0.));
#463 = PLANE('',#464);
#464 = AXIS2_PLACEMENT_3D('',#465,#466,#467);
#465 = CARTESIAN_POINT('',(-0.6,-0.625,0.));
#466 = DIRECTION('',(1.,0.,0.));
#467 = DIRECTION('',(0.,0.,1.));
#468 = ADVANCED_FACE('',(#469),#495,.T.);
#469 = FACE_BOUND('',#470,.T.);
#470 = EDGE_LOOP('',(#471,#472,#480,#489));
#471 = ORIENTED_EDGE('',*,*,#396,.T.);
#472 = ORIENTED_EDGE('',*,*,#473,.T.);
#473 = EDGE_CURVE('',#399,#474,#476,.T.);
#474 = VERTEX_POINT('',#475);
#475 = CARTESIAN_POINT('',(0.6,-0.545,4.E-02));
#476 = LINE('',#477,#478);
#477 = CARTESIAN_POINT('',(-0.6,-0.545,4.E-02));
#478 = VECTOR('',#479,1.);
#479 = DIRECTION('',(1.,0.,0.));
#480 = ORIENTED_EDGE('',*,*,#481,.F.);
#481 = EDGE_CURVE('',#482,#474,#484,.T.);
#482 = VERTEX_POINT('',#483);
#483 = CARTESIAN_POINT('',(0.6,-0.585,8.E-02));
#484 = CIRCLE('',#485,4.E-02);
#485 = AXIS2_PLACEMENT_3D('',#486,#487,#488);
#486 = CARTESIAN_POINT('',(0.6,-0.545,8.E-02));
#487 = DIRECTION('',(1.,0.,-0.));
#488 = DIRECTION('',(0.,0.,1.));
#489 = ORIENTED_EDGE('',*,*,#490,.F.);
#490 = EDGE_CURVE('',#397,#482,#491,.T.);
#491 = LINE('',#492,#493);
#492 = CARTESIAN_POINT('',(-0.6,-0.585,8.E-02));
#493 = VECTOR('',#494,1.);
#494 = DIRECTION('',(1.,0.,0.));
#495 = CYLINDRICAL_SURFACE('',#496,4.E-02);
#496 = AXIS2_PLACEMENT_3D('',#497,#498,#499);
#497 = CARTESIAN_POINT('',(-0.6,-0.545,8.E-02));
#498 = DIRECTION('',(1.,0.,0.));
#499 = DIRECTION('',(0.,-1.,0.));
#500 = ADVANCED_FACE('',(#501),#519,.F.);
#501 = FACE_BOUND('',#502,.F.);
#502 = EDGE_LOOP('',(#503,#504,#505,#513));
#503 = ORIENTED_EDGE('',*,*,#458,.F.);
#504 = ORIENTED_EDGE('',*,*,#473,.T.);
#505 = ORIENTED_EDGE('',*,*,#506,.T.);
#506 = EDGE_CURVE('',#474,#507,#509,.T.);
#507 = VERTEX_POINT('',#508);
#508 = CARTESIAN_POINT('',(0.6,0.545,4.E-02));
#509 = LINE('',#510,#511);
#510 = CARTESIAN_POINT('',(0.6,-0.585,4.E-02));
#511 = VECTOR('',#512,1.);
#512 = DIRECTION('',(0.,1.,0.));
#513 = ORIENTED_EDGE('',*,*,#514,.F.);
#514 = EDGE_CURVE('',#450,#507,#515,.T.);
#515 = LINE('',#516,#517);
#516 = CARTESIAN_POINT('',(-0.6,0.545,4.E-02));
#517 = VECTOR('',#518,1.);
#518 = DIRECTION('',(1.,0.,0.));
#519 = PLANE('',#520);
#520 = AXIS2_PLACEMENT_3D('',#521,#522,#523);
#521 = CARTESIAN_POINT('',(-0.6,-0.585,4.E-02));
#522 = DIRECTION('',(0.,0.,1.));
#523 = DIRECTION('',(1.,0.,-0.));
#524 = ADVANCED_FACE('',(#525),#544,.T.);
#525 = FACE_BOUND('',#526,.T.);
#526 = EDGE_LOOP('',(#527,#535,#542,#543));
#527 = ORIENTED_EDGE('',*,*,#528,.T.);
#528 = EDGE_CURVE('',#442,#529,#531,.T.);
#529 = VERTEX_POINT('',#530);
#530 = CARTESIAN_POINT('',(0.6,0.585,8.E-02));
#531 = LINE('',#532,#533);
#532 = CARTESIAN_POINT('',(-0.6,0.585,8.E-02));
#533 = VECTOR('',#534,1.);
#534 = DIRECTION('',(1.,0.,0.));
#535 = ORIENTED_EDGE('',*,*,#536,.T.);
#536 = EDGE_CURVE('',#529,#507,#537,.T.);
#537 = CIRCLE('',#538,4.E-02);
#538 = AXIS2_PLACEMENT_3D('',#539,#540,#541);
#539 = CARTESIAN_POINT('',(0.6,0.545,8.E-02));
#540 = DIRECTION('',(-1.,0.,0.));
#541 = DIRECTION('',(0.,0.,1.));
#542 = ORIENTED_EDGE('',*,*,#514,.F.);
#543 = ORIENTED_EDGE('',*,*,#449,.F.);
#544 = CYLINDRICAL_SURFACE('',#545,4.E-02);
#545 = AXIS2_PLACEMENT_3D('',#546,#547,#548);
#546 = CARTESIAN_POINT('',(-0.6,0.545,8.E-02));
#547 = DIRECTION('',(1.,0.,0.));
#548 = DIRECTION('',(-0.,1.,0.));
#549 = ADVANCED_FACE('',(#550),#568,.T.);
#550 = FACE_BOUND('',#551,.T.);
#551 = EDGE_LOOP('',(#552,#560,#561,#562));
#552 = ORIENTED_EDGE('',*,*,#553,.F.);
#553 = EDGE_CURVE('',#529,#554,#556,.T.);
#554 = VERTEX_POINT('',#555);
#555 = CARTESIAN_POINT('',(0.6,0.585,1.17));
#556 = LINE('',#557,#558);
#557 = CARTESIAN_POINT('',(0.6,0.585,4.E-02));
#558 = VECTOR('',#559,1.);
#559 = DIRECTION('',(0.,0.,1.));
#560 = ORIENTED_EDGE('',*,*,#528,.F.);
#561 = ORIENTED_EDGE('',*,*,#441,.T.);
#562 = ORIENTED_EDGE('',*,*,#563,.T.);
#563 = EDGE_CURVE('',#433,#554,#564,.T.);
#564 = LINE('',#565,#566);
#565 = CARTESIAN_POINT('',(-0.6,0.585,1.17));
#566 = VECTOR('',#567,1.);
#567 = DIRECTION('',(1.,0.,0.));
#568 = PLANE('',#569);
#569 = AXIS2_PLACEMENT_3D('',#570,#571,#572);
#570 = CARTESIAN_POINT('',(-0.6,0.585,4.E-02));
#571 = DIRECTION('',(0.,1.,0.));
#572 = DIRECTION('',(0.,-0.,1.));
#573 = ADVANCED_FACE('',(#574),#593,.T.);
#574 = FACE_BOUND('',#575,.T.);
#575 = EDGE_LOOP('',(#576,#577,#585,#592));
#576 = ORIENTED_EDGE('',*,*,#432,.T.);
#577 = ORIENTED_EDGE('',*,*,#578,.T.);
#578 = EDGE_CURVE('',#425,#579,#581,.T.);
#579 = VERTEX_POINT('',#580);
#580 = CARTESIAN_POINT('',(0.6,0.545,1.21));
#581 = LINE('',#582,#583);
#582 = CARTESIAN_POINT('',(-0.6,0.545,1.21));
#583 = VECTOR('',#584,1.);
#584 = DIRECTION('',(1.,0.,0.));
#585 = ORIENTED_EDGE('',*,*,#586,.F.);
#586 = EDGE_CURVE('',#554,#579,#587,.T.);
#587 = CIRCLE('',#588,4.E-02);
#588 = AXIS2_PLACEMENT_3D('',#589,#590,#591);
#589 = CARTESIAN_POINT('',(0.6,0.545,1.17));
#590 = DIRECTION('',(1.,0.,-0.));
#591 = DIRECTION('',(0.,0.,1.));
#592 = ORIENTED_EDGE('',*,*,#563,.F.);
#593 = CYLINDRICAL_SURFACE('',#594,4.E-02);
#594 = AXIS2_PLACEMENT_3D('',#595,#596,#597);
#595 = CARTESIAN_POINT('',(-0.6,0.545,1.17));
#596 = DIRECTION('',(1.,0.,0.));
#597 = DIRECTION('',(-0.,1.,0.));
#598 = ADVANCED_FACE('',(#599),#617,.T.);
#599 = FACE_BOUND('',#600,.T.);
#600 = EDGE_LOOP('',(#601,#602,#610,#616));
#601 = ORIENTED_EDGE('',*,*,#424,.F.);
#602 = ORIENTED_EDGE('',*,*,#603,.T.);
#603 = EDGE_CURVE('',#416,#604,#606,.T.);
#604 = VERTEX_POINT('',#605);
#605 = CARTESIAN_POINT('',(0.6,-0.545,1.21));
#606 = LINE('',#607,#608);
#607 = CARTESIAN_POINT('',(-0.6,-0.545,1.21));
#608 = VECTOR('',#609,1.);
#609 = DIRECTION('',(1.,0.,0.));
#610 = ORIENTED_EDGE('',*,*,#611,.T.);
#611 = EDGE_CURVE('',#604,#579,#612,.T.);
#612 = LINE('',#613,#614);
#613 = CARTESIAN_POINT('',(0.6,-0.585,1.21));
#614 = VECTOR('',#615,1.);
#615 = DIRECTION('',(0.,1.,0.));
#616 = ORIENTED_EDGE('',*,*,#578,.F.);
#617 = PLANE('',#618);
#618 = AXIS2_PLACEMENT_3D('',#619,#620,#621);
#619 = CARTESIAN_POINT('',(-0.6,-0.585,1.21));
#620 = DIRECTION('',(0.,0.,1.));
#621 = DIRECTION('',(1.,0.,-0.));
#622 = ADVANCED_FACE('',(#623),#642,.T.);
#623 = FACE_BOUND('',#624,.T.);
#624 = EDGE_LOOP('',(#625,#633,#640,#641));
#625 = ORIENTED_EDGE('',*,*,#626,.T.);
#626 = EDGE_CURVE('',#408,#627,#629,.T.);
#627 = VERTEX_POINT('',#628);
#628 = CARTESIAN_POINT('',(0.6,-0.585,1.17));
#629 = LINE('',#630,#631);
#630 = CARTESIAN_POINT('',(-0.6,-0.585,1.17));
#631 = VECTOR('',#632,1.);
#632 = DIRECTION('',(1.,0.,0.));
#633 = ORIENTED_EDGE('',*,*,#634,.T.);
#634 = EDGE_CURVE('',#627,#604,#635,.T.);
#635 = CIRCLE('',#636,4.E-02);
#636 = AXIS2_PLACEMENT_3D('',#637,#638,#639);
#637 = CARTESIAN_POINT('',(0.6,-0.545,1.17));
#638 = DIRECTION('',(-1.,0.,0.));
#639 = DIRECTION('',(0.,0.,1.));
#640 = ORIENTED_EDGE('',*,*,#603,.F.);
#641 = ORIENTED_EDGE('',*,*,#415,.F.);
#642 = CYLINDRICAL_SURFACE('',#643,4.E-02);
#643 = AXIS2_PLACEMENT_3D('',#644,#645,#646);
#644 = CARTESIAN_POINT('',(-0.6,-0.545,1.17));
#645 = DIRECTION('',(1.,0.,0.));
#646 = DIRECTION('',(0.,-1.,0.));
#647 = ADVANCED_FACE('',(#648),#659,.F.);
#648 = FACE_BOUND('',#649,.F.);
#649 = EDGE_LOOP('',(#650,#656,#657,#658));
#650 = ORIENTED_EDGE('',*,*,#651,.F.);
#651 = EDGE_CURVE('',#482,#627,#652,.T.);
#652 = LINE('',#653,#654);
#653 = CARTESIAN_POINT('',(0.6,-0.585,4.E-02));
#654 = VECTOR('',#655,1.);
#655 = DIRECTION('',(0.,0.,1.));
#656 = ORIENTED_EDGE('',*,*,#490,.F.);
#657 = ORIENTED_EDGE('',*,*,#407,.T.);
#658 = ORIENTED_EDGE('',*,*,#626,.T.);
#659 = PLANE('',#660);
#660 = AXIS2_PLACEMENT_3D('',#661,#662,#663);
#661 = CARTESIAN_POINT('',(-0.6,-0.585,4.E-02));
#662 = DIRECTION('',(0.,1.,0.));
#663 = DIRECTION('',(0.,-0.,1.));
#664 = ADVANCED_FACE('',(#665,#735),#745,.F.);
#665 = FACE_BOUND('',#666,.F.);
#666 = EDGE_LOOP('',(#667,#677,#686,#694,#703,#711,#720,#728));
#667 = ORIENTED_EDGE('',*,*,#668,.F.);
#668 = EDGE_CURVE('',#669,#671,#673,.T.);
#669 = VERTEX_POINT('',#670);
#670 = CARTESIAN_POINT('',(0.6,-0.625,4.E-02));
#671 = VERTEX_POINT('',#672);
#672 = CARTESIAN_POINT('',(0.6,-0.625,1.21));
#673 = LINE('',#674,#675);
#674 = CARTESIAN_POINT('',(0.6,-0.625,0.));
#675 = VECTOR('',#676,1.);
#676 = DIRECTION('',(0.,0.,1.));
#677 = ORIENTED_EDGE('',*,*,#678,.T.);
#678 = EDGE_CURVE('',#669,#679,#681,.T.);
#679 = VERTEX_POINT('',#680);
#680 = CARTESIAN_POINT('',(0.6,-0.585,0.));
#681 = CIRCLE('',#682,4.E-02);
#682 = AXIS2_PLACEMENT_3D('',#683,#684,#685);
#683 = CARTESIAN_POINT('',(0.6,-0.585,4.E-02));
#684 = DIRECTION('',(1.,0.,-0.));
#685 = DIRECTION('',(0.,0.,1.));
#686 = ORIENTED_EDGE('',*,*,#687,.T.);
#687 = EDGE_CURVE('',#679,#688,#690,.T.);
#688 = VERTEX_POINT('',#689);
#689 = CARTESIAN_POINT('',(0.6,0.585,0.));
#690 = LINE('',#691,#692);
#691 = CARTESIAN_POINT('',(0.6,-0.625,0.));
#692 = VECTOR('',#693,1.);
#693 = DIRECTION('',(0.,1.,0.));
#694 = ORIENTED_EDGE('',*,*,#695,.F.);
#695 = EDGE_CURVE('',#696,#688,#698,.T.);
#696 = VERTEX_POINT('',#697);
#697 = CARTESIAN_POINT('',(0.6,0.625,4.E-02));
#698 = CIRCLE('',#699,4.E-02);
#699 = AXIS2_PLACEMENT_3D('',#700,#701,#702);
#700 = CARTESIAN_POINT('',(0.6,0.585,4.E-02));
#701 = DIRECTION('',(-1.,0.,0.));
#702 = DIRECTION('',(0.,0.,1.));
#703 = ORIENTED_EDGE('',*,*,#704,.T.);
#704 = EDGE_CURVE('',#696,#705,#707,.T.);
#705 = VERTEX_POINT('',#706);
#706 = CARTESIAN_POINT('',(0.6,0.625,1.21));
#707 = LINE('',#708,#709);
#708 = CARTESIAN_POINT('',(0.6,0.625,0.));
#709 = VECTOR('',#710,1.);
#710 = DIRECTION('',(0.,0.,1.));
#711 = ORIENTED_EDGE('',*,*,#712,.T.);
#712 = EDGE_CURVE('',#705,#713,#715,.T.);
#713 = VERTEX_POINT('',#714);
#714 = CARTESIAN_POINT('',(0.6,0.585,1.25));
#715 = CIRCLE('',#716,4.E-02);
#716 = AXIS2_PLACEMENT_3D('',#717,#718,#719);
#717 = CARTESIAN_POINT('',(0.6,0.585,1.21));
#718 = DIRECTION('',(1.,0.,-0.));
#719 = DIRECTION('',(0.,0.,1.));
#720 = ORIENTED_EDGE('',*,*,#721,.F.);
#721 = EDGE_CURVE('',#722,#713,#724,.T.);
#722 = VERTEX_POINT('',#723);
#723 = CARTESIAN_POINT('',(0.6,-0.585,1.25));
#724 = LINE('',#725,#726);
#725 = CARTESIAN_POINT('',(0.6,-0.625,1.25));
#726 = VECTOR('',#727,1.);
#727 = DIRECTION('',(0.,1.,0.));
#728 = ORIENTED_EDGE('',*,*,#729,.F.);
#729 = EDGE_CURVE('',#671,#722,#730,.T.);
#730 = CIRCLE('',#731,4.E-02);
#731 = AXIS2_PLACEMENT_3D('',#732,#733,#734);
#732 = CARTESIAN_POINT('',(0.6,-0.585,1.21));
#733 = DIRECTION('',(-1.,0.,0.));
#734 = DIRECTION('',(0.,0.,1.));
#735 = FACE_BOUND('',#736,.F.);
#736 = EDGE_LOOP('',(#737,#738,#739,#740,#741,#742,#743,#744));
#737 = ORIENTED_EDGE('',*,*,#481,.F.);
#738 = ORIENTED_EDGE('',*,*,#651,.T.);
#739 = ORIENTED_EDGE('',*,*,#634,.T.);
#740 = ORIENTED_EDGE('',*,*,#611,.T.);
#741 = ORIENTED_EDGE('',*,*,#586,.F.);
#742 = ORIENTED_EDGE('',*,*,#553,.F.);
#743 = ORIENTED_EDGE('',*,*,#536,.T.);
#744 = ORIENTED_EDGE('',*,*,#506,.F.);
#745 = PLANE('',#746);
#746 = AXIS2_PLACEMENT_3D('',#747,#748,#749);
#747 = CARTESIAN_POINT('',(0.6,-0.625,0.));
#748 = DIRECTION('',(1.,0.,0.));
#749 = DIRECTION('',(0.,0.,1.));
#750 = ADVANCED_FACE('',(#751),#776,.F.);
#751 = FACE_BOUND('',#752,.F.);
#752 = EDGE_LOOP('',(#753,#763,#769,#770));
#753 = ORIENTED_EDGE('',*,*,#754,.F.);
#754 = EDGE_CURVE('',#755,#757,#759,.T.);
#755 = VERTEX_POINT('',#756);
#756 = CARTESIAN_POINT('',(1.,-0.625,4.E-02));
#757 = VERTEX_POINT('',#758);
#758 = CARTESIAN_POINT('',(1.,-0.625,1.21));
#759 = LINE('',#760,#761);
#760 = CARTESIAN_POINT('',(1.,-0.625,0.));
#761 = VECTOR('',#762,1.);
#762 = DIRECTION('',(0.,0.,1.));
#763 = ORIENTED_EDGE('',*,*,#764,.F.);
#764 = EDGE_CURVE('',#669,#755,#765,.T.);
#765 = LINE('',#766,#767);
#766 = CARTESIAN_POINT('',(0.6,-0.625,4.E-02));
#767 = VECTOR('',#768,1.);
#768 = DIRECTION('',(1.,0.,0.));
#769 = ORIENTED_EDGE('',*,*,#668,.T.);
#770 = ORIENTED_EDGE('',*,*,#771,.T.);
#771 = EDGE_CURVE('',#671,#757,#772,.T.);
#772 = LINE('',#773,#774);
#773 = CARTESIAN_POINT('',(0.6,-0.625,1.21));
#774 = VECTOR('',#775,1.);
#775 = DIRECTION('',(1.,0.,0.));
#776 = PLANE('',#777);
#777 = AXIS2_PLACEMENT_3D('',#778,#779,#780);
#778 = CARTESIAN_POINT('',(0.6,-0.625,0.));
#779 = DIRECTION('',(0.,1.,0.));
#780 = DIRECTION('',(0.,-0.,1.));
#781 = ADVANCED_FACE('',(#782),#801,.T.);
#782 = FACE_BOUND('',#783,.T.);
#783 = EDGE_LOOP('',(#784,#785,#793,#800));
#784 = ORIENTED_EDGE('',*,*,#678,.T.);
#785 = ORIENTED_EDGE('',*,*,#786,.T.);
#786 = EDGE_CURVE('',#679,#787,#789,.T.);
#787 = VERTEX_POINT('',#788);
#788 = CARTESIAN_POINT('',(1.,-0.585,0.));
#789 = LINE('',#790,#791);
#790 = CARTESIAN_POINT('',(0.6,-0.585,0.));
#791 = VECTOR('',#792,1.);
#792 = DIRECTION('',(1.,0.,0.));
#793 = ORIENTED_EDGE('',*,*,#794,.F.);
#794 = EDGE_CURVE('',#755,#787,#795,.T.);
#795 = CIRCLE('',#796,4.E-02);
#796 = AXIS2_PLACEMENT_3D('',#797,#798,#799);
#797 = CARTESIAN_POINT('',(1.,-0.585,4.E-02));
#798 = DIRECTION('',(1.,0.,-0.));
#799 = DIRECTION('',(0.,0.,1.));
#800 = ORIENTED_EDGE('',*,*,#764,.F.);
#801 = CYLINDRICAL_SURFACE('',#802,4.E-02);
#802 = AXIS2_PLACEMENT_3D('',#803,#804,#805);
#803 = CARTESIAN_POINT('',(0.6,-0.585,4.E-02));
#804 = DIRECTION('',(1.,0.,0.));
#805 = DIRECTION('',(0.,-1.,0.));
#806 = ADVANCED_FACE('',(#807),#826,.T.);
#807 = FACE_BOUND('',#808,.T.);
#808 = EDGE_LOOP('',(#809,#810,#819,#825));
#809 = ORIENTED_EDGE('',*,*,#771,.T.);
#810 = ORIENTED_EDGE('',*,*,#811,.T.);
#811 = EDGE_CURVE('',#757,#812,#814,.T.);
#812 = VERTEX_POINT('',#813);
#813 = CARTESIAN_POINT('',(1.,-0.585,1.25));
#814 = CIRCLE('',#815,4.E-02);
#815 = AXIS2_PLACEMENT_3D('',#816,#817,#818);
#816 = CARTESIAN_POINT('',(1.,-0.585,1.21));
#817 = DIRECTION('',(-1.,0.,0.));
#818 = DIRECTION('',(0.,0.,1.));
#819 = ORIENTED_EDGE('',*,*,#820,.F.);
#820 = EDGE_CURVE('',#722,#812,#821,.T.);
#821 = LINE('',#822,#823);
#822 = CARTESIAN_POINT('',(0.6,-0.585,1.25));
#823 = VECTOR('',#824,1.);
#824 = DIRECTION('',(1.,0.,0.));
#825 = ORIENTED_EDGE('',*,*,#729,.F.);
#826 = CYLINDRICAL_SURFACE('',#827,4.E-02);
#827 = AXIS2_PLACEMENT_3D('',#828,#829,#830);
#828 = CARTESIAN_POINT('',(0.6,-0.585,1.21));
#829 = DIRECTION('',(1.,0.,0.));
#830 = DIRECTION('',(0.,-1.,0.));
#831 = ADVANCED_FACE('',(#832),#850,.F.);
#832 = FACE_BOUND('',#833,.F.);
#833 = EDGE_LOOP('',(#834,#835,#836,#844));
#834 = ORIENTED_EDGE('',*,*,#687,.F.);
#835 = ORIENTED_EDGE('',*,*,#786,.T.);
#836 = ORIENTED_EDGE('',*,*,#837,.T.);
#837 = EDGE_CURVE('',#787,#838,#840,.T.);
#838 = VERTEX_POINT('',#839);
#839 = CARTESIAN_POINT('',(1.,0.585,0.));
#840 = LINE('',#841,#842);
#841 = CARTESIAN_POINT('',(1.,-0.625,0.));
#842 = VECTOR('',#843,1.);
#843 = DIRECTION('',(0.,1.,0.));
#844 = ORIENTED_EDGE('',*,*,#845,.F.);
#845 = EDGE_CURVE('',#688,#838,#846,.T.);
#846 = LINE('',#847,#848);
#847 = CARTESIAN_POINT('',(0.6,0.585,0.));
#848 = VECTOR('',#849,1.);
#849 = DIRECTION('',(1.,0.,0.));
#850 = PLANE('',#851);
#851 = AXIS2_PLACEMENT_3D('',#852,#853,#854);
#852 = CARTESIAN_POINT('',(0.6,-0.625,0.));
#853 = DIRECTION('',(0.,0.,1.));
#854 = DIRECTION('',(1.,0.,-0.));
#855 = ADVANCED_FACE('',(#856),#874,.T.);
#856 = FACE_BOUND('',#857,.T.);
#857 = EDGE_LOOP('',(#858,#859,#860,#868));
#858 = ORIENTED_EDGE('',*,*,#721,.F.);
#859 = ORIENTED_EDGE('',*,*,#820,.T.);
#860 = ORIENTED_EDGE('',*,*,#861,.T.);
#861 = EDGE_CURVE('',#812,#862,#864,.T.);
#862 = VERTEX_POINT('',#863);
#863 = CARTESIAN_POINT('',(1.,0.585,1.25));
#864 = LINE('',#865,#866);
#865 = CARTESIAN_POINT('',(1.,-0.625,1.25));
#866 = VECTOR('',#867,1.);
#867 = DIRECTION('',(0.,1.,0.));
#868 = ORIENTED_EDGE('',*,*,#869,.F.);
#869 = EDGE_CURVE('',#713,#862,#870,.T.);
#870 = LINE('',#871,#872);
#871 = CARTESIAN_POINT('',(0.6,0.585,1.25));
#872 = VECTOR('',#873,1.);
#873 = DIRECTION('',(1.,0.,0.));
#874 = PLANE('',#875);
#875 = AXIS2_PLACEMENT_3D('',#876,#877,#878);
#876 = CARTESIAN_POINT('',(0.6,-0.625,1.25));
#877 = DIRECTION('',(0.,0.,1.));
#878 = DIRECTION('',(1.,0.,-0.));
#879 = ADVANCED_FACE('',(#880),#899,.T.);
#880 = FACE_BOUND('',#881,.T.);
#881 = EDGE_LOOP('',(#882,#890,#897,#898));
#882 = ORIENTED_EDGE('',*,*,#883,.T.);
#883 = EDGE_CURVE('',#696,#884,#886,.T.);
#884 = VERTEX_POINT('',#885);
#885 = CARTESIAN_POINT('',(1.,0.625,4.E-02));
#886 = LINE('',#887,#888);
#887 = CARTESIAN_POINT('',(0.6,0.625,4.E-02));
#888 = VECTOR('',#889,1.);
#889 = DIRECTION('',(1.,0.,0.));
#890 = ORIENTED_EDGE('',*,*,#891,.T.);
#891 = EDGE_CURVE('',#884,#838,#892,.T.);
#892 = CIRCLE('',#893,4.E-02);
#893 = AXIS2_PLACEMENT_3D('',#894,#895,#896);
#894 = CARTESIAN_POINT('',(1.,0.585,4.E-02));
#895 = DIRECTION('',(-1.,0.,0.));
#896 = DIRECTION('',(0.,0.,1.));
#897 = ORIENTED_EDGE('',*,*,#845,.F.);
#898 = ORIENTED_EDGE('',*,*,#695,.F.);
#899 = CYLINDRICAL_SURFACE('',#900,4.E-02);
#900 = AXIS2_PLACEMENT_3D('',#901,#902,#903);
#901 = CARTESIAN_POINT('',(0.6,0.585,4.E-02));
#902 = DIRECTION('',(1.,0.,0.));
#903 = DIRECTION('',(-0.,1.,0.));
#904 = ADVANCED_FACE('',(#905),#924,.T.);
#905 = FACE_BOUND('',#906,.T.);
#906 = EDGE_LOOP('',(#907,#908,#909,#918));
#907 = ORIENTED_EDGE('',*,*,#712,.T.);
#908 = ORIENTED_EDGE('',*,*,#869,.T.);
#909 = ORIENTED_EDGE('',*,*,#910,.F.);
#910 = EDGE_CURVE('',#911,#862,#913,.T.);
#911 = VERTEX_POINT('',#912);
#912 = CARTESIAN_POINT('',(1.,0.625,1.21));
#913 = CIRCLE('',#914,4.E-02);
#914 = AXIS2_PLACEMENT_3D('',#915,#916,#917);
#915 = CARTESIAN_POINT('',(1.,0.585,1.21));
#916 = DIRECTION('',(1.,0.,-0.));
#917 = DIRECTION('',(0.,0.,1.));
#918 = ORIENTED_EDGE('',*,*,#919,.F.);
#919 = EDGE_CURVE('',#705,#911,#920,.T.);
#920 = LINE('',#921,#922);
#921 = CARTESIAN_POINT('',(0.6,0.625,1.21));
#922 = VECTOR('',#923,1.);
#923 = DIRECTION('',(1.,0.,0.));
#924 = CYLINDRICAL_SURFACE('',#925,4.E-02);
#925 = AXIS2_PLACEMENT_3D('',#926,#927,#928);
#926 = CARTESIAN_POINT('',(0.6,0.585,1.21));
#927 = DIRECTION('',(1.,0.,0.));
#928 = DIRECTION('',(-0.,1.,0.));
#929 = ADVANCED_FACE('',(#930),#941,.T.);
#930 = FACE_BOUND('',#931,.T.);
#931 = EDGE_LOOP('',(#932,#938,#939,#940));
#932 = ORIENTED_EDGE('',*,*,#933,.F.);
#933 = EDGE_CURVE('',#884,#911,#934,.T.);
#934 = LINE('',#935,#936);
#935 = CARTESIAN_POINT('',(1.,0.625,0.));
#936 = VECTOR('',#937,1.);
#937 = DIRECTION('',(0.,0.,1.));
#938 = ORIENTED_EDGE('',*,*,#883,.F.);
#939 = ORIENTED_EDGE('',*,*,#704,.T.);
#940 = ORIENTED_EDGE('',*,*,#919,.T.);
#941 = PLANE('',#942);
#942 = AXIS2_PLACEMENT_3D('',#943,#944,#945);
#943 = CARTESIAN_POINT('',(0.6,0.625,0.));
#944 = DIRECTION('',(0.,1.,0.));
#945 = DIRECTION('',(0.,-0.,1.));
#946 = ADVANCED_FACE('',(#947),#957,.T.);
#947 = FACE_BOUND('',#948,.T.);
#948 = EDGE_LOOP('',(#949,#950,#951,#952,#953,#954,#955,#956));
#949 = ORIENTED_EDGE('',*,*,#754,.F.);
#950 = ORIENTED_EDGE('',*,*,#794,.T.);
#951 = ORIENTED_EDGE('',*,*,#837,.T.);
#952 = ORIENTED_EDGE('',*,*,#891,.F.);
#953 = ORIENTED_EDGE('',*,*,#933,.T.);
#954 = ORIENTED_EDGE('',*,*,#910,.T.);
#955 = ORIENTED_EDGE('',*,*,#861,.F.);
#956 = ORIENTED_EDGE('',*,*,#811,.F.);
#957 = PLANE('',#958);
#958 = AXIS2_PLACEMENT_3D('',#959,#960,#961);
#959 = CARTESIAN_POINT('',(1.,-0.625,0.));
#960 = DIRECTION('',(1.,0.,0.));
#961 = DIRECTION('',(0.,0.,1.));
#962 = ( GEOMETRIC_REPRESENTATION_CONTEXT(3) 
GLOBAL_UNCERTAINTY_ASSIGNED_CONTEXT((#966)) GLOBAL_UNIT_ASSIGNED_CONTEXT
((#963,#964,#965)) REPRESENTATION_CONTEXT('Context #1',
  '3D Context with UNIT and UNCERTAINTY') );
#963 = ( LENGTH_UNIT() NAMED_UNIT(*) SI_UNIT(.MILLI.,.METRE.) );
#964 = ( NAMED_UNIT(*) PLANE_ANGLE_UNIT() SI_UNIT($,.RADIAN.) );
#965 = ( NAMED_UNIT(*) SI_UNIT($,.STERADIAN.) SOLID_ANGLE_UNIT() );
#966 = UNCERTAINTY_MEASURE_WITH_UNIT(LENGTH_MEASURE(1.E-07),#963,
  'distance_accuracy_value','confusion accuracy');
#967 = CONTEXT_DEPENDENT_SHAPE_REPRESENTATION(#968,#970);
#968 = ( REPRESENTATION_RELATIONSHIP('','',#107,#84) 
REPRESENTATION_RELATIONSHIP_WITH_TRANSFORMATION(#969) 
SHAPE_REPRESENTATION_RELATIONSHIP() );
#969 = ITEM_DEFINED_TRANSFORMATION('','',#11,#85);
#970 = PRODUCT_DEFINITION_SHAPE('Placement','Placement of an item',#971
  );
#971 = NEXT_ASSEMBLY_USAGE_OCCURRENCE('1','=>[0:1:1:3]','',#79,#102,$);
#972 = PRODUCT_RELATED_PRODUCT_CATEGORY('part',$,(#104));
#973 = CONTEXT_DEPENDENT_SHAPE_REPRESENTATION(#974,#976);
#974 = ( REPRESENTATION_RELATIONSHIP('','',#84,#10) 
REPRESENTATION_RELATIONSHIP_WITH_TRANSFORMATION(#975) 
SHAPE_REPRESENTATION_RELATIONSHIP() );
#975 = ITEM_DEFINED_TRANSFORMATION('','',#11,#19);
#976 = PRODUCT_DEFINITION_SHAPE('Placement','Placement of an item',#977
  );
#977 = NEXT_ASSEMBLY_USAGE_OCCURRENCE('3','C2','',#5,#79,$);
#978 = CONTEXT_DEPENDENT_SHAPE_REPRESENTATION(#979,#981);
#979 = ( REPRESENTATION_RELATIONSHIP('','',#84,#10) 
REPRESENTATION_RELATIONSHIP_WITH_TRANSFORMATION(#980) 
SHAPE_REPRESENTATION_RELATIONSHIP() );
#980 = ITEM_DEFINED_TRANSFORMATION('','',#11,#23);
#981 = PRODUCT_DEFINITION_SHAPE('Placement','Placement of an item',#982
  );
#982 = NEXT_ASSEMBLY_USAGE_OCCURRENCE('4','C7','',#5,#79,$);
#983 = CONTEXT_DEPENDENT_SHAPE_REPRESENTATION(#984,#986);
#984 = ( REPRESENTATION_RELATIONSHIP('','',#84,#10) 
REPRESENTATION_RELATIONSHIP_WITH_TRANSFORMATION(#985) 
SHAPE_REPRESENTATION_RELATIONSHIP() );
#985 = ITEM_DEFINED_TRANSFORMATION('','',#11,#27);
#986 = PRODUCT_DEFINITION_SHAPE('Placement','Placement of an item',#987
  );
#987 = NEXT_ASSEMBLY_USAGE_OCCURRENCE('5','C1','',#5,#79,$);
#988 = CONTEXT_DEPENDENT_SHAPE_REPRESENTATION(#989,#991);
#989 = ( REPRESENTATION_RELATIONSHIP('','',#84,#10) 
REPRESENTATION_RELATIONSHIP_WITH_TRANSFORMATION(#990) 
SHAPE_REPRESENTATION_RELATIONSHIP() );
#990 = ITEM_DEFINED_TRANSFORMATION('','',#11,#31);
#991 = PRODUCT_DEFINITION_SHAPE('Placement','Placement of an item',#992
  );
#992 = NEXT_ASSEMBLY_USAGE_OCCURRENCE('6','C3','',#5,#79,$);
#993 = SHAPE_DEFINITION_REPRESENTATION(#994,#1000);
#994 = PRODUCT_DEFINITION_SHAPE('','',#995);
#995 = PRODUCT_DEFINITION('design','',#996,#999);
#996 = PRODUCT_DEFINITION_FORMATION('','',#997);
#997 = PRODUCT('SOT-23-3','SOT-23-3','',(#998));
#998 = PRODUCT_CONTEXT('',#2,'mechanical');
#999 = PRODUCT_DEFINITION_CONTEXT('part definition',#2,'design');
#1000 = SHAPE_REPRESENTATION('',(#11,#1001),#1005);
#1001 = AXIS2_PLACEMENT_3D('',#1002,#1003,#1004);
#1002 = CARTESIAN_POINT('',(0.,0.,0.));
#1003 = DIRECTION('',(0.,0.,1.));
#1004 = DIRECTION('',(1.,0.,-0.));
#1005 = ( GEOMETRIC_REPRESENTATION_CONTEXT(3) 
GLOBAL_UNCERTAINTY_ASSIGNED_CONTEXT((#1009)) 
GLOBAL_UNIT_ASSIGNED_CONTEXT((#1006,#1007,#1008)) REPRESENTATION_CONTEXT
('Context #1','3D Context with UNIT and UNCERTAINTY') );
#1006 = ( LENGTH_UNIT() NAMED_UNIT(*) SI_UNIT(.MILLI.,.METRE.) );
#1007 = ( NAMED_UNIT(*) PLANE_ANGLE_UNIT() SI_UNIT($,.RADIAN.) );
#1008 = ( NAMED_UNIT(*) SI_UNIT($,.STERADIAN.) SOLID_ANGLE_UNIT() );
#1009 = UNCERTAINTY_MEASURE_WITH_UNIT(LENGTH_MEASURE(1.E-07),#1006,
  'distance_accuracy_value','confusion accuracy');
#1010 = CONTEXT_DEPENDENT_SHAPE_REPRESENTATION(#1011,#1013);
#1011 = ( REPRESENTATION_RELATIONSHIP('','',#1000,#10) 
REPRESENTATION_RELATIONSHIP_WITH_TRANSFORMATION(#1012) 
SHAPE_REPRESENTATION_RELATIONSHIP() );
#1012 = ITEM_DEFINED_TRANSFORMATION('','',#11,#35);
#1013 = PRODUCT_DEFINITION_SHAPE('Placement','Placement of an item',
  #1014);
#1014 = NEXT_ASSEMBLY_USAGE_OCCURRENCE('8','U3','',#5,#995,$);
#1015 = PRODUCT_RELATED_PRODUCT_CATEGORY('part',$,(#997));
#1016 = SHAPE_DEFINITION_REPRESENTATION(#1017,#1023);
#1017 = PRODUCT_DEFINITION_SHAPE('','',#1018);
#1018 = PRODUCT_DEFINITION('design','',#1019,#1022);
#1019 = PRODUCT_DEFINITION_FORMATION('','',#1020);
#1020 = PRODUCT('SOT-23-3','SOT-23-3','',(#1021));
#1021 = PRODUCT_CONTEXT('',#2,'mechanical');
#1022 = PRODUCT_DEFINITION_CONTEXT('part definition',#2,'design');
#1023 = ADVANCED_BREP_SHAPE_REPRESENTATION('',(#11,#1024),#3006);
#1024 = MANIFOLD_SOLID_BREP('',#1025);
#1025 = CLOSED_SHELL('',(#1026,#1064,#1127,#1150,#1179,#1202,#1257,#1296
    ,#1319,#1342,#1359,#1382,#1470,#1486,#1516,#1549,#1580,#1613,#1630,
    #1647,#1680,#1710,#1733,#1756,#1773,#1802,#1856,#1879,#1902,#1925,
    #1964,#1986,#2030,#2105,#2129,#2197,#2214,#2289,#2313,#2381,#2456,
    #2480,#2548,#2565,#2582,#2628,#2644,#2660,#2677,#2689,#2706,#2723,
    #2740,#2757,#2774,#2791,#2803,#2820,#2837,#2854,#2871,#2888,#2900,
    #2917,#2934,#2951,#2968,#2985,#2997));
#1026 = ADVANCED_FACE('',(#1027),#1059,.F.);
#1027 = FACE_BOUND('',#1028,.F.);
#1028 = EDGE_LOOP('',(#1029,#1039,#1046,#1054));
#1029 = ORIENTED_EDGE('',*,*,#1030,.T.);
#1030 = EDGE_CURVE('',#1031,#1033,#1035,.T.);
#1031 = VERTEX_POINT('',#1032);
#1032 = CARTESIAN_POINT('',(-0.571621551758,1.433243103516,0.1));
#1033 = VERTEX_POINT('',#1034);
#1034 = CARTESIAN_POINT('',(0.571621551758,1.433243103516,0.1));
#1035 = LINE('',#1036,#1037);
#1036 = CARTESIAN_POINT('',(-0.571621551758,1.433243103516,0.1));
#1037 = VECTOR('',#1038,1.);
#1038 = DIRECTION('',(1.,1.110223024625E-16,0.));
#1039 = ORIENTED_EDGE('',*,*,#1040,.T.);
#1040 = EDGE_CURVE('',#1033,#1041,#1043,.T.);
#1041 = VERTEX_POINT('',#1042);
#1042 = CARTESIAN_POINT('',(0.605,1.5,0.575));
#1043 = B_SPLINE_CURVE_WITH_KNOTS('',1,(#1044,#1045),.UNSPECIFIED.,.F.,
  .F.,(2,2),(0.,1.),.PIECEWISE_BEZIER_KNOTS.);
#1044 = CARTESIAN_POINT('',(0.571621551758,1.433243103516,0.1));
#1045 = CARTESIAN_POINT('',(0.605,1.5,0.575));
#1046 = ORIENTED_EDGE('',*,*,#1047,.F.);
#1047 = EDGE_CURVE('',#1048,#1041,#1050,.T.);
#1048 = VERTEX_POINT('',#1049);
#1049 = CARTESIAN_POINT('',(-0.605,1.5,0.575));
#1050 = LINE('',#1051,#1052);
#1051 = CARTESIAN_POINT('',(-0.605,1.5,0.575));
#1052 = VECTOR('',#1053,1.);
#1053 = DIRECTION('',(1.,1.110223024625E-16,0.));
#1054 = ORIENTED_EDGE('',*,*,#1055,.F.);
#1055 = EDGE_CURVE('',#1031,#1048,#1056,.T.);
#1056 = B_SPLINE_CURVE_WITH_KNOTS('',1,(#1057,#1058),.UNSPECIFIED.,.F.,
  .F.,(2,2),(0.,1.),.PIECEWISE_BEZIER_KNOTS.);
#1057 = CARTESIAN_POINT('',(-0.571621551758,1.433243103516,0.1));
#1058 = CARTESIAN_POINT('',(-0.605,1.5,0.575));
#1059 = B_SPLINE_SURFACE_WITH_KNOTS('',1,1,(
    (#1060,#1061)
    ,(#1062,#1063
    )),.UNSPECIFIED.,.F.,.F.,.F.,(2,2),(2,2),(0.,1.21),(0.,1.),
  .PIECEWISE_BEZIER_KNOTS.);
#1060 = CARTESIAN_POINT('',(-0.571621551758,1.433243103516,0.1));
#1061 = CARTESIAN_POINT('',(-0.605,1.5,0.575));
#1062 = CARTESIAN_POINT('',(0.571621551758,1.433243103516,0.1));
#1063 = CARTESIAN_POINT('',(0.605,1.5,0.575));
#1064 = ADVANCED_FACE('',(#1065),#1122,.T.);
#1065 = FACE_BOUND('',#1066,.T.);
#1066 = EDGE_LOOP('',(#1067,#1068,#1076,#1084,#1092,#1100,#1108,#1116));
#1067 = ORIENTED_EDGE('',*,*,#1030,.T.);
#1068 = ORIENTED_EDGE('',*,*,#1069,.T.);
#1069 = EDGE_CURVE('',#1033,#1070,#1072,.T.);
#1070 = VERTEX_POINT('',#1071);
#1071 = CARTESIAN_POINT('',(0.633243103516,1.371621551758,0.1));
#1072 = LINE('',#1073,#1074);
#1073 = CARTESIAN_POINT('',(0.571621551758,1.433243103516,0.1));
#1074 = VECTOR('',#1075,1.);
#1075 = DIRECTION('',(0.707106781187,-0.707106781187,0.));
#1076 = ORIENTED_EDGE('',*,*,#1077,.T.);
#1077 = EDGE_CURVE('',#1070,#1078,#1080,.T.);
#1078 = VERTEX_POINT('',#1079);
#1079 = CARTESIAN_POINT('',(0.633243103516,-1.371621551758,0.1));
#1080 = LINE('',#1081,#1082);
#1081 = CARTESIAN_POINT('',(0.633243103516,1.371621551758,0.1));
#1082 = VECTOR('',#1083,1.);
#1083 = DIRECTION('',(1.110223024625E-16,-1.,0.));
#1084 = ORIENTED_EDGE('',*,*,#1085,.T.);
#1085 = EDGE_CURVE('',#1078,#1086,#1088,.T.);
#1086 = VERTEX_POINT('',#1087);
#1087 = CARTESIAN_POINT('',(0.571621551758,-1.433243103516,0.1));
#1088 = LINE('',#1089,#1090);
#1089 = CARTESIAN_POINT('',(0.633243103516,-1.371621551758,0.1));
#1090 = VECTOR('',#1091,1.);
#1091 = DIRECTION('',(-0.707106781187,-0.707106781187,0.));
#1092 = ORIENTED_EDGE('',*,*,#1093,.T.);
#1093 = EDGE_CURVE('',#1086,#1094,#1096,.T.);
#1094 = VERTEX_POINT('',#1095);
#1095 = CARTESIAN_POINT('',(-0.571621551758,-1.433243103516,0.1));
#1096 = LINE('',#1097,#1098);
#1097 = CARTESIAN_POINT('',(0.571621551758,-1.433243103516,0.1));
#1098 = VECTOR('',#1099,1.);
#1099 = DIRECTION('',(-1.,-1.110223024625E-16,0.));
#1100 = ORIENTED_EDGE('',*,*,#1101,.T.);
#1101 = EDGE_CURVE('',#1094,#1102,#1104,.T.);
#1102 = VERTEX_POINT('',#1103);
#1103 = CARTESIAN_POINT('',(-0.633243103516,-1.371621551758,0.1));
#1104 = LINE('',#1105,#1106);
#1105 = CARTESIAN_POINT('',(-0.571621551758,-1.433243103516,0.1));
#1106 = VECTOR('',#1107,1.);
#1107 = DIRECTION('',(-0.707106781187,0.707106781187,0.));
#1108 = ORIENTED_EDGE('',*,*,#1109,.T.);
#1109 = EDGE_CURVE('',#1102,#1110,#1112,.T.);
#1110 = VERTEX_POINT('',#1111);
#1111 = CARTESIAN_POINT('',(-0.633243103516,1.371621551758,0.1));
#1112 = LINE('',#1113,#1114);
#1113 = CARTESIAN_POINT('',(-0.633243103516,-1.371621551758,0.1));
#1114 = VECTOR('',#1115,1.);
#1115 = DIRECTION('',(-1.110223024625E-16,1.,0.));
#1116 = ORIENTED_EDGE('',*,*,#1117,.T.);
#1117 = EDGE_CURVE('',#1110,#1031,#1118,.T.);
#1118 = LINE('',#1119,#1120);
#1119 = CARTESIAN_POINT('',(-0.633243103516,1.371621551758,0.1));
#1120 = VECTOR('',#1121,1.);
#1121 = DIRECTION('',(0.707106781187,0.707106781187,0.));
#1122 = PLANE('',#1123);
#1123 = AXIS2_PLACEMENT_3D('',#1124,#1125,#1126);
#1124 = CARTESIAN_POINT('',(-0.571621551758,1.433243103516,0.1));
#1125 = DIRECTION('',(0.,0.,-1.));
#1126 = DIRECTION('',(0.370454302632,-0.928850692879,0.));
#1127 = ADVANCED_FACE('',(#1128),#1145,.F.);
#1128 = FACE_BOUND('',#1129,.F.);
#1129 = EDGE_LOOP('',(#1130,#1131,#1138,#1144));
#1130 = ORIENTED_EDGE('',*,*,#1069,.T.);
#1131 = ORIENTED_EDGE('',*,*,#1132,.T.);
#1132 = EDGE_CURVE('',#1070,#1133,#1135,.T.);
#1133 = VERTEX_POINT('',#1134);
#1134 = CARTESIAN_POINT('',(0.7,1.405,0.575));
#1135 = B_SPLINE_CURVE_WITH_KNOTS('',1,(#1136,#1137),.UNSPECIFIED.,.F.,
  .F.,(2,2),(0.,1.),.PIECEWISE_BEZIER_KNOTS.);
#1136 = CARTESIAN_POINT('',(0.633243103516,1.371621551758,0.1));
#1137 = CARTESIAN_POINT('',(0.7,1.405,0.575));
#1138 = ORIENTED_EDGE('',*,*,#1139,.F.);
#1139 = EDGE_CURVE('',#1041,#1133,#1140,.T.);
#1140 = LINE('',#1141,#1142);
#1141 = CARTESIAN_POINT('',(0.605,1.5,0.575));
#1142 = VECTOR('',#1143,1.);
#1143 = DIRECTION('',(0.707106781187,-0.707106781187,0.));
#1144 = ORIENTED_EDGE('',*,*,#1040,.F.);
#1145 = B_SPLINE_SURFACE_WITH_KNOTS('',1,1,(
    (#1146,#1147)
    ,(#1148,#1149
    )),.UNSPECIFIED.,.F.,.F.,.F.,(2,2),(2,2),(0.,0.134350288425),(0.,1.)
  ,.PIECEWISE_BEZIER_KNOTS.);
#1146 = CARTESIAN_POINT('',(0.571621551758,1.433243103516,0.1));
#1147 = CARTESIAN_POINT('',(0.605,1.5,0.575));
#1148 = CARTESIAN_POINT('',(0.633243103516,1.371621551758,0.1));
#1149 = CARTESIAN_POINT('',(0.7,1.405,0.575));
#1150 = ADVANCED_FACE('',(#1151),#1174,.F.);
#1151 = FACE_BOUND('',#1152,.F.);
#1152 = EDGE_LOOP('',(#1153,#1154,#1161,#1169));
#1153 = ORIENTED_EDGE('',*,*,#1047,.T.);
#1154 = ORIENTED_EDGE('',*,*,#1155,.T.);
#1155 = EDGE_CURVE('',#1041,#1156,#1158,.T.);
#1156 = VERTEX_POINT('',#1157);
#1157 = CARTESIAN_POINT('',(0.605,1.5,0.725));
#1158 = B_SPLINE_CURVE_WITH_KNOTS('',1,(#1159,#1160),.UNSPECIFIED.,.F.,
  .F.,(2,2),(0.,1.),.PIECEWISE_BEZIER_KNOTS.);
#1159 = CARTESIAN_POINT('',(0.605,1.5,0.575));
#1160 = CARTESIAN_POINT('',(0.605,1.5,0.725));
#1161 = ORIENTED_EDGE('',*,*,#1162,.F.);
#1162 = EDGE_CURVE('',#1163,#1156,#1165,.T.);
#1163 = VERTEX_POINT('',#1164);
#1164 = CARTESIAN_POINT('',(-0.605,1.5,0.725));
#1165 = LINE('',#1166,#1167);
#1166 = CARTESIAN_POINT('',(-0.605,1.5,0.725));
#1167 = VECTOR('',#1168,1.);
#1168 = DIRECTION('',(1.,1.110223024625E-16,0.));
#1169 = ORIENTED_EDGE('',*,*,#1170,.F.);
#1170 = EDGE_CURVE('',#1048,#1163,#1171,.T.);
#1171 = B_SPLINE_CURVE_WITH_KNOTS('',1,(#1172,#1173),.UNSPECIFIED.,.F.,
  .F.,(2,2),(0.,1.),.PIECEWISE_BEZIER_KNOTS.);
#1172 = CARTESIAN_POINT('',(-0.605,1.5,0.575));
#1173 = CARTESIAN_POINT('',(-0.605,1.5,0.725));
#1174 = PLANE('',#1175);
#1175 = AXIS2_PLACEMENT_3D('',#1176,#1177,#1178);
#1176 = CARTESIAN_POINT('',(-0.605,1.5,0.725));
#1177 = DIRECTION('',(1.110223024625E-16,-1.,0.));
#1178 = DIRECTION('',(1.,1.110223024625E-16,0.));
#1179 = ADVANCED_FACE('',(#1180),#1197,.F.);
#1180 = FACE_BOUND('',#1181,.F.);
#1181 = EDGE_LOOP('',(#1182,#1183,#1184,#1192));
#1182 = ORIENTED_EDGE('',*,*,#1117,.T.);
#1183 = ORIENTED_EDGE('',*,*,#1055,.T.);
#1184 = ORIENTED_EDGE('',*,*,#1185,.F.);
#1185 = EDGE_CURVE('',#1186,#1048,#1188,.T.);
#1186 = VERTEX_POINT('',#1187);
#1187 = CARTESIAN_POINT('',(-0.7,1.405,0.575));
#1188 = LINE('',#1189,#1190);
#1189 = CARTESIAN_POINT('',(-0.7,1.405,0.575));
#1190 = VECTOR('',#1191,1.);
#1191 = DIRECTION('',(0.707106781187,0.707106781187,0.));
#1192 = ORIENTED_EDGE('',*,*,#1193,.F.);
#1193 = EDGE_CURVE('',#1110,#1186,#1194,.T.);
#1194 = B_SPLINE_CURVE_WITH_KNOTS('',1,(#1195,#1196),.UNSPECIFIED.,.F.,
  .F.,(2,2),(0.,1.),.PIECEWISE_BEZIER_KNOTS.);
#1195 = CARTESIAN_POINT('',(-0.633243103516,1.371621551758,0.1));
#1196 = CARTESIAN_POINT('',(-0.7,1.405,0.575));
#1197 = B_SPLINE_SURFACE_WITH_KNOTS('',1,1,(
    (#1198,#1199)
    ,(#1200,#1201
    )),.UNSPECIFIED.,.F.,.F.,.F.,(2,2),(2,2),(0.,0.134350288425),(0.,1.)
  ,.PIECEWISE_BEZIER_KNOTS.);
#1198 = CARTESIAN_POINT('',(-0.633243103516,1.371621551758,0.1));
#1199 = CARTESIAN_POINT('',(-0.7,1.405,0.575));
#1200 = CARTESIAN_POINT('',(-0.571621551758,1.433243103516,0.1));
#1201 = CARTESIAN_POINT('',(-0.605,1.5,0.575));
#1202 = ADVANCED_FACE('',(#1203),#1252,.F.);
#1203 = FACE_BOUND('',#1204,.F.);
#1204 = EDGE_LOOP('',(#1205,#1206,#1207,#1215,#1223,#1231,#1239,#1247));
#1205 = ORIENTED_EDGE('',*,*,#1109,.T.);
#1206 = ORIENTED_EDGE('',*,*,#1193,.T.);
#1207 = ORIENTED_EDGE('',*,*,#1208,.F.);
#1208 = EDGE_CURVE('',#1209,#1186,#1211,.T.);
#1209 = VERTEX_POINT('',#1210);
#1210 = CARTESIAN_POINT('',(-0.7,1.15,0.575));
#1211 = LINE('',#1212,#1213);
#1212 = CARTESIAN_POINT('',(-0.7,-1.405,0.575));
#1213 = VECTOR('',#1214,1.);
#1214 = DIRECTION('',(-1.110223024625E-16,1.,0.));
#1215 = ORIENTED_EDGE('',*,*,#1216,.F.);
#1216 = EDGE_CURVE('',#1217,#1209,#1219,.T.);
#1217 = VERTEX_POINT('',#1218);
#1218 = CARTESIAN_POINT('',(-0.7,0.75,0.575));
#1219 = LINE('',#1220,#1221);
#1220 = CARTESIAN_POINT('',(-0.7,0.75,0.575));
#1221 = VECTOR('',#1222,1.);
#1222 = DIRECTION('',(1.144237745222E-17,1.,0.));
#1223 = ORIENTED_EDGE('',*,*,#1224,.F.);
#1224 = EDGE_CURVE('',#1225,#1217,#1227,.T.);
#1225 = VERTEX_POINT('',#1226);
#1226 = CARTESIAN_POINT('',(-0.7,-0.75,0.575));
#1227 = LINE('',#1228,#1229);
#1228 = CARTESIAN_POINT('',(-0.7,-1.405,0.575));
#1229 = VECTOR('',#1230,1.);
#1230 = DIRECTION('',(-1.110223024625E-16,1.,0.));
#1231 = ORIENTED_EDGE('',*,*,#1232,.F.);
#1232 = EDGE_CURVE('',#1233,#1225,#1235,.T.);
#1233 = VERTEX_POINT('',#1234);
#1234 = CARTESIAN_POINT('',(-0.7,-1.15,0.575));
#1235 = LINE('',#1236,#1237);
#1236 = CARTESIAN_POINT('',(-0.7,-1.15,0.575));
#1237 = VECTOR('',#1238,1.);
#1238 = DIRECTION('',(1.144237745222E-17,1.,0.));
#1239 = ORIENTED_EDGE('',*,*,#1240,.F.);
#1240 = EDGE_CURVE('',#1241,#1233,#1243,.T.);
#1241 = VERTEX_POINT('',#1242);
#1242 = CARTESIAN_POINT('',(-0.7,-1.405,0.575));
#1243 = LINE('',#1244,#1245);
#1244 = CARTESIAN_POINT('',(-0.7,-1.405,0.575));
#1245 = VECTOR('',#1246,1.);
#1246 = DIRECTION('',(-1.110223024625E-16,1.,0.));
#1247 = ORIENTED_EDGE('',*,*,#1248,.F.);
#1248 = EDGE_CURVE('',#1102,#1241,#1249,.T.);
#1249 = B_SPLINE_CURVE_WITH_KNOTS('',1,(#1250,#1251),.UNSPECIFIED.,.F.,
  .F.,(2,2),(0.,1.),.PIECEWISE_BEZIER_KNOTS.);
#1250 = CARTESIAN_POINT('',(-0.633243103516,-1.371621551758,0.1));
#1251 = CARTESIAN_POINT('',(-0.7,-1.405,0.575));
#1252 = B_SPLINE_SURFACE_WITH_KNOTS('',1,1,(
    (#1253,#1254)
    ,(#1255,#1256
    )),.UNSPECIFIED.,.F.,.F.,.F.,(2,2),(2,2),(0.,2.81),(0.,1.),
  .PIECEWISE_BEZIER_KNOTS.);
#1253 = CARTESIAN_POINT('',(-0.633243103516,-1.371621551758,0.1));
#1254 = CARTESIAN_POINT('',(-0.7,-1.405,0.575));
#1255 = CARTESIAN_POINT('',(-0.633243103516,1.371621551758,0.1));
#1256 = CARTESIAN_POINT('',(-0.7,1.405,0.575));
#1257 = ADVANCED_FACE('',(#1258),#1291,.F.);
#1258 = FACE_BOUND('',#1259,.F.);
#1259 = EDGE_LOOP('',(#1260,#1261,#1268,#1276,#1284,#1290));
#1260 = ORIENTED_EDGE('',*,*,#1077,.T.);
#1261 = ORIENTED_EDGE('',*,*,#1262,.T.);
#1262 = EDGE_CURVE('',#1078,#1263,#1265,.T.);
#1263 = VERTEX_POINT('',#1264);
#1264 = CARTESIAN_POINT('',(0.7,-1.405,0.575));
#1265 = B_SPLINE_CURVE_WITH_KNOTS('',1,(#1266,#1267),.UNSPECIFIED.,.F.,
  .F.,(2,2),(0.,1.),.PIECEWISE_BEZIER_KNOTS.);
#1266 = CARTESIAN_POINT('',(0.633243103516,-1.371621551758,0.1));
#1267 = CARTESIAN_POINT('',(0.7,-1.405,0.575));
#1268 = ORIENTED_EDGE('',*,*,#1269,.F.);
#1269 = EDGE_CURVE('',#1270,#1263,#1272,.T.);
#1270 = VERTEX_POINT('',#1271);
#1271 = CARTESIAN_POINT('',(0.7,-0.2,0.575));
#1272 = LINE('',#1273,#1274);
#1273 = CARTESIAN_POINT('',(0.7,1.405,0.575));
#1274 = VECTOR('',#1275,1.);
#1275 = DIRECTION('',(1.110223024625E-16,-1.,0.));
#1276 = ORIENTED_EDGE('',*,*,#1277,.F.);
#1277 = EDGE_CURVE('',#1278,#1270,#1280,.T.);
#1278 = VERTEX_POINT('',#1279);
#1279 = CARTESIAN_POINT('',(0.7,0.2,0.575));
#1280 = LINE('',#1281,#1282);
#1281 = CARTESIAN_POINT('',(0.7,0.2,0.575));
#1282 = VECTOR('',#1283,1.);
#1283 = DIRECTION('',(1.110223024625E-16,-1.,0.));
#1284 = ORIENTED_EDGE('',*,*,#1285,.F.);
#1285 = EDGE_CURVE('',#1133,#1278,#1286,.T.);
#1286 = LINE('',#1287,#1288);
#1287 = CARTESIAN_POINT('',(0.7,1.405,0.575));
#1288 = VECTOR('',#1289,1.);
#1289 = DIRECTION('',(1.110223024625E-16,-1.,0.));
#1290 = ORIENTED_EDGE('',*,*,#1132,.F.);
#1291 = B_SPLINE_SURFACE_WITH_KNOTS('',1,1,(
    (#1292,#1293)
    ,(#1294,#1295
    )),.UNSPECIFIED.,.F.,.F.,.F.,(2,2),(2,2),(0.,2.81),(0.,1.),
  .PIECEWISE_BEZIER_KNOTS.);
#1292 = CARTESIAN_POINT('',(0.633243103516,1.371621551758,0.1));
#1293 = CARTESIAN_POINT('',(0.7,1.405,0.575));
#1294 = CARTESIAN_POINT('',(0.633243103516,-1.371621551758,0.1));
#1295 = CARTESIAN_POINT('',(0.7,-1.405,0.575));
#1296 = ADVANCED_FACE('',(#1297),#1314,.F.);
#1297 = FACE_BOUND('',#1298,.F.);
#1298 = EDGE_LOOP('',(#1299,#1300,#1301,#1309));
#1299 = ORIENTED_EDGE('',*,*,#1101,.T.);
#1300 = ORIENTED_EDGE('',*,*,#1248,.T.);
#1301 = ORIENTED_EDGE('',*,*,#1302,.F.);
#1302 = EDGE_CURVE('',#1303,#1241,#1305,.T.);
#1303 = VERTEX_POINT('',#1304);
#1304 = CARTESIAN_POINT('',(-0.605,-1.5,0.575));
#1305 = LINE('',#1306,#1307);
#1306 = CARTESIAN_POINT('',(-0.605,-1.5,0.575));
#1307 = VECTOR('',#1308,1.);
#1308 = DIRECTION('',(-0.707106781187,0.707106781187,0.));
#1309 = ORIENTED_EDGE('',*,*,#1310,.F.);
#1310 = EDGE_CURVE('',#1094,#1303,#1311,.T.);
#1311 = B_SPLINE_CURVE_WITH_KNOTS('',1,(#1312,#1313),.UNSPECIFIED.,.F.,
  .F.,(2,2),(0.,1.),.PIECEWISE_BEZIER_KNOTS.);
#1312 = CARTESIAN_POINT('',(-0.571621551758,-1.433243103516,0.1));
#1313 = CARTESIAN_POINT('',(-0.605,-1.5,0.575));
#1314 = B_SPLINE_SURFACE_WITH_KNOTS('',1,1,(
    (#1315,#1316)
    ,(#1317,#1318
    )),.UNSPECIFIED.,.F.,.F.,.F.,(2,2),(2,2),(0.,0.134350288425),(0.,1.)
  ,.PIECEWISE_BEZIER_KNOTS.);
#1315 = CARTESIAN_POINT('',(-0.571621551758,-1.433243103516,0.1));
#1316 = CARTESIAN_POINT('',(-0.605,-1.5,0.575));
#1317 = CARTESIAN_POINT('',(-0.633243103516,-1.371621551758,0.1));
#1318 = CARTESIAN_POINT('',(-0.7,-1.405,0.575));
#1319 = ADVANCED_FACE('',(#1320),#1337,.F.);
#1320 = FACE_BOUND('',#1321,.F.);
#1321 = EDGE_LOOP('',(#1322,#1323,#1330,#1336));
#1322 = ORIENTED_EDGE('',*,*,#1085,.T.);
#1323 = ORIENTED_EDGE('',*,*,#1324,.T.);
#1324 = EDGE_CURVE('',#1086,#1325,#1327,.T.);
#1325 = VERTEX_POINT('',#1326);
#1326 = CARTESIAN_POINT('',(0.605,-1.5,0.575));
#1327 = B_SPLINE_CURVE_WITH_KNOTS('',1,(#1328,#1329),.UNSPECIFIED.,.F.,
  .F.,(2,2),(0.,1.),.PIECEWISE_BEZIER_KNOTS.);
#1328 = CARTESIAN_POINT('',(0.571621551758,-1.433243103516,0.1));
#1329 = CARTESIAN_POINT('',(0.605,-1.5,0.575));
#1330 = ORIENTED_EDGE('',*,*,#1331,.F.);
#1331 = EDGE_CURVE('',#1263,#1325,#1332,.T.);
#1332 = LINE('',#1333,#1334);
#1333 = CARTESIAN_POINT('',(0.7,-1.405,0.575));
#1334 = VECTOR('',#1335,1.);
#1335 = DIRECTION('',(-0.707106781187,-0.707106781187,0.));
#1336 = ORIENTED_EDGE('',*,*,#1262,.F.);
#1337 = B_SPLINE_SURFACE_WITH_KNOTS('',1,1,(
    (#1338,#1339)
    ,(#1340,#1341
    )),.UNSPECIFIED.,.F.,.F.,.F.,(2,2),(2,2),(0.,0.134350288425),(0.,1.)
  ,.PIECEWISE_BEZIER_KNOTS.);
#1338 = CARTESIAN_POINT('',(0.633243103516,-1.371621551758,0.1));
#1339 = CARTESIAN_POINT('',(0.7,-1.405,0.575));
#1340 = CARTESIAN_POINT('',(0.571621551758,-1.433243103516,0.1));
#1341 = CARTESIAN_POINT('',(0.605,-1.5,0.575));
#1342 = ADVANCED_FACE('',(#1343),#1354,.F.);
#1343 = FACE_BOUND('',#1344,.F.);
#1344 = EDGE_LOOP('',(#1345,#1346,#1347,#1353));
#1345 = ORIENTED_EDGE('',*,*,#1093,.T.);
#1346 = ORIENTED_EDGE('',*,*,#1310,.T.);
#1347 = ORIENTED_EDGE('',*,*,#1348,.F.);
#1348 = EDGE_CURVE('',#1325,#1303,#1349,.T.);
#1349 = LINE('',#1350,#1351);
#1350 = CARTESIAN_POINT('',(0.605,-1.5,0.575));
#1351 = VECTOR('',#1352,1.);
#1352 = DIRECTION('',(-1.,-1.110223024625E-16,0.));
#1353 = ORIENTED_EDGE('',*,*,#1324,.F.);
#1354 = B_SPLINE_SURFACE_WITH_KNOTS('',1,1,(
    (#1355,#1356)
    ,(#1357,#1358
    )),.UNSPECIFIED.,.F.,.F.,.F.,(2,2),(2,2),(0.,1.21),(0.,1.),
  .PIECEWISE_BEZIER_KNOTS.);
#1355 = CARTESIAN_POINT('',(0.571621551758,-1.433243103516,0.1));
#1356 = CARTESIAN_POINT('',(0.605,-1.5,0.575));
#1357 = CARTESIAN_POINT('',(-0.571621551758,-1.433243103516,0.1));
#1358 = CARTESIAN_POINT('',(-0.605,-1.5,0.575));
#1359 = ADVANCED_FACE('',(#1360),#1377,.F.);
#1360 = FACE_BOUND('',#1361,.F.);
#1361 = EDGE_LOOP('',(#1362,#1363,#1370,#1376));
#1362 = ORIENTED_EDGE('',*,*,#1139,.T.);
#1363 = ORIENTED_EDGE('',*,*,#1364,.T.);
#1364 = EDGE_CURVE('',#1133,#1365,#1367,.T.);
#1365 = VERTEX_POINT('',#1366);
#1366 = CARTESIAN_POINT('',(0.7,1.405,0.725));
#1367 = B_SPLINE_CURVE_WITH_KNOTS('',1,(#1368,#1369),.UNSPECIFIED.,.F.,
  .F.,(2,2),(0.,1.),.PIECEWISE_BEZIER_KNOTS.);
#1368 = CARTESIAN_POINT('',(0.7,1.405,0.575));
#1369 = CARTESIAN_POINT('',(0.7,1.405,0.725));
#1370 = ORIENTED_EDGE('',*,*,#1371,.F.);
#1371 = EDGE_CURVE('',#1156,#1365,#1372,.T.);
#1372 = LINE('',#1373,#1374);
#1373 = CARTESIAN_POINT('',(0.605,1.5,0.725));
#1374 = VECTOR('',#1375,1.);
#1375 = DIRECTION('',(0.707106781187,-0.707106781187,0.));
#1376 = ORIENTED_EDGE('',*,*,#1155,.F.);
#1377 = PLANE('',#1378);
#1378 = AXIS2_PLACEMENT_3D('',#1379,#1380,#1381);
#1379 = CARTESIAN_POINT('',(0.605,1.5,0.725));
#1380 = DIRECTION('',(-0.707106781187,-0.707106781187,0.));
#1381 = DIRECTION('',(0.707106781187,-0.707106781187,0.));
#1382 = ADVANCED_FACE('',(#1383),#1465,.F.);
#1383 = FACE_BOUND('',#1384,.F.);
#1384 = EDGE_LOOP('',(#1385,#1393,#1394,#1395,#1403,#1411,#1419,#1427,
    #1435,#1443,#1451,#1459));
#1385 = ORIENTED_EDGE('',*,*,#1386,.T.);
#1386 = EDGE_CURVE('',#1387,#1163,#1389,.T.);
#1387 = VERTEX_POINT('',#1388);
#1388 = CARTESIAN_POINT('',(-0.7,1.405,0.725));
#1389 = LINE('',#1390,#1391);
#1390 = CARTESIAN_POINT('',(-0.7,1.405,0.725));
#1391 = VECTOR('',#1392,1.);
#1392 = DIRECTION('',(0.707106781187,0.707106781187,0.));
#1393 = ORIENTED_EDGE('',*,*,#1162,.T.);
#1394 = ORIENTED_EDGE('',*,*,#1371,.T.);
#1395 = ORIENTED_EDGE('',*,*,#1396,.T.);
#1396 = EDGE_CURVE('',#1365,#1397,#1399,.T.);
#1397 = VERTEX_POINT('',#1398);
#1398 = CARTESIAN_POINT('',(0.7,0.2,0.725));
#1399 = LINE('',#1400,#1401);
#1400 = CARTESIAN_POINT('',(0.7,1.405,0.725));
#1401 = VECTOR('',#1402,1.);
#1402 = DIRECTION('',(1.110223024625E-16,-1.,0.));
#1403 = ORIENTED_EDGE('',*,*,#1404,.T.);
#1404 = EDGE_CURVE('',#1397,#1405,#1407,.T.);
#1405 = VERTEX_POINT('',#1406);
#1406 = CARTESIAN_POINT('',(0.675,0.2,0.725));
#1407 = LINE('',#1408,#1409);
#1408 = CARTESIAN_POINT('',(0.7,0.2,0.725));
#1409 = VECTOR('',#1410,1.);
#1410 = DIRECTION('',(-1.,-1.110223024625E-16,0.));
#1411 = ORIENTED_EDGE('',*,*,#1412,.F.);
#1412 = EDGE_CURVE('',#1413,#1405,#1415,.T.);
#1413 = VERTEX_POINT('',#1414);
#1414 = CARTESIAN_POINT('',(0.675,1.3925,0.725));
#1415 = LINE('',#1416,#1417);
#1416 = CARTESIAN_POINT('',(0.675,1.3925,0.725));
#1417 = VECTOR('',#1418,1.);
#1418 = DIRECTION('',(1.110223024625E-16,-1.,0.));
#1419 = ORIENTED_EDGE('',*,*,#1420,.F.);
#1420 = EDGE_CURVE('',#1421,#1413,#1423,.T.);
#1421 = VERTEX_POINT('',#1422);
#1422 = CARTESIAN_POINT('',(0.5925,1.475,0.725));
#1423 = LINE('',#1424,#1425);
#1424 = CARTESIAN_POINT('',(0.5925,1.475,0.725));
#1425 = VECTOR('',#1426,1.);
#1426 = DIRECTION('',(0.707106781187,-0.707106781187,0.));
#1427 = ORIENTED_EDGE('',*,*,#1428,.F.);
#1428 = EDGE_CURVE('',#1429,#1421,#1431,.T.);
#1429 = VERTEX_POINT('',#1430);
#1430 = CARTESIAN_POINT('',(-0.5925,1.475,0.725));
#1431 = LINE('',#1432,#1433);
#1432 = CARTESIAN_POINT('',(-0.5925,1.475,0.725));
#1433 = VECTOR('',#1434,1.);
#1434 = DIRECTION('',(1.,1.110223024625E-16,0.));
#1435 = ORIENTED_EDGE('',*,*,#1436,.F.);
#1436 = EDGE_CURVE('',#1437,#1429,#1439,.T.);
#1437 = VERTEX_POINT('',#1438);
#1438 = CARTESIAN_POINT('',(-0.675,1.3925,0.725));
#1439 = LINE('',#1440,#1441);
#1440 = CARTESIAN_POINT('',(-0.675,1.3925,0.725));
#1441 = VECTOR('',#1442,1.);
#1442 = DIRECTION('',(0.707106781187,0.707106781187,0.));
#1443 = ORIENTED_EDGE('',*,*,#1444,.F.);
#1444 = EDGE_CURVE('',#1445,#1437,#1447,.T.);
#1445 = VERTEX_POINT('',#1446);
#1446 = CARTESIAN_POINT('',(-0.675,1.15,0.725));
#1447 = LINE('',#1448,#1449);
#1448 = CARTESIAN_POINT('',(-0.675,-1.3925,0.725));
#1449 = VECTOR('',#1450,1.);
#1450 = DIRECTION('',(-1.110223024625E-16,1.,0.));
#1451 = ORIENTED_EDGE('',*,*,#1452,.F.);
#1452 = EDGE_CURVE('',#1453,#1445,#1455,.T.);
#1453 = VERTEX_POINT('',#1454);
#1454 = CARTESIAN_POINT('',(-0.7,1.15,0.725));
#1455 = LINE('',#1456,#1457);
#1456 = CARTESIAN_POINT('',(-0.7,1.15,0.725));
#1457 = VECTOR('',#1458,1.);
#1458 = DIRECTION('',(1.,-1.144237745222E-17,0.));
#1459 = ORIENTED_EDGE('',*,*,#1460,.T.);
#1460 = EDGE_CURVE('',#1453,#1387,#1461,.T.);
#1461 = LINE('',#1462,#1463);
#1462 = CARTESIAN_POINT('',(-0.7,-1.405,0.725));
#1463 = VECTOR('',#1464,1.);
#1464 = DIRECTION('',(-1.110223024625E-16,1.,0.));
#1465 = PLANE('',#1466);
#1466 = AXIS2_PLACEMENT_3D('',#1467,#1468,#1469);
#1467 = CARTESIAN_POINT('',(-1.486299604971E-16,1.4875,0.725));
#1468 = DIRECTION('',(1.022886882533E-31,-6.310887241768E-27,-1.));
#1469 = DIRECTION('',(1.,1.217738924546E-16,1.022886882525E-31));
#1470 = ADVANCED_FACE('',(#1471),#1481,.F.);
#1471 = FACE_BOUND('',#1472,.F.);
#1472 = EDGE_LOOP('',(#1473,#1474,#1475,#1476));
#1473 = ORIENTED_EDGE('',*,*,#1185,.T.);
#1474 = ORIENTED_EDGE('',*,*,#1170,.T.);
#1475 = ORIENTED_EDGE('',*,*,#1386,.F.);
#1476 = ORIENTED_EDGE('',*,*,#1477,.F.);
#1477 = EDGE_CURVE('',#1186,#1387,#1478,.T.);
#1478 = B_SPLINE_CURVE_WITH_KNOTS('',1,(#1479,#1480),.UNSPECIFIED.,.F.,
  .F.,(2,2),(0.,1.),.PIECEWISE_BEZIER_KNOTS.);
#1479 = CARTESIAN_POINT('',(-0.7,1.405,0.575));
#1480 = CARTESIAN_POINT('',(-0.7,1.405,0.725));
#1481 = PLANE('',#1482);
#1482 = AXIS2_PLACEMENT_3D('',#1483,#1484,#1485);
#1483 = CARTESIAN_POINT('',(-0.7,1.405,0.725));
#1484 = DIRECTION('',(0.707106781187,-0.707106781187,0.));
#1485 = DIRECTION('',(0.707106781187,0.707106781187,0.));
#1486 = ADVANCED_FACE('',(#1487),#1511,.F.);
#1487 = FACE_BOUND('',#1488,.F.);
#1488 = EDGE_LOOP('',(#1489,#1496,#1497,#1505));
#1489 = ORIENTED_EDGE('',*,*,#1490,.F.);
#1490 = EDGE_CURVE('',#1241,#1491,#1493,.T.);
#1491 = VERTEX_POINT('',#1492);
#1492 = CARTESIAN_POINT('',(-0.7,-1.405,0.725));
#1493 = B_SPLINE_CURVE_WITH_KNOTS('',1,(#1494,#1495),.UNSPECIFIED.,.F.,
  .F.,(2,2),(0.,1.),.PIECEWISE_BEZIER_KNOTS.);
#1494 = CARTESIAN_POINT('',(-0.7,-1.405,0.575));
#1495 = CARTESIAN_POINT('',(-0.7,-1.405,0.725));
#1496 = ORIENTED_EDGE('',*,*,#1240,.T.);
#1497 = ORIENTED_EDGE('',*,*,#1498,.T.);
#1498 = EDGE_CURVE('',#1233,#1499,#1501,.T.);
#1499 = VERTEX_POINT('',#1500);
#1500 = CARTESIAN_POINT('',(-0.7,-1.15,0.725));
#1501 = LINE('',#1502,#1503);
#1502 = CARTESIAN_POINT('',(-0.7,-1.15,0.529763586955));
#1503 = VECTOR('',#1504,1.);
#1504 = DIRECTION('',(0.,0.,1.));
#1505 = ORIENTED_EDGE('',*,*,#1506,.F.);
#1506 = EDGE_CURVE('',#1491,#1499,#1507,.T.);
#1507 = LINE('',#1508,#1509);
#1508 = CARTESIAN_POINT('',(-0.7,-1.405,0.725));
#1509 = VECTOR('',#1510,1.);
#1510 = DIRECTION('',(-1.110223024625E-16,1.,0.));
#1511 = PLANE('',#1512);
#1512 = AXIS2_PLACEMENT_3D('',#1513,#1514,#1515);
#1513 = CARTESIAN_POINT('',(-0.7,-1.405,0.725));
#1514 = DIRECTION('',(1.,1.110223024625E-16,0.));
#1515 = DIRECTION('',(-1.110223024625E-16,1.,0.));
#1516 = ADVANCED_FACE('',(#1517),#1544,.F.);
#1517 = FACE_BOUND('',#1518,.F.);
#1518 = EDGE_LOOP('',(#1519,#1520,#1529,#1537));
#1519 = ORIENTED_EDGE('',*,*,#1232,.T.);
#1520 = ORIENTED_EDGE('',*,*,#1521,.T.);
#1521 = EDGE_CURVE('',#1225,#1522,#1524,.T.);
#1522 = VERTEX_POINT('',#1523);
#1523 = CARTESIAN_POINT('',(-0.798480775301,-0.75,0.492364817767));
#1524 = CIRCLE('',#1525,0.1);
#1525 = AXIS2_PLACEMENT_3D('',#1526,#1527,#1528);
#1526 = CARTESIAN_POINT('',(-0.7,-0.75,0.475));
#1527 = DIRECTION('',(-1.144237745222E-17,-1.,-5.473822126269E-48));
#1528 = DIRECTION('',(2.22044604925E-15,-2.540718180781E-32,1.));
#1529 = ORIENTED_EDGE('',*,*,#1530,.F.);
#1530 = EDGE_CURVE('',#1531,#1522,#1533,.T.);
#1531 = VERTEX_POINT('',#1532);
#1532 = CARTESIAN_POINT('',(-0.798480775301,-1.15,0.492364817767));
#1533 = LINE('',#1534,#1535);
#1534 = CARTESIAN_POINT('',(-0.798480775301,-1.15,0.492364817767));
#1535 = VECTOR('',#1536,1.);
#1536 = DIRECTION('',(1.144237745222E-17,1.,0.));
#1537 = ORIENTED_EDGE('',*,*,#1538,.F.);
#1538 = EDGE_CURVE('',#1233,#1531,#1539,.T.);
#1539 = CIRCLE('',#1540,0.1);
#1540 = AXIS2_PLACEMENT_3D('',#1541,#1542,#1543);
#1541 = CARTESIAN_POINT('',(-0.7,-1.15,0.475));
#1542 = DIRECTION('',(-1.144237745222E-17,-1.,-5.473822126269E-48));
#1543 = DIRECTION('',(2.22044604925E-15,-2.540718180781E-32,1.));
#1544 = CYLINDRICAL_SURFACE('',#1545,0.1);
#1545 = AXIS2_PLACEMENT_3D('',#1546,#1547,#1548);
#1546 = CARTESIAN_POINT('',(-0.7,-1.15,0.475));
#1547 = DIRECTION('',(-1.144237745222E-17,-1.,0.));
#1548 = DIRECTION('',(2.22044604925E-15,-2.540718180781E-32,1.));
#1549 = ADVANCED_FACE('',(#1550),#1575,.F.);
#1550 = FACE_BOUND('',#1551,.F.);
#1551 = EDGE_LOOP('',(#1552,#1560,#1561,#1569));
#1552 = ORIENTED_EDGE('',*,*,#1553,.F.);
#1553 = EDGE_CURVE('',#1225,#1554,#1556,.T.);
#1554 = VERTEX_POINT('',#1555);
#1555 = CARTESIAN_POINT('',(-0.7,-0.75,0.725));
#1556 = LINE('',#1557,#1558);
#1557 = CARTESIAN_POINT('',(-0.7,-0.75,0.529763586955));
#1558 = VECTOR('',#1559,1.);
#1559 = DIRECTION('',(0.,0.,1.));
#1560 = ORIENTED_EDGE('',*,*,#1224,.T.);
#1561 = ORIENTED_EDGE('',*,*,#1562,.T.);
#1562 = EDGE_CURVE('',#1217,#1563,#1565,.T.);
#1563 = VERTEX_POINT('',#1564);
#1564 = CARTESIAN_POINT('',(-0.7,0.75,0.725));
#1565 = LINE('',#1566,#1567);
#1566 = CARTESIAN_POINT('',(-0.7,0.75,0.529763586955));
#1567 = VECTOR('',#1568,1.);
#1568 = DIRECTION('',(0.,0.,1.));
#1569 = ORIENTED_EDGE('',*,*,#1570,.F.);
#1570 = EDGE_CURVE('',#1554,#1563,#1571,.T.);
#1571 = LINE('',#1572,#1573);
#1572 = CARTESIAN_POINT('',(-0.7,-1.405,0.725));
#1573 = VECTOR('',#1574,1.);
#1574 = DIRECTION('',(-1.110223024625E-16,1.,0.));
#1575 = PLANE('',#1576);
#1576 = AXIS2_PLACEMENT_3D('',#1577,#1578,#1579);
#1577 = CARTESIAN_POINT('',(-0.7,-1.405,0.725));
#1578 = DIRECTION('',(1.,1.110223024625E-16,0.));
#1579 = DIRECTION('',(-1.110223024625E-16,1.,0.));
#1580 = ADVANCED_FACE('',(#1581),#1608,.F.);
#1581 = FACE_BOUND('',#1582,.F.);
#1582 = EDGE_LOOP('',(#1583,#1584,#1593,#1601));
#1583 = ORIENTED_EDGE('',*,*,#1216,.T.);
#1584 = ORIENTED_EDGE('',*,*,#1585,.T.);
#1585 = EDGE_CURVE('',#1209,#1586,#1588,.T.);
#1586 = VERTEX_POINT('',#1587);
#1587 = CARTESIAN_POINT('',(-0.798480775301,1.15,0.492364817767));
#1588 = CIRCLE('',#1589,0.1);
#1589 = AXIS2_PLACEMENT_3D('',#1590,#1591,#1592);
#1590 = CARTESIAN_POINT('',(-0.7,1.15,0.475));
#1591 = DIRECTION('',(-1.144237745222E-17,-1.,-5.473822126269E-48));
#1592 = DIRECTION('',(2.22044604925E-15,-2.540718180781E-32,1.));
#1593 = ORIENTED_EDGE('',*,*,#1594,.F.);
#1594 = EDGE_CURVE('',#1595,#1586,#1597,.T.);
#1595 = VERTEX_POINT('',#1596);
#1596 = CARTESIAN_POINT('',(-0.798480775301,0.75,0.492364817767));
#1597 = LINE('',#1598,#1599);
#1598 = CARTESIAN_POINT('',(-0.798480775301,0.75,0.492364817767));
#1599 = VECTOR('',#1600,1.);
#1600 = DIRECTION('',(1.144237745222E-17,1.,0.));
#1601 = ORIENTED_EDGE('',*,*,#1602,.F.);
#1602 = EDGE_CURVE('',#1217,#1595,#1603,.T.);
#1603 = CIRCLE('',#1604,0.1);
#1604 = AXIS2_PLACEMENT_3D('',#1605,#1606,#1607);
#1605 = CARTESIAN_POINT('',(-0.7,0.75,0.475));
#1606 = DIRECTION('',(-1.144237745222E-17,-1.,-5.473822126269E-48));
#1607 = DIRECTION('',(2.22044604925E-15,-2.540718180781E-32,1.));
#1608 = CYLINDRICAL_SURFACE('',#1609,0.1);
#1609 = AXIS2_PLACEMENT_3D('',#1610,#1611,#1612);
#1610 = CARTESIAN_POINT('',(-0.7,0.75,0.475));
#1611 = DIRECTION('',(-1.144237745222E-17,-1.,0.));
#1612 = DIRECTION('',(2.22044604925E-15,-2.540718180781E-32,1.));
#1613 = ADVANCED_FACE('',(#1614),#1625,.F.);
#1614 = FACE_BOUND('',#1615,.F.);
#1615 = EDGE_LOOP('',(#1616,#1622,#1623,#1624));
#1616 = ORIENTED_EDGE('',*,*,#1617,.F.);
#1617 = EDGE_CURVE('',#1209,#1453,#1618,.T.);
#1618 = LINE('',#1619,#1620);
#1619 = CARTESIAN_POINT('',(-0.7,1.15,0.529763586955));
#1620 = VECTOR('',#1621,1.);
#1621 = DIRECTION('',(0.,0.,1.));
#1622 = ORIENTED_EDGE('',*,*,#1208,.T.);
#1623 = ORIENTED_EDGE('',*,*,#1477,.T.);
#1624 = ORIENTED_EDGE('',*,*,#1460,.F.);
#1625 = PLANE('',#1626);
#1626 = AXIS2_PLACEMENT_3D('',#1627,#1628,#1629);
#1627 = CARTESIAN_POINT('',(-0.7,-1.405,0.725));
#1628 = DIRECTION('',(1.,1.110223024625E-16,0.));
#1629 = DIRECTION('',(-1.110223024625E-16,1.,0.));
#1630 = ADVANCED_FACE('',(#1631),#1642,.F.);
#1631 = FACE_BOUND('',#1632,.F.);
#1632 = EDGE_LOOP('',(#1633,#1634,#1635,#1641));
#1633 = ORIENTED_EDGE('',*,*,#1364,.F.);
#1634 = ORIENTED_EDGE('',*,*,#1285,.T.);
#1635 = ORIENTED_EDGE('',*,*,#1636,.T.);
#1636 = EDGE_CURVE('',#1278,#1397,#1637,.T.);
#1637 = LINE('',#1638,#1639);
#1638 = CARTESIAN_POINT('',(0.7,0.2,0.529763586955));
#1639 = VECTOR('',#1640,1.);
#1640 = DIRECTION('',(0.,0.,1.));
#1641 = ORIENTED_EDGE('',*,*,#1396,.F.);
#1642 = PLANE('',#1643);
#1643 = AXIS2_PLACEMENT_3D('',#1644,#1645,#1646);
#1644 = CARTESIAN_POINT('',(0.7,1.405,0.725));
#1645 = DIRECTION('',(-1.,-1.110223024625E-16,0.));
#1646 = DIRECTION('',(1.110223024625E-16,-1.,0.));
#1647 = ADVANCED_FACE('',(#1648),#1675,.F.);
#1648 = FACE_BOUND('',#1649,.F.);
#1649 = EDGE_LOOP('',(#1650,#1651,#1660,#1668));
#1650 = ORIENTED_EDGE('',*,*,#1277,.T.);
#1651 = ORIENTED_EDGE('',*,*,#1652,.T.);
#1652 = EDGE_CURVE('',#1270,#1653,#1655,.T.);
#1653 = VERTEX_POINT('',#1654);
#1654 = CARTESIAN_POINT('',(0.798480775301,-0.2,0.492364817767));
#1655 = CIRCLE('',#1656,0.1);
#1656 = AXIS2_PLACEMENT_3D('',#1657,#1658,#1659);
#1657 = CARTESIAN_POINT('',(0.7,-0.2,0.475));
#1658 = DIRECTION('',(-1.110223024625E-16,1.,0.));
#1659 = DIRECTION('',(-2.22044604925E-15,-2.465190328815E-31,1.));
#1660 = ORIENTED_EDGE('',*,*,#1661,.F.);
#1661 = EDGE_CURVE('',#1662,#1653,#1664,.T.);
#1662 = VERTEX_POINT('',#1663);
#1663 = CARTESIAN_POINT('',(0.798480775301,0.2,0.492364817767));
#1664 = LINE('',#1665,#1666);
#1665 = CARTESIAN_POINT('',(0.798480775301,0.2,0.492364817767));
#1666 = VECTOR('',#1667,1.);
#1667 = DIRECTION('',(1.110223024625E-16,-1.,0.));
#1668 = ORIENTED_EDGE('',*,*,#1669,.F.);
#1669 = EDGE_CURVE('',#1278,#1662,#1670,.T.);
#1670 = CIRCLE('',#1671,0.1);
#1671 = AXIS2_PLACEMENT_3D('',#1672,#1673,#1674);
#1672 = CARTESIAN_POINT('',(0.7,0.2,0.475));
#1673 = DIRECTION('',(-1.110223024625E-16,1.,0.));
#1674 = DIRECTION('',(-2.22044604925E-15,-2.465190328815E-31,1.));
#1675 = CYLINDRICAL_SURFACE('',#1676,0.1);
#1676 = AXIS2_PLACEMENT_3D('',#1677,#1678,#1679);
#1677 = CARTESIAN_POINT('',(0.7,0.2,0.475));
#1678 = DIRECTION('',(-1.110223024625E-16,1.,0.));
#1679 = DIRECTION('',(-2.22044604925E-15,-2.465190328815E-31,1.));
#1680 = ADVANCED_FACE('',(#1681),#1705,.F.);
#1681 = FACE_BOUND('',#1682,.F.);
#1682 = EDGE_LOOP('',(#1683,#1691,#1692,#1699));
#1683 = ORIENTED_EDGE('',*,*,#1684,.F.);
#1684 = EDGE_CURVE('',#1270,#1685,#1687,.T.);
#1685 = VERTEX_POINT('',#1686);
#1686 = CARTESIAN_POINT('',(0.7,-0.2,0.725));
#1687 = LINE('',#1688,#1689);
#1688 = CARTESIAN_POINT('',(0.7,-0.2,0.529763586955));
#1689 = VECTOR('',#1690,1.);
#1690 = DIRECTION('',(0.,0.,1.));
#1691 = ORIENTED_EDGE('',*,*,#1269,.T.);
#1692 = ORIENTED_EDGE('',*,*,#1693,.T.);
#1693 = EDGE_CURVE('',#1263,#1694,#1696,.T.);
#1694 = VERTEX_POINT('',#1695);
#1695 = CARTESIAN_POINT('',(0.7,-1.405,0.725));
#1696 = B_SPLINE_CURVE_WITH_KNOTS('',1,(#1697,#1698),.UNSPECIFIED.,.F.,
  .F.,(2,2),(0.,1.),.PIECEWISE_BEZIER_KNOTS.);
#1697 = CARTESIAN_POINT('',(0.7,-1.405,0.575));
#1698 = CARTESIAN_POINT('',(0.7,-1.405,0.725));
#1699 = ORIENTED_EDGE('',*,*,#1700,.F.);
#1700 = EDGE_CURVE('',#1685,#1694,#1701,.T.);
#1701 = LINE('',#1702,#1703);
#1702 = CARTESIAN_POINT('',(0.7,1.405,0.725));
#1703 = VECTOR('',#1704,1.);
#1704 = DIRECTION('',(1.110223024625E-16,-1.,0.));
#1705 = PLANE('',#1706);
#1706 = AXIS2_PLACEMENT_3D('',#1707,#1708,#1709);
#1707 = CARTESIAN_POINT('',(0.7,1.405,0.725));
#1708 = DIRECTION('',(-1.,-1.110223024625E-16,0.));
#1709 = DIRECTION('',(1.110223024625E-16,-1.,0.));
#1710 = ADVANCED_FACE('',(#1711),#1728,.F.);
#1711 = FACE_BOUND('',#1712,.F.);
#1712 = EDGE_LOOP('',(#1713,#1714,#1715,#1723));
#1713 = ORIENTED_EDGE('',*,*,#1302,.T.);
#1714 = ORIENTED_EDGE('',*,*,#1490,.T.);
#1715 = ORIENTED_EDGE('',*,*,#1716,.F.);
#1716 = EDGE_CURVE('',#1717,#1491,#1719,.T.);
#1717 = VERTEX_POINT('',#1718);
#1718 = CARTESIAN_POINT('',(-0.605,-1.5,0.725));
#1719 = LINE('',#1720,#1721);
#1720 = CARTESIAN_POINT('',(-0.605,-1.5,0.725));
#1721 = VECTOR('',#1722,1.);
#1722 = DIRECTION('',(-0.707106781187,0.707106781187,0.));
#1723 = ORIENTED_EDGE('',*,*,#1724,.F.);
#1724 = EDGE_CURVE('',#1303,#1717,#1725,.T.);
#1725 = B_SPLINE_CURVE_WITH_KNOTS('',1,(#1726,#1727),.UNSPECIFIED.,.F.,
  .F.,(2,2),(0.,1.),.PIECEWISE_BEZIER_KNOTS.);
#1726 = CARTESIAN_POINT('',(-0.605,-1.5,0.575));
#1727 = CARTESIAN_POINT('',(-0.605,-1.5,0.725));
#1728 = PLANE('',#1729);
#1729 = AXIS2_PLACEMENT_3D('',#1730,#1731,#1732);
#1730 = CARTESIAN_POINT('',(-0.605,-1.5,0.725));
#1731 = DIRECTION('',(0.707106781187,0.707106781187,0.));
#1732 = DIRECTION('',(-0.707106781187,0.707106781187,0.));
#1733 = ADVANCED_FACE('',(#1734),#1751,.F.);
#1734 = FACE_BOUND('',#1735,.F.);
#1735 = EDGE_LOOP('',(#1736,#1737,#1744,#1750));
#1736 = ORIENTED_EDGE('',*,*,#1331,.T.);
#1737 = ORIENTED_EDGE('',*,*,#1738,.T.);
#1738 = EDGE_CURVE('',#1325,#1739,#1741,.T.);
#1739 = VERTEX_POINT('',#1740);
#1740 = CARTESIAN_POINT('',(0.605,-1.5,0.725));
#1741 = B_SPLINE_CURVE_WITH_KNOTS('',1,(#1742,#1743),.UNSPECIFIED.,.F.,
  .F.,(2,2),(0.,1.),.PIECEWISE_BEZIER_KNOTS.);
#1742 = CARTESIAN_POINT('',(0.605,-1.5,0.575));
#1743 = CARTESIAN_POINT('',(0.605,-1.5,0.725));
#1744 = ORIENTED_EDGE('',*,*,#1745,.F.);
#1745 = EDGE_CURVE('',#1694,#1739,#1746,.T.);
#1746 = LINE('',#1747,#1748);
#1747 = CARTESIAN_POINT('',(0.7,-1.405,0.725));
#1748 = VECTOR('',#1749,1.);
#1749 = DIRECTION('',(-0.707106781187,-0.707106781187,0.));
#1750 = ORIENTED_EDGE('',*,*,#1693,.F.);
#1751 = PLANE('',#1752);
#1752 = AXIS2_PLACEMENT_3D('',#1753,#1754,#1755);
#1753 = CARTESIAN_POINT('',(0.7,-1.405,0.725));
#1754 = DIRECTION('',(-0.707106781187,0.707106781187,0.));
#1755 = DIRECTION('',(-0.707106781187,-0.707106781187,0.));
#1756 = ADVANCED_FACE('',(#1757),#1768,.F.);
#1757 = FACE_BOUND('',#1758,.F.);
#1758 = EDGE_LOOP('',(#1759,#1760,#1761,#1767));
#1759 = ORIENTED_EDGE('',*,*,#1348,.T.);
#1760 = ORIENTED_EDGE('',*,*,#1724,.T.);
#1761 = ORIENTED_EDGE('',*,*,#1762,.F.);
#1762 = EDGE_CURVE('',#1739,#1717,#1763,.T.);
#1763 = LINE('',#1764,#1765);
#1764 = CARTESIAN_POINT('',(0.605,-1.5,0.725));
#1765 = VECTOR('',#1766,1.);
#1766 = DIRECTION('',(-1.,-1.110223024625E-16,0.));
#1767 = ORIENTED_EDGE('',*,*,#1738,.F.);
#1768 = PLANE('',#1769);
#1769 = AXIS2_PLACEMENT_3D('',#1770,#1771,#1772);
#1770 = CARTESIAN_POINT('',(0.605,-1.5,0.725));
#1771 = DIRECTION('',(-1.110223024625E-16,1.,0.));
#1772 = DIRECTION('',(-1.,-1.110223024625E-16,0.));
#1773 = ADVANCED_FACE('',(#1774),#1797,.F.);
#1774 = FACE_BOUND('',#1775,.F.);
#1775 = EDGE_LOOP('',(#1776,#1784,#1790,#1791));
#1776 = ORIENTED_EDGE('',*,*,#1777,.F.);
#1777 = EDGE_CURVE('',#1563,#1778,#1780,.T.);
#1778 = VERTEX_POINT('',#1779);
#1779 = CARTESIAN_POINT('',(-0.675,0.75,0.725));
#1780 = LINE('',#1781,#1782);
#1781 = CARTESIAN_POINT('',(-0.7,0.75,0.725));
#1782 = VECTOR('',#1783,1.);
#1783 = DIRECTION('',(1.,-1.144237745222E-17,0.));
#1784 = ORIENTED_EDGE('',*,*,#1785,.T.);
#1785 = EDGE_CURVE('',#1563,#1453,#1786,.T.);
#1786 = LINE('',#1787,#1788);
#1787 = CARTESIAN_POINT('',(-0.7,0.75,0.725));
#1788 = VECTOR('',#1789,1.);
#1789 = DIRECTION('',(1.144237745222E-17,1.,0.));
#1790 = ORIENTED_EDGE('',*,*,#1452,.T.);
#1791 = ORIENTED_EDGE('',*,*,#1792,.F.);
#1792 = EDGE_CURVE('',#1778,#1445,#1793,.T.);
#1793 = LINE('',#1794,#1795);
#1794 = CARTESIAN_POINT('',(-0.675,-1.3925,0.725));
#1795 = VECTOR('',#1796,1.);
#1796 = DIRECTION('',(-1.110223024625E-16,1.,0.));
#1797 = PLANE('',#1798);
#1798 = AXIS2_PLACEMENT_3D('',#1799,#1800,#1801);
#1799 = CARTESIAN_POINT('',(-0.7,0.75,0.725));
#1800 = DIRECTION('',(0.,0.,-1.));
#1801 = DIRECTION('',(1.,-1.144237745222E-17,0.));
#1802 = ADVANCED_FACE('',(#1803),#1851,.F.);
#1803 = FACE_BOUND('',#1804,.F.);
#1804 = EDGE_LOOP('',(#1805,#1815,#1823,#1829,#1830,#1831,#1838,#1846));
#1805 = ORIENTED_EDGE('',*,*,#1806,.T.);
#1806 = EDGE_CURVE('',#1807,#1809,#1811,.T.);
#1807 = VERTEX_POINT('',#1808);
#1808 = CARTESIAN_POINT('',(-0.675,-1.3925,0.725));
#1809 = VERTEX_POINT('',#1810);
#1810 = CARTESIAN_POINT('',(-0.675,-1.15,0.725));
#1811 = LINE('',#1812,#1813);
#1812 = CARTESIAN_POINT('',(-0.675,-1.3925,0.725));
#1813 = VECTOR('',#1814,1.);
#1814 = DIRECTION('',(-1.110223024625E-16,1.,0.));
#1815 = ORIENTED_EDGE('',*,*,#1816,.T.);
#1816 = EDGE_CURVE('',#1809,#1817,#1819,.T.);
#1817 = VERTEX_POINT('',#1818);
#1818 = CARTESIAN_POINT('',(-0.675,-0.75,0.725));
#1819 = LINE('',#1820,#1821);
#1820 = CARTESIAN_POINT('',(-0.675,-1.3925,0.725));
#1821 = VECTOR('',#1822,1.);
#1822 = DIRECTION('',(-1.110223024625E-16,1.,0.));
#1823 = ORIENTED_EDGE('',*,*,#1824,.T.);
#1824 = EDGE_CURVE('',#1817,#1778,#1825,.T.);
#1825 = LINE('',#1826,#1827);
#1826 = CARTESIAN_POINT('',(-0.675,-1.3925,0.725));
#1827 = VECTOR('',#1828,1.);
#1828 = DIRECTION('',(-1.110223024625E-16,1.,0.));
#1829 = ORIENTED_EDGE('',*,*,#1792,.T.);
#1830 = ORIENTED_EDGE('',*,*,#1444,.T.);
#1831 = ORIENTED_EDGE('',*,*,#1832,.T.);
#1832 = EDGE_CURVE('',#1437,#1833,#1835,.T.);
#1833 = VERTEX_POINT('',#1834);
#1834 = CARTESIAN_POINT('',(-0.608243103516,1.359121551758,1.2));
#1835 = B_SPLINE_CURVE_WITH_KNOTS('',1,(#1836,#1837),.UNSPECIFIED.,.F.,
  .F.,(2,2),(0.,1.),.PIECEWISE_BEZIER_KNOTS.);
#1836 = CARTESIAN_POINT('',(-0.675,1.3925,0.725));
#1837 = CARTESIAN_POINT('',(-0.608243103516,1.359121551758,1.2));
#1838 = ORIENTED_EDGE('',*,*,#1839,.F.);
#1839 = EDGE_CURVE('',#1840,#1833,#1842,.T.);
#1840 = VERTEX_POINT('',#1841);
#1841 = CARTESIAN_POINT('',(-0.608243103516,-1.359121551758,1.2));
#1842 = LINE('',#1843,#1844);
#1843 = CARTESIAN_POINT('',(-0.608243103516,-1.359121551758,1.2));
#1844 = VECTOR('',#1845,1.);
#1845 = DIRECTION('',(-1.110223024625E-16,1.,0.));
#1846 = ORIENTED_EDGE('',*,*,#1847,.F.);
#1847 = EDGE_CURVE('',#1807,#1840,#1848,.T.);
#1848 = B_SPLINE_CURVE_WITH_KNOTS('',1,(#1849,#1850),.UNSPECIFIED.,.F.,
  .F.,(2,2),(0.,1.),.PIECEWISE_BEZIER_KNOTS.);
#1849 = CARTESIAN_POINT('',(-0.675,-1.3925,0.725));
#1850 = CARTESIAN_POINT('',(-0.608243103516,-1.359121551758,1.2));
#1851 = B_SPLINE_SURFACE_WITH_KNOTS('',1,1,(
    (#1852,#1853)
    ,(#1854,#1855
    )),.UNSPECIFIED.,.F.,.F.,.F.,(2,2),(2,2),(0.,2.785),(0.,1.),
  .PIECEWISE_BEZIER_KNOTS.);
#1852 = CARTESIAN_POINT('',(-0.675,-1.3925,0.725));
#1853 = CARTESIAN_POINT('',(-0.608243103516,-1.359121551758,1.2));
#1854 = CARTESIAN_POINT('',(-0.675,1.3925,0.725));
#1855 = CARTESIAN_POINT('',(-0.608243103516,1.359121551758,1.2));
#1856 = ADVANCED_FACE('',(#1857),#1874,.F.);
#1857 = FACE_BOUND('',#1858,.F.);
#1858 = EDGE_LOOP('',(#1859,#1860,#1867,#1873));
#1859 = ORIENTED_EDGE('',*,*,#1436,.T.);
#1860 = ORIENTED_EDGE('',*,*,#1861,.T.);
#1861 = EDGE_CURVE('',#1429,#1862,#1864,.T.);
#1862 = VERTEX_POINT('',#1863);
#1863 = CARTESIAN_POINT('',(-0.559121551758,1.408243103516,1.2));
#1864 = B_SPLINE_CURVE_WITH_KNOTS('',1,(#1865,#1866),.UNSPECIFIED.,.F.,
  .F.,(2,2),(0.,1.),.PIECEWISE_BEZIER_KNOTS.);
#1865 = CARTESIAN_POINT('',(-0.5925,1.475,0.725));
#1866 = CARTESIAN_POINT('',(-0.559121551758,1.408243103516,1.2));
#1867 = ORIENTED_EDGE('',*,*,#1868,.F.);
#1868 = EDGE_CURVE('',#1833,#1862,#1869,.T.);
#1869 = LINE('',#1870,#1871);
#1870 = CARTESIAN_POINT('',(-0.608243103516,1.359121551758,1.2));
#1871 = VECTOR('',#1872,1.);
#1872 = DIRECTION('',(0.707106781187,0.707106781187,0.));
#1873 = ORIENTED_EDGE('',*,*,#1832,.F.);
#1874 = B_SPLINE_SURFACE_WITH_KNOTS('',1,1,(
    (#1875,#1876)
    ,(#1877,#1878
    )),.UNSPECIFIED.,.F.,.F.,.F.,(2,2),(2,2),(0.,0.116672618896),(0.,1.)
  ,.PIECEWISE_BEZIER_KNOTS.);
#1875 = CARTESIAN_POINT('',(-0.675,1.3925,0.725));
#1876 = CARTESIAN_POINT('',(-0.608243103516,1.359121551758,1.2));
#1877 = CARTESIAN_POINT('',(-0.5925,1.475,0.725));
#1878 = CARTESIAN_POINT('',(-0.559121551758,1.408243103516,1.2));
#1879 = ADVANCED_FACE('',(#1880),#1897,.F.);
#1880 = FACE_BOUND('',#1881,.F.);
#1881 = EDGE_LOOP('',(#1882,#1883,#1890,#1896));
#1882 = ORIENTED_EDGE('',*,*,#1428,.T.);
#1883 = ORIENTED_EDGE('',*,*,#1884,.T.);
#1884 = EDGE_CURVE('',#1421,#1885,#1887,.T.);
#1885 = VERTEX_POINT('',#1886);
#1886 = CARTESIAN_POINT('',(0.559121551758,1.408243103516,1.2));
#1887 = B_SPLINE_CURVE_WITH_KNOTS('',1,(#1888,#1889),.UNSPECIFIED.,.F.,
  .F.,(2,2),(0.,1.),.PIECEWISE_BEZIER_KNOTS.);
#1888 = CARTESIAN_POINT('',(0.5925,1.475,0.725));
#1889 = CARTESIAN_POINT('',(0.559121551758,1.408243103516,1.2));
#1890 = ORIENTED_EDGE('',*,*,#1891,.F.);
#1891 = EDGE_CURVE('',#1862,#1885,#1892,.T.);
#1892 = LINE('',#1893,#1894);
#1893 = CARTESIAN_POINT('',(-0.559121551758,1.408243103516,1.2));
#1894 = VECTOR('',#1895,1.);
#1895 = DIRECTION('',(1.,1.110223024625E-16,0.));
#1896 = ORIENTED_EDGE('',*,*,#1861,.F.);
#1897 = B_SPLINE_SURFACE_WITH_KNOTS('',1,1,(
    (#1898,#1899)
    ,(#1900,#1901
    )),.UNSPECIFIED.,.F.,.F.,.F.,(2,2),(2,2),(0.,1.185),(0.,1.),
  .PIECEWISE_BEZIER_KNOTS.);
#1898 = CARTESIAN_POINT('',(-0.5925,1.475,0.725));
#1899 = CARTESIAN_POINT('',(-0.559121551758,1.408243103516,1.2));
#1900 = CARTESIAN_POINT('',(0.5925,1.475,0.725));
#1901 = CARTESIAN_POINT('',(0.559121551758,1.408243103516,1.2));
#1902 = ADVANCED_FACE('',(#1903),#1920,.F.);
#1903 = FACE_BOUND('',#1904,.F.);
#1904 = EDGE_LOOP('',(#1905,#1906,#1913,#1919));
#1905 = ORIENTED_EDGE('',*,*,#1420,.T.);
#1906 = ORIENTED_EDGE('',*,*,#1907,.T.);
#1907 = EDGE_CURVE('',#1413,#1908,#1910,.T.);
#1908 = VERTEX_POINT('',#1909);
#1909 = CARTESIAN_POINT('',(0.608243103516,1.359121551758,1.2));
#1910 = B_SPLINE_CURVE_WITH_KNOTS('',1,(#1911,#1912),.UNSPECIFIED.,.F.,
  .F.,(2,2),(0.,1.),.PIECEWISE_BEZIER_KNOTS.);
#1911 = CARTESIAN_POINT('',(0.675,1.3925,0.725));
#1912 = CARTESIAN_POINT('',(0.608243103516,1.359121551758,1.2));
#1913 = ORIENTED_EDGE('',*,*,#1914,.F.);
#1914 = EDGE_CURVE('',#1885,#1908,#1915,.T.);
#1915 = LINE('',#1916,#1917);
#1916 = CARTESIAN_POINT('',(0.559121551758,1.408243103516,1.2));
#1917 = VECTOR('',#1918,1.);
#1918 = DIRECTION('',(0.707106781187,-0.707106781187,0.));
#1919 = ORIENTED_EDGE('',*,*,#1884,.F.);
#1920 = B_SPLINE_SURFACE_WITH_KNOTS('',1,1,(
    (#1921,#1922)
    ,(#1923,#1924
    )),.UNSPECIFIED.,.F.,.F.,.F.,(2,2),(2,2),(0.,0.116672618896),(0.,1.)
  ,.PIECEWISE_BEZIER_KNOTS.);
#1921 = CARTESIAN_POINT('',(0.5925,1.475,0.725));
#1922 = CARTESIAN_POINT('',(0.559121551758,1.408243103516,1.2));
#1923 = CARTESIAN_POINT('',(0.675,1.3925,0.725));
#1924 = CARTESIAN_POINT('',(0.608243103516,1.359121551758,1.2));
#1925 = ADVANCED_FACE('',(#1926),#1959,.F.);
#1926 = FACE_BOUND('',#1927,.F.);
#1927 = EDGE_LOOP('',(#1928,#1929,#1937,#1945,#1952,#1958));
#1928 = ORIENTED_EDGE('',*,*,#1412,.T.);
#1929 = ORIENTED_EDGE('',*,*,#1930,.T.);
#1930 = EDGE_CURVE('',#1405,#1931,#1933,.T.);
#1931 = VERTEX_POINT('',#1932);
#1932 = CARTESIAN_POINT('',(0.675,-0.2,0.725));
#1933 = LINE('',#1934,#1935);
#1934 = CARTESIAN_POINT('',(0.675,1.3925,0.725));
#1935 = VECTOR('',#1936,1.);
#1936 = DIRECTION('',(1.110223024625E-16,-1.,0.));
#1937 = ORIENTED_EDGE('',*,*,#1938,.T.);
#1938 = EDGE_CURVE('',#1931,#1939,#1941,.T.);
#1939 = VERTEX_POINT('',#1940);
#1940 = CARTESIAN_POINT('',(0.675,-1.3925,0.725));
#1941 = LINE('',#1942,#1943);
#1942 = CARTESIAN_POINT('',(0.675,1.3925,0.725));
#1943 = VECTOR('',#1944,1.);
#1944 = DIRECTION('',(1.110223024625E-16,-1.,0.));
#1945 = ORIENTED_EDGE('',*,*,#1946,.T.);
#1946 = EDGE_CURVE('',#1939,#1947,#1949,.T.);
#1947 = VERTEX_POINT('',#1948);
#1948 = CARTESIAN_POINT('',(0.608243103516,-1.359121551758,1.2));
#1949 = B_SPLINE_CURVE_WITH_KNOTS('',1,(#1950,#1951),.UNSPECIFIED.,.F.,
  .F.,(2,2),(0.,1.),.PIECEWISE_BEZIER_KNOTS.);
#1950 = CARTESIAN_POINT('',(0.675,-1.3925,0.725));
#1951 = CARTESIAN_POINT('',(0.608243103516,-1.359121551758,1.2));
#1952 = ORIENTED_EDGE('',*,*,#1953,.F.);
#1953 = EDGE_CURVE('',#1908,#1947,#1954,.T.);
#1954 = LINE('',#1955,#1956);
#1955 = CARTESIAN_POINT('',(0.608243103516,1.359121551758,1.2));
#1956 = VECTOR('',#1957,1.);
#1957 = DIRECTION('',(1.110223024625E-16,-1.,0.));
#1958 = ORIENTED_EDGE('',*,*,#1907,.F.);
#1959 = B_SPLINE_SURFACE_WITH_KNOTS('',1,1,(
    (#1960,#1961)
    ,(#1962,#1963
    )),.UNSPECIFIED.,.F.,.F.,.F.,(2,2),(2,2),(0.,2.785),(0.,1.),
  .PIECEWISE_BEZIER_KNOTS.);
#1960 = CARTESIAN_POINT('',(0.675,1.3925,0.725));
#1961 = CARTESIAN_POINT('',(0.608243103516,1.359121551758,1.2));
#1962 = CARTESIAN_POINT('',(0.675,-1.3925,0.725));
#1963 = CARTESIAN_POINT('',(0.608243103516,-1.359121551758,1.2));
#1964 = ADVANCED_FACE('',(#1965),#1981,.F.);
#1965 = FACE_BOUND('',#1966,.F.);
#1966 = EDGE_LOOP('',(#1967,#1968,#1974,#1980));
#1967 = ORIENTED_EDGE('',*,*,#1404,.F.);
#1968 = ORIENTED_EDGE('',*,*,#1969,.T.);
#1969 = EDGE_CURVE('',#1397,#1685,#1970,.T.);
#1970 = LINE('',#1971,#1972);
#1971 = CARTESIAN_POINT('',(0.7,0.2,0.725));
#1972 = VECTOR('',#1973,1.);
#1973 = DIRECTION('',(1.110223024625E-16,-1.,0.));
#1974 = ORIENTED_EDGE('',*,*,#1975,.T.);
#1975 = EDGE_CURVE('',#1685,#1931,#1976,.T.);
#1976 = LINE('',#1977,#1978);
#1977 = CARTESIAN_POINT('',(0.7,-0.2,0.725));
#1978 = VECTOR('',#1979,1.);
#1979 = DIRECTION('',(-1.,-1.110223024625E-16,0.));
#1980 = ORIENTED_EDGE('',*,*,#1930,.F.);
#1981 = PLANE('',#1982);
#1982 = AXIS2_PLACEMENT_3D('',#1983,#1984,#1985);
#1983 = CARTESIAN_POINT('',(0.7,0.2,0.725));
#1984 = DIRECTION('',(0.,0.,-1.));
#1985 = DIRECTION('',(-1.,-1.110223024625E-16,-0.));
#1986 = ADVANCED_FACE('',(#1987),#2025,.F.);
#1987 = FACE_BOUND('',#1988,.F.);
#1988 = EDGE_LOOP('',(#1989,#1990,#1991,#1992,#1993,#1994,#1995,#2001,
    #2002,#2010,#2018,#2024));
#1989 = ORIENTED_EDGE('',*,*,#1975,.F.);
#1990 = ORIENTED_EDGE('',*,*,#1700,.T.);
#1991 = ORIENTED_EDGE('',*,*,#1745,.T.);
#1992 = ORIENTED_EDGE('',*,*,#1762,.T.);
#1993 = ORIENTED_EDGE('',*,*,#1716,.T.);
#1994 = ORIENTED_EDGE('',*,*,#1506,.T.);
#1995 = ORIENTED_EDGE('',*,*,#1996,.T.);
#1996 = EDGE_CURVE('',#1499,#1809,#1997,.T.);
#1997 = LINE('',#1998,#1999);
#1998 = CARTESIAN_POINT('',(-0.7,-1.15,0.725));
#1999 = VECTOR('',#2000,1.);
#2000 = DIRECTION('',(1.,-1.144237745222E-17,0.));
#2001 = ORIENTED_EDGE('',*,*,#1806,.F.);
#2002 = ORIENTED_EDGE('',*,*,#2003,.F.);
#2003 = EDGE_CURVE('',#2004,#1807,#2006,.T.);
#2004 = VERTEX_POINT('',#2005);
#2005 = CARTESIAN_POINT('',(-0.5925,-1.475,0.725));
#2006 = LINE('',#2007,#2008);
#2007 = CARTESIAN_POINT('',(-0.5925,-1.475,0.725));
#2008 = VECTOR('',#2009,1.);
#2009 = DIRECTION('',(-0.707106781187,0.707106781187,0.));
#2010 = ORIENTED_EDGE('',*,*,#2011,.F.);
#2011 = EDGE_CURVE('',#2012,#2004,#2014,.T.);
#2012 = VERTEX_POINT('',#2013);
#2013 = CARTESIAN_POINT('',(0.5925,-1.475,0.725));
#2014 = LINE('',#2015,#2016);
#2015 = CARTESIAN_POINT('',(0.5925,-1.475,0.725));
#2016 = VECTOR('',#2017,1.);
#2017 = DIRECTION('',(-1.,-1.110223024625E-16,0.));
#2018 = ORIENTED_EDGE('',*,*,#2019,.F.);
#2019 = EDGE_CURVE('',#1939,#2012,#2020,.T.);
#2020 = LINE('',#2021,#2022);
#2021 = CARTESIAN_POINT('',(0.675,-1.3925,0.725));
#2022 = VECTOR('',#2023,1.);
#2023 = DIRECTION('',(-0.707106781187,-0.707106781187,0.));
#2024 = ORIENTED_EDGE('',*,*,#1938,.F.);
#2025 = PLANE('',#2026);
#2026 = AXIS2_PLACEMENT_3D('',#2027,#2028,#2029);
#2027 = CARTESIAN_POINT('',(-1.486299604971E-16,1.4875,0.725));
#2028 = DIRECTION('',(1.022886882533E-31,-6.310887241768E-27,-1.));
#2029 = DIRECTION('',(1.,1.217738924546E-16,1.022886882525E-31));
#2030 = ADVANCED_FACE('',(#2031),#2100,.F.);
#2031 = FACE_BOUND('',#2032,.F.);
#2032 = EDGE_LOOP('',(#2033,#2034,#2035,#2043,#2052,#2060,#2068,#2076,
    #2085,#2093));
#2033 = ORIENTED_EDGE('',*,*,#1498,.F.);
#2034 = ORIENTED_EDGE('',*,*,#1538,.T.);
#2035 = ORIENTED_EDGE('',*,*,#2036,.T.);
#2036 = EDGE_CURVE('',#1531,#2037,#2039,.T.);
#2037 = VERTEX_POINT('',#2038);
#2038 = CARTESIAN_POINT('',(-0.843471632406,-1.15,0.206587955583));
#2039 = LINE('',#2040,#2041);
#2040 = CARTESIAN_POINT('',(-0.798480775301,-1.15,0.492364817767));
#2041 = VECTOR('',#2042,1.);
#2042 = DIRECTION('',(-0.155518033909,1.779496044609E-18,-0.987833053268
    ));
#2043 = ORIENTED_EDGE('',*,*,#2044,.T.);
#2044 = EDGE_CURVE('',#2037,#2045,#2047,.T.);
#2045 = VERTEX_POINT('',#2046);
#2046 = CARTESIAN_POINT('',(-1.089673570659,-1.15,5.551115123126E-17));
#2047 = CIRCLE('',#2048,0.25);
#2048 = AXIS2_PLACEMENT_3D('',#2049,#2050,#2051);
#2049 = CARTESIAN_POINT('',(-1.089673570659,-1.15,0.25));
#2050 = DIRECTION('',(1.144237745222E-17,1.,3.851859888774E-34));
#2051 = DIRECTION('',(0.984807753012,-1.126854202784E-17,-0.173648177667
    ));
#2052 = ORIENTED_EDGE('',*,*,#2053,.T.);
#2053 = EDGE_CURVE('',#2045,#2054,#2056,.T.);
#2054 = VERTEX_POINT('',#2055);
#2055 = CARTESIAN_POINT('',(-1.25,-1.15,5.551115123126E-17));
#2056 = LINE('',#2057,#2058);
#2057 = CARTESIAN_POINT('',(-1.089673570659,-1.15,5.551115123126E-17));
#2058 = VECTOR('',#2059,1.);
#2059 = DIRECTION('',(-1.,1.144237745222E-17,0.));
#2060 = ORIENTED_EDGE('',*,*,#2061,.T.);
#2061 = EDGE_CURVE('',#2054,#2062,#2064,.T.);
#2062 = VERTEX_POINT('',#2063);
#2063 = CARTESIAN_POINT('',(-1.25,-1.15,0.15));
#2064 = LINE('',#2065,#2066);
#2065 = CARTESIAN_POINT('',(-1.25,-1.15,5.551115123126E-17));
#2066 = VECTOR('',#2067,1.);
#2067 = DIRECTION('',(0.,0.,1.));
#2068 = ORIENTED_EDGE('',*,*,#2069,.T.);
#2069 = EDGE_CURVE('',#2062,#2070,#2072,.T.);
#2070 = VERTEX_POINT('',#2071);
#2071 = CARTESIAN_POINT('',(-1.089673570659,-1.15,0.15));
#2072 = LINE('',#2073,#2074);
#2073 = CARTESIAN_POINT('',(-1.25,-1.15,0.15));
#2074 = VECTOR('',#2075,1.);
#2075 = DIRECTION('',(1.,-1.144237745222E-17,0.));
#2076 = ORIENTED_EDGE('',*,*,#2077,.T.);
#2077 = EDGE_CURVE('',#2070,#2078,#2080,.T.);
#2078 = VERTEX_POINT('',#2079);
#2079 = CARTESIAN_POINT('',(-0.991192795358,-1.15,0.232635182233));
#2080 = CIRCLE('',#2081,0.1);
#2081 = AXIS2_PLACEMENT_3D('',#2082,#2083,#2084);
#2082 = CARTESIAN_POINT('',(-1.089673570659,-1.15,0.25));
#2083 = DIRECTION('',(-1.144237745222E-17,-1.,1.094764425254E-47));
#2084 = DIRECTION('',(-2.22044604925E-15,2.540718180781E-32,-1.));
#2085 = ORIENTED_EDGE('',*,*,#2086,.T.);
#2086 = EDGE_CURVE('',#2078,#2087,#2089,.T.);
#2087 = VERTEX_POINT('',#2088);
#2088 = CARTESIAN_POINT('',(-0.946201938253,-1.15,0.518412044417));
#2089 = LINE('',#2090,#2091);
#2090 = CARTESIAN_POINT('',(-0.991192795358,-1.15,0.232635182233));
#2091 = VECTOR('',#2092,1.);
#2092 = DIRECTION('',(0.155518033909,-1.779496044609E-18,0.987833053268)
  );
#2093 = ORIENTED_EDGE('',*,*,#2094,.T.);
#2094 = EDGE_CURVE('',#2087,#1499,#2095,.T.);
#2095 = CIRCLE('',#2096,0.25);
#2096 = AXIS2_PLACEMENT_3D('',#2097,#2098,#2099);
#2097 = CARTESIAN_POINT('',(-0.7,-1.15,0.475));
#2098 = DIRECTION('',(1.144237745222E-17,1.,0.));
#2099 = DIRECTION('',(-0.984807753012,1.126854202784E-17,0.173648177667)
  );
#2100 = PLANE('',#2101);
#2101 = AXIS2_PLACEMENT_3D('',#2102,#2103,#2104);
#2102 = CARTESIAN_POINT('',(-0.931323080229,-1.15,0.33452717391));
#2103 = DIRECTION('',(1.144237745222E-17,1.,0.));
#2104 = DIRECTION('',(0.,-0.,1.));
#2105 = ADVANCED_FACE('',(#2106),#2124,.F.);
#2106 = FACE_BOUND('',#2107,.F.);
#2107 = EDGE_LOOP('',(#2108,#2109,#2117,#2123));
#2108 = ORIENTED_EDGE('',*,*,#1530,.T.);
#2109 = ORIENTED_EDGE('',*,*,#2110,.T.);
#2110 = EDGE_CURVE('',#1522,#2111,#2113,.T.);
#2111 = VERTEX_POINT('',#2112);
#2112 = CARTESIAN_POINT('',(-0.843471632406,-0.75,0.206587955583));
#2113 = LINE('',#2114,#2115);
#2114 = CARTESIAN_POINT('',(-0.798480775301,-0.75,0.492364817767));
#2115 = VECTOR('',#2116,1.);
#2116 = DIRECTION('',(-0.155518033909,1.779496044609E-18,-0.987833053268
    ));
#2117 = ORIENTED_EDGE('',*,*,#2118,.F.);
#2118 = EDGE_CURVE('',#2037,#2111,#2119,.T.);
#2119 = LINE('',#2120,#2121);
#2120 = CARTESIAN_POINT('',(-0.843471632406,-1.15,0.206587955583));
#2121 = VECTOR('',#2122,1.);
#2122 = DIRECTION('',(1.144237745222E-17,1.,0.));
#2123 = ORIENTED_EDGE('',*,*,#2036,.F.);
#2124 = PLANE('',#2125);
#2125 = AXIS2_PLACEMENT_3D('',#2126,#2127,#2128);
#2126 = CARTESIAN_POINT('',(-0.798480775301,-1.15,0.492364817767));
#2127 = DIRECTION('',(-0.987833053268,1.130315865527E-17,0.155518033909)
  );
#2128 = DIRECTION('',(-0.155518033909,1.779496044609E-18,-0.987833053268
    ));
#2129 = ADVANCED_FACE('',(#2130),#2192,.T.);
#2130 = FACE_BOUND('',#2131,.T.);
#2131 = EDGE_LOOP('',(#2132,#2133,#2134,#2135,#2144,#2152,#2160,#2168,
    #2177,#2185));
#2132 = ORIENTED_EDGE('',*,*,#1553,.F.);
#2133 = ORIENTED_EDGE('',*,*,#1521,.T.);
#2134 = ORIENTED_EDGE('',*,*,#2110,.T.);
#2135 = ORIENTED_EDGE('',*,*,#2136,.T.);
#2136 = EDGE_CURVE('',#2111,#2137,#2139,.T.);
#2137 = VERTEX_POINT('',#2138);
#2138 = CARTESIAN_POINT('',(-1.089673570659,-0.75,5.551115123126E-17));
#2139 = CIRCLE('',#2140,0.25);
#2140 = AXIS2_PLACEMENT_3D('',#2141,#2142,#2143);
#2141 = CARTESIAN_POINT('',(-1.089673570659,-0.75,0.25));
#2142 = DIRECTION('',(1.144237745222E-17,1.,3.851859888774E-34));
#2143 = DIRECTION('',(0.984807753012,-1.126854202784E-17,-0.173648177667
    ));
#2144 = ORIENTED_EDGE('',*,*,#2145,.T.);
#2145 = EDGE_CURVE('',#2137,#2146,#2148,.T.);
#2146 = VERTEX_POINT('',#2147);
#2147 = CARTESIAN_POINT('',(-1.25,-0.75,5.551115123126E-17));
#2148 = LINE('',#2149,#2150);
#2149 = CARTESIAN_POINT('',(-1.089673570659,-0.75,5.551115123126E-17));
#2150 = VECTOR('',#2151,1.);
#2151 = DIRECTION('',(-1.,1.144237745222E-17,0.));
#2152 = ORIENTED_EDGE('',*,*,#2153,.T.);
#2153 = EDGE_CURVE('',#2146,#2154,#2156,.T.);
#2154 = VERTEX_POINT('',#2155);
#2155 = CARTESIAN_POINT('',(-1.25,-0.75,0.15));
#2156 = LINE('',#2157,#2158);
#2157 = CARTESIAN_POINT('',(-1.25,-0.75,5.551115123126E-17));
#2158 = VECTOR('',#2159,1.);
#2159 = DIRECTION('',(0.,0.,1.));
#2160 = ORIENTED_EDGE('',*,*,#2161,.T.);
#2161 = EDGE_CURVE('',#2154,#2162,#2164,.T.);
#2162 = VERTEX_POINT('',#2163);
#2163 = CARTESIAN_POINT('',(-1.089673570659,-0.75,0.15));
#2164 = LINE('',#2165,#2166);
#2165 = CARTESIAN_POINT('',(-1.25,-0.75,0.15));
#2166 = VECTOR('',#2167,1.);
#2167 = DIRECTION('',(1.,-1.144237745222E-17,0.));
#2168 = ORIENTED_EDGE('',*,*,#2169,.T.);
#2169 = EDGE_CURVE('',#2162,#2170,#2172,.T.);
#2170 = VERTEX_POINT('',#2171);
#2171 = CARTESIAN_POINT('',(-0.991192795358,-0.75,0.232635182233));
#2172 = CIRCLE('',#2173,0.1);
#2173 = AXIS2_PLACEMENT_3D('',#2174,#2175,#2176);
#2174 = CARTESIAN_POINT('',(-1.089673570659,-0.75,0.25));
#2175 = DIRECTION('',(-1.144237745222E-17,-1.,1.094764425254E-47));
#2176 = DIRECTION('',(-2.22044604925E-15,2.540718180781E-32,-1.));
#2177 = ORIENTED_EDGE('',*,*,#2178,.T.);
#2178 = EDGE_CURVE('',#2170,#2179,#2181,.T.);
#2179 = VERTEX_POINT('',#2180);
#2180 = CARTESIAN_POINT('',(-0.946201938253,-0.75,0.518412044417));
#2181 = LINE('',#2182,#2183);
#2182 = CARTESIAN_POINT('',(-0.991192795358,-0.75,0.232635182233));
#2183 = VECTOR('',#2184,1.);
#2184 = DIRECTION('',(0.155518033909,-1.779496044609E-18,0.987833053268)
  );
#2185 = ORIENTED_EDGE('',*,*,#2186,.T.);
#2186 = EDGE_CURVE('',#2179,#1554,#2187,.T.);
#2187 = CIRCLE('',#2188,0.25);
#2188 = AXIS2_PLACEMENT_3D('',#2189,#2190,#2191);
#2189 = CARTESIAN_POINT('',(-0.7,-0.75,0.475));
#2190 = DIRECTION('',(1.144237745222E-17,1.,0.));
#2191 = DIRECTION('',(-0.984807753012,1.126854202784E-17,0.173648177667)
  );
#2192 = PLANE('',#2193);
#2193 = AXIS2_PLACEMENT_3D('',#2194,#2195,#2196);
#2194 = CARTESIAN_POINT('',(-0.931323080229,-0.75,0.33452717391));
#2195 = DIRECTION('',(1.144237745222E-17,1.,0.));
#2196 = DIRECTION('',(0.,-0.,1.));
#2197 = ADVANCED_FACE('',(#2198),#2209,.F.);
#2198 = FACE_BOUND('',#2199,.F.);
#2199 = EDGE_LOOP('',(#2200,#2201,#2202,#2203));
#2200 = ORIENTED_EDGE('',*,*,#1570,.T.);
#2201 = ORIENTED_EDGE('',*,*,#1777,.T.);
#2202 = ORIENTED_EDGE('',*,*,#1824,.F.);
#2203 = ORIENTED_EDGE('',*,*,#2204,.F.);
#2204 = EDGE_CURVE('',#1554,#1817,#2205,.T.);
#2205 = LINE('',#2206,#2207);
#2206 = CARTESIAN_POINT('',(-0.7,-0.75,0.725));
#2207 = VECTOR('',#2208,1.);
#2208 = DIRECTION('',(1.,-1.144237745222E-17,0.));
#2209 = PLANE('',#2210);
#2210 = AXIS2_PLACEMENT_3D('',#2211,#2212,#2213);
#2211 = CARTESIAN_POINT('',(-1.486299604971E-16,1.4875,0.725));
#2212 = DIRECTION('',(1.022886882533E-31,-6.310887241768E-27,-1.));
#2213 = DIRECTION('',(1.,1.217738924546E-16,1.022886882525E-31));
#2214 = ADVANCED_FACE('',(#2215),#2284,.F.);
#2215 = FACE_BOUND('',#2216,.F.);
#2216 = EDGE_LOOP('',(#2217,#2218,#2219,#2227,#2236,#2244,#2252,#2260,
    #2269,#2277));
#2217 = ORIENTED_EDGE('',*,*,#1562,.F.);
#2218 = ORIENTED_EDGE('',*,*,#1602,.T.);
#2219 = ORIENTED_EDGE('',*,*,#2220,.T.);
#2220 = EDGE_CURVE('',#1595,#2221,#2223,.T.);
#2221 = VERTEX_POINT('',#2222);
#2222 = CARTESIAN_POINT('',(-0.843471632406,0.75,0.206587955583));
#2223 = LINE('',#2224,#2225);
#2224 = CARTESIAN_POINT('',(-0.798480775301,0.75,0.492364817767));
#2225 = VECTOR('',#2226,1.);
#2226 = DIRECTION('',(-0.155518033909,1.779496044609E-18,-0.987833053268
    ));
#2227 = ORIENTED_EDGE('',*,*,#2228,.T.);
#2228 = EDGE_CURVE('',#2221,#2229,#2231,.T.);
#2229 = VERTEX_POINT('',#2230);
#2230 = CARTESIAN_POINT('',(-1.089673570659,0.75,5.551115123126E-17));
#2231 = CIRCLE('',#2232,0.25);
#2232 = AXIS2_PLACEMENT_3D('',#2233,#2234,#2235);
#2233 = CARTESIAN_POINT('',(-1.089673570659,0.75,0.25));
#2234 = DIRECTION('',(1.144237745222E-17,1.,3.851859888774E-34));
#2235 = DIRECTION('',(0.984807753012,-1.126854202784E-17,-0.173648177667
    ));
#2236 = ORIENTED_EDGE('',*,*,#2237,.T.);
#2237 = EDGE_CURVE('',#2229,#2238,#2240,.T.);
#2238 = VERTEX_POINT('',#2239);
#2239 = CARTESIAN_POINT('',(-1.25,0.75,5.551115123126E-17));
#2240 = LINE('',#2241,#2242);
#2241 = CARTESIAN_POINT('',(-1.089673570659,0.75,5.551115123126E-17));
#2242 = VECTOR('',#2243,1.);
#2243 = DIRECTION('',(-1.,1.144237745222E-17,0.));
#2244 = ORIENTED_EDGE('',*,*,#2245,.T.);
#2245 = EDGE_CURVE('',#2238,#2246,#2248,.T.);
#2246 = VERTEX_POINT('',#2247);
#2247 = CARTESIAN_POINT('',(-1.25,0.75,0.15));
#2248 = LINE('',#2249,#2250);
#2249 = CARTESIAN_POINT('',(-1.25,0.75,5.551115123126E-17));
#2250 = VECTOR('',#2251,1.);
#2251 = DIRECTION('',(0.,0.,1.));
#2252 = ORIENTED_EDGE('',*,*,#2253,.T.);
#2253 = EDGE_CURVE('',#2246,#2254,#2256,.T.);
#2254 = VERTEX_POINT('',#2255);
#2255 = CARTESIAN_POINT('',(-1.089673570659,0.75,0.15));
#2256 = LINE('',#2257,#2258);
#2257 = CARTESIAN_POINT('',(-1.25,0.75,0.15));
#2258 = VECTOR('',#2259,1.);
#2259 = DIRECTION('',(1.,-1.144237745222E-17,0.));
#2260 = ORIENTED_EDGE('',*,*,#2261,.T.);
#2261 = EDGE_CURVE('',#2254,#2262,#2264,.T.);
#2262 = VERTEX_POINT('',#2263);
#2263 = CARTESIAN_POINT('',(-0.991192795358,0.75,0.232635182233));
#2264 = CIRCLE('',#2265,0.1);
#2265 = AXIS2_PLACEMENT_3D('',#2266,#2267,#2268);
#2266 = CARTESIAN_POINT('',(-1.089673570659,0.75,0.25));
#2267 = DIRECTION('',(-1.144237745222E-17,-1.,1.094764425254E-47));
#2268 = DIRECTION('',(-2.22044604925E-15,2.540718180781E-32,-1.));
#2269 = ORIENTED_EDGE('',*,*,#2270,.T.);
#2270 = EDGE_CURVE('',#2262,#2271,#2273,.T.);
#2271 = VERTEX_POINT('',#2272);
#2272 = CARTESIAN_POINT('',(-0.946201938253,0.75,0.518412044417));
#2273 = LINE('',#2274,#2275);
#2274 = CARTESIAN_POINT('',(-0.991192795358,0.75,0.232635182233));
#2275 = VECTOR('',#2276,1.);
#2276 = DIRECTION('',(0.155518033909,-1.779496044609E-18,0.987833053268)
  );
#2277 = ORIENTED_EDGE('',*,*,#2278,.T.);
#2278 = EDGE_CURVE('',#2271,#1563,#2279,.T.);
#2279 = CIRCLE('',#2280,0.25);
#2280 = AXIS2_PLACEMENT_3D('',#2281,#2282,#2283);
#2281 = CARTESIAN_POINT('',(-0.7,0.75,0.475));
#2282 = DIRECTION('',(1.144237745222E-17,1.,0.));
#2283 = DIRECTION('',(-0.984807753012,1.126854202784E-17,0.173648177667)
  );
#2284 = PLANE('',#2285);
#2285 = AXIS2_PLACEMENT_3D('',#2286,#2287,#2288);
#2286 = CARTESIAN_POINT('',(-0.931323080229,0.75,0.33452717391));
#2287 = DIRECTION('',(1.144237745222E-17,1.,0.));
#2288 = DIRECTION('',(0.,-0.,1.));
#2289 = ADVANCED_FACE('',(#2290),#2308,.F.);
#2290 = FACE_BOUND('',#2291,.F.);
#2291 = EDGE_LOOP('',(#2292,#2293,#2301,#2307));
#2292 = ORIENTED_EDGE('',*,*,#1594,.T.);
#2293 = ORIENTED_EDGE('',*,*,#2294,.T.);
#2294 = EDGE_CURVE('',#1586,#2295,#2297,.T.);
#2295 = VERTEX_POINT('',#2296);
#2296 = CARTESIAN_POINT('',(-0.843471632406,1.15,0.206587955583));
#2297 = LINE('',#2298,#2299);
#2298 = CARTESIAN_POINT('',(-0.798480775301,1.15,0.492364817767));
#2299 = VECTOR('',#2300,1.);
#2300 = DIRECTION('',(-0.155518033909,1.779496044609E-18,-0.987833053268
    ));
#2301 = ORIENTED_EDGE('',*,*,#2302,.F.);
#2302 = EDGE_CURVE('',#2221,#2295,#2303,.T.);
#2303 = LINE('',#2304,#2305);
#2304 = CARTESIAN_POINT('',(-0.843471632406,0.75,0.206587955583));
#2305 = VECTOR('',#2306,1.);
#2306 = DIRECTION('',(1.144237745222E-17,1.,0.));
#2307 = ORIENTED_EDGE('',*,*,#2220,.F.);
#2308 = PLANE('',#2309);
#2309 = AXIS2_PLACEMENT_3D('',#2310,#2311,#2312);
#2310 = CARTESIAN_POINT('',(-0.798480775301,0.75,0.492364817767));
#2311 = DIRECTION('',(-0.987833053268,1.130315865527E-17,0.155518033909)
  );
#2312 = DIRECTION('',(-0.155518033909,1.779496044609E-18,-0.987833053268
    ));
#2313 = ADVANCED_FACE('',(#2314),#2376,.T.);
#2314 = FACE_BOUND('',#2315,.T.);
#2315 = EDGE_LOOP('',(#2316,#2317,#2318,#2319,#2328,#2336,#2344,#2352,
    #2361,#2369));
#2316 = ORIENTED_EDGE('',*,*,#1617,.F.);
#2317 = ORIENTED_EDGE('',*,*,#1585,.T.);
#2318 = ORIENTED_EDGE('',*,*,#2294,.T.);
#2319 = ORIENTED_EDGE('',*,*,#2320,.T.);
#2320 = EDGE_CURVE('',#2295,#2321,#2323,.T.);
#2321 = VERTEX_POINT('',#2322);
#2322 = CARTESIAN_POINT('',(-1.089673570659,1.15,5.551115123126E-17));
#2323 = CIRCLE('',#2324,0.25);
#2324 = AXIS2_PLACEMENT_3D('',#2325,#2326,#2327);
#2325 = CARTESIAN_POINT('',(-1.089673570659,1.15,0.25));
#2326 = DIRECTION('',(1.144237745222E-17,1.,3.851859888774E-34));
#2327 = DIRECTION('',(0.984807753012,-1.126854202784E-17,-0.173648177667
    ));
#2328 = ORIENTED_EDGE('',*,*,#2329,.T.);
#2329 = EDGE_CURVE('',#2321,#2330,#2332,.T.);
#2330 = VERTEX_POINT('',#2331);
#2331 = CARTESIAN_POINT('',(-1.25,1.15,5.551115123126E-17));
#2332 = LINE('',#2333,#2334);
#2333 = CARTESIAN_POINT('',(-1.089673570659,1.15,5.551115123126E-17));
#2334 = VECTOR('',#2335,1.);
#2335 = DIRECTION('',(-1.,1.144237745222E-17,0.));
#2336 = ORIENTED_EDGE('',*,*,#2337,.T.);
#2337 = EDGE_CURVE('',#2330,#2338,#2340,.T.);
#2338 = VERTEX_POINT('',#2339);
#2339 = CARTESIAN_POINT('',(-1.25,1.15,0.15));
#2340 = LINE('',#2341,#2342);
#2341 = CARTESIAN_POINT('',(-1.25,1.15,5.551115123126E-17));
#2342 = VECTOR('',#2343,1.);
#2343 = DIRECTION('',(0.,0.,1.));
#2344 = ORIENTED_EDGE('',*,*,#2345,.T.);
#2345 = EDGE_CURVE('',#2338,#2346,#2348,.T.);
#2346 = VERTEX_POINT('',#2347);
#2347 = CARTESIAN_POINT('',(-1.089673570659,1.15,0.15));
#2348 = LINE('',#2349,#2350);
#2349 = CARTESIAN_POINT('',(-1.25,1.15,0.15));
#2350 = VECTOR('',#2351,1.);
#2351 = DIRECTION('',(1.,-1.144237745222E-17,0.));
#2352 = ORIENTED_EDGE('',*,*,#2353,.T.);
#2353 = EDGE_CURVE('',#2346,#2354,#2356,.T.);
#2354 = VERTEX_POINT('',#2355);
#2355 = CARTESIAN_POINT('',(-0.991192795358,1.15,0.232635182233));
#2356 = CIRCLE('',#2357,0.1);
#2357 = AXIS2_PLACEMENT_3D('',#2358,#2359,#2360);
#2358 = CARTESIAN_POINT('',(-1.089673570659,1.15,0.25));
#2359 = DIRECTION('',(-1.144237745222E-17,-1.,1.094764425254E-47));
#2360 = DIRECTION('',(-2.22044604925E-15,2.540718180781E-32,-1.));
#2361 = ORIENTED_EDGE('',*,*,#2362,.T.);
#2362 = EDGE_CURVE('',#2354,#2363,#2365,.T.);
#2363 = VERTEX_POINT('',#2364);
#2364 = CARTESIAN_POINT('',(-0.946201938253,1.15,0.518412044417));
#2365 = LINE('',#2366,#2367);
#2366 = CARTESIAN_POINT('',(-0.991192795358,1.15,0.232635182233));
#2367 = VECTOR('',#2368,1.);
#2368 = DIRECTION('',(0.155518033909,-1.779496044609E-18,0.987833053268)
  );
#2369 = ORIENTED_EDGE('',*,*,#2370,.T.);
#2370 = EDGE_CURVE('',#2363,#1453,#2371,.T.);
#2371 = CIRCLE('',#2372,0.25);
#2372 = AXIS2_PLACEMENT_3D('',#2373,#2374,#2375);
#2373 = CARTESIAN_POINT('',(-0.7,1.15,0.475));
#2374 = DIRECTION('',(1.144237745222E-17,1.,0.));
#2375 = DIRECTION('',(-0.984807753012,1.126854202784E-17,0.173648177667)
  );
#2376 = PLANE('',#2377);
#2377 = AXIS2_PLACEMENT_3D('',#2378,#2379,#2380);
#2378 = CARTESIAN_POINT('',(-0.931323080229,1.15,0.33452717391));
#2379 = DIRECTION('',(1.144237745222E-17,1.,0.));
#2380 = DIRECTION('',(0.,-0.,1.));
#2381 = ADVANCED_FACE('',(#2382),#2451,.F.);
#2382 = FACE_BOUND('',#2383,.F.);
#2383 = EDGE_LOOP('',(#2384,#2385,#2386,#2394,#2403,#2411,#2419,#2427,
    #2436,#2444));
#2384 = ORIENTED_EDGE('',*,*,#1636,.F.);
#2385 = ORIENTED_EDGE('',*,*,#1669,.T.);
#2386 = ORIENTED_EDGE('',*,*,#2387,.T.);
#2387 = EDGE_CURVE('',#1662,#2388,#2390,.T.);
#2388 = VERTEX_POINT('',#2389);
#2389 = CARTESIAN_POINT('',(0.843471632406,0.2,0.206587955583));
#2390 = LINE('',#2391,#2392);
#2391 = CARTESIAN_POINT('',(0.798480775301,0.2,0.492364817767));
#2392 = VECTOR('',#2393,1.);
#2393 = DIRECTION('',(0.155518033909,1.726597019897E-17,-0.987833053268)
  );
#2394 = ORIENTED_EDGE('',*,*,#2395,.T.);
#2395 = EDGE_CURVE('',#2388,#2396,#2398,.T.);
#2396 = VERTEX_POINT('',#2397);
#2397 = CARTESIAN_POINT('',(1.089673570659,0.2,5.551115123126E-17));
#2398 = CIRCLE('',#2399,0.25);
#2399 = AXIS2_PLACEMENT_3D('',#2400,#2401,#2402);
#2400 = CARTESIAN_POINT('',(1.089673570659,0.2,0.25));
#2401 = DIRECTION('',(1.110223024625E-16,-1.,0.));
#2402 = DIRECTION('',(-0.984807753012,-1.093356242223E-16,
    -0.173648177667));
#2403 = ORIENTED_EDGE('',*,*,#2404,.T.);
#2404 = EDGE_CURVE('',#2396,#2405,#2407,.T.);
#2405 = VERTEX_POINT('',#2406);
#2406 = CARTESIAN_POINT('',(1.25,0.2,5.551115123126E-17));
#2407 = LINE('',#2408,#2409);
#2408 = CARTESIAN_POINT('',(1.089673570659,0.2,5.551115123126E-17));
#2409 = VECTOR('',#2410,1.);
#2410 = DIRECTION('',(1.,1.110223024625E-16,0.));
#2411 = ORIENTED_EDGE('',*,*,#2412,.T.);
#2412 = EDGE_CURVE('',#2405,#2413,#2415,.T.);
#2413 = VERTEX_POINT('',#2414);
#2414 = CARTESIAN_POINT('',(1.25,0.2,0.15));
#2415 = LINE('',#2416,#2417);
#2416 = CARTESIAN_POINT('',(1.25,0.2,5.551115123126E-17));
#2417 = VECTOR('',#2418,1.);
#2418 = DIRECTION('',(0.,0.,1.));
#2419 = ORIENTED_EDGE('',*,*,#2420,.T.);
#2420 = EDGE_CURVE('',#2413,#2421,#2423,.T.);
#2421 = VERTEX_POINT('',#2422);
#2422 = CARTESIAN_POINT('',(1.089673570659,0.2,0.15));
#2423 = LINE('',#2424,#2425);
#2424 = CARTESIAN_POINT('',(1.25,0.2,0.15));
#2425 = VECTOR('',#2426,1.);
#2426 = DIRECTION('',(-1.,-1.110223024625E-16,0.));
#2427 = ORIENTED_EDGE('',*,*,#2428,.T.);
#2428 = EDGE_CURVE('',#2421,#2429,#2431,.T.);
#2429 = VERTEX_POINT('',#2430);
#2430 = CARTESIAN_POINT('',(0.991192795358,0.2,0.232635182233));
#2431 = CIRCLE('',#2432,0.1);
#2432 = AXIS2_PLACEMENT_3D('',#2433,#2434,#2435);
#2433 = CARTESIAN_POINT('',(1.089673570659,0.2,0.25));
#2434 = DIRECTION('',(-1.110223024625E-16,1.,0.));
#2435 = DIRECTION('',(2.22044604925E-15,2.465190328815E-31,-1.));
#2436 = ORIENTED_EDGE('',*,*,#2437,.T.);
#2437 = EDGE_CURVE('',#2429,#2438,#2440,.T.);
#2438 = VERTEX_POINT('',#2439);
#2439 = CARTESIAN_POINT('',(0.946201938253,0.2,0.518412044417));
#2440 = LINE('',#2441,#2442);
#2441 = CARTESIAN_POINT('',(0.991192795358,0.2,0.232635182233));
#2442 = VECTOR('',#2443,1.);
#2443 = DIRECTION('',(-0.155518033909,-1.726597019897E-17,0.987833053268
    ));
#2444 = ORIENTED_EDGE('',*,*,#2445,.T.);
#2445 = EDGE_CURVE('',#2438,#1397,#2446,.T.);
#2446 = CIRCLE('',#2447,0.25);
#2447 = AXIS2_PLACEMENT_3D('',#2448,#2449,#2450);
#2448 = CARTESIAN_POINT('',(0.7,0.2,0.475));
#2449 = DIRECTION('',(1.110223024625E-16,-1.,0.));
#2450 = DIRECTION('',(0.984807753012,1.093356242223E-16,0.173648177667)
  );
#2451 = PLANE('',#2452);
#2452 = AXIS2_PLACEMENT_3D('',#2453,#2454,#2455);
#2453 = CARTESIAN_POINT('',(0.931323080229,0.2,0.33452717391));
#2454 = DIRECTION('',(1.110223024625E-16,-1.,0.));
#2455 = DIRECTION('',(0.,0.,1.));
#2456 = ADVANCED_FACE('',(#2457),#2475,.F.);
#2457 = FACE_BOUND('',#2458,.F.);
#2458 = EDGE_LOOP('',(#2459,#2460,#2468,#2474));
#2459 = ORIENTED_EDGE('',*,*,#1661,.T.);
#2460 = ORIENTED_EDGE('',*,*,#2461,.T.);
#2461 = EDGE_CURVE('',#1653,#2462,#2464,.T.);
#2462 = VERTEX_POINT('',#2463);
#2463 = CARTESIAN_POINT('',(0.843471632406,-0.2,0.206587955583));
#2464 = LINE('',#2465,#2466);
#2465 = CARTESIAN_POINT('',(0.798480775301,-0.2,0.492364817767));
#2466 = VECTOR('',#2467,1.);
#2467 = DIRECTION('',(0.155518033909,1.726597019897E-17,-0.987833053268)
  );
#2468 = ORIENTED_EDGE('',*,*,#2469,.F.);
#2469 = EDGE_CURVE('',#2388,#2462,#2470,.T.);
#2470 = LINE('',#2471,#2472);
#2471 = CARTESIAN_POINT('',(0.843471632406,0.2,0.206587955583));
#2472 = VECTOR('',#2473,1.);
#2473 = DIRECTION('',(1.110223024625E-16,-1.,0.));
#2474 = ORIENTED_EDGE('',*,*,#2387,.F.);
#2475 = PLANE('',#2476);
#2476 = AXIS2_PLACEMENT_3D('',#2477,#2478,#2479);
#2477 = CARTESIAN_POINT('',(0.798480775301,0.2,0.492364817767));
#2478 = DIRECTION('',(0.987833053268,1.096715000224E-16,0.155518033909)
  );
#2479 = DIRECTION('',(0.155518033909,1.726597019897E-17,-0.987833053268)
  );
#2480 = ADVANCED_FACE('',(#2481),#2543,.T.);
#2481 = FACE_BOUND('',#2482,.T.);
#2482 = EDGE_LOOP('',(#2483,#2484,#2485,#2486,#2495,#2503,#2511,#2519,
    #2528,#2536));
#2483 = ORIENTED_EDGE('',*,*,#1684,.F.);
#2484 = ORIENTED_EDGE('',*,*,#1652,.T.);
#2485 = ORIENTED_EDGE('',*,*,#2461,.T.);
#2486 = ORIENTED_EDGE('',*,*,#2487,.T.);
#2487 = EDGE_CURVE('',#2462,#2488,#2490,.T.);
#2488 = VERTEX_POINT('',#2489);
#2489 = CARTESIAN_POINT('',(1.089673570659,-0.2,5.551115123126E-17));
#2490 = CIRCLE('',#2491,0.25);
#2491 = AXIS2_PLACEMENT_3D('',#2492,#2493,#2494);
#2492 = CARTESIAN_POINT('',(1.089673570659,-0.2,0.25));
#2493 = DIRECTION('',(1.110223024625E-16,-1.,0.));
#2494 = DIRECTION('',(-0.984807753012,-1.093356242223E-16,
    -0.173648177667));
#2495 = ORIENTED_EDGE('',*,*,#2496,.T.);
#2496 = EDGE_CURVE('',#2488,#2497,#2499,.T.);
#2497 = VERTEX_POINT('',#2498);
#2498 = CARTESIAN_POINT('',(1.25,-0.2,5.551115123126E-17));
#2499 = LINE('',#2500,#2501);
#2500 = CARTESIAN_POINT('',(1.089673570659,-0.2,5.551115123126E-17));
#2501 = VECTOR('',#2502,1.);
#2502 = DIRECTION('',(1.,1.110223024625E-16,0.));
#2503 = ORIENTED_EDGE('',*,*,#2504,.T.);
#2504 = EDGE_CURVE('',#2497,#2505,#2507,.T.);
#2505 = VERTEX_POINT('',#2506);
#2506 = CARTESIAN_POINT('',(1.25,-0.2,0.15));
#2507 = LINE('',#2508,#2509);
#2508 = CARTESIAN_POINT('',(1.25,-0.2,5.551115123126E-17));
#2509 = VECTOR('',#2510,1.);
#2510 = DIRECTION('',(0.,0.,1.));
#2511 = ORIENTED_EDGE('',*,*,#2512,.T.);
#2512 = EDGE_CURVE('',#2505,#2513,#2515,.T.);
#2513 = VERTEX_POINT('',#2514);
#2514 = CARTESIAN_POINT('',(1.089673570659,-0.2,0.15));
#2515 = LINE('',#2516,#2517);
#2516 = CARTESIAN_POINT('',(1.25,-0.2,0.15));
#2517 = VECTOR('',#2518,1.);
#2518 = DIRECTION('',(-1.,-1.110223024625E-16,0.));
#2519 = ORIENTED_EDGE('',*,*,#2520,.T.);
#2520 = EDGE_CURVE('',#2513,#2521,#2523,.T.);
#2521 = VERTEX_POINT('',#2522);
#2522 = CARTESIAN_POINT('',(0.991192795358,-0.2,0.232635182233));
#2523 = CIRCLE('',#2524,0.1);
#2524 = AXIS2_PLACEMENT_3D('',#2525,#2526,#2527);
#2525 = CARTESIAN_POINT('',(1.089673570659,-0.2,0.25));
#2526 = DIRECTION('',(-1.110223024625E-16,1.,0.));
#2527 = DIRECTION('',(2.22044604925E-15,2.465190328815E-31,-1.));
#2528 = ORIENTED_EDGE('',*,*,#2529,.T.);
#2529 = EDGE_CURVE('',#2521,#2530,#2532,.T.);
#2530 = VERTEX_POINT('',#2531);
#2531 = CARTESIAN_POINT('',(0.946201938253,-0.2,0.518412044417));
#2532 = LINE('',#2533,#2534);
#2533 = CARTESIAN_POINT('',(0.991192795358,-0.2,0.232635182233));
#2534 = VECTOR('',#2535,1.);
#2535 = DIRECTION('',(-0.155518033909,-1.726597019897E-17,0.987833053268
    ));
#2536 = ORIENTED_EDGE('',*,*,#2537,.T.);
#2537 = EDGE_CURVE('',#2530,#1685,#2538,.T.);
#2538 = CIRCLE('',#2539,0.25);
#2539 = AXIS2_PLACEMENT_3D('',#2540,#2541,#2542);
#2540 = CARTESIAN_POINT('',(0.7,-0.2,0.475));
#2541 = DIRECTION('',(1.110223024625E-16,-1.,0.));
#2542 = DIRECTION('',(0.984807753012,1.093356242223E-16,0.173648177667)
  );
#2543 = PLANE('',#2544);
#2544 = AXIS2_PLACEMENT_3D('',#2545,#2546,#2547);
#2545 = CARTESIAN_POINT('',(0.931323080229,-0.2,0.33452717391));
#2546 = DIRECTION('',(1.110223024625E-16,-1.,0.));
#2547 = DIRECTION('',(0.,0.,1.));
#2548 = ADVANCED_FACE('',(#2549),#2560,.T.);
#2549 = FACE_BOUND('',#2550,.T.);
#2550 = EDGE_LOOP('',(#2551,#2552,#2553,#2554));
#2551 = ORIENTED_EDGE('',*,*,#2278,.T.);
#2552 = ORIENTED_EDGE('',*,*,#1785,.T.);
#2553 = ORIENTED_EDGE('',*,*,#2370,.F.);
#2554 = ORIENTED_EDGE('',*,*,#2555,.F.);
#2555 = EDGE_CURVE('',#2271,#2363,#2556,.T.);
#2556 = LINE('',#2557,#2558);
#2557 = CARTESIAN_POINT('',(-0.946201938253,0.75,0.518412044417));
#2558 = VECTOR('',#2559,1.);
#2559 = DIRECTION('',(1.144237745222E-17,1.,0.));
#2560 = CYLINDRICAL_SURFACE('',#2561,0.25);
#2561 = AXIS2_PLACEMENT_3D('',#2562,#2563,#2564);
#2562 = CARTESIAN_POINT('',(-0.7,0.75,0.475));
#2563 = DIRECTION('',(-1.144237745222E-17,-1.,0.));
#2564 = DIRECTION('',(-0.984807753012,1.126854202784E-17,0.173648177667)
  );
#2565 = ADVANCED_FACE('',(#2566),#2577,.F.);
#2566 = FACE_BOUND('',#2567,.F.);
#2567 = EDGE_LOOP('',(#2568,#2569,#2575,#2576));
#2568 = ORIENTED_EDGE('',*,*,#1996,.F.);
#2569 = ORIENTED_EDGE('',*,*,#2570,.T.);
#2570 = EDGE_CURVE('',#1499,#1554,#2571,.T.);
#2571 = LINE('',#2572,#2573);
#2572 = CARTESIAN_POINT('',(-0.7,-1.15,0.725));
#2573 = VECTOR('',#2574,1.);
#2574 = DIRECTION('',(1.144237745222E-17,1.,0.));
#2575 = ORIENTED_EDGE('',*,*,#2204,.T.);
#2576 = ORIENTED_EDGE('',*,*,#1816,.F.);
#2577 = PLANE('',#2578);
#2578 = AXIS2_PLACEMENT_3D('',#2579,#2580,#2581);
#2579 = CARTESIAN_POINT('',(-0.7,-1.15,0.725));
#2580 = DIRECTION('',(0.,0.,-1.));
#2581 = DIRECTION('',(1.,-1.144237745222E-17,0.));
#2582 = ADVANCED_FACE('',(#2583,#2612),#2623,.T.);
#2583 = FACE_BOUND('',#2584,.T.);
#2584 = EDGE_LOOP('',(#2585,#2586,#2587,#2588,#2596,#2604,#2610,#2611));
#2585 = ORIENTED_EDGE('',*,*,#1891,.F.);
#2586 = ORIENTED_EDGE('',*,*,#1868,.F.);
#2587 = ORIENTED_EDGE('',*,*,#1839,.F.);
#2588 = ORIENTED_EDGE('',*,*,#2589,.F.);
#2589 = EDGE_CURVE('',#2590,#1840,#2592,.T.);
#2590 = VERTEX_POINT('',#2591);
#2591 = CARTESIAN_POINT('',(-0.559121551758,-1.408243103516,1.2));
#2592 = LINE('',#2593,#2594);
#2593 = CARTESIAN_POINT('',(-0.559121551758,-1.408243103516,1.2));
#2594 = VECTOR('',#2595,1.);
#2595 = DIRECTION('',(-0.707106781187,0.707106781187,0.));
#2596 = ORIENTED_EDGE('',*,*,#2597,.F.);
#2597 = EDGE_CURVE('',#2598,#2590,#2600,.T.);
#2598 = VERTEX_POINT('',#2599);
#2599 = CARTESIAN_POINT('',(0.559121551758,-1.408243103516,1.2));
#2600 = LINE('',#2601,#2602);
#2601 = CARTESIAN_POINT('',(0.559121551758,-1.408243103516,1.2));
#2602 = VECTOR('',#2603,1.);
#2603 = DIRECTION('',(-1.,-1.110223024625E-16,0.));
#2604 = ORIENTED_EDGE('',*,*,#2605,.F.);
#2605 = EDGE_CURVE('',#1947,#2598,#2606,.T.);
#2606 = LINE('',#2607,#2608);
#2607 = CARTESIAN_POINT('',(0.608243103516,-1.359121551758,1.2));
#2608 = VECTOR('',#2609,1.);
#2609 = DIRECTION('',(-0.707106781187,-0.707106781187,0.));
#2610 = ORIENTED_EDGE('',*,*,#1953,.F.);
#2611 = ORIENTED_EDGE('',*,*,#1914,.F.);
#2612 = FACE_BOUND('',#2613,.T.);
#2613 = EDGE_LOOP('',(#2614));
#2614 = ORIENTED_EDGE('',*,*,#2615,.T.);
#2615 = EDGE_CURVE('',#2616,#2616,#2618,.T.);
#2616 = VERTEX_POINT('',#2617);
#2617 = CARTESIAN_POINT('',(-0.428243103516,1.178243103516,1.2));
#2618 = CIRCLE('',#2619,5.E-02);
#2619 = AXIS2_PLACEMENT_3D('',#2620,#2621,#2622);
#2620 = CARTESIAN_POINT('',(-0.428243103516,1.228243103516,1.2));
#2621 = DIRECTION('',(0.,-0.,-1.));
#2622 = DIRECTION('',(1.110223024625E-16,-1.,0.));
#2623 = PLANE('',#2624);
#2624 = AXIS2_PLACEMENT_3D('',#2625,#2626,#2627);
#2625 = CARTESIAN_POINT('',(-0.559121551758,1.408243103516,1.2));
#2626 = DIRECTION('',(0.,0.,1.));
#2627 = DIRECTION('',(0.369013679242,-0.929423963825,0.));
#2628 = ADVANCED_FACE('',(#2629),#2639,.F.);
#2629 = FACE_BOUND('',#2630,.F.);
#2630 = EDGE_LOOP('',(#2631,#2632,#2633,#2634));
#2631 = ORIENTED_EDGE('',*,*,#2003,.T.);
#2632 = ORIENTED_EDGE('',*,*,#1847,.T.);
#2633 = ORIENTED_EDGE('',*,*,#2589,.F.);
#2634 = ORIENTED_EDGE('',*,*,#2635,.F.);
#2635 = EDGE_CURVE('',#2004,#2590,#2636,.T.);
#2636 = B_SPLINE_CURVE_WITH_KNOTS('',1,(#2637,#2638),.UNSPECIFIED.,.F.,
  .F.,(2,2),(0.,1.),.PIECEWISE_BEZIER_KNOTS.);
#2637 = CARTESIAN_POINT('',(-0.5925,-1.475,0.725));
#2638 = CARTESIAN_POINT('',(-0.559121551758,-1.408243103516,1.2));
#2639 = B_SPLINE_SURFACE_WITH_KNOTS('',1,1,(
    (#2640,#2641)
    ,(#2642,#2643
    )),.UNSPECIFIED.,.F.,.F.,.F.,(2,2),(2,2),(0.,0.116672618896),(0.,1.)
  ,.PIECEWISE_BEZIER_KNOTS.);
#2640 = CARTESIAN_POINT('',(-0.5925,-1.475,0.725));
#2641 = CARTESIAN_POINT('',(-0.559121551758,-1.408243103516,1.2));
#2642 = CARTESIAN_POINT('',(-0.675,-1.3925,0.725));
#2643 = CARTESIAN_POINT('',(-0.608243103516,-1.359121551758,1.2));
#2644 = ADVANCED_FACE('',(#2645),#2655,.F.);
#2645 = FACE_BOUND('',#2646,.F.);
#2646 = EDGE_LOOP('',(#2647,#2648,#2653,#2654));
#2647 = ORIENTED_EDGE('',*,*,#2019,.T.);
#2648 = ORIENTED_EDGE('',*,*,#2649,.T.);
#2649 = EDGE_CURVE('',#2012,#2598,#2650,.T.);
#2650 = B_SPLINE_CURVE_WITH_KNOTS('',1,(#2651,#2652),.UNSPECIFIED.,.F.,
  .F.,(2,2),(0.,1.),.PIECEWISE_BEZIER_KNOTS.);
#2651 = CARTESIAN_POINT('',(0.5925,-1.475,0.725));
#2652 = CARTESIAN_POINT('',(0.559121551758,-1.408243103516,1.2));
#2653 = ORIENTED_EDGE('',*,*,#2605,.F.);
#2654 = ORIENTED_EDGE('',*,*,#1946,.F.);
#2655 = B_SPLINE_SURFACE_WITH_KNOTS('',1,1,(
    (#2656,#2657)
    ,(#2658,#2659
    )),.UNSPECIFIED.,.F.,.F.,.F.,(2,2),(2,2),(0.,0.116672618896),(0.,1.)
  ,.PIECEWISE_BEZIER_KNOTS.);
#2656 = CARTESIAN_POINT('',(0.675,-1.3925,0.725));
#2657 = CARTESIAN_POINT('',(0.608243103516,-1.359121551758,1.2));
#2658 = CARTESIAN_POINT('',(0.5925,-1.475,0.725));
#2659 = CARTESIAN_POINT('',(0.559121551758,-1.408243103516,1.2));
#2660 = ADVANCED_FACE('',(#2661),#2672,.T.);
#2661 = FACE_BOUND('',#2662,.T.);
#2662 = EDGE_LOOP('',(#2663,#2664,#2665,#2666));
#2663 = ORIENTED_EDGE('',*,*,#2445,.T.);
#2664 = ORIENTED_EDGE('',*,*,#1969,.T.);
#2665 = ORIENTED_EDGE('',*,*,#2537,.F.);
#2666 = ORIENTED_EDGE('',*,*,#2667,.F.);
#2667 = EDGE_CURVE('',#2438,#2530,#2668,.T.);
#2668 = LINE('',#2669,#2670);
#2669 = CARTESIAN_POINT('',(0.946201938253,0.2,0.518412044417));
#2670 = VECTOR('',#2671,1.);
#2671 = DIRECTION('',(1.110223024625E-16,-1.,0.));
#2672 = CYLINDRICAL_SURFACE('',#2673,0.25);
#2673 = AXIS2_PLACEMENT_3D('',#2674,#2675,#2676);
#2674 = CARTESIAN_POINT('',(0.7,0.2,0.475));
#2675 = DIRECTION('',(-1.110223024625E-16,1.,0.));
#2676 = DIRECTION('',(0.984807753012,1.093356242223E-16,0.173648177667)
  );
#2677 = ADVANCED_FACE('',(#2678),#2684,.F.);
#2678 = FACE_BOUND('',#2679,.F.);
#2679 = EDGE_LOOP('',(#2680,#2681,#2682,#2683));
#2680 = ORIENTED_EDGE('',*,*,#2011,.T.);
#2681 = ORIENTED_EDGE('',*,*,#2635,.T.);
#2682 = ORIENTED_EDGE('',*,*,#2597,.F.);
#2683 = ORIENTED_EDGE('',*,*,#2649,.F.);
#2684 = B_SPLINE_SURFACE_WITH_KNOTS('',1,1,(
    (#2685,#2686)
    ,(#2687,#2688
    )),.UNSPECIFIED.,.F.,.F.,.F.,(2,2),(2,2),(0.,1.185),(0.,1.),
  .PIECEWISE_BEZIER_KNOTS.);
#2685 = CARTESIAN_POINT('',(0.5925,-1.475,0.725));
#2686 = CARTESIAN_POINT('',(0.559121551758,-1.408243103516,1.2));
#2687 = CARTESIAN_POINT('',(-0.5925,-1.475,0.725));
#2688 = CARTESIAN_POINT('',(-0.559121551758,-1.408243103516,1.2));
#2689 = ADVANCED_FACE('',(#2690),#2701,.T.);
#2690 = FACE_BOUND('',#2691,.T.);
#2691 = EDGE_LOOP('',(#2692,#2693,#2694,#2695));
#2692 = ORIENTED_EDGE('',*,*,#2094,.T.);
#2693 = ORIENTED_EDGE('',*,*,#2570,.T.);
#2694 = ORIENTED_EDGE('',*,*,#2186,.F.);
#2695 = ORIENTED_EDGE('',*,*,#2696,.F.);
#2696 = EDGE_CURVE('',#2087,#2179,#2697,.T.);
#2697 = LINE('',#2698,#2699);
#2698 = CARTESIAN_POINT('',(-0.946201938253,-1.15,0.518412044417));
#2699 = VECTOR('',#2700,1.);
#2700 = DIRECTION('',(1.144237745222E-17,1.,0.));
#2701 = CYLINDRICAL_SURFACE('',#2702,0.25);
#2702 = AXIS2_PLACEMENT_3D('',#2703,#2704,#2705);
#2703 = CARTESIAN_POINT('',(-0.7,-1.15,0.475));
#2704 = DIRECTION('',(-1.144237745222E-17,-1.,0.));
#2705 = DIRECTION('',(-0.984807753012,1.126854202784E-17,0.173648177667)
  );
#2706 = ADVANCED_FACE('',(#2707),#2718,.F.);
#2707 = FACE_BOUND('',#2708,.F.);
#2708 = EDGE_LOOP('',(#2709,#2715,#2716,#2717));
#2709 = ORIENTED_EDGE('',*,*,#2710,.T.);
#2710 = EDGE_CURVE('',#2078,#2170,#2711,.T.);
#2711 = LINE('',#2712,#2713);
#2712 = CARTESIAN_POINT('',(-0.991192795358,-1.15,0.232635182233));
#2713 = VECTOR('',#2714,1.);
#2714 = DIRECTION('',(1.144237745222E-17,1.,0.));
#2715 = ORIENTED_EDGE('',*,*,#2178,.T.);
#2716 = ORIENTED_EDGE('',*,*,#2696,.F.);
#2717 = ORIENTED_EDGE('',*,*,#2086,.F.);
#2718 = PLANE('',#2719);
#2719 = AXIS2_PLACEMENT_3D('',#2720,#2721,#2722);
#2720 = CARTESIAN_POINT('',(-0.991192795358,-1.15,0.232635182233));
#2721 = DIRECTION('',(0.987833053268,-1.130315865527E-17,-0.155518033909
    ));
#2722 = DIRECTION('',(0.155518033909,-1.779496044609E-18,0.987833053268)
  );
#2723 = ADVANCED_FACE('',(#2724),#2735,.F.);
#2724 = FACE_BOUND('',#2725,.F.);
#2725 = EDGE_LOOP('',(#2726,#2732,#2733,#2734));
#2726 = ORIENTED_EDGE('',*,*,#2727,.T.);
#2727 = EDGE_CURVE('',#2070,#2162,#2728,.T.);
#2728 = LINE('',#2729,#2730);
#2729 = CARTESIAN_POINT('',(-1.089673570659,-1.15,0.15));
#2730 = VECTOR('',#2731,1.);
#2731 = DIRECTION('',(1.144237745222E-17,1.,0.));
#2732 = ORIENTED_EDGE('',*,*,#2169,.T.);
#2733 = ORIENTED_EDGE('',*,*,#2710,.F.);
#2734 = ORIENTED_EDGE('',*,*,#2077,.F.);
#2735 = CYLINDRICAL_SURFACE('',#2736,0.1);
#2736 = AXIS2_PLACEMENT_3D('',#2737,#2738,#2739);
#2737 = CARTESIAN_POINT('',(-1.089673570659,-1.15,0.25));
#2738 = DIRECTION('',(-1.144237745222E-17,-1.,0.));
#2739 = DIRECTION('',(-2.22044604925E-15,2.540718180781E-32,-1.));
#2740 = ADVANCED_FACE('',(#2741),#2752,.F.);
#2741 = FACE_BOUND('',#2742,.F.);
#2742 = EDGE_LOOP('',(#2743,#2749,#2750,#2751));
#2743 = ORIENTED_EDGE('',*,*,#2744,.T.);
#2744 = EDGE_CURVE('',#2062,#2154,#2745,.T.);
#2745 = LINE('',#2746,#2747);
#2746 = CARTESIAN_POINT('',(-1.25,-1.15,0.15));
#2747 = VECTOR('',#2748,1.);
#2748 = DIRECTION('',(1.144237745222E-17,1.,0.));
#2749 = ORIENTED_EDGE('',*,*,#2161,.T.);
#2750 = ORIENTED_EDGE('',*,*,#2727,.F.);
#2751 = ORIENTED_EDGE('',*,*,#2069,.F.);
#2752 = PLANE('',#2753);
#2753 = AXIS2_PLACEMENT_3D('',#2754,#2755,#2756);
#2754 = CARTESIAN_POINT('',(-1.25,-1.15,0.15));
#2755 = DIRECTION('',(0.,0.,-1.));
#2756 = DIRECTION('',(1.,-1.144237745222E-17,0.));
#2757 = ADVANCED_FACE('',(#2758),#2769,.F.);
#2758 = FACE_BOUND('',#2759,.F.);
#2759 = EDGE_LOOP('',(#2760,#2766,#2767,#2768));
#2760 = ORIENTED_EDGE('',*,*,#2761,.T.);
#2761 = EDGE_CURVE('',#2054,#2146,#2762,.T.);
#2762 = LINE('',#2763,#2764);
#2763 = CARTESIAN_POINT('',(-1.25,-1.15,5.551115123126E-17));
#2764 = VECTOR('',#2765,1.);
#2765 = DIRECTION('',(1.144237745222E-17,1.,0.));
#2766 = ORIENTED_EDGE('',*,*,#2153,.T.);
#2767 = ORIENTED_EDGE('',*,*,#2744,.F.);
#2768 = ORIENTED_EDGE('',*,*,#2061,.F.);
#2769 = PLANE('',#2770);
#2770 = AXIS2_PLACEMENT_3D('',#2771,#2772,#2773);
#2771 = CARTESIAN_POINT('',(-1.25,-1.15,5.551115123126E-17));
#2772 = DIRECTION('',(1.,-1.144237745222E-17,0.));
#2773 = DIRECTION('',(0.,0.,1.));
#2774 = ADVANCED_FACE('',(#2775),#2786,.F.);
#2775 = FACE_BOUND('',#2776,.F.);
#2776 = EDGE_LOOP('',(#2777,#2783,#2784,#2785));
#2777 = ORIENTED_EDGE('',*,*,#2778,.T.);
#2778 = EDGE_CURVE('',#2045,#2137,#2779,.T.);
#2779 = LINE('',#2780,#2781);
#2780 = CARTESIAN_POINT('',(-1.089673570659,-1.15,5.551115123126E-17));
#2781 = VECTOR('',#2782,1.);
#2782 = DIRECTION('',(1.144237745222E-17,1.,0.));
#2783 = ORIENTED_EDGE('',*,*,#2145,.T.);
#2784 = ORIENTED_EDGE('',*,*,#2761,.F.);
#2785 = ORIENTED_EDGE('',*,*,#2053,.F.);
#2786 = PLANE('',#2787);
#2787 = AXIS2_PLACEMENT_3D('',#2788,#2789,#2790);
#2788 = CARTESIAN_POINT('',(-1.089673570659,-1.15,5.551115123126E-17));
#2789 = DIRECTION('',(0.,0.,1.));
#2790 = DIRECTION('',(-1.,1.144237745222E-17,0.));
#2791 = ADVANCED_FACE('',(#2792),#2798,.T.);
#2792 = FACE_BOUND('',#2793,.T.);
#2793 = EDGE_LOOP('',(#2794,#2795,#2796,#2797));
#2794 = ORIENTED_EDGE('',*,*,#2044,.T.);
#2795 = ORIENTED_EDGE('',*,*,#2778,.T.);
#2796 = ORIENTED_EDGE('',*,*,#2136,.F.);
#2797 = ORIENTED_EDGE('',*,*,#2118,.F.);
#2798 = CYLINDRICAL_SURFACE('',#2799,0.25);
#2799 = AXIS2_PLACEMENT_3D('',#2800,#2801,#2802);
#2800 = CARTESIAN_POINT('',(-1.089673570659,-1.15,0.25));
#2801 = DIRECTION('',(-1.144237745222E-17,-1.,0.));
#2802 = DIRECTION('',(0.984807753012,-1.126854202784E-17,-0.173648177667
    ));
#2803 = ADVANCED_FACE('',(#2804),#2815,.F.);
#2804 = FACE_BOUND('',#2805,.F.);
#2805 = EDGE_LOOP('',(#2806,#2812,#2813,#2814));
#2806 = ORIENTED_EDGE('',*,*,#2807,.T.);
#2807 = EDGE_CURVE('',#2262,#2354,#2808,.T.);
#2808 = LINE('',#2809,#2810);
#2809 = CARTESIAN_POINT('',(-0.991192795358,0.75,0.232635182233));
#2810 = VECTOR('',#2811,1.);
#2811 = DIRECTION('',(1.144237745222E-17,1.,0.));
#2812 = ORIENTED_EDGE('',*,*,#2362,.T.);
#2813 = ORIENTED_EDGE('',*,*,#2555,.F.);
#2814 = ORIENTED_EDGE('',*,*,#2270,.F.);
#2815 = PLANE('',#2816);
#2816 = AXIS2_PLACEMENT_3D('',#2817,#2818,#2819);
#2817 = CARTESIAN_POINT('',(-0.991192795358,0.75,0.232635182233));
#2818 = DIRECTION('',(0.987833053268,-1.130315865527E-17,-0.155518033909
    ));
#2819 = DIRECTION('',(0.155518033909,-1.779496044609E-18,0.987833053268)
  );
#2820 = ADVANCED_FACE('',(#2821),#2832,.F.);
#2821 = FACE_BOUND('',#2822,.F.);
#2822 = EDGE_LOOP('',(#2823,#2829,#2830,#2831));
#2823 = ORIENTED_EDGE('',*,*,#2824,.T.);
#2824 = EDGE_CURVE('',#2254,#2346,#2825,.T.);
#2825 = LINE('',#2826,#2827);
#2826 = CARTESIAN_POINT('',(-1.089673570659,0.75,0.15));
#2827 = VECTOR('',#2828,1.);
#2828 = DIRECTION('',(1.144237745222E-17,1.,0.));
#2829 = ORIENTED_EDGE('',*,*,#2353,.T.);
#2830 = ORIENTED_EDGE('',*,*,#2807,.F.);
#2831 = ORIENTED_EDGE('',*,*,#2261,.F.);
#2832 = CYLINDRICAL_SURFACE('',#2833,0.1);
#2833 = AXIS2_PLACEMENT_3D('',#2834,#2835,#2836);
#2834 = CARTESIAN_POINT('',(-1.089673570659,0.75,0.25));
#2835 = DIRECTION('',(-1.144237745222E-17,-1.,0.));
#2836 = DIRECTION('',(-2.22044604925E-15,2.540718180781E-32,-1.));
#2837 = ADVANCED_FACE('',(#2838),#2849,.F.);
#2838 = FACE_BOUND('',#2839,.F.);
#2839 = EDGE_LOOP('',(#2840,#2846,#2847,#2848));
#2840 = ORIENTED_EDGE('',*,*,#2841,.T.);
#2841 = EDGE_CURVE('',#2246,#2338,#2842,.T.);
#2842 = LINE('',#2843,#2844);
#2843 = CARTESIAN_POINT('',(-1.25,0.75,0.15));
#2844 = VECTOR('',#2845,1.);
#2845 = DIRECTION('',(1.144237745222E-17,1.,0.));
#2846 = ORIENTED_EDGE('',*,*,#2345,.T.);
#2847 = ORIENTED_EDGE('',*,*,#2824,.F.);
#2848 = ORIENTED_EDGE('',*,*,#2253,.F.);
#2849 = PLANE('',#2850);
#2850 = AXIS2_PLACEMENT_3D('',#2851,#2852,#2853);
#2851 = CARTESIAN_POINT('',(-1.25,0.75,0.15));
#2852 = DIRECTION('',(0.,0.,-1.));
#2853 = DIRECTION('',(1.,-1.144237745222E-17,0.));
#2854 = ADVANCED_FACE('',(#2855),#2866,.F.);
#2855 = FACE_BOUND('',#2856,.F.);
#2856 = EDGE_LOOP('',(#2857,#2863,#2864,#2865));
#2857 = ORIENTED_EDGE('',*,*,#2858,.T.);
#2858 = EDGE_CURVE('',#2238,#2330,#2859,.T.);
#2859 = LINE('',#2860,#2861);
#2860 = CARTESIAN_POINT('',(-1.25,0.75,5.551115123126E-17));
#2861 = VECTOR('',#2862,1.);
#2862 = DIRECTION('',(1.144237745222E-17,1.,0.));
#2863 = ORIENTED_EDGE('',*,*,#2337,.T.);
#2864 = ORIENTED_EDGE('',*,*,#2841,.F.);
#2865 = ORIENTED_EDGE('',*,*,#2245,.F.);
#2866 = PLANE('',#2867);
#2867 = AXIS2_PLACEMENT_3D('',#2868,#2869,#2870);
#2868 = CARTESIAN_POINT('',(-1.25,0.75,5.551115123126E-17));
#2869 = DIRECTION('',(1.,-1.144237745222E-17,0.));
#2870 = DIRECTION('',(0.,0.,1.));
#2871 = ADVANCED_FACE('',(#2872),#2883,.F.);
#2872 = FACE_BOUND('',#2873,.F.);
#2873 = EDGE_LOOP('',(#2874,#2880,#2881,#2882));
#2874 = ORIENTED_EDGE('',*,*,#2875,.T.);
#2875 = EDGE_CURVE('',#2229,#2321,#2876,.T.);
#2876 = LINE('',#2877,#2878);
#2877 = CARTESIAN_POINT('',(-1.089673570659,0.75,5.551115123126E-17));
#2878 = VECTOR('',#2879,1.);
#2879 = DIRECTION('',(1.144237745222E-17,1.,0.));
#2880 = ORIENTED_EDGE('',*,*,#2329,.T.);
#2881 = ORIENTED_EDGE('',*,*,#2858,.F.);
#2882 = ORIENTED_EDGE('',*,*,#2237,.F.);
#2883 = PLANE('',#2884);
#2884 = AXIS2_PLACEMENT_3D('',#2885,#2886,#2887);
#2885 = CARTESIAN_POINT('',(-1.089673570659,0.75,5.551115123126E-17));
#2886 = DIRECTION('',(0.,0.,1.));
#2887 = DIRECTION('',(-1.,1.144237745222E-17,0.));
#2888 = ADVANCED_FACE('',(#2889),#2895,.T.);
#2889 = FACE_BOUND('',#2890,.T.);
#2890 = EDGE_LOOP('',(#2891,#2892,#2893,#2894));
#2891 = ORIENTED_EDGE('',*,*,#2228,.T.);
#2892 = ORIENTED_EDGE('',*,*,#2875,.T.);
#2893 = ORIENTED_EDGE('',*,*,#2320,.F.);
#2894 = ORIENTED_EDGE('',*,*,#2302,.F.);
#2895 = CYLINDRICAL_SURFACE('',#2896,0.25);
#2896 = AXIS2_PLACEMENT_3D('',#2897,#2898,#2899);
#2897 = CARTESIAN_POINT('',(-1.089673570659,0.75,0.25));
#2898 = DIRECTION('',(-1.144237745222E-17,-1.,0.));
#2899 = DIRECTION('',(0.984807753012,-1.126854202784E-17,-0.173648177667
    ));
#2900 = ADVANCED_FACE('',(#2901),#2912,.F.);
#2901 = FACE_BOUND('',#2902,.F.);
#2902 = EDGE_LOOP('',(#2903,#2909,#2910,#2911));
#2903 = ORIENTED_EDGE('',*,*,#2904,.T.);
#2904 = EDGE_CURVE('',#2429,#2521,#2905,.T.);
#2905 = LINE('',#2906,#2907);
#2906 = CARTESIAN_POINT('',(0.991192795358,0.2,0.232635182233));
#2907 = VECTOR('',#2908,1.);
#2908 = DIRECTION('',(1.110223024625E-16,-1.,0.));
#2909 = ORIENTED_EDGE('',*,*,#2529,.T.);
#2910 = ORIENTED_EDGE('',*,*,#2667,.F.);
#2911 = ORIENTED_EDGE('',*,*,#2437,.F.);
#2912 = PLANE('',#2913);
#2913 = AXIS2_PLACEMENT_3D('',#2914,#2915,#2916);
#2914 = CARTESIAN_POINT('',(0.991192795358,0.2,0.232635182233));
#2915 = DIRECTION('',(-0.987833053268,-1.096715000224E-16,
    -0.155518033909));
#2916 = DIRECTION('',(-0.155518033909,-1.726597019897E-17,0.987833053268
    ));
#2917 = ADVANCED_FACE('',(#2918),#2929,.F.);
#2918 = FACE_BOUND('',#2919,.F.);
#2919 = EDGE_LOOP('',(#2920,#2926,#2927,#2928));
#2920 = ORIENTED_EDGE('',*,*,#2921,.T.);
#2921 = EDGE_CURVE('',#2421,#2513,#2922,.T.);
#2922 = LINE('',#2923,#2924);
#2923 = CARTESIAN_POINT('',(1.089673570659,0.2,0.15));
#2924 = VECTOR('',#2925,1.);
#2925 = DIRECTION('',(1.110223024625E-16,-1.,0.));
#2926 = ORIENTED_EDGE('',*,*,#2520,.T.);
#2927 = ORIENTED_EDGE('',*,*,#2904,.F.);
#2928 = ORIENTED_EDGE('',*,*,#2428,.F.);
#2929 = CYLINDRICAL_SURFACE('',#2930,0.1);
#2930 = AXIS2_PLACEMENT_3D('',#2931,#2932,#2933);
#2931 = CARTESIAN_POINT('',(1.089673570659,0.2,0.25));
#2932 = DIRECTION('',(-1.110223024625E-16,1.,0.));
#2933 = DIRECTION('',(2.22044604925E-15,2.465190328815E-31,-1.));
#2934 = ADVANCED_FACE('',(#2935),#2946,.F.);
#2935 = FACE_BOUND('',#2936,.F.);
#2936 = EDGE_LOOP('',(#2937,#2943,#2944,#2945));
#2937 = ORIENTED_EDGE('',*,*,#2938,.T.);
#2938 = EDGE_CURVE('',#2413,#2505,#2939,.T.);
#2939 = LINE('',#2940,#2941);
#2940 = CARTESIAN_POINT('',(1.25,0.2,0.15));
#2941 = VECTOR('',#2942,1.);
#2942 = DIRECTION('',(1.110223024625E-16,-1.,0.));
#2943 = ORIENTED_EDGE('',*,*,#2512,.T.);
#2944 = ORIENTED_EDGE('',*,*,#2921,.F.);
#2945 = ORIENTED_EDGE('',*,*,#2420,.F.);
#2946 = PLANE('',#2947);
#2947 = AXIS2_PLACEMENT_3D('',#2948,#2949,#2950);
#2948 = CARTESIAN_POINT('',(1.25,0.2,0.15));
#2949 = DIRECTION('',(0.,0.,-1.));
#2950 = DIRECTION('',(-1.,-1.110223024625E-16,-0.));
#2951 = ADVANCED_FACE('',(#2952),#2963,.F.);
#2952 = FACE_BOUND('',#2953,.F.);
#2953 = EDGE_LOOP('',(#2954,#2960,#2961,#2962));
#2954 = ORIENTED_EDGE('',*,*,#2955,.T.);
#2955 = EDGE_CURVE('',#2405,#2497,#2956,.T.);
#2956 = LINE('',#2957,#2958);
#2957 = CARTESIAN_POINT('',(1.25,0.2,5.551115123126E-17));
#2958 = VECTOR('',#2959,1.);
#2959 = DIRECTION('',(1.110223024625E-16,-1.,0.));
#2960 = ORIENTED_EDGE('',*,*,#2504,.T.);
#2961 = ORIENTED_EDGE('',*,*,#2938,.F.);
#2962 = ORIENTED_EDGE('',*,*,#2412,.F.);
#2963 = PLANE('',#2964);
#2964 = AXIS2_PLACEMENT_3D('',#2965,#2966,#2967);
#2965 = CARTESIAN_POINT('',(1.25,0.2,5.551115123126E-17));
#2966 = DIRECTION('',(-1.,-1.110223024625E-16,0.));
#2967 = DIRECTION('',(0.,0.,1.));
#2968 = ADVANCED_FACE('',(#2969),#2980,.F.);
#2969 = FACE_BOUND('',#2970,.F.);
#2970 = EDGE_LOOP('',(#2971,#2977,#2978,#2979));
#2971 = ORIENTED_EDGE('',*,*,#2972,.T.);
#2972 = EDGE_CURVE('',#2396,#2488,#2973,.T.);
#2973 = LINE('',#2974,#2975);
#2974 = CARTESIAN_POINT('',(1.089673570659,0.2,5.551115123126E-17));
#2975 = VECTOR('',#2976,1.);
#2976 = DIRECTION('',(1.110223024625E-16,-1.,0.));
#2977 = ORIENTED_EDGE('',*,*,#2496,.T.);
#2978 = ORIENTED_EDGE('',*,*,#2955,.F.);
#2979 = ORIENTED_EDGE('',*,*,#2404,.F.);
#2980 = PLANE('',#2981);
#2981 = AXIS2_PLACEMENT_3D('',#2982,#2983,#2984);
#2982 = CARTESIAN_POINT('',(1.089673570659,0.2,5.551115123126E-17));
#2983 = DIRECTION('',(0.,0.,1.));
#2984 = DIRECTION('',(1.,1.110223024625E-16,-0.));
#2985 = ADVANCED_FACE('',(#2986),#2992,.T.);
#2986 = FACE_BOUND('',#2987,.T.);
#2987 = EDGE_LOOP('',(#2988,#2989,#2990,#2991));
#2988 = ORIENTED_EDGE('',*,*,#2395,.T.);
#2989 = ORIENTED_EDGE('',*,*,#2972,.T.);
#2990 = ORIENTED_EDGE('',*,*,#2487,.F.);
#2991 = ORIENTED_EDGE('',*,*,#2469,.F.);
#2992 = CYLINDRICAL_SURFACE('',#2993,0.25);
#2993 = AXIS2_PLACEMENT_3D('',#2994,#2995,#2996);
#2994 = CARTESIAN_POINT('',(1.089673570659,0.2,0.25));
#2995 = DIRECTION('',(-1.110223024625E-16,1.,0.));
#2996 = DIRECTION('',(-0.984807753012,-1.093356242223E-16,
    -0.173648177667));
#2997 = ADVANCED_FACE('',(#2998),#3001,.F.);
#2998 = FACE_BOUND('',#2999,.T.);
#2999 = EDGE_LOOP('',(#3000));
#3000 = ORIENTED_EDGE('',*,*,#2615,.F.);
#3001 = PLANE('',#3002);
#3002 = AXIS2_PLACEMENT_3D('',#3003,#3004,#3005);
#3003 = CARTESIAN_POINT('',(-0.428243103516,1.228243103516,1.2));
#3004 = DIRECTION('',(0.,0.,-1.));
#3005 = DIRECTION('',(1.110223024625E-16,-1.,0.));
#3006 = ( GEOMETRIC_REPRESENTATION_CONTEXT(3) 
GLOBAL_UNCERTAINTY_ASSIGNED_CONTEXT((#3010)) 
GLOBAL_UNIT_ASSIGNED_CONTEXT((#3007,#3008,#3009)) REPRESENTATION_CONTEXT
('Context #1','3D Context with UNIT and UNCERTAINTY') );
#3007 = ( LENGTH_UNIT() NAMED_UNIT(*) SI_UNIT(.MILLI.,.METRE.) );
#3008 = ( NAMED_UNIT(*) PLANE_ANGLE_UNIT() SI_UNIT($,.RADIAN.) );
#3009 = ( NAMED_UNIT(*) SI_UNIT($,.STERADIAN.) SOLID_ANGLE_UNIT() );
#3010 = UNCERTAINTY_MEASURE_WITH_UNIT(LENGTH_MEASURE(1.E-07),#3007,
  'distance_accuracy_value','confusion accuracy');
#3011 = CONTEXT_DEPENDENT_SHAPE_REPRESENTATION(#3012,#3014);
#3012 = ( REPRESENTATION_RELATIONSHIP('','',#1023,#1000) 
REPRESENTATION_RELATIONSHIP_WITH_TRANSFORMATION(#3013) 
SHAPE_REPRESENTATION_RELATIONSHIP() );
#3013 = ITEM_DEFINED_TRANSFORMATION('','',#11,#1001);
#3014 = PRODUCT_DEFINITION_SHAPE('Placement','Placement of an item',
  #3015);
#3015 = NEXT_ASSEMBLY_USAGE_OCCURRENCE('7','=>[0:1:1:5]','',#995,#1018,$
  );
#3016 = PRODUCT_RELATED_PRODUCT_CATEGORY('part',$,(#1020));
#3017 = CONTEXT_DEPENDENT_SHAPE_REPRESENTATION(#3018,#3020);
#3018 = ( REPRESENTATION_RELATIONSHIP('','',#84,#10) 
REPRESENTATION_RELATIONSHIP_WITH_TRANSFORMATION(#3019) 
SHAPE_REPRESENTATION_RELATIONSHIP() );
#3019 = ITEM_DEFINED_TRANSFORMATION('','',#11,#39);
#3020 = PRODUCT_DEFINITION_SHAPE('Placement','Placement of an item',
  #3021);
#3021 = NEXT_ASSEMBLY_USAGE_OCCURRENCE('9','C6','',#5,#79,$);
#3022 = CONTEXT_DEPENDENT_SHAPE_REPRESENTATION(#3023,#3025);
#3023 = ( REPRESENTATION_RELATIONSHIP('','',#84,#10) 
REPRESENTATION_RELATIONSHIP_WITH_TRANSFORMATION(#3024) 
SHAPE_REPRESENTATION_RELATIONSHIP() );
#3024 = ITEM_DEFINED_TRANSFORMATION('','',#11,#43);
#3025 = PRODUCT_DEFINITION_SHAPE('Placement','Placement of an item',
  #3026);
#3026 = NEXT_ASSEMBLY_USAGE_OCCURRENCE('10','C9','',#5,#79,$);
#3027 = CONTEXT_DEPENDENT_SHAPE_REPRESENTATION(#3028,#3030);
#3028 = ( REPRESENTATION_RELATIONSHIP('','',#84,#10) 
REPRESENTATION_RELATIONSHIP_WITH_TRANSFORMATION(#3029) 
SHAPE_REPRESENTATION_RELATIONSHIP() );
#3029 = ITEM_DEFINED_TRANSFORMATION('','',#11,#47);
#3030 = PRODUCT_DEFINITION_SHAPE('Placement','Placement of an item',
  #3031);
#3031 = NEXT_ASSEMBLY_USAGE_OCCURRENCE('11','C5','',#5,#79,$);
#3032 = CONTEXT_DEPENDENT_SHAPE_REPRESENTATION(#3033,#3035);
#3033 = ( REPRESENTATION_RELATIONSHIP('','',#84,#10) 
REPRESENTATION_RELATIONSHIP_WITH_TRANSFORMATION(#3034) 
SHAPE_REPRESENTATION_RELATIONSHIP() );
#3034 = ITEM_DEFINED_TRANSFORMATION('','',#11,#51);
#3035 = PRODUCT_DEFINITION_SHAPE('Placement','Placement of an item',
  #3036);
#3036 = NEXT_ASSEMBLY_USAGE_OCCURRENCE('12','C4','',#5,#79,$);
#3037 = SHAPE_DEFINITION_REPRESENTATION(#3038,#3044);
#3038 = PRODUCT_DEFINITION_SHAPE('','',#3039);
#3039 = PRODUCT_DEFINITION('design','',#3040,#3043);
#3040 = PRODUCT_DEFINITION_FORMATION('','',#3041);
#3041 = PRODUCT('R_0805_2012Metric','R_0805_2012Metric','',(#3042));
#3042 = PRODUCT_CONTEXT('',#2,'mechanical');
#3043 = PRODUCT_DEFINITION_CONTEXT('part definition',#2,'design');
#3044 = SHAPE_REPRESENTATION('',(#11,#3045),#3049);
#3045 = AXIS2_PLACEMENT_3D('',#3046,#3047,#3048);
#3046 = CARTESIAN_POINT('',(0.,0.,0.));
#3047 = DIRECTION('',(0.,0.,1.));
#3048 = DIRECTION('',(1.,0.,-0.));
#3049 = ( GEOMETRIC_REPRESENTATION_CONTEXT(3) 
GLOBAL_UNCERTAINTY_ASSIGNED_CONTEXT((#3053)) 
GLOBAL_UNIT_ASSIGNED_CONTEXT((#3050,#3051,#3052)) REPRESENTATION_CONTEXT
('Context #1','3D Context with UNIT and UNCERTAINTY') );
#3050 = ( LENGTH_UNIT() NAMED_UNIT(*) SI_UNIT(.MILLI.,.METRE.) );
#3051 = ( NAMED_UNIT(*) PLANE_ANGLE_UNIT() SI_UNIT($,.RADIAN.) );
#3052 = ( NAMED_UNIT(*) SI_UNIT($,.STERADIAN.) SOLID_ANGLE_UNIT() );
#3053 = UNCERTAINTY_MEASURE_WITH_UNIT(LENGTH_MEASURE(1.E-07),#3050,
  'distance_accuracy_value','confusion accuracy');
#3054 = CONTEXT_DEPENDENT_SHAPE_REPRESENTATION(#3055,#3057);
#3055 = ( REPRESENTATION_RELATIONSHIP('','',#3044,#10) 
REPRESENTATION_RELATIONSHIP_WITH_TRANSFORMATION(#3056) 
SHAPE_REPRESENTATION_RELATIONSHIP() );
#3056 = ITEM_DEFINED_TRANSFORMATION('','',#11,#55);
#3057 = PRODUCT_DEFINITION_SHAPE('Placement','Placement of an item',
  #3058);
#3058 = NEXT_ASSEMBLY_USAGE_OCCURRENCE('14','R2','',#5,#3039,$);
#3059 = PRODUCT_RELATED_PRODUCT_CATEGORY('part',$,(#3041));
#3060 = SHAPE_DEFINITION_REPRESENTATION(#3061,#3067);
#3061 = PRODUCT_DEFINITION_SHAPE('','',#3062);
#3062 = PRODUCT_DEFINITION('design','',#3063,#3066);
#3063 = PRODUCT_DEFINITION_FORMATION('','',#3064);
#3064 = PRODUCT('R_0805_2012Metric','R_0805_2012Metric','',(#3065));
#3065 = PRODUCT_CONTEXT('',#2,'mechanical');
#3066 = PRODUCT_DEFINITION_CONTEXT('part definition',#2,'design');
#3067 = ADVANCED_BREP_SHAPE_REPRESENTATION('',(#11,#3068),#3858);
#3068 = MANIFOLD_SOLID_BREP('',#3069);
#3069 = CLOSED_SHELL('',(#3070,#3110,#3193,#3218,#3243,#3310,#3327,#3344
    ,#3393,#3410,#3427,#3476,#3493,#3562,#3593,#3617,#3686,#3710,#3727,
    #3744,#3761,#3778,#3795,#3812,#3829,#3846));
#3070 = ADVANCED_FACE('',(#3071),#3105,.F.);
#3071 = FACE_BOUND('',#3072,.F.);
#3072 = EDGE_LOOP('',(#3073,#3083,#3091,#3099));
#3073 = ORIENTED_EDGE('',*,*,#3074,.F.);
#3074 = EDGE_CURVE('',#3075,#3077,#3079,.T.);
#3075 = VERTEX_POINT('',#3076);
#3076 = CARTESIAN_POINT('',(-1.,-0.6,4.5E-02));
#3077 = VERTEX_POINT('',#3078);
#3078 = CARTESIAN_POINT('',(-1.,-0.6,0.405));
#3079 = LINE('',#3080,#3081);
#3080 = CARTESIAN_POINT('',(-1.,-0.6,0.));
#3081 = VECTOR('',#3082,1.);
#3082 = DIRECTION('',(0.,0.,1.));
#3083 = ORIENTED_EDGE('',*,*,#3084,.T.);
#3084 = EDGE_CURVE('',#3075,#3085,#3087,.T.);
#3085 = VERTEX_POINT('',#3086);
#3086 = CARTESIAN_POINT('',(-1.,0.6,4.5E-02));
#3087 = LINE('',#3088,#3089);
#3088 = CARTESIAN_POINT('',(-1.,-0.6,4.5E-02));
#3089 = VECTOR('',#3090,1.);
#3090 = DIRECTION('',(0.,1.,0.));
#3091 = ORIENTED_EDGE('',*,*,#3092,.T.);
#3092 = EDGE_CURVE('',#3085,#3093,#3095,.T.);
#3093 = VERTEX_POINT('',#3094);
#3094 = CARTESIAN_POINT('',(-1.,0.6,0.405));
#3095 = LINE('',#3096,#3097);
#3096 = CARTESIAN_POINT('',(-1.,0.6,0.));
#3097 = VECTOR('',#3098,1.);
#3098 = DIRECTION('',(0.,0.,1.));
#3099 = ORIENTED_EDGE('',*,*,#3100,.F.);
#3100 = EDGE_CURVE('',#3077,#3093,#3101,.T.);
#3101 = LINE('',#3102,#3103);
#3102 = CARTESIAN_POINT('',(-1.,-0.6,0.405));
#3103 = VECTOR('',#3104,1.);
#3104 = DIRECTION('',(0.,1.,0.));
#3105 = PLANE('',#3106);
#3106 = AXIS2_PLACEMENT_3D('',#3107,#3108,#3109);
#3107 = CARTESIAN_POINT('',(-1.,-0.6,0.));
#3108 = DIRECTION('',(1.,0.,0.));
#3109 = DIRECTION('',(0.,0.,1.));
#3110 = ADVANCED_FACE('',(#3111),#3188,.F.);
#3111 = FACE_BOUND('',#3112,.F.);
#3112 = EDGE_LOOP('',(#3113,#3123,#3130,#3131,#3140,#3148,#3157,#3165,
    #3173,#3181));
#3113 = ORIENTED_EDGE('',*,*,#3114,.F.);
#3114 = EDGE_CURVE('',#3115,#3117,#3119,.T.);
#3115 = VERTEX_POINT('',#3116);
#3116 = CARTESIAN_POINT('',(-0.955,-0.6,-2.775557561563E-17));
#3117 = VERTEX_POINT('',#3118);
#3118 = CARTESIAN_POINT('',(-0.745,-0.6,-2.775557561563E-17));
#3119 = LINE('',#3120,#3121);
#3120 = CARTESIAN_POINT('',(-1.,-0.6,0.));
#3121 = VECTOR('',#3122,1.);
#3122 = DIRECTION('',(1.,0.,0.));
#3123 = ORIENTED_EDGE('',*,*,#3124,.F.);
#3124 = EDGE_CURVE('',#3075,#3115,#3125,.T.);
#3125 = CIRCLE('',#3126,4.5E-02);
#3126 = AXIS2_PLACEMENT_3D('',#3127,#3128,#3129);
#3127 = CARTESIAN_POINT('',(-0.955,-0.6,4.5E-02));
#3128 = DIRECTION('',(0.,-1.,0.));
#3129 = DIRECTION('',(0.,0.,1.));
#3130 = ORIENTED_EDGE('',*,*,#3074,.T.);
#3131 = ORIENTED_EDGE('',*,*,#3132,.T.);
#3132 = EDGE_CURVE('',#3077,#3133,#3135,.T.);
#3133 = VERTEX_POINT('',#3134);
#3134 = CARTESIAN_POINT('',(-0.955,-0.6,0.45));
#3135 = CIRCLE('',#3136,4.5E-02);
#3136 = AXIS2_PLACEMENT_3D('',#3137,#3138,#3139);
#3137 = CARTESIAN_POINT('',(-0.955,-0.6,0.405));
#3138 = DIRECTION('',(0.,1.,0.));
#3139 = DIRECTION('',(0.,-0.,1.));
#3140 = ORIENTED_EDGE('',*,*,#3141,.T.);
#3141 = EDGE_CURVE('',#3133,#3142,#3144,.T.);
#3142 = VERTEX_POINT('',#3143);
#3143 = CARTESIAN_POINT('',(-0.745,-0.6,0.45));
#3144 = LINE('',#3145,#3146);
#3145 = CARTESIAN_POINT('',(-1.,-0.6,0.45));
#3146 = VECTOR('',#3147,1.);
#3147 = DIRECTION('',(1.,0.,0.));
#3148 = ORIENTED_EDGE('',*,*,#3149,.F.);
#3149 = EDGE_CURVE('',#3150,#3142,#3152,.T.);
#3150 = VERTEX_POINT('',#3151);
#3151 = CARTESIAN_POINT('',(-0.7,-0.6,0.405));
#3152 = CIRCLE('',#3153,4.5E-02);
#3153 = AXIS2_PLACEMENT_3D('',#3154,#3155,#3156);
#3154 = CARTESIAN_POINT('',(-0.745,-0.6,0.405));
#3155 = DIRECTION('',(0.,-1.,0.));
#3156 = DIRECTION('',(0.,0.,1.));
#3157 = ORIENTED_EDGE('',*,*,#3158,.F.);
#3158 = EDGE_CURVE('',#3159,#3150,#3161,.T.);
#3159 = VERTEX_POINT('',#3160);
#3160 = CARTESIAN_POINT('',(-0.955,-0.6,0.405));
#3161 = LINE('',#3162,#3163);
#3162 = CARTESIAN_POINT('',(-0.955,-0.6,0.405));
#3163 = VECTOR('',#3164,1.);
#3164 = DIRECTION('',(1.,0.,0.));
#3165 = ORIENTED_EDGE('',*,*,#3166,.F.);
#3166 = EDGE_CURVE('',#3167,#3159,#3169,.T.);
#3167 = VERTEX_POINT('',#3168);
#3168 = CARTESIAN_POINT('',(-0.955,-0.6,4.5E-02));
#3169 = LINE('',#3170,#3171);
#3170 = CARTESIAN_POINT('',(-0.955,-0.6,4.5E-02));
#3171 = VECTOR('',#3172,1.);
#3172 = DIRECTION('',(0.,0.,1.));
#3173 = ORIENTED_EDGE('',*,*,#3174,.T.);
#3174 = EDGE_CURVE('',#3167,#3175,#3177,.T.);
#3175 = VERTEX_POINT('',#3176);
#3176 = CARTESIAN_POINT('',(-0.7,-0.6,4.5E-02));
#3177 = LINE('',#3178,#3179);
#3178 = CARTESIAN_POINT('',(-0.955,-0.6,4.5E-02));
#3179 = VECTOR('',#3180,1.);
#3180 = DIRECTION('',(1.,0.,0.));
#3181 = ORIENTED_EDGE('',*,*,#3182,.T.);
#3182 = EDGE_CURVE('',#3175,#3117,#3183,.T.);
#3183 = CIRCLE('',#3184,4.5E-02);
#3184 = AXIS2_PLACEMENT_3D('',#3185,#3186,#3187);
#3185 = CARTESIAN_POINT('',(-0.745,-0.6,4.5E-02));
#3186 = DIRECTION('',(0.,1.,0.));
#3187 = DIRECTION('',(0.,-0.,1.));
#3188 = PLANE('',#3189);
#3189 = AXIS2_PLACEMENT_3D('',#3190,#3191,#3192);
#3190 = CARTESIAN_POINT('',(-1.,-0.6,0.));
#3191 = DIRECTION('',(0.,1.,0.));
#3192 = DIRECTION('',(0.,-0.,1.));
#3193 = ADVANCED_FACE('',(#3194),#3213,.T.);
#3194 = FACE_BOUND('',#3195,.T.);
#3195 = EDGE_LOOP('',(#3196,#3197,#3206,#3212));
#3196 = ORIENTED_EDGE('',*,*,#3084,.T.);
#3197 = ORIENTED_EDGE('',*,*,#3198,.T.);
#3198 = EDGE_CURVE('',#3085,#3199,#3201,.T.);
#3199 = VERTEX_POINT('',#3200);
#3200 = CARTESIAN_POINT('',(-0.955,0.6,-2.775557561563E-17));
#3201 = CIRCLE('',#3202,4.5E-02);
#3202 = AXIS2_PLACEMENT_3D('',#3203,#3204,#3205);
#3203 = CARTESIAN_POINT('',(-0.955,0.6,4.5E-02));
#3204 = DIRECTION('',(0.,-1.,0.));
#3205 = DIRECTION('',(0.,0.,1.));
#3206 = ORIENTED_EDGE('',*,*,#3207,.F.);
#3207 = EDGE_CURVE('',#3115,#3199,#3208,.T.);
#3208 = LINE('',#3209,#3210);
#3209 = CARTESIAN_POINT('',(-0.955,-0.6,-2.775557561563E-17));
#3210 = VECTOR('',#3211,1.);
#3211 = DIRECTION('',(0.,1.,0.));
#3212 = ORIENTED_EDGE('',*,*,#3124,.F.);
#3213 = CYLINDRICAL_SURFACE('',#3214,4.5E-02);
#3214 = AXIS2_PLACEMENT_3D('',#3215,#3216,#3217);
#3215 = CARTESIAN_POINT('',(-0.955,-0.6,4.5E-02));
#3216 = DIRECTION('',(0.,1.,0.));
#3217 = DIRECTION('',(-1.,0.,0.));
#3218 = ADVANCED_FACE('',(#3219),#3238,.T.);
#3219 = FACE_BOUND('',#3220,.T.);
#3220 = EDGE_LOOP('',(#3221,#3222,#3230,#3237));
#3221 = ORIENTED_EDGE('',*,*,#3132,.T.);
#3222 = ORIENTED_EDGE('',*,*,#3223,.T.);
#3223 = EDGE_CURVE('',#3133,#3224,#3226,.T.);
#3224 = VERTEX_POINT('',#3225);
#3225 = CARTESIAN_POINT('',(-0.955,0.6,0.45));
#3226 = LINE('',#3227,#3228);
#3227 = CARTESIAN_POINT('',(-0.955,-0.6,0.45));
#3228 = VECTOR('',#3229,1.);
#3229 = DIRECTION('',(0.,1.,0.));
#3230 = ORIENTED_EDGE('',*,*,#3231,.F.);
#3231 = EDGE_CURVE('',#3093,#3224,#3232,.T.);
#3232 = CIRCLE('',#3233,4.5E-02);
#3233 = AXIS2_PLACEMENT_3D('',#3234,#3235,#3236);
#3234 = CARTESIAN_POINT('',(-0.955,0.6,0.405));
#3235 = DIRECTION('',(0.,1.,0.));
#3236 = DIRECTION('',(0.,-0.,1.));
#3237 = ORIENTED_EDGE('',*,*,#3100,.F.);
#3238 = CYLINDRICAL_SURFACE('',#3239,4.5E-02);
#3239 = AXIS2_PLACEMENT_3D('',#3240,#3241,#3242);
#3240 = CARTESIAN_POINT('',(-0.955,-0.6,0.405));
#3241 = DIRECTION('',(0.,1.,0.));
#3242 = DIRECTION('',(-1.,0.,0.));
#3243 = ADVANCED_FACE('',(#3244),#3305,.T.);
#3244 = FACE_BOUND('',#3245,.T.);
#3245 = EDGE_LOOP('',(#3246,#3254,#3255,#3256,#3257,#3265,#3274,#3282,
    #3290,#3298));
#3246 = ORIENTED_EDGE('',*,*,#3247,.F.);
#3247 = EDGE_CURVE('',#3199,#3248,#3250,.T.);
#3248 = VERTEX_POINT('',#3249);
#3249 = CARTESIAN_POINT('',(-0.745,0.6,-2.775557561563E-17));
#3250 = LINE('',#3251,#3252);
#3251 = CARTESIAN_POINT('',(-1.,0.6,0.));
#3252 = VECTOR('',#3253,1.);
#3253 = DIRECTION('',(1.,0.,0.));
#3254 = ORIENTED_EDGE('',*,*,#3198,.F.);
#3255 = ORIENTED_EDGE('',*,*,#3092,.T.);
#3256 = ORIENTED_EDGE('',*,*,#3231,.T.);
#3257 = ORIENTED_EDGE('',*,*,#3258,.T.);
#3258 = EDGE_CURVE('',#3224,#3259,#3261,.T.);
#3259 = VERTEX_POINT('',#3260);
#3260 = CARTESIAN_POINT('',(-0.745,0.6,0.45));
#3261 = LINE('',#3262,#3263);
#3262 = CARTESIAN_POINT('',(-1.,0.6,0.45));
#3263 = VECTOR('',#3264,1.);
#3264 = DIRECTION('',(1.,0.,0.));
#3265 = ORIENTED_EDGE('',*,*,#3266,.F.);
#3266 = EDGE_CURVE('',#3267,#3259,#3269,.T.);
#3267 = VERTEX_POINT('',#3268);
#3268 = CARTESIAN_POINT('',(-0.7,0.6,0.405));
#3269 = CIRCLE('',#3270,4.5E-02);
#3270 = AXIS2_PLACEMENT_3D('',#3271,#3272,#3273);
#3271 = CARTESIAN_POINT('',(-0.745,0.6,0.405));
#3272 = DIRECTION('',(0.,-1.,0.));
#3273 = DIRECTION('',(0.,0.,1.));
#3274 = ORIENTED_EDGE('',*,*,#3275,.F.);
#3275 = EDGE_CURVE('',#3276,#3267,#3278,.T.);
#3276 = VERTEX_POINT('',#3277);
#3277 = CARTESIAN_POINT('',(-0.955,0.6,0.405));
#3278 = LINE('',#3279,#3280);
#3279 = CARTESIAN_POINT('',(-0.955,0.6,0.405));
#3280 = VECTOR('',#3281,1.);
#3281 = DIRECTION('',(1.,0.,0.));
#3282 = ORIENTED_EDGE('',*,*,#3283,.F.);
#3283 = EDGE_CURVE('',#3284,#3276,#3286,.T.);
#3284 = VERTEX_POINT('',#3285);
#3285 = CARTESIAN_POINT('',(-0.955,0.6,4.5E-02));
#3286 = LINE('',#3287,#3288);
#3287 = CARTESIAN_POINT('',(-0.955,0.6,4.5E-02));
#3288 = VECTOR('',#3289,1.);
#3289 = DIRECTION('',(0.,0.,1.));
#3290 = ORIENTED_EDGE('',*,*,#3291,.T.);
#3291 = EDGE_CURVE('',#3284,#3292,#3294,.T.);
#3292 = VERTEX_POINT('',#3293);
#3293 = CARTESIAN_POINT('',(-0.7,0.6,4.5E-02));
#3294 = LINE('',#3295,#3296);
#3295 = CARTESIAN_POINT('',(-0.955,0.6,4.5E-02));
#3296 = VECTOR('',#3297,1.);
#3297 = DIRECTION('',(1.,0.,0.));
#3298 = ORIENTED_EDGE('',*,*,#3299,.T.);
#3299 = EDGE_CURVE('',#3292,#3248,#3300,.T.);
#3300 = CIRCLE('',#3301,4.5E-02);
#3301 = AXIS2_PLACEMENT_3D('',#3302,#3303,#3304);
#3302 = CARTESIAN_POINT('',(-0.745,0.6,4.5E-02));
#3303 = DIRECTION('',(0.,1.,0.));
#3304 = DIRECTION('',(0.,-0.,1.));
#3305 = PLANE('',#3306);
#3306 = AXIS2_PLACEMENT_3D('',#3307,#3308,#3309);
#3307 = CARTESIAN_POINT('',(-1.,0.6,0.));
#3308 = DIRECTION('',(0.,1.,0.));
#3309 = DIRECTION('',(0.,-0.,1.));
#3310 = ADVANCED_FACE('',(#3311),#3322,.F.);
#3311 = FACE_BOUND('',#3312,.F.);
#3312 = EDGE_LOOP('',(#3313,#3314,#3315,#3316));
#3313 = ORIENTED_EDGE('',*,*,#3247,.F.);
#3314 = ORIENTED_EDGE('',*,*,#3207,.F.);
#3315 = ORIENTED_EDGE('',*,*,#3114,.T.);
#3316 = ORIENTED_EDGE('',*,*,#3317,.T.);
#3317 = EDGE_CURVE('',#3117,#3248,#3318,.T.);
#3318 = LINE('',#3319,#3320);
#3319 = CARTESIAN_POINT('',(-0.745,-0.6,-2.775557561563E-17));
#3320 = VECTOR('',#3321,1.);
#3321 = DIRECTION('',(0.,1.,0.));
#3322 = PLANE('',#3323);
#3323 = AXIS2_PLACEMENT_3D('',#3324,#3325,#3326);
#3324 = CARTESIAN_POINT('',(-1.,-0.6,0.));
#3325 = DIRECTION('',(0.,0.,1.));
#3326 = DIRECTION('',(1.,0.,-0.));
#3327 = ADVANCED_FACE('',(#3328),#3339,.T.);
#3328 = FACE_BOUND('',#3329,.T.);
#3329 = EDGE_LOOP('',(#3330,#3331,#3332,#3333));
#3330 = ORIENTED_EDGE('',*,*,#3182,.T.);
#3331 = ORIENTED_EDGE('',*,*,#3317,.T.);
#3332 = ORIENTED_EDGE('',*,*,#3299,.F.);
#3333 = ORIENTED_EDGE('',*,*,#3334,.F.);
#3334 = EDGE_CURVE('',#3175,#3292,#3335,.T.);
#3335 = LINE('',#3336,#3337);
#3336 = CARTESIAN_POINT('',(-0.7,-0.6,4.5E-02));
#3337 = VECTOR('',#3338,1.);
#3338 = DIRECTION('',(0.,1.,0.));
#3339 = CYLINDRICAL_SURFACE('',#3340,4.5E-02);
#3340 = AXIS2_PLACEMENT_3D('',#3341,#3342,#3343);
#3341 = CARTESIAN_POINT('',(-0.745,-0.6,4.5E-02));
#3342 = DIRECTION('',(0.,1.,0.));
#3343 = DIRECTION('',(1.,0.,0.));
#3344 = ADVANCED_FACE('',(#3345),#3388,.F.);
#3345 = FACE_BOUND('',#3346,.F.);
#3346 = EDGE_LOOP('',(#3347,#3348,#3349,#3350,#3358,#3366,#3374,#3382));
#3347 = ORIENTED_EDGE('',*,*,#3174,.F.);
#3348 = ORIENTED_EDGE('',*,*,#3166,.T.);
#3349 = ORIENTED_EDGE('',*,*,#3158,.T.);
#3350 = ORIENTED_EDGE('',*,*,#3351,.T.);
#3351 = EDGE_CURVE('',#3150,#3352,#3354,.T.);
#3352 = VERTEX_POINT('',#3353);
#3353 = CARTESIAN_POINT('',(0.7,-0.6,0.405));
#3354 = LINE('',#3355,#3356);
#3355 = CARTESIAN_POINT('',(-0.7,-0.6,0.405));
#3356 = VECTOR('',#3357,1.);
#3357 = DIRECTION('',(1.,0.,0.));
#3358 = ORIENTED_EDGE('',*,*,#3359,.T.);
#3359 = EDGE_CURVE('',#3352,#3360,#3362,.T.);
#3360 = VERTEX_POINT('',#3361);
#3361 = CARTESIAN_POINT('',(0.955,-0.6,0.405));
#3362 = LINE('',#3363,#3364);
#3363 = CARTESIAN_POINT('',(-0.955,-0.6,0.405));
#3364 = VECTOR('',#3365,1.);
#3365 = DIRECTION('',(1.,0.,0.));
#3366 = ORIENTED_EDGE('',*,*,#3367,.F.);
#3367 = EDGE_CURVE('',#3368,#3360,#3370,.T.);
#3368 = VERTEX_POINT('',#3369);
#3369 = CARTESIAN_POINT('',(0.955,-0.6,4.5E-02));
#3370 = LINE('',#3371,#3372);
#3371 = CARTESIAN_POINT('',(0.955,-0.6,4.5E-02));
#3372 = VECTOR('',#3373,1.);
#3373 = DIRECTION('',(0.,0.,1.));
#3374 = ORIENTED_EDGE('',*,*,#3375,.F.);
#3375 = EDGE_CURVE('',#3376,#3368,#3378,.T.);
#3376 = VERTEX_POINT('',#3377);
#3377 = CARTESIAN_POINT('',(0.7,-0.6,4.5E-02));
#3378 = LINE('',#3379,#3380);
#3379 = CARTESIAN_POINT('',(-0.955,-0.6,4.5E-02));
#3380 = VECTOR('',#3381,1.);
#3381 = DIRECTION('',(1.,0.,0.));
#3382 = ORIENTED_EDGE('',*,*,#3383,.F.);
#3383 = EDGE_CURVE('',#3175,#3376,#3384,.T.);
#3384 = LINE('',#3385,#3386);
#3385 = CARTESIAN_POINT('',(-0.955,-0.6,4.5E-02));
#3386 = VECTOR('',#3387,1.);
#3387 = DIRECTION('',(1.,0.,0.));
#3388 = PLANE('',#3389);
#3389 = AXIS2_PLACEMENT_3D('',#3390,#3391,#3392);
#3390 = CARTESIAN_POINT('',(-0.955,-0.6,4.5E-02));
#3391 = DIRECTION('',(0.,1.,0.));
#3392 = DIRECTION('',(0.,-0.,1.));
#3393 = ADVANCED_FACE('',(#3394),#3405,.T.);
#3394 = FACE_BOUND('',#3395,.T.);
#3395 = EDGE_LOOP('',(#3396,#3397,#3398,#3399));
#3396 = ORIENTED_EDGE('',*,*,#3258,.F.);
#3397 = ORIENTED_EDGE('',*,*,#3223,.F.);
#3398 = ORIENTED_EDGE('',*,*,#3141,.T.);
#3399 = ORIENTED_EDGE('',*,*,#3400,.T.);
#3400 = EDGE_CURVE('',#3142,#3259,#3401,.T.);
#3401 = LINE('',#3402,#3403);
#3402 = CARTESIAN_POINT('',(-0.745,-0.6,0.45));
#3403 = VECTOR('',#3404,1.);
#3404 = DIRECTION('',(0.,1.,0.));
#3405 = PLANE('',#3406);
#3406 = AXIS2_PLACEMENT_3D('',#3407,#3408,#3409);
#3407 = CARTESIAN_POINT('',(-1.,-0.6,0.45));
#3408 = DIRECTION('',(0.,0.,1.));
#3409 = DIRECTION('',(1.,0.,-0.));
#3410 = ADVANCED_FACE('',(#3411),#3422,.T.);
#3411 = FACE_BOUND('',#3412,.T.);
#3412 = EDGE_LOOP('',(#3413,#3419,#3420,#3421));
#3413 = ORIENTED_EDGE('',*,*,#3414,.T.);
#3414 = EDGE_CURVE('',#3150,#3267,#3415,.T.);
#3415 = LINE('',#3416,#3417);
#3416 = CARTESIAN_POINT('',(-0.7,-0.6,0.405));
#3417 = VECTOR('',#3418,1.);
#3418 = DIRECTION('',(0.,1.,0.));
#3419 = ORIENTED_EDGE('',*,*,#3266,.T.);
#3420 = ORIENTED_EDGE('',*,*,#3400,.F.);
#3421 = ORIENTED_EDGE('',*,*,#3149,.F.);
#3422 = CYLINDRICAL_SURFACE('',#3423,4.5E-02);
#3423 = AXIS2_PLACEMENT_3D('',#3424,#3425,#3426);
#3424 = CARTESIAN_POINT('',(-0.745,-0.6,0.405));
#3425 = DIRECTION('',(0.,1.,0.));
#3426 = DIRECTION('',(1.,0.,0.));
#3427 = ADVANCED_FACE('',(#3428),#3471,.T.);
#3428 = FACE_BOUND('',#3429,.T.);
#3429 = EDGE_LOOP('',(#3430,#3431,#3432,#3433,#3441,#3449,#3457,#3465));
#3430 = ORIENTED_EDGE('',*,*,#3291,.F.);
#3431 = ORIENTED_EDGE('',*,*,#3283,.T.);
#3432 = ORIENTED_EDGE('',*,*,#3275,.T.);
#3433 = ORIENTED_EDGE('',*,*,#3434,.T.);
#3434 = EDGE_CURVE('',#3267,#3435,#3437,.T.);
#3435 = VERTEX_POINT('',#3436);
#3436 = CARTESIAN_POINT('',(0.7,0.6,0.405));
#3437 = LINE('',#3438,#3439);
#3438 = CARTESIAN_POINT('',(-0.7,0.6,0.405));
#3439 = VECTOR('',#3440,1.);
#3440 = DIRECTION('',(1.,0.,0.));
#3441 = ORIENTED_EDGE('',*,*,#3442,.T.);
#3442 = EDGE_CURVE('',#3435,#3443,#3445,.T.);
#3443 = VERTEX_POINT('',#3444);
#3444 = CARTESIAN_POINT('',(0.955,0.6,0.405));
#3445 = LINE('',#3446,#3447);
#3446 = CARTESIAN_POINT('',(-0.955,0.6,0.405));
#3447 = VECTOR('',#3448,1.);
#3448 = DIRECTION('',(1.,0.,0.));
#3449 = ORIENTED_EDGE('',*,*,#3450,.F.);
#3450 = EDGE_CURVE('',#3451,#3443,#3453,.T.);
#3451 = VERTEX_POINT('',#3452);
#3452 = CARTESIAN_POINT('',(0.955,0.6,4.5E-02));
#3453 = LINE('',#3454,#3455);
#3454 = CARTESIAN_POINT('',(0.955,0.6,4.5E-02));
#3455 = VECTOR('',#3456,1.);
#3456 = DIRECTION('',(0.,0.,1.));
#3457 = ORIENTED_EDGE('',*,*,#3458,.F.);
#3458 = EDGE_CURVE('',#3459,#3451,#3461,.T.);
#3459 = VERTEX_POINT('',#3460);
#3460 = CARTESIAN_POINT('',(0.7,0.6,4.5E-02));
#3461 = LINE('',#3462,#3463);
#3462 = CARTESIAN_POINT('',(-0.955,0.6,4.5E-02));
#3463 = VECTOR('',#3464,1.);
#3464 = DIRECTION('',(1.,0.,0.));
#3465 = ORIENTED_EDGE('',*,*,#3466,.F.);
#3466 = EDGE_CURVE('',#3292,#3459,#3467,.T.);
#3467 = LINE('',#3468,#3469);
#3468 = CARTESIAN_POINT('',(-0.955,0.6,4.5E-02));
#3469 = VECTOR('',#3470,1.);
#3470 = DIRECTION('',(1.,0.,0.));
#3471 = PLANE('',#3472);
#3472 = AXIS2_PLACEMENT_3D('',#3473,#3474,#3475);
#3473 = CARTESIAN_POINT('',(-0.955,0.6,4.5E-02));
#3474 = DIRECTION('',(0.,1.,0.));
#3475 = DIRECTION('',(0.,-0.,1.));
#3476 = ADVANCED_FACE('',(#3477),#3488,.F.);
#3477 = FACE_BOUND('',#3478,.F.);
#3478 = EDGE_LOOP('',(#3479,#3480,#3481,#3487));
#3479 = ORIENTED_EDGE('',*,*,#3334,.F.);
#3480 = ORIENTED_EDGE('',*,*,#3383,.T.);
#3481 = ORIENTED_EDGE('',*,*,#3482,.T.);
#3482 = EDGE_CURVE('',#3376,#3459,#3483,.T.);
#3483 = LINE('',#3484,#3485);
#3484 = CARTESIAN_POINT('',(0.7,-0.6,4.5E-02));
#3485 = VECTOR('',#3486,1.);
#3486 = DIRECTION('',(0.,1.,0.));
#3487 = ORIENTED_EDGE('',*,*,#3466,.F.);
#3488 = PLANE('',#3489);
#3489 = AXIS2_PLACEMENT_3D('',#3490,#3491,#3492);
#3490 = CARTESIAN_POINT('',(-0.955,-0.6,4.5E-02));
#3491 = DIRECTION('',(0.,0.,1.));
#3492 = DIRECTION('',(1.,0.,-0.));
#3493 = ADVANCED_FACE('',(#3494),#3557,.F.);
#3494 = FACE_BOUND('',#3495,.F.);
#3495 = EDGE_LOOP('',(#3496,#3506,#3513,#3514,#3515,#3516,#3525,#3533,
    #3542,#3550));
#3496 = ORIENTED_EDGE('',*,*,#3497,.F.);
#3497 = EDGE_CURVE('',#3498,#3500,#3502,.T.);
#3498 = VERTEX_POINT('',#3499);
#3499 = CARTESIAN_POINT('',(0.745,-0.6,-2.775557561563E-17));
#3500 = VERTEX_POINT('',#3501);
#3501 = CARTESIAN_POINT('',(0.955,-0.6,-2.775557561563E-17));
#3502 = LINE('',#3503,#3504);
#3503 = CARTESIAN_POINT('',(0.7,-0.6,0.));
#3504 = VECTOR('',#3505,1.);
#3505 = DIRECTION('',(1.,0.,0.));
#3506 = ORIENTED_EDGE('',*,*,#3507,.F.);
#3507 = EDGE_CURVE('',#3376,#3498,#3508,.T.);
#3508 = CIRCLE('',#3509,4.5E-02);
#3509 = AXIS2_PLACEMENT_3D('',#3510,#3511,#3512);
#3510 = CARTESIAN_POINT('',(0.745,-0.6,4.5E-02));
#3511 = DIRECTION('',(0.,-1.,0.));
#3512 = DIRECTION('',(0.,0.,1.));
#3513 = ORIENTED_EDGE('',*,*,#3375,.T.);
#3514 = ORIENTED_EDGE('',*,*,#3367,.T.);
#3515 = ORIENTED_EDGE('',*,*,#3359,.F.);
#3516 = ORIENTED_EDGE('',*,*,#3517,.T.);
#3517 = EDGE_CURVE('',#3352,#3518,#3520,.T.);
#3518 = VERTEX_POINT('',#3519);
#3519 = CARTESIAN_POINT('',(0.745,-0.6,0.45));
#3520 = CIRCLE('',#3521,4.5E-02);
#3521 = AXIS2_PLACEMENT_3D('',#3522,#3523,#3524);
#3522 = CARTESIAN_POINT('',(0.745,-0.6,0.405));
#3523 = DIRECTION('',(0.,1.,0.));
#3524 = DIRECTION('',(0.,-0.,1.));
#3525 = ORIENTED_EDGE('',*,*,#3526,.T.);
#3526 = EDGE_CURVE('',#3518,#3527,#3529,.T.);
#3527 = VERTEX_POINT('',#3528);
#3528 = CARTESIAN_POINT('',(0.955,-0.6,0.45));
#3529 = LINE('',#3530,#3531);
#3530 = CARTESIAN_POINT('',(0.7,-0.6,0.45));
#3531 = VECTOR('',#3532,1.);
#3532 = DIRECTION('',(1.,0.,0.));
#3533 = ORIENTED_EDGE('',*,*,#3534,.F.);
#3534 = EDGE_CURVE('',#3535,#3527,#3537,.T.);
#3535 = VERTEX_POINT('',#3536);
#3536 = CARTESIAN_POINT('',(1.,-0.6,0.405));
#3537 = CIRCLE('',#3538,4.5E-02);
#3538 = AXIS2_PLACEMENT_3D('',#3539,#3540,#3541);
#3539 = CARTESIAN_POINT('',(0.955,-0.6,0.405));
#3540 = DIRECTION('',(0.,-1.,0.));
#3541 = DIRECTION('',(0.,0.,1.));
#3542 = ORIENTED_EDGE('',*,*,#3543,.F.);
#3543 = EDGE_CURVE('',#3544,#3535,#3546,.T.);
#3544 = VERTEX_POINT('',#3545);
#3545 = CARTESIAN_POINT('',(1.,-0.6,4.5E-02));
#3546 = LINE('',#3547,#3548);
#3547 = CARTESIAN_POINT('',(1.,-0.6,0.));
#3548 = VECTOR('',#3549,1.);
#3549 = DIRECTION('',(0.,0.,1.));
#3550 = ORIENTED_EDGE('',*,*,#3551,.T.);
#3551 = EDGE_CURVE('',#3544,#3500,#3552,.T.);
#3552 = CIRCLE('',#3553,4.5E-02);
#3553 = AXIS2_PLACEMENT_3D('',#3554,#3555,#3556);
#3554 = CARTESIAN_POINT('',(0.955,-0.6,4.5E-02));
#3555 = DIRECTION('',(0.,1.,0.));
#3556 = DIRECTION('',(0.,-0.,1.));
#3557 = PLANE('',#3558);
#3558 = AXIS2_PLACEMENT_3D('',#3559,#3560,#3561);
#3559 = CARTESIAN_POINT('',(0.7,-0.6,0.));
#3560 = DIRECTION('',(0.,1.,0.));
#3561 = DIRECTION('',(0.,-0.,1.));
#3562 = ADVANCED_FACE('',(#3563),#3588,.F.);
#3563 = FACE_BOUND('',#3564,.F.);
#3564 = EDGE_LOOP('',(#3565,#3566,#3574,#3582));
#3565 = ORIENTED_EDGE('',*,*,#3351,.F.);
#3566 = ORIENTED_EDGE('',*,*,#3567,.T.);
#3567 = EDGE_CURVE('',#3150,#3568,#3570,.T.);
#3568 = VERTEX_POINT('',#3569);
#3569 = CARTESIAN_POINT('',(-0.7,-0.6,0.45));
#3570 = LINE('',#3571,#3572);
#3571 = CARTESIAN_POINT('',(-0.7,-0.6,0.405));
#3572 = VECTOR('',#3573,1.);
#3573 = DIRECTION('',(0.,0.,1.));
#3574 = ORIENTED_EDGE('',*,*,#3575,.T.);
#3575 = EDGE_CURVE('',#3568,#3576,#3578,.T.);
#3576 = VERTEX_POINT('',#3577);
#3577 = CARTESIAN_POINT('',(0.7,-0.6,0.45));
#3578 = LINE('',#3579,#3580);
#3579 = CARTESIAN_POINT('',(-0.7,-0.6,0.45));
#3580 = VECTOR('',#3581,1.);
#3581 = DIRECTION('',(1.,0.,0.));
#3582 = ORIENTED_EDGE('',*,*,#3583,.F.);
#3583 = EDGE_CURVE('',#3352,#3576,#3584,.T.);
#3584 = LINE('',#3585,#3586);
#3585 = CARTESIAN_POINT('',(0.7,-0.6,0.405));
#3586 = VECTOR('',#3587,1.);
#3587 = DIRECTION('',(0.,0.,1.));
#3588 = PLANE('',#3589);
#3589 = AXIS2_PLACEMENT_3D('',#3590,#3591,#3592);
#3590 = CARTESIAN_POINT('',(-0.7,-0.6,0.405));
#3591 = DIRECTION('',(0.,1.,0.));
#3592 = DIRECTION('',(0.,-0.,1.));
#3593 = ADVANCED_FACE('',(#3594),#3612,.F.);
#3594 = FACE_BOUND('',#3595,.F.);
#3595 = EDGE_LOOP('',(#3596,#3597,#3598,#3606));
#3596 = ORIENTED_EDGE('',*,*,#3567,.F.);
#3597 = ORIENTED_EDGE('',*,*,#3414,.T.);
#3598 = ORIENTED_EDGE('',*,*,#3599,.T.);
#3599 = EDGE_CURVE('',#3267,#3600,#3602,.T.);
#3600 = VERTEX_POINT('',#3601);
#3601 = CARTESIAN_POINT('',(-0.7,0.6,0.45));
#3602 = LINE('',#3603,#3604);
#3603 = CARTESIAN_POINT('',(-0.7,0.6,0.405));
#3604 = VECTOR('',#3605,1.);
#3605 = DIRECTION('',(0.,0.,1.));
#3606 = ORIENTED_EDGE('',*,*,#3607,.F.);
#3607 = EDGE_CURVE('',#3568,#3600,#3608,.T.);
#3608 = LINE('',#3609,#3610);
#3609 = CARTESIAN_POINT('',(-0.7,-0.6,0.45));
#3610 = VECTOR('',#3611,1.);
#3611 = DIRECTION('',(0.,1.,0.));
#3612 = PLANE('',#3613);
#3613 = AXIS2_PLACEMENT_3D('',#3614,#3615,#3616);
#3614 = CARTESIAN_POINT('',(-0.7,-0.6,0.405));
#3615 = DIRECTION('',(1.,0.,0.));
#3616 = DIRECTION('',(0.,0.,1.));
#3617 = ADVANCED_FACE('',(#3618),#3681,.T.);
#3618 = FACE_BOUND('',#3619,.T.);
#3619 = EDGE_LOOP('',(#3620,#3630,#3637,#3638,#3639,#3640,#3649,#3657,
    #3666,#3674));
#3620 = ORIENTED_EDGE('',*,*,#3621,.F.);
#3621 = EDGE_CURVE('',#3622,#3624,#3626,.T.);
#3622 = VERTEX_POINT('',#3623);
#3623 = CARTESIAN_POINT('',(0.745,0.6,-2.775557561563E-17));
#3624 = VERTEX_POINT('',#3625);
#3625 = CARTESIAN_POINT('',(0.955,0.6,-2.775557561563E-17));
#3626 = LINE('',#3627,#3628);
#3627 = CARTESIAN_POINT('',(0.7,0.6,0.));
#3628 = VECTOR('',#3629,1.);
#3629 = DIRECTION('',(1.,0.,0.));
#3630 = ORIENTED_EDGE('',*,*,#3631,.F.);
#3631 = EDGE_CURVE('',#3459,#3622,#3632,.T.);
#3632 = CIRCLE('',#3633,4.5E-02);
#3633 = AXIS2_PLACEMENT_3D('',#3634,#3635,#3636);
#3634 = CARTESIAN_POINT('',(0.745,0.6,4.5E-02));
#3635 = DIRECTION('',(0.,-1.,0.));
#3636 = DIRECTION('',(0.,0.,1.));
#3637 = ORIENTED_EDGE('',*,*,#3458,.T.);
#3638 = ORIENTED_EDGE('',*,*,#3450,.T.);
#3639 = ORIENTED_EDGE('',*,*,#3442,.F.);
#3640 = ORIENTED_EDGE('',*,*,#3641,.T.);
#3641 = EDGE_CURVE('',#3435,#3642,#3644,.T.);
#3642 = VERTEX_POINT('',#3643);
#3643 = CARTESIAN_POINT('',(0.745,0.6,0.45));
#3644 = CIRCLE('',#3645,4.5E-02);
#3645 = AXIS2_PLACEMENT_3D('',#3646,#3647,#3648);
#3646 = CARTESIAN_POINT('',(0.745,0.6,0.405));
#3647 = DIRECTION('',(0.,1.,0.));
#3648 = DIRECTION('',(0.,-0.,1.));
#3649 = ORIENTED_EDGE('',*,*,#3650,.T.);
#3650 = EDGE_CURVE('',#3642,#3651,#3653,.T.);
#3651 = VERTEX_POINT('',#3652);
#3652 = CARTESIAN_POINT('',(0.955,0.6,0.45));
#3653 = LINE('',#3654,#3655);
#3654 = CARTESIAN_POINT('',(0.7,0.6,0.45));
#3655 = VECTOR('',#3656,1.);
#3656 = DIRECTION('',(1.,0.,0.));
#3657 = ORIENTED_EDGE('',*,*,#3658,.F.);
#3658 = EDGE_CURVE('',#3659,#3651,#3661,.T.);
#3659 = VERTEX_POINT('',#3660);
#3660 = CARTESIAN_POINT('',(1.,0.6,0.405));
#3661 = CIRCLE('',#3662,4.5E-02);
#3662 = AXIS2_PLACEMENT_3D('',#3663,#3664,#3665);
#3663 = CARTESIAN_POINT('',(0.955,0.6,0.405));
#3664 = DIRECTION('',(0.,-1.,0.));
#3665 = DIRECTION('',(0.,0.,1.));
#3666 = ORIENTED_EDGE('',*,*,#3667,.F.);
#3667 = EDGE_CURVE('',#3668,#3659,#3670,.T.);
#3668 = VERTEX_POINT('',#3669);
#3669 = CARTESIAN_POINT('',(1.,0.6,4.5E-02));
#3670 = LINE('',#3671,#3672);
#3671 = CARTESIAN_POINT('',(1.,0.6,0.));
#3672 = VECTOR('',#3673,1.);
#3673 = DIRECTION('',(0.,0.,1.));
#3674 = ORIENTED_EDGE('',*,*,#3675,.T.);
#3675 = EDGE_CURVE('',#3668,#3624,#3676,.T.);
#3676 = CIRCLE('',#3677,4.5E-02);
#3677 = AXIS2_PLACEMENT_3D('',#3678,#3679,#3680);
#3678 = CARTESIAN_POINT('',(0.955,0.6,4.5E-02));
#3679 = DIRECTION('',(0.,1.,0.));
#3680 = DIRECTION('',(0.,-0.,1.));
#3681 = PLANE('',#3682);
#3682 = AXIS2_PLACEMENT_3D('',#3683,#3684,#3685);
#3683 = CARTESIAN_POINT('',(0.7,0.6,0.));
#3684 = DIRECTION('',(0.,1.,0.));
#3685 = DIRECTION('',(0.,-0.,1.));
#3686 = ADVANCED_FACE('',(#3687),#3705,.T.);
#3687 = FACE_BOUND('',#3688,.T.);
#3688 = EDGE_LOOP('',(#3689,#3690,#3691,#3699));
#3689 = ORIENTED_EDGE('',*,*,#3434,.F.);
#3690 = ORIENTED_EDGE('',*,*,#3599,.T.);
#3691 = ORIENTED_EDGE('',*,*,#3692,.T.);
#3692 = EDGE_CURVE('',#3600,#3693,#3695,.T.);
#3693 = VERTEX_POINT('',#3694);
#3694 = CARTESIAN_POINT('',(0.7,0.6,0.45));
#3695 = LINE('',#3696,#3697);
#3696 = CARTESIAN_POINT('',(-0.7,0.6,0.45));
#3697 = VECTOR('',#3698,1.);
#3698 = DIRECTION('',(1.,0.,0.));
#3699 = ORIENTED_EDGE('',*,*,#3700,.F.);
#3700 = EDGE_CURVE('',#3435,#3693,#3701,.T.);
#3701 = LINE('',#3702,#3703);
#3702 = CARTESIAN_POINT('',(0.7,0.6,0.405));
#3703 = VECTOR('',#3704,1.);
#3704 = DIRECTION('',(0.,0.,1.));
#3705 = PLANE('',#3706);
#3706 = AXIS2_PLACEMENT_3D('',#3707,#3708,#3709);
#3707 = CARTESIAN_POINT('',(-0.7,0.6,0.405));
#3708 = DIRECTION('',(0.,1.,0.));
#3709 = DIRECTION('',(0.,-0.,1.));
#3710 = ADVANCED_FACE('',(#3711),#3722,.T.);
#3711 = FACE_BOUND('',#3712,.T.);
#3712 = EDGE_LOOP('',(#3713,#3714,#3715,#3721));
#3713 = ORIENTED_EDGE('',*,*,#3482,.T.);
#3714 = ORIENTED_EDGE('',*,*,#3631,.T.);
#3715 = ORIENTED_EDGE('',*,*,#3716,.F.);
#3716 = EDGE_CURVE('',#3498,#3622,#3717,.T.);
#3717 = LINE('',#3718,#3719);
#3718 = CARTESIAN_POINT('',(0.745,-0.6,-2.775557561563E-17));
#3719 = VECTOR('',#3720,1.);
#3720 = DIRECTION('',(0.,1.,0.));
#3721 = ORIENTED_EDGE('',*,*,#3507,.F.);
#3722 = CYLINDRICAL_SURFACE('',#3723,4.5E-02);
#3723 = AXIS2_PLACEMENT_3D('',#3724,#3725,#3726);
#3724 = CARTESIAN_POINT('',(0.745,-0.6,4.5E-02));
#3725 = DIRECTION('',(0.,1.,0.));
#3726 = DIRECTION('',(-1.,0.,0.));
#3727 = ADVANCED_FACE('',(#3728),#3739,.F.);
#3728 = FACE_BOUND('',#3729,.F.);
#3729 = EDGE_LOOP('',(#3730,#3731,#3732,#3733));
#3730 = ORIENTED_EDGE('',*,*,#3621,.F.);
#3731 = ORIENTED_EDGE('',*,*,#3716,.F.);
#3732 = ORIENTED_EDGE('',*,*,#3497,.T.);
#3733 = ORIENTED_EDGE('',*,*,#3734,.T.);
#3734 = EDGE_CURVE('',#3500,#3624,#3735,.T.);
#3735 = LINE('',#3736,#3737);
#3736 = CARTESIAN_POINT('',(0.955,-0.6,-2.775557561563E-17));
#3737 = VECTOR('',#3738,1.);
#3738 = DIRECTION('',(0.,1.,0.));
#3739 = PLANE('',#3740);
#3740 = AXIS2_PLACEMENT_3D('',#3741,#3742,#3743);
#3741 = CARTESIAN_POINT('',(0.7,-0.6,0.));
#3742 = DIRECTION('',(0.,0.,1.));
#3743 = DIRECTION('',(1.,0.,-0.));
#3744 = ADVANCED_FACE('',(#3745),#3756,.T.);
#3745 = FACE_BOUND('',#3746,.T.);
#3746 = EDGE_LOOP('',(#3747,#3748,#3749,#3750));
#3747 = ORIENTED_EDGE('',*,*,#3551,.T.);
#3748 = ORIENTED_EDGE('',*,*,#3734,.T.);
#3749 = ORIENTED_EDGE('',*,*,#3675,.F.);
#3750 = ORIENTED_EDGE('',*,*,#3751,.F.);
#3751 = EDGE_CURVE('',#3544,#3668,#3752,.T.);
#3752 = LINE('',#3753,#3754);
#3753 = CARTESIAN_POINT('',(1.,-0.6,4.5E-02));
#3754 = VECTOR('',#3755,1.);
#3755 = DIRECTION('',(0.,1.,0.));
#3756 = CYLINDRICAL_SURFACE('',#3757,4.5E-02);
#3757 = AXIS2_PLACEMENT_3D('',#3758,#3759,#3760);
#3758 = CARTESIAN_POINT('',(0.955,-0.6,4.5E-02));
#3759 = DIRECTION('',(0.,1.,0.));
#3760 = DIRECTION('',(1.,0.,0.));
#3761 = ADVANCED_FACE('',(#3762),#3773,.T.);
#3762 = FACE_BOUND('',#3763,.T.);
#3763 = EDGE_LOOP('',(#3764,#3765,#3766,#3767));
#3764 = ORIENTED_EDGE('',*,*,#3543,.F.);
#3765 = ORIENTED_EDGE('',*,*,#3751,.T.);
#3766 = ORIENTED_EDGE('',*,*,#3667,.T.);
#3767 = ORIENTED_EDGE('',*,*,#3768,.F.);
#3768 = EDGE_CURVE('',#3535,#3659,#3769,.T.);
#3769 = LINE('',#3770,#3771);
#3770 = CARTESIAN_POINT('',(1.,-0.6,0.405));
#3771 = VECTOR('',#3772,1.);
#3772 = DIRECTION('',(0.,1.,0.));
#3773 = PLANE('',#3774);
#3774 = AXIS2_PLACEMENT_3D('',#3775,#3776,#3777);
#3775 = CARTESIAN_POINT('',(1.,-0.6,0.));
#3776 = DIRECTION('',(1.,0.,0.));
#3777 = DIRECTION('',(0.,0.,1.));
#3778 = ADVANCED_FACE('',(#3779),#3790,.T.);
#3779 = FACE_BOUND('',#3780,.T.);
#3780 = EDGE_LOOP('',(#3781,#3782,#3783,#3789));
#3781 = ORIENTED_EDGE('',*,*,#3768,.T.);
#3782 = ORIENTED_EDGE('',*,*,#3658,.T.);
#3783 = ORIENTED_EDGE('',*,*,#3784,.F.);
#3784 = EDGE_CURVE('',#3527,#3651,#3785,.T.);
#3785 = LINE('',#3786,#3787);
#3786 = CARTESIAN_POINT('',(0.955,-0.6,0.45));
#3787 = VECTOR('',#3788,1.);
#3788 = DIRECTION('',(0.,1.,0.));
#3789 = ORIENTED_EDGE('',*,*,#3534,.F.);
#3790 = CYLINDRICAL_SURFACE('',#3791,4.5E-02);
#3791 = AXIS2_PLACEMENT_3D('',#3792,#3793,#3794);
#3792 = CARTESIAN_POINT('',(0.955,-0.6,0.405));
#3793 = DIRECTION('',(0.,1.,0.));
#3794 = DIRECTION('',(1.,0.,0.));
#3795 = ADVANCED_FACE('',(#3796),#3807,.T.);
#3796 = FACE_BOUND('',#3797,.T.);
#3797 = EDGE_LOOP('',(#3798,#3799,#3805,#3806));
#3798 = ORIENTED_EDGE('',*,*,#3650,.F.);
#3799 = ORIENTED_EDGE('',*,*,#3800,.F.);
#3800 = EDGE_CURVE('',#3518,#3642,#3801,.T.);
#3801 = LINE('',#3802,#3803);
#3802 = CARTESIAN_POINT('',(0.745,-0.6,0.45));
#3803 = VECTOR('',#3804,1.);
#3804 = DIRECTION('',(0.,1.,0.));
#3805 = ORIENTED_EDGE('',*,*,#3526,.T.);
#3806 = ORIENTED_EDGE('',*,*,#3784,.T.);
#3807 = PLANE('',#3808);
#3808 = AXIS2_PLACEMENT_3D('',#3809,#3810,#3811);
#3809 = CARTESIAN_POINT('',(0.7,-0.6,0.45));
#3810 = DIRECTION('',(0.,0.,1.));
#3811 = DIRECTION('',(1.,0.,-0.));
#3812 = ADVANCED_FACE('',(#3813),#3824,.T.);
#3813 = FACE_BOUND('',#3814,.T.);
#3814 = EDGE_LOOP('',(#3815,#3816,#3817,#3818));
#3815 = ORIENTED_EDGE('',*,*,#3517,.T.);
#3816 = ORIENTED_EDGE('',*,*,#3800,.T.);
#3817 = ORIENTED_EDGE('',*,*,#3641,.F.);
#3818 = ORIENTED_EDGE('',*,*,#3819,.F.);
#3819 = EDGE_CURVE('',#3352,#3435,#3820,.T.);
#3820 = LINE('',#3821,#3822);
#3821 = CARTESIAN_POINT('',(0.7,-0.6,0.405));
#3822 = VECTOR('',#3823,1.);
#3823 = DIRECTION('',(0.,1.,0.));
#3824 = CYLINDRICAL_SURFACE('',#3825,4.5E-02);
#3825 = AXIS2_PLACEMENT_3D('',#3826,#3827,#3828);
#3826 = CARTESIAN_POINT('',(0.745,-0.6,0.405));
#3827 = DIRECTION('',(0.,1.,0.));
#3828 = DIRECTION('',(-1.,0.,0.));
#3829 = ADVANCED_FACE('',(#3830),#3841,.T.);
#3830 = FACE_BOUND('',#3831,.T.);
#3831 = EDGE_LOOP('',(#3832,#3833,#3834,#3835));
#3832 = ORIENTED_EDGE('',*,*,#3583,.F.);
#3833 = ORIENTED_EDGE('',*,*,#3819,.T.);
#3834 = ORIENTED_EDGE('',*,*,#3700,.T.);
#3835 = ORIENTED_EDGE('',*,*,#3836,.F.);
#3836 = EDGE_CURVE('',#3576,#3693,#3837,.T.);
#3837 = LINE('',#3838,#3839);
#3838 = CARTESIAN_POINT('',(0.7,-0.6,0.45));
#3839 = VECTOR('',#3840,1.);
#3840 = DIRECTION('',(0.,1.,0.));
#3841 = PLANE('',#3842);
#3842 = AXIS2_PLACEMENT_3D('',#3843,#3844,#3845);
#3843 = CARTESIAN_POINT('',(0.7,-0.6,0.405));
#3844 = DIRECTION('',(1.,0.,0.));
#3845 = DIRECTION('',(0.,0.,1.));
#3846 = ADVANCED_FACE('',(#3847),#3853,.T.);
#3847 = FACE_BOUND('',#3848,.T.);
#3848 = EDGE_LOOP('',(#3849,#3850,#3851,#3852));
#3849 = ORIENTED_EDGE('',*,*,#3607,.F.);
#3850 = ORIENTED_EDGE('',*,*,#3575,.T.);
#3851 = ORIENTED_EDGE('',*,*,#3836,.T.);
#3852 = ORIENTED_EDGE('',*,*,#3692,.F.);
#3853 = PLANE('',#3854);
#3854 = AXIS2_PLACEMENT_3D('',#3855,#3856,#3857);
#3855 = CARTESIAN_POINT('',(-0.7,-0.6,0.45));
#3856 = DIRECTION('',(0.,0.,1.));
#3857 = DIRECTION('',(1.,0.,-0.));
#3858 = ( GEOMETRIC_REPRESENTATION_CONTEXT(3) 
GLOBAL_UNCERTAINTY_ASSIGNED_CONTEXT((#3862)) 
GLOBAL_UNIT_ASSIGNED_CONTEXT((#3859,#3860,#3861)) REPRESENTATION_CONTEXT
('Context #1','3D Context with UNIT and UNCERTAINTY') );
#3859 = ( LENGTH_UNIT() NAMED_UNIT(*) SI_UNIT(.MILLI.,.METRE.) );
#3860 = ( NAMED_UNIT(*) PLANE_ANGLE_UNIT() SI_UNIT($,.RADIAN.) );
#3861 = ( NAMED_UNIT(*) SI_UNIT($,.STERADIAN.) SOLID_ANGLE_UNIT() );
#3862 = UNCERTAINTY_MEASURE_WITH_UNIT(LENGTH_MEASURE(1.E-07),#3859,
  'distance_accuracy_value','confusion accuracy');
#3863 = CONTEXT_DEPENDENT_SHAPE_REPRESENTATION(#3864,#3866);
#3864 = ( REPRESENTATION_RELATIONSHIP('','',#3067,#3044) 
REPRESENTATION_RELATIONSHIP_WITH_TRANSFORMATION(#3865) 
SHAPE_REPRESENTATION_RELATIONSHIP() );
#3865 = ITEM_DEFINED_TRANSFORMATION('','',#11,#3045);
#3866 = PRODUCT_DEFINITION_SHAPE('Placement','Placement of an item',
  #3867);
#3867 = NEXT_ASSEMBLY_USAGE_OCCURRENCE('13','=>[0:1:1:7]','',#3039,#3062
  ,$);
#3868 = PRODUCT_RELATED_PRODUCT_CATEGORY('part',$,(#3064));
#3869 = CONTEXT_DEPENDENT_SHAPE_REPRESENTATION(#3870,#3872);
#3870 = ( REPRESENTATION_RELATIONSHIP('','',#3044,#10) 
REPRESENTATION_RELATIONSHIP_WITH_TRANSFORMATION(#3871) 
SHAPE_REPRESENTATION_RELATIONSHIP() );
#3871 = ITEM_DEFINED_TRANSFORMATION('','',#11,#59);
#3872 = PRODUCT_DEFINITION_SHAPE('Placement','Placement of an item',
  #3873);
#3873 = NEXT_ASSEMBLY_USAGE_OCCURRENCE('15','R3','',#5,#3039,$);
#3874 = CONTEXT_DEPENDENT_SHAPE_REPRESENTATION(#3875,#3877);
#3875 = ( REPRESENTATION_RELATIONSHIP('','',#3044,#10) 
REPRESENTATION_RELATIONSHIP_WITH_TRANSFORMATION(#3876) 
SHAPE_REPRESENTATION_RELATIONSHIP() );
#3876 = ITEM_DEFINED_TRANSFORMATION('','',#11,#63);
#3877 = PRODUCT_DEFINITION_SHAPE('Placement','Placement of an item',
  #3878);
#3878 = NEXT_ASSEMBLY_USAGE_OCCURRENCE('16','R1','',#5,#3039,$);
#3879 = SHAPE_DEFINITION_REPRESENTATION(#3880,#3886);
#3880 = PRODUCT_DEFINITION_SHAPE('','',#3881);
#3881 = PRODUCT_DEFINITION('design','',#3882,#3885);
#3882 = PRODUCT_DEFINITION_FORMATION('','',#3883);
#3883 = PRODUCT('MouB548_PCB','MouB548_PCB','',(#3884));
#3884 = PRODUCT_CONTEXT('',#2,'mechanical');
#3885 = PRODUCT_DEFINITION_CONTEXT('part definition',#2,'design');
#3886 = ADVANCED_BREP_SHAPE_REPRESENTATION('',(#11,#3887),#6169);
#3887 = MANIFOLD_SOLID_BREP('',#3888);
#3888 = CLOSED_SHELL('',(#3889,#3929,#3960,#3991,#4598,#5205,#5217,#5234
    ,#5251,#5268,#5285,#5302,#5319,#5336,#5353,#5370,#5387,#5404,#5421,
    #5438,#5455,#5472,#5489,#5506,#5523,#5540,#5557,#5579,#5596,#5613,
    #5625,#5642,#5659,#5676,#5693,#5710,#5727,#5744,#5761,#5778,#5795,
    #5812,#5829,#5846,#5863,#5880,#5897,#5914,#5931,#5953,#5970,#5987,
    #5999,#6016,#6033,#6055,#6072,#6089,#6101,#6118,#6135,#6152));
#3889 = ADVANCED_FACE('',(#3890),#3924,.T.);
#3890 = FACE_BOUND('',#3891,.T.);
#3891 = EDGE_LOOP('',(#3892,#3902,#3910,#3918));
#3892 = ORIENTED_EDGE('',*,*,#3893,.T.);
#3893 = EDGE_CURVE('',#3894,#3896,#3898,.T.);
#3894 = VERTEX_POINT('',#3895);
#3895 = CARTESIAN_POINT('',(164.,-122.,0.));
#3896 = VERTEX_POINT('',#3897);
#3897 = CARTESIAN_POINT('',(164.,-122.,1.51));
#3898 = LINE('',#3899,#3900);
#3899 = CARTESIAN_POINT('',(164.,-122.,0.));
#3900 = VECTOR('',#3901,1.);
#3901 = DIRECTION('',(0.,0.,1.));
#3902 = ORIENTED_EDGE('',*,*,#3903,.T.);
#3903 = EDGE_CURVE('',#3896,#3904,#3906,.T.);
#3904 = VERTEX_POINT('',#3905);
#3905 = CARTESIAN_POINT('',(116.,-122.,1.51));
#3906 = LINE('',#3907,#3908);
#3907 = CARTESIAN_POINT('',(164.,-122.,1.51));
#3908 = VECTOR('',#3909,1.);
#3909 = DIRECTION('',(-1.,0.,0.));
#3910 = ORIENTED_EDGE('',*,*,#3911,.F.);
#3911 = EDGE_CURVE('',#3912,#3904,#3914,.T.);
#3912 = VERTEX_POINT('',#3913);
#3913 = CARTESIAN_POINT('',(116.,-122.,0.));
#3914 = LINE('',#3915,#3916);
#3915 = CARTESIAN_POINT('',(116.,-122.,0.));
#3916 = VECTOR('',#3917,1.);
#3917 = DIRECTION('',(0.,0.,1.));
#3918 = ORIENTED_EDGE('',*,*,#3919,.F.);
#3919 = EDGE_CURVE('',#3894,#3912,#3920,.T.);
#3920 = LINE('',#3921,#3922);
#3921 = CARTESIAN_POINT('',(164.,-122.,0.));
#3922 = VECTOR('',#3923,1.);
#3923 = DIRECTION('',(-1.,0.,0.));
#3924 = PLANE('',#3925);
#3925 = AXIS2_PLACEMENT_3D('',#3926,#3927,#3928);
#3926 = CARTESIAN_POINT('',(164.,-122.,0.));
#3927 = DIRECTION('',(0.,-1.,0.));
#3928 = DIRECTION('',(-1.,0.,0.));
#3929 = ADVANCED_FACE('',(#3930),#3955,.T.);
#3930 = FACE_BOUND('',#3931,.T.);
#3931 = EDGE_LOOP('',(#3932,#3942,#3948,#3949));
#3932 = ORIENTED_EDGE('',*,*,#3933,.T.);
#3933 = EDGE_CURVE('',#3934,#3936,#3938,.T.);
#3934 = VERTEX_POINT('',#3935);
#3935 = CARTESIAN_POINT('',(164.,-56.,0.));
#3936 = VERTEX_POINT('',#3937);
#3937 = CARTESIAN_POINT('',(164.,-56.,1.51));
#3938 = LINE('',#3939,#3940);
#3939 = CARTESIAN_POINT('',(164.,-56.,0.));
#3940 = VECTOR('',#3941,1.);
#3941 = DIRECTION('',(0.,0.,1.));
#3942 = ORIENTED_EDGE('',*,*,#3943,.T.);
#3943 = EDGE_CURVE('',#3936,#3896,#3944,.T.);
#3944 = LINE('',#3945,#3946);
#3945 = CARTESIAN_POINT('',(164.,-56.,1.51));
#3946 = VECTOR('',#3947,1.);
#3947 = DIRECTION('',(0.,-1.,0.));
#3948 = ORIENTED_EDGE('',*,*,#3893,.F.);
#3949 = ORIENTED_EDGE('',*,*,#3950,.F.);
#3950 = EDGE_CURVE('',#3934,#3894,#3951,.T.);
#3951 = LINE('',#3952,#3953);
#3952 = CARTESIAN_POINT('',(164.,-56.,0.));
#3953 = VECTOR('',#3954,1.);
#3954 = DIRECTION('',(0.,-1.,0.));
#3955 = PLANE('',#3956);
#3956 = AXIS2_PLACEMENT_3D('',#3957,#3958,#3959);
#3957 = CARTESIAN_POINT('',(164.,-56.,0.));
#3958 = DIRECTION('',(1.,0.,-0.));
#3959 = DIRECTION('',(0.,-1.,0.));
#3960 = ADVANCED_FACE('',(#3961),#3986,.T.);
#3961 = FACE_BOUND('',#3962,.T.);
#3962 = EDGE_LOOP('',(#3963,#3964,#3972,#3980));
#3963 = ORIENTED_EDGE('',*,*,#3911,.T.);
#3964 = ORIENTED_EDGE('',*,*,#3965,.T.);
#3965 = EDGE_CURVE('',#3904,#3966,#3968,.T.);
#3966 = VERTEX_POINT('',#3967);
#3967 = CARTESIAN_POINT('',(116.,-56.,1.51));
#3968 = LINE('',#3969,#3970);
#3969 = CARTESIAN_POINT('',(116.,-122.,1.51));
#3970 = VECTOR('',#3971,1.);
#3971 = DIRECTION('',(0.,1.,0.));
#3972 = ORIENTED_EDGE('',*,*,#3973,.F.);
#3973 = EDGE_CURVE('',#3974,#3966,#3976,.T.);
#3974 = VERTEX_POINT('',#3975);
#3975 = CARTESIAN_POINT('',(116.,-56.,0.));
#3976 = LINE('',#3977,#3978);
#3977 = CARTESIAN_POINT('',(116.,-56.,0.));
#3978 = VECTOR('',#3979,1.);
#3979 = DIRECTION('',(0.,0.,1.));
#3980 = ORIENTED_EDGE('',*,*,#3981,.F.);
#3981 = EDGE_CURVE('',#3912,#3974,#3982,.T.);
#3982 = LINE('',#3983,#3984);
#3983 = CARTESIAN_POINT('',(116.,-122.,0.));
#3984 = VECTOR('',#3985,1.);
#3985 = DIRECTION('',(0.,1.,0.));
#3986 = PLANE('',#3987);
#3987 = AXIS2_PLACEMENT_3D('',#3988,#3989,#3990);
#3988 = CARTESIAN_POINT('',(116.,-122.,0.));
#3989 = DIRECTION('',(-1.,0.,0.));
#3990 = DIRECTION('',(0.,1.,0.));
#3991 = ADVANCED_FACE('',(#3992,#4003,#4014,#4025,#4036,#4047,#4058,
    #4069,#4080,#4091,#4102,#4113,#4124,#4135,#4146,#4157,#4168,#4179,
    #4190,#4201,#4212,#4223,#4257,#4268,#4279,#4290,#4301,#4312,#4323,
    #4334,#4345,#4356,#4367,#4378,#4389,#4400,#4411,#4422,#4433,#4444,
    #4455,#4491,#4502,#4513,#4549,#4560,#4571,#4582),#4593,.F.);
#3992 = FACE_BOUND('',#3993,.F.);
#3993 = EDGE_LOOP('',(#3994,#3995,#3996,#4002));
#3994 = ORIENTED_EDGE('',*,*,#3919,.F.);
#3995 = ORIENTED_EDGE('',*,*,#3950,.F.);
#3996 = ORIENTED_EDGE('',*,*,#3997,.F.);
#3997 = EDGE_CURVE('',#3974,#3934,#3998,.T.);
#3998 = LINE('',#3999,#4000);
#3999 = CARTESIAN_POINT('',(116.,-56.,0.));
#4000 = VECTOR('',#4001,1.);
#4001 = DIRECTION('',(1.,0.,0.));
#4002 = ORIENTED_EDGE('',*,*,#3981,.F.);
#4003 = FACE_BOUND('',#4004,.F.);
#4004 = EDGE_LOOP('',(#4005));
#4005 = ORIENTED_EDGE('',*,*,#4006,.T.);
#4006 = EDGE_CURVE('',#4007,#4007,#4009,.T.);
#4007 = VERTEX_POINT('',#4008);
#4008 = CARTESIAN_POINT('',(132.38,-119.1085,0.));
#4009 = CIRCLE('',#4010,0.425);
#4010 = AXIS2_PLACEMENT_3D('',#4011,#4012,#4013);
#4011 = CARTESIAN_POINT('',(132.38,-118.6835,0.));
#4012 = DIRECTION('',(-0.,0.,-1.));
#4013 = DIRECTION('',(-0.,-1.,0.));
#4014 = FACE_BOUND('',#4015,.F.);
#4015 = EDGE_LOOP('',(#4016));
#4016 = ORIENTED_EDGE('',*,*,#4017,.T.);
#4017 = EDGE_CURVE('',#4018,#4018,#4020,.T.);
#4018 = VERTEX_POINT('',#4019);
#4019 = CARTESIAN_POINT('',(132.38,-116.5685,0.));
#4020 = CIRCLE('',#4021,0.425);
#4021 = AXIS2_PLACEMENT_3D('',#4022,#4023,#4024);
#4022 = CARTESIAN_POINT('',(132.38,-116.1435,0.));
#4023 = DIRECTION('',(-0.,0.,-1.));
#4024 = DIRECTION('',(-0.,-1.,0.));
#4025 = FACE_BOUND('',#4026,.F.);
#4026 = EDGE_LOOP('',(#4027));
#4027 = ORIENTED_EDGE('',*,*,#4028,.T.);
#4028 = EDGE_CURVE('',#4029,#4029,#4031,.T.);
#4029 = VERTEX_POINT('',#4030);
#4030 = CARTESIAN_POINT('',(132.38,-114.0285,0.));
#4031 = CIRCLE('',#4032,0.425);
#4032 = AXIS2_PLACEMENT_3D('',#4033,#4034,#4035);
#4033 = CARTESIAN_POINT('',(132.38,-113.6035,0.));
#4034 = DIRECTION('',(-0.,0.,-1.));
#4035 = DIRECTION('',(-0.,-1.,0.));
#4036 = FACE_BOUND('',#4037,.F.);
#4037 = EDGE_LOOP('',(#4038));
#4038 = ORIENTED_EDGE('',*,*,#4039,.T.);
#4039 = EDGE_CURVE('',#4040,#4040,#4042,.T.);
#4040 = VERTEX_POINT('',#4041);
#4041 = CARTESIAN_POINT('',(132.38,-111.4885,0.));
#4042 = CIRCLE('',#4043,0.425);
#4043 = AXIS2_PLACEMENT_3D('',#4044,#4045,#4046);
#4044 = CARTESIAN_POINT('',(132.38,-111.0635,0.));
#4045 = DIRECTION('',(-0.,0.,-1.));
#4046 = DIRECTION('',(-0.,-1.,0.));
#4047 = FACE_BOUND('',#4048,.F.);
#4048 = EDGE_LOOP('',(#4049));
#4049 = ORIENTED_EDGE('',*,*,#4050,.T.);
#4050 = EDGE_CURVE('',#4051,#4051,#4053,.T.);
#4051 = VERTEX_POINT('',#4052);
#4052 = CARTESIAN_POINT('',(132.38,-108.9485,0.));
#4053 = CIRCLE('',#4054,0.425);
#4054 = AXIS2_PLACEMENT_3D('',#4055,#4056,#4057);
#4055 = CARTESIAN_POINT('',(132.38,-108.5235,0.));
#4056 = DIRECTION('',(-0.,0.,-1.));
#4057 = DIRECTION('',(-0.,-1.,0.));
#4058 = FACE_BOUND('',#4059,.F.);
#4059 = EDGE_LOOP('',(#4060));
#4060 = ORIENTED_EDGE('',*,*,#4061,.T.);
#4061 = EDGE_CURVE('',#4062,#4062,#4064,.T.);
#4062 = VERTEX_POINT('',#4063);
#4063 = CARTESIAN_POINT('',(132.38,-106.4085,0.));
#4064 = CIRCLE('',#4065,0.425);
#4065 = AXIS2_PLACEMENT_3D('',#4066,#4067,#4068);
#4066 = CARTESIAN_POINT('',(132.38,-105.9835,0.));
#4067 = DIRECTION('',(-0.,0.,-1.));
#4068 = DIRECTION('',(-0.,-1.,0.));
#4069 = FACE_BOUND('',#4070,.F.);
#4070 = EDGE_LOOP('',(#4071));
#4071 = ORIENTED_EDGE('',*,*,#4072,.T.);
#4072 = EDGE_CURVE('',#4073,#4073,#4075,.T.);
#4073 = VERTEX_POINT('',#4074);
#4074 = CARTESIAN_POINT('',(132.38,-103.8685,0.));
#4075 = CIRCLE('',#4076,0.425);
#4076 = AXIS2_PLACEMENT_3D('',#4077,#4078,#4079);
#4077 = CARTESIAN_POINT('',(132.38,-103.4435,0.));
#4078 = DIRECTION('',(-0.,0.,-1.));
#4079 = DIRECTION('',(-0.,-1.,0.));
#4080 = FACE_BOUND('',#4081,.F.);
#4081 = EDGE_LOOP('',(#4082));
#4082 = ORIENTED_EDGE('',*,*,#4083,.T.);
#4083 = EDGE_CURVE('',#4084,#4084,#4086,.T.);
#4084 = VERTEX_POINT('',#4085);
#4085 = CARTESIAN_POINT('',(134.65,-96.135,0.));
#4086 = CIRCLE('',#4087,0.35);
#4087 = AXIS2_PLACEMENT_3D('',#4088,#4089,#4090);
#4088 = CARTESIAN_POINT('',(134.65,-95.785,0.));
#4089 = DIRECTION('',(-0.,0.,-1.));
#4090 = DIRECTION('',(-0.,-1.,0.));
#4091 = FACE_BOUND('',#4092,.F.);
#4092 = EDGE_LOOP('',(#4093));
#4093 = ORIENTED_EDGE('',*,*,#4094,.T.);
#4094 = EDGE_CURVE('',#4095,#4095,#4097,.T.);
#4095 = VERTEX_POINT('',#4096);
#4096 = CARTESIAN_POINT('',(134.65,-94.355,0.));
#4097 = CIRCLE('',#4098,0.35);
#4098 = AXIS2_PLACEMENT_3D('',#4099,#4100,#4101);
#4099 = CARTESIAN_POINT('',(134.65,-94.005,0.));
#4100 = DIRECTION('',(-0.,0.,-1.));
#4101 = DIRECTION('',(-0.,-1.,0.));
#4102 = FACE_BOUND('',#4103,.F.);
#4103 = EDGE_LOOP('',(#4104));
#4104 = ORIENTED_EDGE('',*,*,#4105,.T.);
#4105 = EDGE_CURVE('',#4106,#4106,#4108,.T.);
#4106 = VERTEX_POINT('',#4107);
#4107 = CARTESIAN_POINT('',(134.65,-92.575,0.));
#4108 = CIRCLE('',#4109,0.35);
#4109 = AXIS2_PLACEMENT_3D('',#4110,#4111,#4112);
#4110 = CARTESIAN_POINT('',(134.65,-92.225,0.));
#4111 = DIRECTION('',(-0.,0.,-1.));
#4112 = DIRECTION('',(-0.,-1.,0.));
#4113 = FACE_BOUND('',#4114,.F.);
#4114 = EDGE_LOOP('',(#4115));
#4115 = ORIENTED_EDGE('',*,*,#4116,.T.);
#4116 = EDGE_CURVE('',#4117,#4117,#4119,.T.);
#4117 = VERTEX_POINT('',#4118);
#4118 = CARTESIAN_POINT('',(134.65,-90.795,0.));
#4119 = CIRCLE('',#4120,0.35);
#4120 = AXIS2_PLACEMENT_3D('',#4121,#4122,#4123);
#4121 = CARTESIAN_POINT('',(134.65,-90.445,0.));
#4122 = DIRECTION('',(-0.,0.,-1.));
#4123 = DIRECTION('',(-0.,-1.,0.));
#4124 = FACE_BOUND('',#4125,.F.);
#4125 = EDGE_LOOP('',(#4126));
#4126 = ORIENTED_EDGE('',*,*,#4127,.T.);
#4127 = EDGE_CURVE('',#4128,#4128,#4130,.T.);
#4128 = VERTEX_POINT('',#4129);
#4129 = CARTESIAN_POINT('',(140.,-119.1,0.));
#4130 = CIRCLE('',#4131,1.1);
#4131 = AXIS2_PLACEMENT_3D('',#4132,#4133,#4134);
#4132 = CARTESIAN_POINT('',(140.,-118.,0.));
#4133 = DIRECTION('',(-0.,0.,-1.));
#4134 = DIRECTION('',(-0.,-1.,0.));
#4135 = FACE_BOUND('',#4136,.F.);
#4136 = EDGE_LOOP('',(#4137));
#4137 = ORIENTED_EDGE('',*,*,#4138,.T.);
#4138 = EDGE_CURVE('',#4139,#4139,#4141,.T.);
#4139 = VERTEX_POINT('',#4140);
#4140 = CARTESIAN_POINT('',(147.62,-119.1085,0.));
#4141 = CIRCLE('',#4142,0.425);
#4142 = AXIS2_PLACEMENT_3D('',#4143,#4144,#4145);
#4143 = CARTESIAN_POINT('',(147.62,-118.6835,0.));
#4144 = DIRECTION('',(-0.,0.,-1.));
#4145 = DIRECTION('',(-0.,-1.,0.));
#4146 = FACE_BOUND('',#4147,.F.);
#4147 = EDGE_LOOP('',(#4148));
#4148 = ORIENTED_EDGE('',*,*,#4149,.T.);
#4149 = EDGE_CURVE('',#4150,#4150,#4152,.T.);
#4150 = VERTEX_POINT('',#4151);
#4151 = CARTESIAN_POINT('',(147.62,-116.5685,0.));
#4152 = CIRCLE('',#4153,0.425);
#4153 = AXIS2_PLACEMENT_3D('',#4154,#4155,#4156);
#4154 = CARTESIAN_POINT('',(147.62,-116.1435,0.));
#4155 = DIRECTION('',(-0.,0.,-1.));
#4156 = DIRECTION('',(-0.,-1.,0.));
#4157 = FACE_BOUND('',#4158,.F.);
#4158 = EDGE_LOOP('',(#4159));
#4159 = ORIENTED_EDGE('',*,*,#4160,.T.);
#4160 = EDGE_CURVE('',#4161,#4161,#4163,.T.);
#4161 = VERTEX_POINT('',#4162);
#4162 = CARTESIAN_POINT('',(147.62,-114.0285,0.));
#4163 = CIRCLE('',#4164,0.425);
#4164 = AXIS2_PLACEMENT_3D('',#4165,#4166,#4167);
#4165 = CARTESIAN_POINT('',(147.62,-113.6035,0.));
#4166 = DIRECTION('',(-0.,0.,-1.));
#4167 = DIRECTION('',(-0.,-1.,0.));
#4168 = FACE_BOUND('',#4169,.F.);
#4169 = EDGE_LOOP('',(#4170));
#4170 = ORIENTED_EDGE('',*,*,#4171,.T.);
#4171 = EDGE_CURVE('',#4172,#4172,#4174,.T.);
#4172 = VERTEX_POINT('',#4173);
#4173 = CARTESIAN_POINT('',(147.62,-111.4885,0.));
#4174 = CIRCLE('',#4175,0.425);
#4175 = AXIS2_PLACEMENT_3D('',#4176,#4177,#4178);
#4176 = CARTESIAN_POINT('',(147.62,-111.0635,0.));
#4177 = DIRECTION('',(-0.,0.,-1.));
#4178 = DIRECTION('',(-0.,-1.,0.));
#4179 = FACE_BOUND('',#4180,.F.);
#4180 = EDGE_LOOP('',(#4181));
#4181 = ORIENTED_EDGE('',*,*,#4182,.T.);
#4182 = EDGE_CURVE('',#4183,#4183,#4185,.T.);
#4183 = VERTEX_POINT('',#4184);
#4184 = CARTESIAN_POINT('',(147.62,-108.9485,0.));
#4185 = CIRCLE('',#4186,0.425);
#4186 = AXIS2_PLACEMENT_3D('',#4187,#4188,#4189);
#4187 = CARTESIAN_POINT('',(147.62,-108.5235,0.));
#4188 = DIRECTION('',(-0.,0.,-1.));
#4189 = DIRECTION('',(-0.,-1.,0.));
#4190 = FACE_BOUND('',#4191,.F.);
#4191 = EDGE_LOOP('',(#4192));
#4192 = ORIENTED_EDGE('',*,*,#4193,.T.);
#4193 = EDGE_CURVE('',#4194,#4194,#4196,.T.);
#4194 = VERTEX_POINT('',#4195);
#4195 = CARTESIAN_POINT('',(147.62,-106.4085,0.));
#4196 = CIRCLE('',#4197,0.425);
#4197 = AXIS2_PLACEMENT_3D('',#4198,#4199,#4200);
#4198 = CARTESIAN_POINT('',(147.62,-105.9835,0.));
#4199 = DIRECTION('',(-0.,0.,-1.));
#4200 = DIRECTION('',(-0.,-1.,0.));
#4201 = FACE_BOUND('',#4202,.F.);
#4202 = EDGE_LOOP('',(#4203));
#4203 = ORIENTED_EDGE('',*,*,#4204,.T.);
#4204 = EDGE_CURVE('',#4205,#4205,#4207,.T.);
#4205 = VERTEX_POINT('',#4206);
#4206 = CARTESIAN_POINT('',(147.62,-103.8685,0.));
#4207 = CIRCLE('',#4208,0.425);
#4208 = AXIS2_PLACEMENT_3D('',#4209,#4210,#4211);
#4209 = CARTESIAN_POINT('',(147.62,-103.4435,0.));
#4210 = DIRECTION('',(-0.,0.,-1.));
#4211 = DIRECTION('',(-0.,-1.,0.));
#4212 = FACE_BOUND('',#4213,.F.);
#4213 = EDGE_LOOP('',(#4214));
#4214 = ORIENTED_EDGE('',*,*,#4215,.T.);
#4215 = EDGE_CURVE('',#4216,#4216,#4218,.T.);
#4216 = VERTEX_POINT('',#4217);
#4217 = CARTESIAN_POINT('',(145.35,-97.025,0.));
#4218 = CIRCLE('',#4219,0.35);
#4219 = AXIS2_PLACEMENT_3D('',#4220,#4221,#4222);
#4220 = CARTESIAN_POINT('',(145.35,-96.675,0.));
#4221 = DIRECTION('',(-0.,0.,-1.));
#4222 = DIRECTION('',(-0.,-1.,0.));
#4223 = FACE_BOUND('',#4224,.F.);
#4224 = EDGE_LOOP('',(#4225,#4235,#4243,#4251));
#4225 = ORIENTED_EDGE('',*,*,#4226,.F.);
#4226 = EDGE_CURVE('',#4227,#4229,#4231,.T.);
#4227 = VERTEX_POINT('',#4228);
#4228 = CARTESIAN_POINT('',(135.555,-97.9375,0.));
#4229 = VERTEX_POINT('',#4230);
#4230 = CARTESIAN_POINT('',(144.445,-97.9375,0.));
#4231 = LINE('',#4232,#4233);
#4232 = CARTESIAN_POINT('',(135.555,-97.9375,0.));
#4233 = VECTOR('',#4234,1.);
#4234 = DIRECTION('',(1.,0.,0.));
#4235 = ORIENTED_EDGE('',*,*,#4236,.F.);
#4236 = EDGE_CURVE('',#4237,#4227,#4239,.T.);
#4237 = VERTEX_POINT('',#4238);
#4238 = CARTESIAN_POINT('',(135.555,-82.0625,0.));
#4239 = LINE('',#4240,#4241);
#4240 = CARTESIAN_POINT('',(135.555,-82.0625,0.));
#4241 = VECTOR('',#4242,1.);
#4242 = DIRECTION('',(0.,-1.,0.));
#4243 = ORIENTED_EDGE('',*,*,#4244,.F.);
#4244 = EDGE_CURVE('',#4245,#4237,#4247,.T.);
#4245 = VERTEX_POINT('',#4246);
#4246 = CARTESIAN_POINT('',(144.445,-82.0625,0.));
#4247 = LINE('',#4248,#4249);
#4248 = CARTESIAN_POINT('',(144.445,-82.0625,0.));
#4249 = VECTOR('',#4250,1.);
#4250 = DIRECTION('',(-1.,0.,0.));
#4251 = ORIENTED_EDGE('',*,*,#4252,.F.);
#4252 = EDGE_CURVE('',#4229,#4245,#4253,.T.);
#4253 = LINE('',#4254,#4255);
#4254 = CARTESIAN_POINT('',(144.445,-97.9375,0.));
#4255 = VECTOR('',#4256,1.);
#4256 = DIRECTION('',(0.,1.,0.));
#4257 = FACE_BOUND('',#4258,.F.);
#4258 = EDGE_LOOP('',(#4259));
#4259 = ORIENTED_EDGE('',*,*,#4260,.T.);
#4260 = EDGE_CURVE('',#4261,#4261,#4263,.T.);
#4261 = VERTEX_POINT('',#4262);
#4262 = CARTESIAN_POINT('',(145.35,-95.245,0.));
#4263 = CIRCLE('',#4264,0.35);
#4264 = AXIS2_PLACEMENT_3D('',#4265,#4266,#4267);
#4265 = CARTESIAN_POINT('',(145.35,-94.895,0.));
#4266 = DIRECTION('',(-0.,0.,-1.));
#4267 = DIRECTION('',(-0.,-1.,0.));
#4268 = FACE_BOUND('',#4269,.F.);
#4269 = EDGE_LOOP('',(#4270));
#4270 = ORIENTED_EDGE('',*,*,#4271,.T.);
#4271 = EDGE_CURVE('',#4272,#4272,#4274,.T.);
#4272 = VERTEX_POINT('',#4273);
#4273 = CARTESIAN_POINT('',(145.35,-93.465,0.));
#4274 = CIRCLE('',#4275,0.35);
#4275 = AXIS2_PLACEMENT_3D('',#4276,#4277,#4278);
#4276 = CARTESIAN_POINT('',(145.35,-93.115,0.));
#4277 = DIRECTION('',(-0.,0.,-1.));
#4278 = DIRECTION('',(-0.,-1.,0.));
#4279 = FACE_BOUND('',#4280,.F.);
#4280 = EDGE_LOOP('',(#4281));
#4281 = ORIENTED_EDGE('',*,*,#4282,.T.);
#4282 = EDGE_CURVE('',#4283,#4283,#4285,.T.);
#4283 = VERTEX_POINT('',#4284);
#4284 = CARTESIAN_POINT('',(145.35,-91.685,0.));
#4285 = CIRCLE('',#4286,0.35);
#4286 = AXIS2_PLACEMENT_3D('',#4287,#4288,#4289);
#4287 = CARTESIAN_POINT('',(145.35,-91.335,0.));
#4288 = DIRECTION('',(-0.,0.,-1.));
#4289 = DIRECTION('',(-0.,-1.,0.));
#4290 = FACE_BOUND('',#4291,.F.);
#4291 = EDGE_LOOP('',(#4292));
#4292 = ORIENTED_EDGE('',*,*,#4293,.T.);
#4293 = EDGE_CURVE('',#4294,#4294,#4296,.T.);
#4294 = VERTEX_POINT('',#4295);
#4295 = CARTESIAN_POINT('',(145.35,-89.905,0.));
#4296 = CIRCLE('',#4297,0.35);
#4297 = AXIS2_PLACEMENT_3D('',#4298,#4299,#4300);
#4298 = CARTESIAN_POINT('',(145.35,-89.555,0.));
#4299 = DIRECTION('',(-0.,0.,-1.));
#4300 = DIRECTION('',(-0.,-1.,0.));
#4301 = FACE_BOUND('',#4302,.F.);
#4302 = EDGE_LOOP('',(#4303));
#4303 = ORIENTED_EDGE('',*,*,#4304,.T.);
#4304 = EDGE_CURVE('',#4305,#4305,#4307,.T.);
#4305 = VERTEX_POINT('',#4306);
#4306 = CARTESIAN_POINT('',(124.,-75.75,0.));
#4307 = CIRCLE('',#4308,0.75);
#4308 = AXIS2_PLACEMENT_3D('',#4309,#4310,#4311);
#4309 = CARTESIAN_POINT('',(124.,-75.,0.));
#4310 = DIRECTION('',(-0.,0.,-1.));
#4311 = DIRECTION('',(-0.,-1.,0.));
#4312 = FACE_BOUND('',#4313,.F.);
#4313 = EDGE_LOOP('',(#4314));
#4314 = ORIENTED_EDGE('',*,*,#4315,.T.);
#4315 = EDGE_CURVE('',#4316,#4316,#4318,.T.);
#4316 = VERTEX_POINT('',#4317);
#4317 = CARTESIAN_POINT('',(134.65,-89.015,0.));
#4318 = CIRCLE('',#4319,0.35);
#4319 = AXIS2_PLACEMENT_3D('',#4320,#4321,#4322);
#4320 = CARTESIAN_POINT('',(134.65,-88.665,0.));
#4321 = DIRECTION('',(-0.,0.,-1.));
#4322 = DIRECTION('',(-0.,-1.,0.));
#4323 = FACE_BOUND('',#4324,.F.);
#4324 = EDGE_LOOP('',(#4325));
#4325 = ORIENTED_EDGE('',*,*,#4326,.T.);
#4326 = EDGE_CURVE('',#4327,#4327,#4329,.T.);
#4327 = VERTEX_POINT('',#4328);
#4328 = CARTESIAN_POINT('',(134.65,-87.235,0.));
#4329 = CIRCLE('',#4330,0.35);
#4330 = AXIS2_PLACEMENT_3D('',#4331,#4332,#4333);
#4331 = CARTESIAN_POINT('',(134.65,-86.885,0.));
#4332 = DIRECTION('',(-0.,0.,-1.));
#4333 = DIRECTION('',(-0.,-1.,0.));
#4334 = FACE_BOUND('',#4335,.F.);
#4335 = EDGE_LOOP('',(#4336));
#4336 = ORIENTED_EDGE('',*,*,#4337,.T.);
#4337 = EDGE_CURVE('',#4338,#4338,#4340,.T.);
#4338 = VERTEX_POINT('',#4339);
#4339 = CARTESIAN_POINT('',(134.65,-85.455,0.));
#4340 = CIRCLE('',#4341,0.35);
#4341 = AXIS2_PLACEMENT_3D('',#4342,#4343,#4344);
#4342 = CARTESIAN_POINT('',(134.65,-85.105,0.));
#4343 = DIRECTION('',(-0.,0.,-1.));
#4344 = DIRECTION('',(-0.,-1.,0.));
#4345 = FACE_BOUND('',#4346,.F.);
#4346 = EDGE_LOOP('',(#4347));
#4347 = ORIENTED_EDGE('',*,*,#4348,.T.);
#4348 = EDGE_CURVE('',#4349,#4349,#4351,.T.);
#4349 = VERTEX_POINT('',#4350);
#4350 = CARTESIAN_POINT('',(134.65,-83.675,0.));
#4351 = CIRCLE('',#4352,0.35);
#4352 = AXIS2_PLACEMENT_3D('',#4353,#4354,#4355);
#4353 = CARTESIAN_POINT('',(134.65,-83.325,0.));
#4354 = DIRECTION('',(-0.,0.,-1.));
#4355 = DIRECTION('',(-0.,-1.,0.));
#4356 = FACE_BOUND('',#4357,.F.);
#4357 = EDGE_LOOP('',(#4358));
#4358 = ORIENTED_EDGE('',*,*,#4359,.T.);
#4359 = EDGE_CURVE('',#4360,#4360,#4362,.T.);
#4360 = VERTEX_POINT('',#4361);
#4361 = CARTESIAN_POINT('',(132.5,-75.,0.));
#4362 = CIRCLE('',#4363,0.5);
#4363 = AXIS2_PLACEMENT_3D('',#4364,#4365,#4366);
#4364 = CARTESIAN_POINT('',(132.5,-74.5,0.));
#4365 = DIRECTION('',(-0.,0.,-1.));
#4366 = DIRECTION('',(-0.,-1.,0.));
#4367 = FACE_BOUND('',#4368,.F.);
#4368 = EDGE_LOOP('',(#4369));
#4369 = ORIENTED_EDGE('',*,*,#4370,.T.);
#4370 = EDGE_CURVE('',#4371,#4371,#4373,.T.);
#4371 = VERTEX_POINT('',#4372);
#4372 = CARTESIAN_POINT('',(124.,-70.67,0.));
#4373 = CIRCLE('',#4374,0.75);
#4374 = AXIS2_PLACEMENT_3D('',#4375,#4376,#4377);
#4375 = CARTESIAN_POINT('',(124.,-69.92,0.));
#4376 = DIRECTION('',(-0.,0.,-1.));
#4377 = DIRECTION('',(-0.,-1.,0.));
#4378 = FACE_BOUND('',#4379,.F.);
#4379 = EDGE_LOOP('',(#4380));
#4380 = ORIENTED_EDGE('',*,*,#4381,.T.);
#4381 = EDGE_CURVE('',#4382,#4382,#4384,.T.);
#4382 = VERTEX_POINT('',#4383);
#4383 = CARTESIAN_POINT('',(124.,-65.59,0.));
#4384 = CIRCLE('',#4385,0.75);
#4385 = AXIS2_PLACEMENT_3D('',#4386,#4387,#4388);
#4386 = CARTESIAN_POINT('',(124.,-64.84,0.));
#4387 = DIRECTION('',(-0.,0.,-1.));
#4388 = DIRECTION('',(-0.,-1.,0.));
#4389 = FACE_BOUND('',#4390,.F.);
#4390 = EDGE_LOOP('',(#4391));
#4391 = ORIENTED_EDGE('',*,*,#4392,.T.);
#4392 = EDGE_CURVE('',#4393,#4393,#4395,.T.);
#4393 = VERTEX_POINT('',#4394);
#4394 = CARTESIAN_POINT('',(120.,-61.02,0.));
#4395 = CIRCLE('',#4396,1.1);
#4396 = AXIS2_PLACEMENT_3D('',#4397,#4398,#4399);
#4397 = CARTESIAN_POINT('',(120.,-59.92,0.));
#4398 = DIRECTION('',(-0.,0.,-1.));
#4399 = DIRECTION('',(-0.,-1.,0.));
#4400 = FACE_BOUND('',#4401,.F.);
#4401 = EDGE_LOOP('',(#4402));
#4402 = ORIENTED_EDGE('',*,*,#4403,.T.);
#4403 = EDGE_CURVE('',#4404,#4404,#4406,.T.);
#4404 = VERTEX_POINT('',#4405);
#4405 = CARTESIAN_POINT('',(132.5,-72.5,0.));
#4406 = CIRCLE('',#4407,0.5);
#4407 = AXIS2_PLACEMENT_3D('',#4408,#4409,#4410);
#4408 = CARTESIAN_POINT('',(132.5,-72.,0.));
#4409 = DIRECTION('',(-0.,0.,-1.));
#4410 = DIRECTION('',(-0.,-1.,0.));
#4411 = FACE_BOUND('',#4412,.F.);
#4412 = EDGE_LOOP('',(#4413));
#4413 = ORIENTED_EDGE('',*,*,#4414,.T.);
#4414 = EDGE_CURVE('',#4415,#4415,#4417,.T.);
#4415 = VERTEX_POINT('',#4416);
#4416 = CARTESIAN_POINT('',(132.5,-70.,0.));
#4417 = CIRCLE('',#4418,0.5);
#4418 = AXIS2_PLACEMENT_3D('',#4419,#4420,#4421);
#4419 = CARTESIAN_POINT('',(132.5,-69.5,0.));
#4420 = DIRECTION('',(-0.,0.,-1.));
#4421 = DIRECTION('',(-0.,-1.,0.));
#4422 = FACE_BOUND('',#4423,.F.);
#4423 = EDGE_LOOP('',(#4424));
#4424 = ORIENTED_EDGE('',*,*,#4425,.T.);
#4425 = EDGE_CURVE('',#4426,#4426,#4428,.T.);
#4426 = VERTEX_POINT('',#4427);
#4427 = CARTESIAN_POINT('',(145.35,-88.125,0.));
#4428 = CIRCLE('',#4429,0.35);
#4429 = AXIS2_PLACEMENT_3D('',#4430,#4431,#4432);
#4430 = CARTESIAN_POINT('',(145.35,-87.775,0.));
#4431 = DIRECTION('',(-0.,0.,-1.));
#4432 = DIRECTION('',(-0.,-1.,0.));
#4433 = FACE_BOUND('',#4434,.F.);
#4434 = EDGE_LOOP('',(#4435));
#4435 = ORIENTED_EDGE('',*,*,#4436,.T.);
#4436 = EDGE_CURVE('',#4437,#4437,#4439,.T.);
#4437 = VERTEX_POINT('',#4438);
#4438 = CARTESIAN_POINT('',(145.35,-86.345,0.));
#4439 = CIRCLE('',#4440,0.35);
#4440 = AXIS2_PLACEMENT_3D('',#4441,#4442,#4443);
#4441 = CARTESIAN_POINT('',(145.35,-85.995,0.));
#4442 = DIRECTION('',(-0.,0.,-1.));
#4443 = DIRECTION('',(-0.,-1.,0.));
#4444 = FACE_BOUND('',#4445,.F.);
#4445 = EDGE_LOOP('',(#4446));
#4446 = ORIENTED_EDGE('',*,*,#4447,.T.);
#4447 = EDGE_CURVE('',#4448,#4448,#4450,.T.);
#4448 = VERTEX_POINT('',#4449);
#4449 = CARTESIAN_POINT('',(145.35,-84.565,0.));
#4450 = CIRCLE('',#4451,0.35);
#4451 = AXIS2_PLACEMENT_3D('',#4452,#4453,#4454);
#4452 = CARTESIAN_POINT('',(145.35,-84.215,0.));
#4453 = DIRECTION('',(-0.,0.,-1.));
#4454 = DIRECTION('',(-0.,-1.,0.));
#4455 = FACE_BOUND('',#4456,.F.);
#4456 = EDGE_LOOP('',(#4457,#4468,#4476,#4485));
#4457 = ORIENTED_EDGE('',*,*,#4458,.T.);
#4458 = EDGE_CURVE('',#4459,#4461,#4463,.T.);
#4459 = VERTEX_POINT('',#4460);
#4460 = CARTESIAN_POINT('',(140.65,-76.85,0.));
#4461 = VERTEX_POINT('',#4462);
#4462 = CARTESIAN_POINT('',(140.65,-78.35,0.));
#4463 = CIRCLE('',#4464,0.75);
#4464 = AXIS2_PLACEMENT_3D('',#4465,#4466,#4467);
#4465 = CARTESIAN_POINT('',(140.65,-77.6,0.));
#4466 = DIRECTION('',(-0.,0.,-1.));
#4467 = DIRECTION('',(-0.,-1.,0.));
#4468 = ORIENTED_EDGE('',*,*,#4469,.T.);
#4469 = EDGE_CURVE('',#4461,#4470,#4472,.T.);
#4470 = VERTEX_POINT('',#4471);
#4471 = CARTESIAN_POINT('',(139.35,-78.35,0.));
#4472 = LINE('',#4473,#4474);
#4473 = CARTESIAN_POINT('',(69.675,-78.35,0.));
#4474 = VECTOR('',#4475,1.);
#4475 = DIRECTION('',(-1.,0.,0.));
#4476 = ORIENTED_EDGE('',*,*,#4477,.T.);
#4477 = EDGE_CURVE('',#4470,#4478,#4480,.T.);
#4478 = VERTEX_POINT('',#4479);
#4479 = CARTESIAN_POINT('',(139.35,-76.85,0.));
#4480 = CIRCLE('',#4481,0.75);
#4481 = AXIS2_PLACEMENT_3D('',#4482,#4483,#4484);
#4482 = CARTESIAN_POINT('',(139.35,-77.6,0.));
#4483 = DIRECTION('',(-0.,0.,-1.));
#4484 = DIRECTION('',(0.,1.,0.));
#4485 = ORIENTED_EDGE('',*,*,#4486,.T.);
#4486 = EDGE_CURVE('',#4478,#4459,#4487,.T.);
#4487 = LINE('',#4488,#4489);
#4488 = CARTESIAN_POINT('',(70.325,-76.85,0.));
#4489 = VECTOR('',#4490,1.);
#4490 = DIRECTION('',(1.,0.,-0.));
#4491 = FACE_BOUND('',#4492,.F.);
#4492 = EDGE_LOOP('',(#4493));
#4493 = ORIENTED_EDGE('',*,*,#4494,.T.);
#4494 = EDGE_CURVE('',#4495,#4495,#4497,.T.);
#4495 = VERTEX_POINT('',#4496);
#4496 = CARTESIAN_POINT('',(147.,-75.,0.));
#4497 = CIRCLE('',#4498,0.5);
#4498 = AXIS2_PLACEMENT_3D('',#4499,#4500,#4501);
#4499 = CARTESIAN_POINT('',(147.,-74.5,0.));
#4500 = DIRECTION('',(-0.,0.,-1.));
#4501 = DIRECTION('',(-0.,-1.,0.));
#4502 = FACE_BOUND('',#4503,.F.);
#4503 = EDGE_LOOP('',(#4504));
#4504 = ORIENTED_EDGE('',*,*,#4505,.T.);
#4505 = EDGE_CURVE('',#4506,#4506,#4508,.T.);
#4506 = VERTEX_POINT('',#4507);
#4507 = CARTESIAN_POINT('',(156.,-75.75,0.));
#4508 = CIRCLE('',#4509,0.75);
#4509 = AXIS2_PLACEMENT_3D('',#4510,#4511,#4512);
#4510 = CARTESIAN_POINT('',(156.,-75.,0.));
#4511 = DIRECTION('',(-0.,0.,-1.));
#4512 = DIRECTION('',(-0.,-1.,0.));
#4513 = FACE_BOUND('',#4514,.F.);
#4514 = EDGE_LOOP('',(#4515,#4526,#4534,#4543));
#4515 = ORIENTED_EDGE('',*,*,#4516,.T.);
#4516 = EDGE_CURVE('',#4517,#4519,#4521,.T.);
#4517 = VERTEX_POINT('',#4518);
#4518 = CARTESIAN_POINT('',(140.65,-65.65,0.));
#4519 = VERTEX_POINT('',#4520);
#4520 = CARTESIAN_POINT('',(140.65,-67.15,0.));
#4521 = CIRCLE('',#4522,0.75);
#4522 = AXIS2_PLACEMENT_3D('',#4523,#4524,#4525);
#4523 = CARTESIAN_POINT('',(140.65,-66.4,0.));
#4524 = DIRECTION('',(-0.,0.,-1.));
#4525 = DIRECTION('',(-0.,-1.,0.));
#4526 = ORIENTED_EDGE('',*,*,#4527,.T.);
#4527 = EDGE_CURVE('',#4519,#4528,#4530,.T.);
#4528 = VERTEX_POINT('',#4529);
#4529 = CARTESIAN_POINT('',(139.35,-67.15,0.));
#4530 = LINE('',#4531,#4532);
#4531 = CARTESIAN_POINT('',(69.675,-67.15,0.));
#4532 = VECTOR('',#4533,1.);
#4533 = DIRECTION('',(-1.,0.,0.));
#4534 = ORIENTED_EDGE('',*,*,#4535,.T.);
#4535 = EDGE_CURVE('',#4528,#4536,#4538,.T.);
#4536 = VERTEX_POINT('',#4537);
#4537 = CARTESIAN_POINT('',(139.35,-65.65,0.));
#4538 = CIRCLE('',#4539,0.75);
#4539 = AXIS2_PLACEMENT_3D('',#4540,#4541,#4542);
#4540 = CARTESIAN_POINT('',(139.35,-66.4,0.));
#4541 = DIRECTION('',(-0.,0.,-1.));
#4542 = DIRECTION('',(0.,1.,0.));
#4543 = ORIENTED_EDGE('',*,*,#4544,.T.);
#4544 = EDGE_CURVE('',#4536,#4517,#4545,.T.);
#4545 = LINE('',#4546,#4547);
#4546 = CARTESIAN_POINT('',(70.325,-65.65,0.));
#4547 = VECTOR('',#4548,1.);
#4548 = DIRECTION('',(1.,0.,-0.));
#4549 = FACE_BOUND('',#4550,.F.);
#4550 = EDGE_LOOP('',(#4551));
#4551 = ORIENTED_EDGE('',*,*,#4552,.T.);
#4552 = EDGE_CURVE('',#4553,#4553,#4555,.T.);
#4553 = VERTEX_POINT('',#4554);
#4554 = CARTESIAN_POINT('',(147.,-70.,0.));
#4555 = CIRCLE('',#4556,0.5);
#4556 = AXIS2_PLACEMENT_3D('',#4557,#4558,#4559);
#4557 = CARTESIAN_POINT('',(147.,-69.5,0.));
#4558 = DIRECTION('',(-0.,0.,-1.));
#4559 = DIRECTION('',(-0.,-1.,0.));
#4560 = FACE_BOUND('',#4561,.F.);
#4561 = EDGE_LOOP('',(#4562));
#4562 = ORIENTED_EDGE('',*,*,#4563,.T.);
#4563 = EDGE_CURVE('',#4564,#4564,#4566,.T.);
#4564 = VERTEX_POINT('',#4565);
#4565 = CARTESIAN_POINT('',(156.,-70.67,0.));
#4566 = CIRCLE('',#4567,0.75);
#4567 = AXIS2_PLACEMENT_3D('',#4568,#4569,#4570);
#4568 = CARTESIAN_POINT('',(156.,-69.92,0.));
#4569 = DIRECTION('',(-0.,0.,-1.));
#4570 = DIRECTION('',(-0.,-1.,0.));
#4571 = FACE_BOUND('',#4572,.F.);
#4572 = EDGE_LOOP('',(#4573));
#4573 = ORIENTED_EDGE('',*,*,#4574,.T.);
#4574 = EDGE_CURVE('',#4575,#4575,#4577,.T.);
#4575 = VERTEX_POINT('',#4576);
#4576 = CARTESIAN_POINT('',(156.,-65.59,0.));
#4577 = CIRCLE('',#4578,0.75);
#4578 = AXIS2_PLACEMENT_3D('',#4579,#4580,#4581);
#4579 = CARTESIAN_POINT('',(156.,-64.84,0.));
#4580 = DIRECTION('',(-0.,0.,-1.));
#4581 = DIRECTION('',(-0.,-1.,0.));
#4582 = FACE_BOUND('',#4583,.F.);
#4583 = EDGE_LOOP('',(#4584));
#4584 = ORIENTED_EDGE('',*,*,#4585,.T.);
#4585 = EDGE_CURVE('',#4586,#4586,#4588,.T.);
#4586 = VERTEX_POINT('',#4587);
#4587 = CARTESIAN_POINT('',(160.,-61.02,0.));
#4588 = CIRCLE('',#4589,1.1);
#4589 = AXIS2_PLACEMENT_3D('',#4590,#4591,#4592);
#4590 = CARTESIAN_POINT('',(160.,-59.92,0.));
#4591 = DIRECTION('',(-0.,0.,-1.));
#4592 = DIRECTION('',(-0.,-1.,0.));
#4593 = PLANE('',#4594);
#4594 = AXIS2_PLACEMENT_3D('',#4595,#4596,#4597);
#4595 = CARTESIAN_POINT('',(0.,0.,0.));
#4596 = DIRECTION('',(0.,0.,1.));
#4597 = DIRECTION('',(1.,0.,-0.));
#4598 = ADVANCED_FACE('',(#4599,#4610,#4621,#4632,#4643,#4654,#4665,
    #4676,#4687,#4698,#4709,#4720,#4731,#4742,#4753,#4764,#4775,#4786,
    #4797,#4808,#4819,#4830,#4864,#4875,#4886,#4897,#4908,#4919,#4930,
    #4941,#4952,#4963,#4974,#4985,#4996,#5007,#5018,#5029,#5040,#5051,
    #5062,#5098,#5109,#5120,#5156,#5167,#5178,#5189),#5200,.T.);
#4599 = FACE_BOUND('',#4600,.T.);
#4600 = EDGE_LOOP('',(#4601,#4602,#4603,#4609));
#4601 = ORIENTED_EDGE('',*,*,#3903,.F.);
#4602 = ORIENTED_EDGE('',*,*,#3943,.F.);
#4603 = ORIENTED_EDGE('',*,*,#4604,.F.);
#4604 = EDGE_CURVE('',#3966,#3936,#4605,.T.);
#4605 = LINE('',#4606,#4607);
#4606 = CARTESIAN_POINT('',(116.,-56.,1.51));
#4607 = VECTOR('',#4608,1.);
#4608 = DIRECTION('',(1.,0.,0.));
#4609 = ORIENTED_EDGE('',*,*,#3965,.F.);
#4610 = FACE_BOUND('',#4611,.T.);
#4611 = EDGE_LOOP('',(#4612));
#4612 = ORIENTED_EDGE('',*,*,#4613,.T.);
#4613 = EDGE_CURVE('',#4614,#4614,#4616,.T.);
#4614 = VERTEX_POINT('',#4615);
#4615 = CARTESIAN_POINT('',(132.38,-119.1085,1.51));
#4616 = CIRCLE('',#4617,0.425);
#4617 = AXIS2_PLACEMENT_3D('',#4618,#4619,#4620);
#4618 = CARTESIAN_POINT('',(132.38,-118.6835,1.51));
#4619 = DIRECTION('',(-0.,0.,-1.));
#4620 = DIRECTION('',(-0.,-1.,0.));
#4621 = FACE_BOUND('',#4622,.T.);
#4622 = EDGE_LOOP('',(#4623));
#4623 = ORIENTED_EDGE('',*,*,#4624,.T.);
#4624 = EDGE_CURVE('',#4625,#4625,#4627,.T.);
#4625 = VERTEX_POINT('',#4626);
#4626 = CARTESIAN_POINT('',(132.38,-116.5685,1.51));
#4627 = CIRCLE('',#4628,0.425);
#4628 = AXIS2_PLACEMENT_3D('',#4629,#4630,#4631);
#4629 = CARTESIAN_POINT('',(132.38,-116.1435,1.51));
#4630 = DIRECTION('',(-0.,0.,-1.));
#4631 = DIRECTION('',(-0.,-1.,0.));
#4632 = FACE_BOUND('',#4633,.T.);
#4633 = EDGE_LOOP('',(#4634));
#4634 = ORIENTED_EDGE('',*,*,#4635,.T.);
#4635 = EDGE_CURVE('',#4636,#4636,#4638,.T.);
#4636 = VERTEX_POINT('',#4637);
#4637 = CARTESIAN_POINT('',(132.38,-114.0285,1.51));
#4638 = CIRCLE('',#4639,0.425);
#4639 = AXIS2_PLACEMENT_3D('',#4640,#4641,#4642);
#4640 = CARTESIAN_POINT('',(132.38,-113.6035,1.51));
#4641 = DIRECTION('',(-0.,0.,-1.));
#4642 = DIRECTION('',(-0.,-1.,0.));
#4643 = FACE_BOUND('',#4644,.T.);
#4644 = EDGE_LOOP('',(#4645));
#4645 = ORIENTED_EDGE('',*,*,#4646,.T.);
#4646 = EDGE_CURVE('',#4647,#4647,#4649,.T.);
#4647 = VERTEX_POINT('',#4648);
#4648 = CARTESIAN_POINT('',(132.38,-111.4885,1.51));
#4649 = CIRCLE('',#4650,0.425);
#4650 = AXIS2_PLACEMENT_3D('',#4651,#4652,#4653);
#4651 = CARTESIAN_POINT('',(132.38,-111.0635,1.51));
#4652 = DIRECTION('',(-0.,0.,-1.));
#4653 = DIRECTION('',(-0.,-1.,0.));
#4654 = FACE_BOUND('',#4655,.T.);
#4655 = EDGE_LOOP('',(#4656));
#4656 = ORIENTED_EDGE('',*,*,#4657,.T.);
#4657 = EDGE_CURVE('',#4658,#4658,#4660,.T.);
#4658 = VERTEX_POINT('',#4659);
#4659 = CARTESIAN_POINT('',(132.38,-108.9485,1.51));
#4660 = CIRCLE('',#4661,0.425);
#4661 = AXIS2_PLACEMENT_3D('',#4662,#4663,#4664);
#4662 = CARTESIAN_POINT('',(132.38,-108.5235,1.51));
#4663 = DIRECTION('',(-0.,0.,-1.));
#4664 = DIRECTION('',(-0.,-1.,0.));
#4665 = FACE_BOUND('',#4666,.T.);
#4666 = EDGE_LOOP('',(#4667));
#4667 = ORIENTED_EDGE('',*,*,#4668,.T.);
#4668 = EDGE_CURVE('',#4669,#4669,#4671,.T.);
#4669 = VERTEX_POINT('',#4670);
#4670 = CARTESIAN_POINT('',(132.38,-106.4085,1.51));
#4671 = CIRCLE('',#4672,0.425);
#4672 = AXIS2_PLACEMENT_3D('',#4673,#4674,#4675);
#4673 = CARTESIAN_POINT('',(132.38,-105.9835,1.51));
#4674 = DIRECTION('',(-0.,0.,-1.));
#4675 = DIRECTION('',(-0.,-1.,0.));
#4676 = FACE_BOUND('',#4677,.T.);
#4677 = EDGE_LOOP('',(#4678));
#4678 = ORIENTED_EDGE('',*,*,#4679,.T.);
#4679 = EDGE_CURVE('',#4680,#4680,#4682,.T.);
#4680 = VERTEX_POINT('',#4681);
#4681 = CARTESIAN_POINT('',(132.38,-103.8685,1.51));
#4682 = CIRCLE('',#4683,0.425);
#4683 = AXIS2_PLACEMENT_3D('',#4684,#4685,#4686);
#4684 = CARTESIAN_POINT('',(132.38,-103.4435,1.51));
#4685 = DIRECTION('',(-0.,0.,-1.));
#4686 = DIRECTION('',(-0.,-1.,0.));
#4687 = FACE_BOUND('',#4688,.T.);
#4688 = EDGE_LOOP('',(#4689));
#4689 = ORIENTED_EDGE('',*,*,#4690,.T.);
#4690 = EDGE_CURVE('',#4691,#4691,#4693,.T.);
#4691 = VERTEX_POINT('',#4692);
#4692 = CARTESIAN_POINT('',(134.65,-96.135,1.51));
#4693 = CIRCLE('',#4694,0.35);
#4694 = AXIS2_PLACEMENT_3D('',#4695,#4696,#4697);
#4695 = CARTESIAN_POINT('',(134.65,-95.785,1.51));
#4696 = DIRECTION('',(-0.,0.,-1.));
#4697 = DIRECTION('',(-0.,-1.,0.));
#4698 = FACE_BOUND('',#4699,.T.);
#4699 = EDGE_LOOP('',(#4700));
#4700 = ORIENTED_EDGE('',*,*,#4701,.T.);
#4701 = EDGE_CURVE('',#4702,#4702,#4704,.T.);
#4702 = VERTEX_POINT('',#4703);
#4703 = CARTESIAN_POINT('',(134.65,-94.355,1.51));
#4704 = CIRCLE('',#4705,0.35);
#4705 = AXIS2_PLACEMENT_3D('',#4706,#4707,#4708);
#4706 = CARTESIAN_POINT('',(134.65,-94.005,1.51));
#4707 = DIRECTION('',(-0.,0.,-1.));
#4708 = DIRECTION('',(-0.,-1.,0.));
#4709 = FACE_BOUND('',#4710,.T.);
#4710 = EDGE_LOOP('',(#4711));
#4711 = ORIENTED_EDGE('',*,*,#4712,.T.);
#4712 = EDGE_CURVE('',#4713,#4713,#4715,.T.);
#4713 = VERTEX_POINT('',#4714);
#4714 = CARTESIAN_POINT('',(134.65,-92.575,1.51));
#4715 = CIRCLE('',#4716,0.35);
#4716 = AXIS2_PLACEMENT_3D('',#4717,#4718,#4719);
#4717 = CARTESIAN_POINT('',(134.65,-92.225,1.51));
#4718 = DIRECTION('',(-0.,0.,-1.));
#4719 = DIRECTION('',(-0.,-1.,0.));
#4720 = FACE_BOUND('',#4721,.T.);
#4721 = EDGE_LOOP('',(#4722));
#4722 = ORIENTED_EDGE('',*,*,#4723,.T.);
#4723 = EDGE_CURVE('',#4724,#4724,#4726,.T.);
#4724 = VERTEX_POINT('',#4725);
#4725 = CARTESIAN_POINT('',(134.65,-90.795,1.51));
#4726 = CIRCLE('',#4727,0.35);
#4727 = AXIS2_PLACEMENT_3D('',#4728,#4729,#4730);
#4728 = CARTESIAN_POINT('',(134.65,-90.445,1.51));
#4729 = DIRECTION('',(-0.,0.,-1.));
#4730 = DIRECTION('',(-0.,-1.,0.));
#4731 = FACE_BOUND('',#4732,.T.);
#4732 = EDGE_LOOP('',(#4733));
#4733 = ORIENTED_EDGE('',*,*,#4734,.T.);
#4734 = EDGE_CURVE('',#4735,#4735,#4737,.T.);
#4735 = VERTEX_POINT('',#4736);
#4736 = CARTESIAN_POINT('',(140.,-119.1,1.51));
#4737 = CIRCLE('',#4738,1.1);
#4738 = AXIS2_PLACEMENT_3D('',#4739,#4740,#4741);
#4739 = CARTESIAN_POINT('',(140.,-118.,1.51));
#4740 = DIRECTION('',(-0.,0.,-1.));
#4741 = DIRECTION('',(-0.,-1.,0.));
#4742 = FACE_BOUND('',#4743,.T.);
#4743 = EDGE_LOOP('',(#4744));
#4744 = ORIENTED_EDGE('',*,*,#4745,.T.);
#4745 = EDGE_CURVE('',#4746,#4746,#4748,.T.);
#4746 = VERTEX_POINT('',#4747);
#4747 = CARTESIAN_POINT('',(147.62,-119.1085,1.51));
#4748 = CIRCLE('',#4749,0.425);
#4749 = AXIS2_PLACEMENT_3D('',#4750,#4751,#4752);
#4750 = CARTESIAN_POINT('',(147.62,-118.6835,1.51));
#4751 = DIRECTION('',(-0.,0.,-1.));
#4752 = DIRECTION('',(-0.,-1.,0.));
#4753 = FACE_BOUND('',#4754,.T.);
#4754 = EDGE_LOOP('',(#4755));
#4755 = ORIENTED_EDGE('',*,*,#4756,.T.);
#4756 = EDGE_CURVE('',#4757,#4757,#4759,.T.);
#4757 = VERTEX_POINT('',#4758);
#4758 = CARTESIAN_POINT('',(147.62,-116.5685,1.51));
#4759 = CIRCLE('',#4760,0.425);
#4760 = AXIS2_PLACEMENT_3D('',#4761,#4762,#4763);
#4761 = CARTESIAN_POINT('',(147.62,-116.1435,1.51));
#4762 = DIRECTION('',(-0.,0.,-1.));
#4763 = DIRECTION('',(-0.,-1.,0.));
#4764 = FACE_BOUND('',#4765,.T.);
#4765 = EDGE_LOOP('',(#4766));
#4766 = ORIENTED_EDGE('',*,*,#4767,.T.);
#4767 = EDGE_CURVE('',#4768,#4768,#4770,.T.);
#4768 = VERTEX_POINT('',#4769);
#4769 = CARTESIAN_POINT('',(147.62,-114.0285,1.51));
#4770 = CIRCLE('',#4771,0.425);
#4771 = AXIS2_PLACEMENT_3D('',#4772,#4773,#4774);
#4772 = CARTESIAN_POINT('',(147.62,-113.6035,1.51));
#4773 = DIRECTION('',(-0.,0.,-1.));
#4774 = DIRECTION('',(-0.,-1.,0.));
#4775 = FACE_BOUND('',#4776,.T.);
#4776 = EDGE_LOOP('',(#4777));
#4777 = ORIENTED_EDGE('',*,*,#4778,.T.);
#4778 = EDGE_CURVE('',#4779,#4779,#4781,.T.);
#4779 = VERTEX_POINT('',#4780);
#4780 = CARTESIAN_POINT('',(147.62,-111.4885,1.51));
#4781 = CIRCLE('',#4782,0.425);
#4782 = AXIS2_PLACEMENT_3D('',#4783,#4784,#4785);
#4783 = CARTESIAN_POINT('',(147.62,-111.0635,1.51));
#4784 = DIRECTION('',(-0.,0.,-1.));
#4785 = DIRECTION('',(-0.,-1.,0.));
#4786 = FACE_BOUND('',#4787,.T.);
#4787 = EDGE_LOOP('',(#4788));
#4788 = ORIENTED_EDGE('',*,*,#4789,.T.);
#4789 = EDGE_CURVE('',#4790,#4790,#4792,.T.);
#4790 = VERTEX_POINT('',#4791);
#4791 = CARTESIAN_POINT('',(147.62,-108.9485,1.51));
#4792 = CIRCLE('',#4793,0.425);
#4793 = AXIS2_PLACEMENT_3D('',#4794,#4795,#4796);
#4794 = CARTESIAN_POINT('',(147.62,-108.5235,1.51));
#4795 = DIRECTION('',(-0.,0.,-1.));
#4796 = DIRECTION('',(-0.,-1.,0.));
#4797 = FACE_BOUND('',#4798,.T.);
#4798 = EDGE_LOOP('',(#4799));
#4799 = ORIENTED_EDGE('',*,*,#4800,.T.);
#4800 = EDGE_CURVE('',#4801,#4801,#4803,.T.);
#4801 = VERTEX_POINT('',#4802);
#4802 = CARTESIAN_POINT('',(147.62,-106.4085,1.51));
#4803 = CIRCLE('',#4804,0.425);
#4804 = AXIS2_PLACEMENT_3D('',#4805,#4806,#4807);
#4805 = CARTESIAN_POINT('',(147.62,-105.9835,1.51));
#4806 = DIRECTION('',(-0.,0.,-1.));
#4807 = DIRECTION('',(-0.,-1.,0.));
#4808 = FACE_BOUND('',#4809,.T.);
#4809 = EDGE_LOOP('',(#4810));
#4810 = ORIENTED_EDGE('',*,*,#4811,.T.);
#4811 = EDGE_CURVE('',#4812,#4812,#4814,.T.);
#4812 = VERTEX_POINT('',#4813);
#4813 = CARTESIAN_POINT('',(147.62,-103.8685,1.51));
#4814 = CIRCLE('',#4815,0.425);
#4815 = AXIS2_PLACEMENT_3D('',#4816,#4817,#4818);
#4816 = CARTESIAN_POINT('',(147.62,-103.4435,1.51));
#4817 = DIRECTION('',(-0.,0.,-1.));
#4818 = DIRECTION('',(-0.,-1.,0.));
#4819 = FACE_BOUND('',#4820,.T.);
#4820 = EDGE_LOOP('',(#4821));
#4821 = ORIENTED_EDGE('',*,*,#4822,.T.);
#4822 = EDGE_CURVE('',#4823,#4823,#4825,.T.);
#4823 = VERTEX_POINT('',#4824);
#4824 = CARTESIAN_POINT('',(145.35,-97.025,1.51));
#4825 = CIRCLE('',#4826,0.35);
#4826 = AXIS2_PLACEMENT_3D('',#4827,#4828,#4829);
#4827 = CARTESIAN_POINT('',(145.35,-96.675,1.51));
#4828 = DIRECTION('',(-0.,0.,-1.));
#4829 = DIRECTION('',(-0.,-1.,0.));
#4830 = FACE_BOUND('',#4831,.T.);
#4831 = EDGE_LOOP('',(#4832,#4842,#4850,#4858));
#4832 = ORIENTED_EDGE('',*,*,#4833,.F.);
#4833 = EDGE_CURVE('',#4834,#4836,#4838,.T.);
#4834 = VERTEX_POINT('',#4835);
#4835 = CARTESIAN_POINT('',(135.555,-97.9375,1.51));
#4836 = VERTEX_POINT('',#4837);
#4837 = CARTESIAN_POINT('',(144.445,-97.9375,1.51));
#4838 = LINE('',#4839,#4840);
#4839 = CARTESIAN_POINT('',(135.555,-97.9375,1.51));
#4840 = VECTOR('',#4841,1.);
#4841 = DIRECTION('',(1.,0.,0.));
#4842 = ORIENTED_EDGE('',*,*,#4843,.F.);
#4843 = EDGE_CURVE('',#4844,#4834,#4846,.T.);
#4844 = VERTEX_POINT('',#4845);
#4845 = CARTESIAN_POINT('',(135.555,-82.0625,1.51));
#4846 = LINE('',#4847,#4848);
#4847 = CARTESIAN_POINT('',(135.555,-82.0625,1.51));
#4848 = VECTOR('',#4849,1.);
#4849 = DIRECTION('',(0.,-1.,0.));
#4850 = ORIENTED_EDGE('',*,*,#4851,.F.);
#4851 = EDGE_CURVE('',#4852,#4844,#4854,.T.);
#4852 = VERTEX_POINT('',#4853);
#4853 = CARTESIAN_POINT('',(144.445,-82.0625,1.51));
#4854 = LINE('',#4855,#4856);
#4855 = CARTESIAN_POINT('',(144.445,-82.0625,1.51));
#4856 = VECTOR('',#4857,1.);
#4857 = DIRECTION('',(-1.,0.,0.));
#4858 = ORIENTED_EDGE('',*,*,#4859,.F.);
#4859 = EDGE_CURVE('',#4836,#4852,#4860,.T.);
#4860 = LINE('',#4861,#4862);
#4861 = CARTESIAN_POINT('',(144.445,-97.9375,1.51));
#4862 = VECTOR('',#4863,1.);
#4863 = DIRECTION('',(0.,1.,0.));
#4864 = FACE_BOUND('',#4865,.T.);
#4865 = EDGE_LOOP('',(#4866));
#4866 = ORIENTED_EDGE('',*,*,#4867,.T.);
#4867 = EDGE_CURVE('',#4868,#4868,#4870,.T.);
#4868 = VERTEX_POINT('',#4869);
#4869 = CARTESIAN_POINT('',(145.35,-95.245,1.51));
#4870 = CIRCLE('',#4871,0.35);
#4871 = AXIS2_PLACEMENT_3D('',#4872,#4873,#4874);
#4872 = CARTESIAN_POINT('',(145.35,-94.895,1.51));
#4873 = DIRECTION('',(-0.,0.,-1.));
#4874 = DIRECTION('',(-0.,-1.,0.));
#4875 = FACE_BOUND('',#4876,.T.);
#4876 = EDGE_LOOP('',(#4877));
#4877 = ORIENTED_EDGE('',*,*,#4878,.T.);
#4878 = EDGE_CURVE('',#4879,#4879,#4881,.T.);
#4879 = VERTEX_POINT('',#4880);
#4880 = CARTESIAN_POINT('',(145.35,-93.465,1.51));
#4881 = CIRCLE('',#4882,0.35);
#4882 = AXIS2_PLACEMENT_3D('',#4883,#4884,#4885);
#4883 = CARTESIAN_POINT('',(145.35,-93.115,1.51));
#4884 = DIRECTION('',(-0.,0.,-1.));
#4885 = DIRECTION('',(-0.,-1.,0.));
#4886 = FACE_BOUND('',#4887,.T.);
#4887 = EDGE_LOOP('',(#4888));
#4888 = ORIENTED_EDGE('',*,*,#4889,.T.);
#4889 = EDGE_CURVE('',#4890,#4890,#4892,.T.);
#4890 = VERTEX_POINT('',#4891);
#4891 = CARTESIAN_POINT('',(145.35,-91.685,1.51));
#4892 = CIRCLE('',#4893,0.35);
#4893 = AXIS2_PLACEMENT_3D('',#4894,#4895,#4896);
#4894 = CARTESIAN_POINT('',(145.35,-91.335,1.51));
#4895 = DIRECTION('',(-0.,0.,-1.));
#4896 = DIRECTION('',(-0.,-1.,0.));
#4897 = FACE_BOUND('',#4898,.T.);
#4898 = EDGE_LOOP('',(#4899));
#4899 = ORIENTED_EDGE('',*,*,#4900,.T.);
#4900 = EDGE_CURVE('',#4901,#4901,#4903,.T.);
#4901 = VERTEX_POINT('',#4902);
#4902 = CARTESIAN_POINT('',(145.35,-89.905,1.51));
#4903 = CIRCLE('',#4904,0.35);
#4904 = AXIS2_PLACEMENT_3D('',#4905,#4906,#4907);
#4905 = CARTESIAN_POINT('',(145.35,-89.555,1.51));
#4906 = DIRECTION('',(-0.,0.,-1.));
#4907 = DIRECTION('',(-0.,-1.,0.));
#4908 = FACE_BOUND('',#4909,.T.);
#4909 = EDGE_LOOP('',(#4910));
#4910 = ORIENTED_EDGE('',*,*,#4911,.T.);
#4911 = EDGE_CURVE('',#4912,#4912,#4914,.T.);
#4912 = VERTEX_POINT('',#4913);
#4913 = CARTESIAN_POINT('',(124.,-75.75,1.51));
#4914 = CIRCLE('',#4915,0.75);
#4915 = AXIS2_PLACEMENT_3D('',#4916,#4917,#4918);
#4916 = CARTESIAN_POINT('',(124.,-75.,1.51));
#4917 = DIRECTION('',(-0.,0.,-1.));
#4918 = DIRECTION('',(-0.,-1.,0.));
#4919 = FACE_BOUND('',#4920,.T.);
#4920 = EDGE_LOOP('',(#4921));
#4921 = ORIENTED_EDGE('',*,*,#4922,.T.);
#4922 = EDGE_CURVE('',#4923,#4923,#4925,.T.);
#4923 = VERTEX_POINT('',#4924);
#4924 = CARTESIAN_POINT('',(134.65,-89.015,1.51));
#4925 = CIRCLE('',#4926,0.35);
#4926 = AXIS2_PLACEMENT_3D('',#4927,#4928,#4929);
#4927 = CARTESIAN_POINT('',(134.65,-88.665,1.51));
#4928 = DIRECTION('',(-0.,0.,-1.));
#4929 = DIRECTION('',(-0.,-1.,0.));
#4930 = FACE_BOUND('',#4931,.T.);
#4931 = EDGE_LOOP('',(#4932));
#4932 = ORIENTED_EDGE('',*,*,#4933,.T.);
#4933 = EDGE_CURVE('',#4934,#4934,#4936,.T.);
#4934 = VERTEX_POINT('',#4935);
#4935 = CARTESIAN_POINT('',(134.65,-87.235,1.51));
#4936 = CIRCLE('',#4937,0.35);
#4937 = AXIS2_PLACEMENT_3D('',#4938,#4939,#4940);
#4938 = CARTESIAN_POINT('',(134.65,-86.885,1.51));
#4939 = DIRECTION('',(-0.,0.,-1.));
#4940 = DIRECTION('',(-0.,-1.,0.));
#4941 = FACE_BOUND('',#4942,.T.);
#4942 = EDGE_LOOP('',(#4943));
#4943 = ORIENTED_EDGE('',*,*,#4944,.T.);
#4944 = EDGE_CURVE('',#4945,#4945,#4947,.T.);
#4945 = VERTEX_POINT('',#4946);
#4946 = CARTESIAN_POINT('',(134.65,-85.455,1.51));
#4947 = CIRCLE('',#4948,0.35);
#4948 = AXIS2_PLACEMENT_3D('',#4949,#4950,#4951);
#4949 = CARTESIAN_POINT('',(134.65,-85.105,1.51));
#4950 = DIRECTION('',(-0.,0.,-1.));
#4951 = DIRECTION('',(-0.,-1.,0.));
#4952 = FACE_BOUND('',#4953,.T.);
#4953 = EDGE_LOOP('',(#4954));
#4954 = ORIENTED_EDGE('',*,*,#4955,.T.);
#4955 = EDGE_CURVE('',#4956,#4956,#4958,.T.);
#4956 = VERTEX_POINT('',#4957);
#4957 = CARTESIAN_POINT('',(134.65,-83.675,1.51));
#4958 = CIRCLE('',#4959,0.35);
#4959 = AXIS2_PLACEMENT_3D('',#4960,#4961,#4962);
#4960 = CARTESIAN_POINT('',(134.65,-83.325,1.51));
#4961 = DIRECTION('',(-0.,0.,-1.));
#4962 = DIRECTION('',(-0.,-1.,0.));
#4963 = FACE_BOUND('',#4964,.T.);
#4964 = EDGE_LOOP('',(#4965));
#4965 = ORIENTED_EDGE('',*,*,#4966,.T.);
#4966 = EDGE_CURVE('',#4967,#4967,#4969,.T.);
#4967 = VERTEX_POINT('',#4968);
#4968 = CARTESIAN_POINT('',(132.5,-75.,1.51));
#4969 = CIRCLE('',#4970,0.5);
#4970 = AXIS2_PLACEMENT_3D('',#4971,#4972,#4973);
#4971 = CARTESIAN_POINT('',(132.5,-74.5,1.51));
#4972 = DIRECTION('',(-0.,0.,-1.));
#4973 = DIRECTION('',(-0.,-1.,0.));
#4974 = FACE_BOUND('',#4975,.T.);
#4975 = EDGE_LOOP('',(#4976));
#4976 = ORIENTED_EDGE('',*,*,#4977,.T.);
#4977 = EDGE_CURVE('',#4978,#4978,#4980,.T.);
#4978 = VERTEX_POINT('',#4979);
#4979 = CARTESIAN_POINT('',(124.,-70.67,1.51));
#4980 = CIRCLE('',#4981,0.75);
#4981 = AXIS2_PLACEMENT_3D('',#4982,#4983,#4984);
#4982 = CARTESIAN_POINT('',(124.,-69.92,1.51));
#4983 = DIRECTION('',(-0.,0.,-1.));
#4984 = DIRECTION('',(-0.,-1.,0.));
#4985 = FACE_BOUND('',#4986,.T.);
#4986 = EDGE_LOOP('',(#4987));
#4987 = ORIENTED_EDGE('',*,*,#4988,.T.);
#4988 = EDGE_CURVE('',#4989,#4989,#4991,.T.);
#4989 = VERTEX_POINT('',#4990);
#4990 = CARTESIAN_POINT('',(124.,-65.59,1.51));
#4991 = CIRCLE('',#4992,0.75);
#4992 = AXIS2_PLACEMENT_3D('',#4993,#4994,#4995);
#4993 = CARTESIAN_POINT('',(124.,-64.84,1.51));
#4994 = DIRECTION('',(-0.,0.,-1.));
#4995 = DIRECTION('',(-0.,-1.,0.));
#4996 = FACE_BOUND('',#4997,.T.);
#4997 = EDGE_LOOP('',(#4998));
#4998 = ORIENTED_EDGE('',*,*,#4999,.T.);
#4999 = EDGE_CURVE('',#5000,#5000,#5002,.T.);
#5000 = VERTEX_POINT('',#5001);
#5001 = CARTESIAN_POINT('',(120.,-61.02,1.51));
#5002 = CIRCLE('',#5003,1.1);
#5003 = AXIS2_PLACEMENT_3D('',#5004,#5005,#5006);
#5004 = CARTESIAN_POINT('',(120.,-59.92,1.51));
#5005 = DIRECTION('',(-0.,0.,-1.));
#5006 = DIRECTION('',(-0.,-1.,0.));
#5007 = FACE_BOUND('',#5008,.T.);
#5008 = EDGE_LOOP('',(#5009));
#5009 = ORIENTED_EDGE('',*,*,#5010,.T.);
#5010 = EDGE_CURVE('',#5011,#5011,#5013,.T.);
#5011 = VERTEX_POINT('',#5012);
#5012 = CARTESIAN_POINT('',(132.5,-72.5,1.51));
#5013 = CIRCLE('',#5014,0.5);
#5014 = AXIS2_PLACEMENT_3D('',#5015,#5016,#5017);
#5015 = CARTESIAN_POINT('',(132.5,-72.,1.51));
#5016 = DIRECTION('',(-0.,0.,-1.));
#5017 = DIRECTION('',(-0.,-1.,0.));
#5018 = FACE_BOUND('',#5019,.T.);
#5019 = EDGE_LOOP('',(#5020));
#5020 = ORIENTED_EDGE('',*,*,#5021,.T.);
#5021 = EDGE_CURVE('',#5022,#5022,#5024,.T.);
#5022 = VERTEX_POINT('',#5023);
#5023 = CARTESIAN_POINT('',(132.5,-70.,1.51));
#5024 = CIRCLE('',#5025,0.5);
#5025 = AXIS2_PLACEMENT_3D('',#5026,#5027,#5028);
#5026 = CARTESIAN_POINT('',(132.5,-69.5,1.51));
#5027 = DIRECTION('',(-0.,0.,-1.));
#5028 = DIRECTION('',(-0.,-1.,0.));
#5029 = FACE_BOUND('',#5030,.T.);
#5030 = EDGE_LOOP('',(#5031));
#5031 = ORIENTED_EDGE('',*,*,#5032,.T.);
#5032 = EDGE_CURVE('',#5033,#5033,#5035,.T.);
#5033 = VERTEX_POINT('',#5034);
#5034 = CARTESIAN_POINT('',(145.35,-88.125,1.51));
#5035 = CIRCLE('',#5036,0.35);
#5036 = AXIS2_PLACEMENT_3D('',#5037,#5038,#5039);
#5037 = CARTESIAN_POINT('',(145.35,-87.775,1.51));
#5038 = DIRECTION('',(-0.,0.,-1.));
#5039 = DIRECTION('',(-0.,-1.,0.));
#5040 = FACE_BOUND('',#5041,.T.);
#5041 = EDGE_LOOP('',(#5042));
#5042 = ORIENTED_EDGE('',*,*,#5043,.T.);
#5043 = EDGE_CURVE('',#5044,#5044,#5046,.T.);
#5044 = VERTEX_POINT('',#5045);
#5045 = CARTESIAN_POINT('',(145.35,-86.345,1.51));
#5046 = CIRCLE('',#5047,0.35);
#5047 = AXIS2_PLACEMENT_3D('',#5048,#5049,#5050);
#5048 = CARTESIAN_POINT('',(145.35,-85.995,1.51));
#5049 = DIRECTION('',(-0.,0.,-1.));
#5050 = DIRECTION('',(-0.,-1.,0.));
#5051 = FACE_BOUND('',#5052,.T.);
#5052 = EDGE_LOOP('',(#5053));
#5053 = ORIENTED_EDGE('',*,*,#5054,.T.);
#5054 = EDGE_CURVE('',#5055,#5055,#5057,.T.);
#5055 = VERTEX_POINT('',#5056);
#5056 = CARTESIAN_POINT('',(145.35,-84.565,1.51));
#5057 = CIRCLE('',#5058,0.35);
#5058 = AXIS2_PLACEMENT_3D('',#5059,#5060,#5061);
#5059 = CARTESIAN_POINT('',(145.35,-84.215,1.51));
#5060 = DIRECTION('',(-0.,0.,-1.));
#5061 = DIRECTION('',(-0.,-1.,0.));
#5062 = FACE_BOUND('',#5063,.T.);
#5063 = EDGE_LOOP('',(#5064,#5075,#5083,#5092));
#5064 = ORIENTED_EDGE('',*,*,#5065,.T.);
#5065 = EDGE_CURVE('',#5066,#5068,#5070,.T.);
#5066 = VERTEX_POINT('',#5067);
#5067 = CARTESIAN_POINT('',(140.65,-76.85,1.51));
#5068 = VERTEX_POINT('',#5069);
#5069 = CARTESIAN_POINT('',(140.65,-78.35,1.51));
#5070 = CIRCLE('',#5071,0.75);
#5071 = AXIS2_PLACEMENT_3D('',#5072,#5073,#5074);
#5072 = CARTESIAN_POINT('',(140.65,-77.6,1.51));
#5073 = DIRECTION('',(-0.,0.,-1.));
#5074 = DIRECTION('',(-0.,-1.,0.));
#5075 = ORIENTED_EDGE('',*,*,#5076,.T.);
#5076 = EDGE_CURVE('',#5068,#5077,#5079,.T.);
#5077 = VERTEX_POINT('',#5078);
#5078 = CARTESIAN_POINT('',(139.35,-78.35,1.51));
#5079 = LINE('',#5080,#5081);
#5080 = CARTESIAN_POINT('',(69.675,-78.35,1.51));
#5081 = VECTOR('',#5082,1.);
#5082 = DIRECTION('',(-1.,0.,0.));
#5083 = ORIENTED_EDGE('',*,*,#5084,.T.);
#5084 = EDGE_CURVE('',#5077,#5085,#5087,.T.);
#5085 = VERTEX_POINT('',#5086);
#5086 = CARTESIAN_POINT('',(139.35,-76.85,1.51));
#5087 = CIRCLE('',#5088,0.75);
#5088 = AXIS2_PLACEMENT_3D('',#5089,#5090,#5091);
#5089 = CARTESIAN_POINT('',(139.35,-77.6,1.51));
#5090 = DIRECTION('',(-0.,0.,-1.));
#5091 = DIRECTION('',(0.,1.,0.));
#5092 = ORIENTED_EDGE('',*,*,#5093,.T.);
#5093 = EDGE_CURVE('',#5085,#5066,#5094,.T.);
#5094 = LINE('',#5095,#5096);
#5095 = CARTESIAN_POINT('',(70.325,-76.85,1.51));
#5096 = VECTOR('',#5097,1.);
#5097 = DIRECTION('',(1.,0.,-0.));
#5098 = FACE_BOUND('',#5099,.T.);
#5099 = EDGE_LOOP('',(#5100));
#5100 = ORIENTED_EDGE('',*,*,#5101,.T.);
#5101 = EDGE_CURVE('',#5102,#5102,#5104,.T.);
#5102 = VERTEX_POINT('',#5103);
#5103 = CARTESIAN_POINT('',(147.,-75.,1.51));
#5104 = CIRCLE('',#5105,0.5);
#5105 = AXIS2_PLACEMENT_3D('',#5106,#5107,#5108);
#5106 = CARTESIAN_POINT('',(147.,-74.5,1.51));
#5107 = DIRECTION('',(-0.,0.,-1.));
#5108 = DIRECTION('',(-0.,-1.,0.));
#5109 = FACE_BOUND('',#5110,.T.);
#5110 = EDGE_LOOP('',(#5111));
#5111 = ORIENTED_EDGE('',*,*,#5112,.T.);
#5112 = EDGE_CURVE('',#5113,#5113,#5115,.T.);
#5113 = VERTEX_POINT('',#5114);
#5114 = CARTESIAN_POINT('',(156.,-75.75,1.51));
#5115 = CIRCLE('',#5116,0.75);
#5116 = AXIS2_PLACEMENT_3D('',#5117,#5118,#5119);
#5117 = CARTESIAN_POINT('',(156.,-75.,1.51));
#5118 = DIRECTION('',(-0.,0.,-1.));
#5119 = DIRECTION('',(-0.,-1.,0.));
#5120 = FACE_BOUND('',#5121,.T.);
#5121 = EDGE_LOOP('',(#5122,#5133,#5141,#5150));
#5122 = ORIENTED_EDGE('',*,*,#5123,.T.);
#5123 = EDGE_CURVE('',#5124,#5126,#5128,.T.);
#5124 = VERTEX_POINT('',#5125);
#5125 = CARTESIAN_POINT('',(140.65,-65.65,1.51));
#5126 = VERTEX_POINT('',#5127);
#5127 = CARTESIAN_POINT('',(140.65,-67.15,1.51));
#5128 = CIRCLE('',#5129,0.75);
#5129 = AXIS2_PLACEMENT_3D('',#5130,#5131,#5132);
#5130 = CARTESIAN_POINT('',(140.65,-66.4,1.51));
#5131 = DIRECTION('',(-0.,0.,-1.));
#5132 = DIRECTION('',(-0.,-1.,0.));
#5133 = ORIENTED_EDGE('',*,*,#5134,.T.);
#5134 = EDGE_CURVE('',#5126,#5135,#5137,.T.);
#5135 = VERTEX_POINT('',#5136);
#5136 = CARTESIAN_POINT('',(139.35,-67.15,1.51));
#5137 = LINE('',#5138,#5139);
#5138 = CARTESIAN_POINT('',(69.675,-67.15,1.51));
#5139 = VECTOR('',#5140,1.);
#5140 = DIRECTION('',(-1.,0.,0.));
#5141 = ORIENTED_EDGE('',*,*,#5142,.T.);
#5142 = EDGE_CURVE('',#5135,#5143,#5145,.T.);
#5143 = VERTEX_POINT('',#5144);
#5144 = CARTESIAN_POINT('',(139.35,-65.65,1.51));
#5145 = CIRCLE('',#5146,0.75);
#5146 = AXIS2_PLACEMENT_3D('',#5147,#5148,#5149);
#5147 = CARTESIAN_POINT('',(139.35,-66.4,1.51));
#5148 = DIRECTION('',(-0.,0.,-1.));
#5149 = DIRECTION('',(0.,1.,0.));
#5150 = ORIENTED_EDGE('',*,*,#5151,.T.);
#5151 = EDGE_CURVE('',#5143,#5124,#5152,.T.);
#5152 = LINE('',#5153,#5154);
#5153 = CARTESIAN_POINT('',(70.325,-65.65,1.51));
#5154 = VECTOR('',#5155,1.);
#5155 = DIRECTION('',(1.,0.,-0.));
#5156 = FACE_BOUND('',#5157,.T.);
#5157 = EDGE_LOOP('',(#5158));
#5158 = ORIENTED_EDGE('',*,*,#5159,.T.);
#5159 = EDGE_CURVE('',#5160,#5160,#5162,.T.);
#5160 = VERTEX_POINT('',#5161);
#5161 = CARTESIAN_POINT('',(147.,-70.,1.51));
#5162 = CIRCLE('',#5163,0.5);
#5163 = AXIS2_PLACEMENT_3D('',#5164,#5165,#5166);
#5164 = CARTESIAN_POINT('',(147.,-69.5,1.51));
#5165 = DIRECTION('',(-0.,0.,-1.));
#5166 = DIRECTION('',(-0.,-1.,0.));
#5167 = FACE_BOUND('',#5168,.T.);
#5168 = EDGE_LOOP('',(#5169));
#5169 = ORIENTED_EDGE('',*,*,#5170,.T.);
#5170 = EDGE_CURVE('',#5171,#5171,#5173,.T.);
#5171 = VERTEX_POINT('',#5172);
#5172 = CARTESIAN_POINT('',(156.,-70.67,1.51));
#5173 = CIRCLE('',#5174,0.75);
#5174 = AXIS2_PLACEMENT_3D('',#5175,#5176,#5177);
#5175 = CARTESIAN_POINT('',(156.,-69.92,1.51));
#5176 = DIRECTION('',(-0.,0.,-1.));
#5177 = DIRECTION('',(-0.,-1.,0.));
#5178 = FACE_BOUND('',#5179,.T.);
#5179 = EDGE_LOOP('',(#5180));
#5180 = ORIENTED_EDGE('',*,*,#5181,.T.);
#5181 = EDGE_CURVE('',#5182,#5182,#5184,.T.);
#5182 = VERTEX_POINT('',#5183);
#5183 = CARTESIAN_POINT('',(156.,-65.59,1.51));
#5184 = CIRCLE('',#5185,0.75);
#5185 = AXIS2_PLACEMENT_3D('',#5186,#5187,#5188);
#5186 = CARTESIAN_POINT('',(156.,-64.84,1.51));
#5187 = DIRECTION('',(-0.,0.,-1.));
#5188 = DIRECTION('',(-0.,-1.,0.));
#5189 = FACE_BOUND('',#5190,.T.);
#5190 = EDGE_LOOP('',(#5191));
#5191 = ORIENTED_EDGE('',*,*,#5192,.T.);
#5192 = EDGE_CURVE('',#5193,#5193,#5195,.T.);
#5193 = VERTEX_POINT('',#5194);
#5194 = CARTESIAN_POINT('',(160.,-61.02,1.51));
#5195 = CIRCLE('',#5196,1.1);
#5196 = AXIS2_PLACEMENT_3D('',#5197,#5198,#5199);
#5197 = CARTESIAN_POINT('',(160.,-59.92,1.51));
#5198 = DIRECTION('',(-0.,0.,-1.));
#5199 = DIRECTION('',(-0.,-1.,0.));
#5200 = PLANE('',#5201);
#5201 = AXIS2_PLACEMENT_3D('',#5202,#5203,#5204);
#5202 = CARTESIAN_POINT('',(0.,0.,1.51));
#5203 = DIRECTION('',(0.,0.,1.));
#5204 = DIRECTION('',(1.,0.,-0.));
#5205 = ADVANCED_FACE('',(#5206),#5212,.T.);
#5206 = FACE_BOUND('',#5207,.T.);
#5207 = EDGE_LOOP('',(#5208,#5209,#5210,#5211));
#5208 = ORIENTED_EDGE('',*,*,#3973,.T.);
#5209 = ORIENTED_EDGE('',*,*,#4604,.T.);
#5210 = ORIENTED_EDGE('',*,*,#3933,.F.);
#5211 = ORIENTED_EDGE('',*,*,#3997,.F.);
#5212 = PLANE('',#5213);
#5213 = AXIS2_PLACEMENT_3D('',#5214,#5215,#5216);
#5214 = CARTESIAN_POINT('',(116.,-56.,0.));
#5215 = DIRECTION('',(0.,1.,0.));
#5216 = DIRECTION('',(1.,0.,0.));
#5217 = ADVANCED_FACE('',(#5218),#5229,.F.);
#5218 = FACE_BOUND('',#5219,.T.);
#5219 = EDGE_LOOP('',(#5220,#5221,#5227,#5228));
#5220 = ORIENTED_EDGE('',*,*,#4006,.T.);
#5221 = ORIENTED_EDGE('',*,*,#5222,.T.);
#5222 = EDGE_CURVE('',#4007,#4614,#5223,.T.);
#5223 = LINE('',#5224,#5225);
#5224 = CARTESIAN_POINT('',(132.38,-119.1085,-4.6E-02));
#5225 = VECTOR('',#5226,1.);
#5226 = DIRECTION('',(0.,0.,1.));
#5227 = ORIENTED_EDGE('',*,*,#4613,.F.);
#5228 = ORIENTED_EDGE('',*,*,#5222,.F.);
#5229 = CYLINDRICAL_SURFACE('',#5230,0.425);
#5230 = AXIS2_PLACEMENT_3D('',#5231,#5232,#5233);
#5231 = CARTESIAN_POINT('',(132.38,-118.6835,-4.6E-02));
#5232 = DIRECTION('',(-0.,-0.,-1.));
#5233 = DIRECTION('',(-0.,-1.,0.));
#5234 = ADVANCED_FACE('',(#5235),#5246,.F.);
#5235 = FACE_BOUND('',#5236,.T.);
#5236 = EDGE_LOOP('',(#5237,#5238,#5244,#5245));
#5237 = ORIENTED_EDGE('',*,*,#4017,.T.);
#5238 = ORIENTED_EDGE('',*,*,#5239,.T.);
#5239 = EDGE_CURVE('',#4018,#4625,#5240,.T.);
#5240 = LINE('',#5241,#5242);
#5241 = CARTESIAN_POINT('',(132.38,-116.5685,-4.6E-02));
#5242 = VECTOR('',#5243,1.);
#5243 = DIRECTION('',(0.,0.,1.));
#5244 = ORIENTED_EDGE('',*,*,#4624,.F.);
#5245 = ORIENTED_EDGE('',*,*,#5239,.F.);
#5246 = CYLINDRICAL_SURFACE('',#5247,0.425);
#5247 = AXIS2_PLACEMENT_3D('',#5248,#5249,#5250);
#5248 = CARTESIAN_POINT('',(132.38,-116.1435,-4.6E-02));
#5249 = DIRECTION('',(-0.,-0.,-1.));
#5250 = DIRECTION('',(-0.,-1.,0.));
#5251 = ADVANCED_FACE('',(#5252),#5263,.F.);
#5252 = FACE_BOUND('',#5253,.T.);
#5253 = EDGE_LOOP('',(#5254,#5255,#5261,#5262));
#5254 = ORIENTED_EDGE('',*,*,#4028,.T.);
#5255 = ORIENTED_EDGE('',*,*,#5256,.T.);
#5256 = EDGE_CURVE('',#4029,#4636,#5257,.T.);
#5257 = LINE('',#5258,#5259);
#5258 = CARTESIAN_POINT('',(132.38,-114.0285,-4.6E-02));
#5259 = VECTOR('',#5260,1.);
#5260 = DIRECTION('',(0.,0.,1.));
#5261 = ORIENTED_EDGE('',*,*,#4635,.F.);
#5262 = ORIENTED_EDGE('',*,*,#5256,.F.);
#5263 = CYLINDRICAL_SURFACE('',#5264,0.425);
#5264 = AXIS2_PLACEMENT_3D('',#5265,#5266,#5267);
#5265 = CARTESIAN_POINT('',(132.38,-113.6035,-4.6E-02));
#5266 = DIRECTION('',(-0.,-0.,-1.));
#5267 = DIRECTION('',(-0.,-1.,0.));
#5268 = ADVANCED_FACE('',(#5269),#5280,.F.);
#5269 = FACE_BOUND('',#5270,.T.);
#5270 = EDGE_LOOP('',(#5271,#5272,#5278,#5279));
#5271 = ORIENTED_EDGE('',*,*,#4039,.T.);
#5272 = ORIENTED_EDGE('',*,*,#5273,.T.);
#5273 = EDGE_CURVE('',#4040,#4647,#5274,.T.);
#5274 = LINE('',#5275,#5276);
#5275 = CARTESIAN_POINT('',(132.38,-111.4885,-4.6E-02));
#5276 = VECTOR('',#5277,1.);
#5277 = DIRECTION('',(0.,0.,1.));
#5278 = ORIENTED_EDGE('',*,*,#4646,.F.);
#5279 = ORIENTED_EDGE('',*,*,#5273,.F.);
#5280 = CYLINDRICAL_SURFACE('',#5281,0.425);
#5281 = AXIS2_PLACEMENT_3D('',#5282,#5283,#5284);
#5282 = CARTESIAN_POINT('',(132.38,-111.0635,-4.6E-02));
#5283 = DIRECTION('',(-0.,-0.,-1.));
#5284 = DIRECTION('',(-0.,-1.,0.));
#5285 = ADVANCED_FACE('',(#5286),#5297,.F.);
#5286 = FACE_BOUND('',#5287,.T.);
#5287 = EDGE_LOOP('',(#5288,#5289,#5295,#5296));
#5288 = ORIENTED_EDGE('',*,*,#4050,.T.);
#5289 = ORIENTED_EDGE('',*,*,#5290,.T.);
#5290 = EDGE_CURVE('',#4051,#4658,#5291,.T.);
#5291 = LINE('',#5292,#5293);
#5292 = CARTESIAN_POINT('',(132.38,-108.9485,-4.6E-02));
#5293 = VECTOR('',#5294,1.);
#5294 = DIRECTION('',(0.,0.,1.));
#5295 = ORIENTED_EDGE('',*,*,#4657,.F.);
#5296 = ORIENTED_EDGE('',*,*,#5290,.F.);
#5297 = CYLINDRICAL_SURFACE('',#5298,0.425);
#5298 = AXIS2_PLACEMENT_3D('',#5299,#5300,#5301);
#5299 = CARTESIAN_POINT('',(132.38,-108.5235,-4.6E-02));
#5300 = DIRECTION('',(-0.,-0.,-1.));
#5301 = DIRECTION('',(-0.,-1.,0.));
#5302 = ADVANCED_FACE('',(#5303),#5314,.F.);
#5303 = FACE_BOUND('',#5304,.T.);
#5304 = EDGE_LOOP('',(#5305,#5306,#5312,#5313));
#5305 = ORIENTED_EDGE('',*,*,#4061,.T.);
#5306 = ORIENTED_EDGE('',*,*,#5307,.T.);
#5307 = EDGE_CURVE('',#4062,#4669,#5308,.T.);
#5308 = LINE('',#5309,#5310);
#5309 = CARTESIAN_POINT('',(132.38,-106.4085,-4.6E-02));
#5310 = VECTOR('',#5311,1.);
#5311 = DIRECTION('',(0.,0.,1.));
#5312 = ORIENTED_EDGE('',*,*,#4668,.F.);
#5313 = ORIENTED_EDGE('',*,*,#5307,.F.);
#5314 = CYLINDRICAL_SURFACE('',#5315,0.425);
#5315 = AXIS2_PLACEMENT_3D('',#5316,#5317,#5318);
#5316 = CARTESIAN_POINT('',(132.38,-105.9835,-4.6E-02));
#5317 = DIRECTION('',(-0.,-0.,-1.));
#5318 = DIRECTION('',(-0.,-1.,0.));
#5319 = ADVANCED_FACE('',(#5320),#5331,.F.);
#5320 = FACE_BOUND('',#5321,.T.);
#5321 = EDGE_LOOP('',(#5322,#5323,#5329,#5330));
#5322 = ORIENTED_EDGE('',*,*,#4072,.T.);
#5323 = ORIENTED_EDGE('',*,*,#5324,.T.);
#5324 = EDGE_CURVE('',#4073,#4680,#5325,.T.);
#5325 = LINE('',#5326,#5327);
#5326 = CARTESIAN_POINT('',(132.38,-103.8685,-4.6E-02));
#5327 = VECTOR('',#5328,1.);
#5328 = DIRECTION('',(0.,0.,1.));
#5329 = ORIENTED_EDGE('',*,*,#4679,.F.);
#5330 = ORIENTED_EDGE('',*,*,#5324,.F.);
#5331 = CYLINDRICAL_SURFACE('',#5332,0.425);
#5332 = AXIS2_PLACEMENT_3D('',#5333,#5334,#5335);
#5333 = CARTESIAN_POINT('',(132.38,-103.4435,-4.6E-02));
#5334 = DIRECTION('',(-0.,-0.,-1.));
#5335 = DIRECTION('',(-0.,-1.,0.));
#5336 = ADVANCED_FACE('',(#5337),#5348,.F.);
#5337 = FACE_BOUND('',#5338,.T.);
#5338 = EDGE_LOOP('',(#5339,#5340,#5346,#5347));
#5339 = ORIENTED_EDGE('',*,*,#4083,.T.);
#5340 = ORIENTED_EDGE('',*,*,#5341,.T.);
#5341 = EDGE_CURVE('',#4084,#4691,#5342,.T.);
#5342 = LINE('',#5343,#5344);
#5343 = CARTESIAN_POINT('',(134.65,-96.135,-4.6E-02));
#5344 = VECTOR('',#5345,1.);
#5345 = DIRECTION('',(0.,0.,1.));
#5346 = ORIENTED_EDGE('',*,*,#4690,.F.);
#5347 = ORIENTED_EDGE('',*,*,#5341,.F.);
#5348 = CYLINDRICAL_SURFACE('',#5349,0.35);
#5349 = AXIS2_PLACEMENT_3D('',#5350,#5351,#5352);
#5350 = CARTESIAN_POINT('',(134.65,-95.785,-4.6E-02));
#5351 = DIRECTION('',(-0.,-0.,-1.));
#5352 = DIRECTION('',(-0.,-1.,0.));
#5353 = ADVANCED_FACE('',(#5354),#5365,.F.);
#5354 = FACE_BOUND('',#5355,.T.);
#5355 = EDGE_LOOP('',(#5356,#5357,#5363,#5364));
#5356 = ORIENTED_EDGE('',*,*,#4094,.T.);
#5357 = ORIENTED_EDGE('',*,*,#5358,.T.);
#5358 = EDGE_CURVE('',#4095,#4702,#5359,.T.);
#5359 = LINE('',#5360,#5361);
#5360 = CARTESIAN_POINT('',(134.65,-94.355,-4.6E-02));
#5361 = VECTOR('',#5362,1.);
#5362 = DIRECTION('',(0.,0.,1.));
#5363 = ORIENTED_EDGE('',*,*,#4701,.F.);
#5364 = ORIENTED_EDGE('',*,*,#5358,.F.);
#5365 = CYLINDRICAL_SURFACE('',#5366,0.35);
#5366 = AXIS2_PLACEMENT_3D('',#5367,#5368,#5369);
#5367 = CARTESIAN_POINT('',(134.65,-94.005,-4.6E-02));
#5368 = DIRECTION('',(-0.,-0.,-1.));
#5369 = DIRECTION('',(-0.,-1.,0.));
#5370 = ADVANCED_FACE('',(#5371),#5382,.F.);
#5371 = FACE_BOUND('',#5372,.T.);
#5372 = EDGE_LOOP('',(#5373,#5374,#5380,#5381));
#5373 = ORIENTED_EDGE('',*,*,#4105,.T.);
#5374 = ORIENTED_EDGE('',*,*,#5375,.T.);
#5375 = EDGE_CURVE('',#4106,#4713,#5376,.T.);
#5376 = LINE('',#5377,#5378);
#5377 = CARTESIAN_POINT('',(134.65,-92.575,-4.6E-02));
#5378 = VECTOR('',#5379,1.);
#5379 = DIRECTION('',(0.,0.,1.));
#5380 = ORIENTED_EDGE('',*,*,#4712,.F.);
#5381 = ORIENTED_EDGE('',*,*,#5375,.F.);
#5382 = CYLINDRICAL_SURFACE('',#5383,0.35);
#5383 = AXIS2_PLACEMENT_3D('',#5384,#5385,#5386);
#5384 = CARTESIAN_POINT('',(134.65,-92.225,-4.6E-02));
#5385 = DIRECTION('',(-0.,-0.,-1.));
#5386 = DIRECTION('',(-0.,-1.,0.));
#5387 = ADVANCED_FACE('',(#5388),#5399,.F.);
#5388 = FACE_BOUND('',#5389,.T.);
#5389 = EDGE_LOOP('',(#5390,#5391,#5397,#5398));
#5390 = ORIENTED_EDGE('',*,*,#4116,.T.);
#5391 = ORIENTED_EDGE('',*,*,#5392,.T.);
#5392 = EDGE_CURVE('',#4117,#4724,#5393,.T.);
#5393 = LINE('',#5394,#5395);
#5394 = CARTESIAN_POINT('',(134.65,-90.795,-4.6E-02));
#5395 = VECTOR('',#5396,1.);
#5396 = DIRECTION('',(0.,0.,1.));
#5397 = ORIENTED_EDGE('',*,*,#4723,.F.);
#5398 = ORIENTED_EDGE('',*,*,#5392,.F.);
#5399 = CYLINDRICAL_SURFACE('',#5400,0.35);
#5400 = AXIS2_PLACEMENT_3D('',#5401,#5402,#5403);
#5401 = CARTESIAN_POINT('',(134.65,-90.445,-4.6E-02));
#5402 = DIRECTION('',(-0.,-0.,-1.));
#5403 = DIRECTION('',(-0.,-1.,0.));
#5404 = ADVANCED_FACE('',(#5405),#5416,.F.);
#5405 = FACE_BOUND('',#5406,.T.);
#5406 = EDGE_LOOP('',(#5407,#5408,#5414,#5415));
#5407 = ORIENTED_EDGE('',*,*,#4127,.T.);
#5408 = ORIENTED_EDGE('',*,*,#5409,.T.);
#5409 = EDGE_CURVE('',#4128,#4735,#5410,.T.);
#5410 = LINE('',#5411,#5412);
#5411 = CARTESIAN_POINT('',(140.,-119.1,-4.6E-02));
#5412 = VECTOR('',#5413,1.);
#5413 = DIRECTION('',(0.,0.,1.));
#5414 = ORIENTED_EDGE('',*,*,#4734,.F.);
#5415 = ORIENTED_EDGE('',*,*,#5409,.F.);
#5416 = CYLINDRICAL_SURFACE('',#5417,1.1);
#5417 = AXIS2_PLACEMENT_3D('',#5418,#5419,#5420);
#5418 = CARTESIAN_POINT('',(140.,-118.,-4.6E-02));
#5419 = DIRECTION('',(-0.,-0.,-1.));
#5420 = DIRECTION('',(-0.,-1.,0.));
#5421 = ADVANCED_FACE('',(#5422),#5433,.F.);
#5422 = FACE_BOUND('',#5423,.T.);
#5423 = EDGE_LOOP('',(#5424,#5425,#5431,#5432));
#5424 = ORIENTED_EDGE('',*,*,#4138,.T.);
#5425 = ORIENTED_EDGE('',*,*,#5426,.T.);
#5426 = EDGE_CURVE('',#4139,#4746,#5427,.T.);
#5427 = LINE('',#5428,#5429);
#5428 = CARTESIAN_POINT('',(147.62,-119.1085,-4.6E-02));
#5429 = VECTOR('',#5430,1.);
#5430 = DIRECTION('',(0.,0.,1.));
#5431 = ORIENTED_EDGE('',*,*,#4745,.F.);
#5432 = ORIENTED_EDGE('',*,*,#5426,.F.);
#5433 = CYLINDRICAL_SURFACE('',#5434,0.425);
#5434 = AXIS2_PLACEMENT_3D('',#5435,#5436,#5437);
#5435 = CARTESIAN_POINT('',(147.62,-118.6835,-4.6E-02));
#5436 = DIRECTION('',(-0.,-0.,-1.));
#5437 = DIRECTION('',(-0.,-1.,0.));
#5438 = ADVANCED_FACE('',(#5439),#5450,.F.);
#5439 = FACE_BOUND('',#5440,.T.);
#5440 = EDGE_LOOP('',(#5441,#5442,#5448,#5449));
#5441 = ORIENTED_EDGE('',*,*,#4149,.T.);
#5442 = ORIENTED_EDGE('',*,*,#5443,.T.);
#5443 = EDGE_CURVE('',#4150,#4757,#5444,.T.);
#5444 = LINE('',#5445,#5446);
#5445 = CARTESIAN_POINT('',(147.62,-116.5685,-4.6E-02));
#5446 = VECTOR('',#5447,1.);
#5447 = DIRECTION('',(0.,0.,1.));
#5448 = ORIENTED_EDGE('',*,*,#4756,.F.);
#5449 = ORIENTED_EDGE('',*,*,#5443,.F.);
#5450 = CYLINDRICAL_SURFACE('',#5451,0.425);
#5451 = AXIS2_PLACEMENT_3D('',#5452,#5453,#5454);
#5452 = CARTESIAN_POINT('',(147.62,-116.1435,-4.6E-02));
#5453 = DIRECTION('',(-0.,-0.,-1.));
#5454 = DIRECTION('',(-0.,-1.,0.));
#5455 = ADVANCED_FACE('',(#5456),#5467,.F.);
#5456 = FACE_BOUND('',#5457,.T.);
#5457 = EDGE_LOOP('',(#5458,#5459,#5465,#5466));
#5458 = ORIENTED_EDGE('',*,*,#4160,.T.);
#5459 = ORIENTED_EDGE('',*,*,#5460,.T.);
#5460 = EDGE_CURVE('',#4161,#4768,#5461,.T.);
#5461 = LINE('',#5462,#5463);
#5462 = CARTESIAN_POINT('',(147.62,-114.0285,-4.6E-02));
#5463 = VECTOR('',#5464,1.);
#5464 = DIRECTION('',(0.,0.,1.));
#5465 = ORIENTED_EDGE('',*,*,#4767,.F.);
#5466 = ORIENTED_EDGE('',*,*,#5460,.F.);
#5467 = CYLINDRICAL_SURFACE('',#5468,0.425);
#5468 = AXIS2_PLACEMENT_3D('',#5469,#5470,#5471);
#5469 = CARTESIAN_POINT('',(147.62,-113.6035,-4.6E-02));
#5470 = DIRECTION('',(-0.,-0.,-1.));
#5471 = DIRECTION('',(-0.,-1.,0.));
#5472 = ADVANCED_FACE('',(#5473),#5484,.F.);
#5473 = FACE_BOUND('',#5474,.T.);
#5474 = EDGE_LOOP('',(#5475,#5476,#5482,#5483));
#5475 = ORIENTED_EDGE('',*,*,#4171,.T.);
#5476 = ORIENTED_EDGE('',*,*,#5477,.T.);
#5477 = EDGE_CURVE('',#4172,#4779,#5478,.T.);
#5478 = LINE('',#5479,#5480);
#5479 = CARTESIAN_POINT('',(147.62,-111.4885,-4.6E-02));
#5480 = VECTOR('',#5481,1.);
#5481 = DIRECTION('',(0.,0.,1.));
#5482 = ORIENTED_EDGE('',*,*,#4778,.F.);
#5483 = ORIENTED_EDGE('',*,*,#5477,.F.);
#5484 = CYLINDRICAL_SURFACE('',#5485,0.425);
#5485 = AXIS2_PLACEMENT_3D('',#5486,#5487,#5488);
#5486 = CARTESIAN_POINT('',(147.62,-111.0635,-4.6E-02));
#5487 = DIRECTION('',(-0.,-0.,-1.));
#5488 = DIRECTION('',(-0.,-1.,0.));
#5489 = ADVANCED_FACE('',(#5490),#5501,.F.);
#5490 = FACE_BOUND('',#5491,.T.);
#5491 = EDGE_LOOP('',(#5492,#5493,#5499,#5500));
#5492 = ORIENTED_EDGE('',*,*,#4182,.T.);
#5493 = ORIENTED_EDGE('',*,*,#5494,.T.);
#5494 = EDGE_CURVE('',#4183,#4790,#5495,.T.);
#5495 = LINE('',#5496,#5497);
#5496 = CARTESIAN_POINT('',(147.62,-108.9485,-4.6E-02));
#5497 = VECTOR('',#5498,1.);
#5498 = DIRECTION('',(0.,0.,1.));
#5499 = ORIENTED_EDGE('',*,*,#4789,.F.);
#5500 = ORIENTED_EDGE('',*,*,#5494,.F.);
#5501 = CYLINDRICAL_SURFACE('',#5502,0.425);
#5502 = AXIS2_PLACEMENT_3D('',#5503,#5504,#5505);
#5503 = CARTESIAN_POINT('',(147.62,-108.5235,-4.6E-02));
#5504 = DIRECTION('',(-0.,-0.,-1.));
#5505 = DIRECTION('',(-0.,-1.,0.));
#5506 = ADVANCED_FACE('',(#5507),#5518,.F.);
#5507 = FACE_BOUND('',#5508,.T.);
#5508 = EDGE_LOOP('',(#5509,#5510,#5516,#5517));
#5509 = ORIENTED_EDGE('',*,*,#4193,.T.);
#5510 = ORIENTED_EDGE('',*,*,#5511,.T.);
#5511 = EDGE_CURVE('',#4194,#4801,#5512,.T.);
#5512 = LINE('',#5513,#5514);
#5513 = CARTESIAN_POINT('',(147.62,-106.4085,-4.6E-02));
#5514 = VECTOR('',#5515,1.);
#5515 = DIRECTION('',(0.,0.,1.));
#5516 = ORIENTED_EDGE('',*,*,#4800,.F.);
#5517 = ORIENTED_EDGE('',*,*,#5511,.F.);
#5518 = CYLINDRICAL_SURFACE('',#5519,0.425);
#5519 = AXIS2_PLACEMENT_3D('',#5520,#5521,#5522);
#5520 = CARTESIAN_POINT('',(147.62,-105.9835,-4.6E-02));
#5521 = DIRECTION('',(-0.,-0.,-1.));
#5522 = DIRECTION('',(-0.,-1.,0.));
#5523 = ADVANCED_FACE('',(#5524),#5535,.F.);
#5524 = FACE_BOUND('',#5525,.T.);
#5525 = EDGE_LOOP('',(#5526,#5527,#5533,#5534));
#5526 = ORIENTED_EDGE('',*,*,#4204,.T.);
#5527 = ORIENTED_EDGE('',*,*,#5528,.T.);
#5528 = EDGE_CURVE('',#4205,#4812,#5529,.T.);
#5529 = LINE('',#5530,#5531);
#5530 = CARTESIAN_POINT('',(147.62,-103.8685,-4.6E-02));
#5531 = VECTOR('',#5532,1.);
#5532 = DIRECTION('',(0.,0.,1.));
#5533 = ORIENTED_EDGE('',*,*,#4811,.F.);
#5534 = ORIENTED_EDGE('',*,*,#5528,.F.);
#5535 = CYLINDRICAL_SURFACE('',#5536,0.425);
#5536 = AXIS2_PLACEMENT_3D('',#5537,#5538,#5539);
#5537 = CARTESIAN_POINT('',(147.62,-103.4435,-4.6E-02));
#5538 = DIRECTION('',(-0.,-0.,-1.));
#5539 = DIRECTION('',(-0.,-1.,0.));
#5540 = ADVANCED_FACE('',(#5541),#5552,.F.);
#5541 = FACE_BOUND('',#5542,.T.);
#5542 = EDGE_LOOP('',(#5543,#5544,#5550,#5551));
#5543 = ORIENTED_EDGE('',*,*,#4215,.T.);
#5544 = ORIENTED_EDGE('',*,*,#5545,.T.);
#5545 = EDGE_CURVE('',#4216,#4823,#5546,.T.);
#5546 = LINE('',#5547,#5548);
#5547 = CARTESIAN_POINT('',(145.35,-97.025,-4.6E-02));
#5548 = VECTOR('',#5549,1.);
#5549 = DIRECTION('',(0.,0.,1.));
#5550 = ORIENTED_EDGE('',*,*,#4822,.F.);
#5551 = ORIENTED_EDGE('',*,*,#5545,.F.);
#5552 = CYLINDRICAL_SURFACE('',#5553,0.35);
#5553 = AXIS2_PLACEMENT_3D('',#5554,#5555,#5556);
#5554 = CARTESIAN_POINT('',(145.35,-96.675,-4.6E-02));
#5555 = DIRECTION('',(-0.,-0.,-1.));
#5556 = DIRECTION('',(-0.,-1.,0.));
#5557 = ADVANCED_FACE('',(#5558),#5574,.T.);
#5558 = FACE_BOUND('',#5559,.T.);
#5559 = EDGE_LOOP('',(#5560,#5566,#5567,#5573));
#5560 = ORIENTED_EDGE('',*,*,#5561,.T.);
#5561 = EDGE_CURVE('',#4227,#4834,#5562,.T.);
#5562 = LINE('',#5563,#5564);
#5563 = CARTESIAN_POINT('',(135.555,-97.9375,0.));
#5564 = VECTOR('',#5565,1.);
#5565 = DIRECTION('',(0.,0.,1.));
#5566 = ORIENTED_EDGE('',*,*,#4833,.T.);
#5567 = ORIENTED_EDGE('',*,*,#5568,.F.);
#5568 = EDGE_CURVE('',#4229,#4836,#5569,.T.);
#5569 = LINE('',#5570,#5571);
#5570 = CARTESIAN_POINT('',(144.445,-97.9375,0.));
#5571 = VECTOR('',#5572,1.);
#5572 = DIRECTION('',(0.,0.,1.));
#5573 = ORIENTED_EDGE('',*,*,#4226,.F.);
#5574 = PLANE('',#5575);
#5575 = AXIS2_PLACEMENT_3D('',#5576,#5577,#5578);
#5576 = CARTESIAN_POINT('',(135.555,-97.9375,0.));
#5577 = DIRECTION('',(0.,1.,0.));
#5578 = DIRECTION('',(1.,0.,0.));
#5579 = ADVANCED_FACE('',(#5580),#5591,.T.);
#5580 = FACE_BOUND('',#5581,.T.);
#5581 = EDGE_LOOP('',(#5582,#5588,#5589,#5590));
#5582 = ORIENTED_EDGE('',*,*,#5583,.T.);
#5583 = EDGE_CURVE('',#4237,#4844,#5584,.T.);
#5584 = LINE('',#5585,#5586);
#5585 = CARTESIAN_POINT('',(135.555,-82.0625,0.));
#5586 = VECTOR('',#5587,1.);
#5587 = DIRECTION('',(0.,0.,1.));
#5588 = ORIENTED_EDGE('',*,*,#4843,.T.);
#5589 = ORIENTED_EDGE('',*,*,#5561,.F.);
#5590 = ORIENTED_EDGE('',*,*,#4236,.F.);
#5591 = PLANE('',#5592);
#5592 = AXIS2_PLACEMENT_3D('',#5593,#5594,#5595);
#5593 = CARTESIAN_POINT('',(135.555,-82.0625,0.));
#5594 = DIRECTION('',(1.,0.,-0.));
#5595 = DIRECTION('',(0.,-1.,0.));
#5596 = ADVANCED_FACE('',(#5597),#5608,.T.);
#5597 = FACE_BOUND('',#5598,.T.);
#5598 = EDGE_LOOP('',(#5599,#5600,#5601,#5607));
#5599 = ORIENTED_EDGE('',*,*,#5568,.T.);
#5600 = ORIENTED_EDGE('',*,*,#4859,.T.);
#5601 = ORIENTED_EDGE('',*,*,#5602,.F.);
#5602 = EDGE_CURVE('',#4245,#4852,#5603,.T.);
#5603 = LINE('',#5604,#5605);
#5604 = CARTESIAN_POINT('',(144.445,-82.0625,0.));
#5605 = VECTOR('',#5606,1.);
#5606 = DIRECTION('',(0.,0.,1.));
#5607 = ORIENTED_EDGE('',*,*,#4252,.F.);
#5608 = PLANE('',#5609);
#5609 = AXIS2_PLACEMENT_3D('',#5610,#5611,#5612);
#5610 = CARTESIAN_POINT('',(144.445,-97.9375,0.));
#5611 = DIRECTION('',(-1.,0.,0.));
#5612 = DIRECTION('',(0.,1.,0.));
#5613 = ADVANCED_FACE('',(#5614),#5620,.T.);
#5614 = FACE_BOUND('',#5615,.T.);
#5615 = EDGE_LOOP('',(#5616,#5617,#5618,#5619));
#5616 = ORIENTED_EDGE('',*,*,#5602,.T.);
#5617 = ORIENTED_EDGE('',*,*,#4851,.T.);
#5618 = ORIENTED_EDGE('',*,*,#5583,.F.);
#5619 = ORIENTED_EDGE('',*,*,#4244,.F.);
#5620 = PLANE('',#5621);
#5621 = AXIS2_PLACEMENT_3D('',#5622,#5623,#5624);
#5622 = CARTESIAN_POINT('',(144.445,-82.0625,0.));
#5623 = DIRECTION('',(0.,-1.,0.));
#5624 = DIRECTION('',(-1.,0.,0.));
#5625 = ADVANCED_FACE('',(#5626),#5637,.F.);
#5626 = FACE_BOUND('',#5627,.T.);
#5627 = EDGE_LOOP('',(#5628,#5629,#5635,#5636));
#5628 = ORIENTED_EDGE('',*,*,#4260,.T.);
#5629 = ORIENTED_EDGE('',*,*,#5630,.T.);
#5630 = EDGE_CURVE('',#4261,#4868,#5631,.T.);
#5631 = LINE('',#5632,#5633);
#5632 = CARTESIAN_POINT('',(145.35,-95.245,-4.6E-02));
#5633 = VECTOR('',#5634,1.);
#5634 = DIRECTION('',(0.,0.,1.));
#5635 = ORIENTED_EDGE('',*,*,#4867,.F.);
#5636 = ORIENTED_EDGE('',*,*,#5630,.F.);
#5637 = CYLINDRICAL_SURFACE('',#5638,0.35);
#5638 = AXIS2_PLACEMENT_3D('',#5639,#5640,#5641);
#5639 = CARTESIAN_POINT('',(145.35,-94.895,-4.6E-02));
#5640 = DIRECTION('',(-0.,-0.,-1.));
#5641 = DIRECTION('',(-0.,-1.,0.));
#5642 = ADVANCED_FACE('',(#5643),#5654,.F.);
#5643 = FACE_BOUND('',#5644,.T.);
#5644 = EDGE_LOOP('',(#5645,#5646,#5652,#5653));
#5645 = ORIENTED_EDGE('',*,*,#4271,.T.);
#5646 = ORIENTED_EDGE('',*,*,#5647,.T.);
#5647 = EDGE_CURVE('',#4272,#4879,#5648,.T.);
#5648 = LINE('',#5649,#5650);
#5649 = CARTESIAN_POINT('',(145.35,-93.465,-4.6E-02));
#5650 = VECTOR('',#5651,1.);
#5651 = DIRECTION('',(0.,0.,1.));
#5652 = ORIENTED_EDGE('',*,*,#4878,.F.);
#5653 = ORIENTED_EDGE('',*,*,#5647,.F.);
#5654 = CYLINDRICAL_SURFACE('',#5655,0.35);
#5655 = AXIS2_PLACEMENT_3D('',#5656,#5657,#5658);
#5656 = CARTESIAN_POINT('',(145.35,-93.115,-4.6E-02));
#5657 = DIRECTION('',(-0.,-0.,-1.));
#5658 = DIRECTION('',(-0.,-1.,0.));
#5659 = ADVANCED_FACE('',(#5660),#5671,.F.);
#5660 = FACE_BOUND('',#5661,.T.);
#5661 = EDGE_LOOP('',(#5662,#5663,#5669,#5670));
#5662 = ORIENTED_EDGE('',*,*,#4282,.T.);
#5663 = ORIENTED_EDGE('',*,*,#5664,.T.);
#5664 = EDGE_CURVE('',#4283,#4890,#5665,.T.);
#5665 = LINE('',#5666,#5667);
#5666 = CARTESIAN_POINT('',(145.35,-91.685,-4.6E-02));
#5667 = VECTOR('',#5668,1.);
#5668 = DIRECTION('',(0.,0.,1.));
#5669 = ORIENTED_EDGE('',*,*,#4889,.F.);
#5670 = ORIENTED_EDGE('',*,*,#5664,.F.);
#5671 = CYLINDRICAL_SURFACE('',#5672,0.35);
#5672 = AXIS2_PLACEMENT_3D('',#5673,#5674,#5675);
#5673 = CARTESIAN_POINT('',(145.35,-91.335,-4.6E-02));
#5674 = DIRECTION('',(-0.,-0.,-1.));
#5675 = DIRECTION('',(-0.,-1.,0.));
#5676 = ADVANCED_FACE('',(#5677),#5688,.F.);
#5677 = FACE_BOUND('',#5678,.T.);
#5678 = EDGE_LOOP('',(#5679,#5680,#5686,#5687));
#5679 = ORIENTED_EDGE('',*,*,#4293,.T.);
#5680 = ORIENTED_EDGE('',*,*,#5681,.T.);
#5681 = EDGE_CURVE('',#4294,#4901,#5682,.T.);
#5682 = LINE('',#5683,#5684);
#5683 = CARTESIAN_POINT('',(145.35,-89.905,-4.6E-02));
#5684 = VECTOR('',#5685,1.);
#5685 = DIRECTION('',(0.,0.,1.));
#5686 = ORIENTED_EDGE('',*,*,#4900,.F.);
#5687 = ORIENTED_EDGE('',*,*,#5681,.F.);
#5688 = CYLINDRICAL_SURFACE('',#5689,0.35);
#5689 = AXIS2_PLACEMENT_3D('',#5690,#5691,#5692);
#5690 = CARTESIAN_POINT('',(145.35,-89.555,-4.6E-02));
#5691 = DIRECTION('',(-0.,-0.,-1.));
#5692 = DIRECTION('',(-0.,-1.,0.));
#5693 = ADVANCED_FACE('',(#5694),#5705,.F.);
#5694 = FACE_BOUND('',#5695,.T.);
#5695 = EDGE_LOOP('',(#5696,#5697,#5703,#5704));
#5696 = ORIENTED_EDGE('',*,*,#4304,.T.);
#5697 = ORIENTED_EDGE('',*,*,#5698,.T.);
#5698 = EDGE_CURVE('',#4305,#4912,#5699,.T.);
#5699 = LINE('',#5700,#5701);
#5700 = CARTESIAN_POINT('',(124.,-75.75,-4.6E-02));
#5701 = VECTOR('',#5702,1.);
#5702 = DIRECTION('',(0.,0.,1.));
#5703 = ORIENTED_EDGE('',*,*,#4911,.F.);
#5704 = ORIENTED_EDGE('',*,*,#5698,.F.);
#5705 = CYLINDRICAL_SURFACE('',#5706,0.75);
#5706 = AXIS2_PLACEMENT_3D('',#5707,#5708,#5709);
#5707 = CARTESIAN_POINT('',(124.,-75.,-4.6E-02));
#5708 = DIRECTION('',(-0.,-0.,-1.));
#5709 = DIRECTION('',(-0.,-1.,0.));
#5710 = ADVANCED_FACE('',(#5711),#5722,.F.);
#5711 = FACE_BOUND('',#5712,.T.);
#5712 = EDGE_LOOP('',(#5713,#5714,#5720,#5721));
#5713 = ORIENTED_EDGE('',*,*,#4315,.T.);
#5714 = ORIENTED_EDGE('',*,*,#5715,.T.);
#5715 = EDGE_CURVE('',#4316,#4923,#5716,.T.);
#5716 = LINE('',#5717,#5718);
#5717 = CARTESIAN_POINT('',(134.65,-89.015,-4.6E-02));
#5718 = VECTOR('',#5719,1.);
#5719 = DIRECTION('',(0.,0.,1.));
#5720 = ORIENTED_EDGE('',*,*,#4922,.F.);
#5721 = ORIENTED_EDGE('',*,*,#5715,.F.);
#5722 = CYLINDRICAL_SURFACE('',#5723,0.35);
#5723 = AXIS2_PLACEMENT_3D('',#5724,#5725,#5726);
#5724 = CARTESIAN_POINT('',(134.65,-88.665,-4.6E-02));
#5725 = DIRECTION('',(-0.,-0.,-1.));
#5726 = DIRECTION('',(-0.,-1.,0.));
#5727 = ADVANCED_FACE('',(#5728),#5739,.F.);
#5728 = FACE_BOUND('',#5729,.T.);
#5729 = EDGE_LOOP('',(#5730,#5731,#5737,#5738));
#5730 = ORIENTED_EDGE('',*,*,#4326,.T.);
#5731 = ORIENTED_EDGE('',*,*,#5732,.T.);
#5732 = EDGE_CURVE('',#4327,#4934,#5733,.T.);
#5733 = LINE('',#5734,#5735);
#5734 = CARTESIAN_POINT('',(134.65,-87.235,-4.6E-02));
#5735 = VECTOR('',#5736,1.);
#5736 = DIRECTION('',(0.,0.,1.));
#5737 = ORIENTED_EDGE('',*,*,#4933,.F.);
#5738 = ORIENTED_EDGE('',*,*,#5732,.F.);
#5739 = CYLINDRICAL_SURFACE('',#5740,0.35);
#5740 = AXIS2_PLACEMENT_3D('',#5741,#5742,#5743);
#5741 = CARTESIAN_POINT('',(134.65,-86.885,-4.6E-02));
#5742 = DIRECTION('',(-0.,-0.,-1.));
#5743 = DIRECTION('',(-0.,-1.,0.));
#5744 = ADVANCED_FACE('',(#5745),#5756,.F.);
#5745 = FACE_BOUND('',#5746,.T.);
#5746 = EDGE_LOOP('',(#5747,#5748,#5754,#5755));
#5747 = ORIENTED_EDGE('',*,*,#4337,.T.);
#5748 = ORIENTED_EDGE('',*,*,#5749,.T.);
#5749 = EDGE_CURVE('',#4338,#4945,#5750,.T.);
#5750 = LINE('',#5751,#5752);
#5751 = CARTESIAN_POINT('',(134.65,-85.455,-4.6E-02));
#5752 = VECTOR('',#5753,1.);
#5753 = DIRECTION('',(0.,0.,1.));
#5754 = ORIENTED_EDGE('',*,*,#4944,.F.);
#5755 = ORIENTED_EDGE('',*,*,#5749,.F.);
#5756 = CYLINDRICAL_SURFACE('',#5757,0.35);
#5757 = AXIS2_PLACEMENT_3D('',#5758,#5759,#5760);
#5758 = CARTESIAN_POINT('',(134.65,-85.105,-4.6E-02));
#5759 = DIRECTION('',(-0.,-0.,-1.));
#5760 = DIRECTION('',(-0.,-1.,0.));
#5761 = ADVANCED_FACE('',(#5762),#5773,.F.);
#5762 = FACE_BOUND('',#5763,.T.);
#5763 = EDGE_LOOP('',(#5764,#5765,#5771,#5772));
#5764 = ORIENTED_EDGE('',*,*,#4348,.T.);
#5765 = ORIENTED_EDGE('',*,*,#5766,.T.);
#5766 = EDGE_CURVE('',#4349,#4956,#5767,.T.);
#5767 = LINE('',#5768,#5769);
#5768 = CARTESIAN_POINT('',(134.65,-83.675,-4.6E-02));
#5769 = VECTOR('',#5770,1.);
#5770 = DIRECTION('',(0.,0.,1.));
#5771 = ORIENTED_EDGE('',*,*,#4955,.F.);
#5772 = ORIENTED_EDGE('',*,*,#5766,.F.);
#5773 = CYLINDRICAL_SURFACE('',#5774,0.35);
#5774 = AXIS2_PLACEMENT_3D('',#5775,#5776,#5777);
#5775 = CARTESIAN_POINT('',(134.65,-83.325,-4.6E-02));
#5776 = DIRECTION('',(-0.,-0.,-1.));
#5777 = DIRECTION('',(-0.,-1.,0.));
#5778 = ADVANCED_FACE('',(#5779),#5790,.F.);
#5779 = FACE_BOUND('',#5780,.T.);
#5780 = EDGE_LOOP('',(#5781,#5782,#5788,#5789));
#5781 = ORIENTED_EDGE('',*,*,#4359,.T.);
#5782 = ORIENTED_EDGE('',*,*,#5783,.T.);
#5783 = EDGE_CURVE('',#4360,#4967,#5784,.T.);
#5784 = LINE('',#5785,#5786);
#5785 = CARTESIAN_POINT('',(132.5,-75.,-4.6E-02));
#5786 = VECTOR('',#5787,1.);
#5787 = DIRECTION('',(0.,0.,1.));
#5788 = ORIENTED_EDGE('',*,*,#4966,.F.);
#5789 = ORIENTED_EDGE('',*,*,#5783,.F.);
#5790 = CYLINDRICAL_SURFACE('',#5791,0.5);
#5791 = AXIS2_PLACEMENT_3D('',#5792,#5793,#5794);
#5792 = CARTESIAN_POINT('',(132.5,-74.5,-4.6E-02));
#5793 = DIRECTION('',(-0.,-0.,-1.));
#5794 = DIRECTION('',(-0.,-1.,0.));
#5795 = ADVANCED_FACE('',(#5796),#5807,.F.);
#5796 = FACE_BOUND('',#5797,.T.);
#5797 = EDGE_LOOP('',(#5798,#5799,#5805,#5806));
#5798 = ORIENTED_EDGE('',*,*,#4370,.T.);
#5799 = ORIENTED_EDGE('',*,*,#5800,.T.);
#5800 = EDGE_CURVE('',#4371,#4978,#5801,.T.);
#5801 = LINE('',#5802,#5803);
#5802 = CARTESIAN_POINT('',(124.,-70.67,-4.6E-02));
#5803 = VECTOR('',#5804,1.);
#5804 = DIRECTION('',(0.,0.,1.));
#5805 = ORIENTED_EDGE('',*,*,#4977,.F.);
#5806 = ORIENTED_EDGE('',*,*,#5800,.F.);
#5807 = CYLINDRICAL_SURFACE('',#5808,0.75);
#5808 = AXIS2_PLACEMENT_3D('',#5809,#5810,#5811);
#5809 = CARTESIAN_POINT('',(124.,-69.92,-4.6E-02));
#5810 = DIRECTION('',(-0.,-0.,-1.));
#5811 = DIRECTION('',(-0.,-1.,0.));
#5812 = ADVANCED_FACE('',(#5813),#5824,.F.);
#5813 = FACE_BOUND('',#5814,.T.);
#5814 = EDGE_LOOP('',(#5815,#5816,#5822,#5823));
#5815 = ORIENTED_EDGE('',*,*,#4381,.T.);
#5816 = ORIENTED_EDGE('',*,*,#5817,.T.);
#5817 = EDGE_CURVE('',#4382,#4989,#5818,.T.);
#5818 = LINE('',#5819,#5820);
#5819 = CARTESIAN_POINT('',(124.,-65.59,-4.6E-02));
#5820 = VECTOR('',#5821,1.);
#5821 = DIRECTION('',(0.,0.,1.));
#5822 = ORIENTED_EDGE('',*,*,#4988,.F.);
#5823 = ORIENTED_EDGE('',*,*,#5817,.F.);
#5824 = CYLINDRICAL_SURFACE('',#5825,0.75);
#5825 = AXIS2_PLACEMENT_3D('',#5826,#5827,#5828);
#5826 = CARTESIAN_POINT('',(124.,-64.84,-4.6E-02));
#5827 = DIRECTION('',(-0.,-0.,-1.));
#5828 = DIRECTION('',(-0.,-1.,0.));
#5829 = ADVANCED_FACE('',(#5830),#5841,.F.);
#5830 = FACE_BOUND('',#5831,.T.);
#5831 = EDGE_LOOP('',(#5832,#5833,#5839,#5840));
#5832 = ORIENTED_EDGE('',*,*,#4392,.T.);
#5833 = ORIENTED_EDGE('',*,*,#5834,.T.);
#5834 = EDGE_CURVE('',#4393,#5000,#5835,.T.);
#5835 = LINE('',#5836,#5837);
#5836 = CARTESIAN_POINT('',(120.,-61.02,-4.6E-02));
#5837 = VECTOR('',#5838,1.);
#5838 = DIRECTION('',(0.,0.,1.));
#5839 = ORIENTED_EDGE('',*,*,#4999,.F.);
#5840 = ORIENTED_EDGE('',*,*,#5834,.F.);
#5841 = CYLINDRICAL_SURFACE('',#5842,1.1);
#5842 = AXIS2_PLACEMENT_3D('',#5843,#5844,#5845);
#5843 = CARTESIAN_POINT('',(120.,-59.92,-4.6E-02));
#5844 = DIRECTION('',(-0.,-0.,-1.));
#5845 = DIRECTION('',(-0.,-1.,0.));
#5846 = ADVANCED_FACE('',(#5847),#5858,.F.);
#5847 = FACE_BOUND('',#5848,.T.);
#5848 = EDGE_LOOP('',(#5849,#5850,#5856,#5857));
#5849 = ORIENTED_EDGE('',*,*,#4403,.T.);
#5850 = ORIENTED_EDGE('',*,*,#5851,.T.);
#5851 = EDGE_CURVE('',#4404,#5011,#5852,.T.);
#5852 = LINE('',#5853,#5854);
#5853 = CARTESIAN_POINT('',(132.5,-72.5,-4.6E-02));
#5854 = VECTOR('',#5855,1.);
#5855 = DIRECTION('',(0.,0.,1.));
#5856 = ORIENTED_EDGE('',*,*,#5010,.F.);
#5857 = ORIENTED_EDGE('',*,*,#5851,.F.);
#5858 = CYLINDRICAL_SURFACE('',#5859,0.5);
#5859 = AXIS2_PLACEMENT_3D('',#5860,#5861,#5862);
#5860 = CARTESIAN_POINT('',(132.5,-72.,-4.6E-02));
#5861 = DIRECTION('',(-0.,-0.,-1.));
#5862 = DIRECTION('',(-0.,-1.,0.));
#5863 = ADVANCED_FACE('',(#5864),#5875,.F.);
#5864 = FACE_BOUND('',#5865,.T.);
#5865 = EDGE_LOOP('',(#5866,#5867,#5873,#5874));
#5866 = ORIENTED_EDGE('',*,*,#4414,.T.);
#5867 = ORIENTED_EDGE('',*,*,#5868,.T.);
#5868 = EDGE_CURVE('',#4415,#5022,#5869,.T.);
#5869 = LINE('',#5870,#5871);
#5870 = CARTESIAN_POINT('',(132.5,-70.,-4.6E-02));
#5871 = VECTOR('',#5872,1.);
#5872 = DIRECTION('',(0.,0.,1.));
#5873 = ORIENTED_EDGE('',*,*,#5021,.F.);
#5874 = ORIENTED_EDGE('',*,*,#5868,.F.);
#5875 = CYLINDRICAL_SURFACE('',#5876,0.5);
#5876 = AXIS2_PLACEMENT_3D('',#5877,#5878,#5879);
#5877 = CARTESIAN_POINT('',(132.5,-69.5,-4.6E-02));
#5878 = DIRECTION('',(-0.,-0.,-1.));
#5879 = DIRECTION('',(-0.,-1.,0.));
#5880 = ADVANCED_FACE('',(#5881),#5892,.F.);
#5881 = FACE_BOUND('',#5882,.T.);
#5882 = EDGE_LOOP('',(#5883,#5884,#5890,#5891));
#5883 = ORIENTED_EDGE('',*,*,#4425,.T.);
#5884 = ORIENTED_EDGE('',*,*,#5885,.T.);
#5885 = EDGE_CURVE('',#4426,#5033,#5886,.T.);
#5886 = LINE('',#5887,#5888);
#5887 = CARTESIAN_POINT('',(145.35,-88.125,-4.6E-02));
#5888 = VECTOR('',#5889,1.);
#5889 = DIRECTION('',(0.,0.,1.));
#5890 = ORIENTED_EDGE('',*,*,#5032,.F.);
#5891 = ORIENTED_EDGE('',*,*,#5885,.F.);
#5892 = CYLINDRICAL_SURFACE('',#5893,0.35);
#5893 = AXIS2_PLACEMENT_3D('',#5894,#5895,#5896);
#5894 = CARTESIAN_POINT('',(145.35,-87.775,-4.6E-02));
#5895 = DIRECTION('',(-0.,-0.,-1.));
#5896 = DIRECTION('',(-0.,-1.,0.));
#5897 = ADVANCED_FACE('',(#5898),#5909,.F.);
#5898 = FACE_BOUND('',#5899,.T.);
#5899 = EDGE_LOOP('',(#5900,#5901,#5907,#5908));
#5900 = ORIENTED_EDGE('',*,*,#4436,.T.);
#5901 = ORIENTED_EDGE('',*,*,#5902,.T.);
#5902 = EDGE_CURVE('',#4437,#5044,#5903,.T.);
#5903 = LINE('',#5904,#5905);
#5904 = CARTESIAN_POINT('',(145.35,-86.345,-4.6E-02));
#5905 = VECTOR('',#5906,1.);
#5906 = DIRECTION('',(0.,0.,1.));
#5907 = ORIENTED_EDGE('',*,*,#5043,.F.);
#5908 = ORIENTED_EDGE('',*,*,#5902,.F.);
#5909 = CYLINDRICAL_SURFACE('',#5910,0.35);
#5910 = AXIS2_PLACEMENT_3D('',#5911,#5912,#5913);
#5911 = CARTESIAN_POINT('',(145.35,-85.995,-4.6E-02));
#5912 = DIRECTION('',(-0.,-0.,-1.));
#5913 = DIRECTION('',(-0.,-1.,0.));
#5914 = ADVANCED_FACE('',(#5915),#5926,.F.);
#5915 = FACE_BOUND('',#5916,.T.);
#5916 = EDGE_LOOP('',(#5917,#5918,#5924,#5925));
#5917 = ORIENTED_EDGE('',*,*,#4447,.T.);
#5918 = ORIENTED_EDGE('',*,*,#5919,.T.);
#5919 = EDGE_CURVE('',#4448,#5055,#5920,.T.);
#5920 = LINE('',#5921,#5922);
#5921 = CARTESIAN_POINT('',(145.35,-84.565,-4.6E-02));
#5922 = VECTOR('',#5923,1.);
#5923 = DIRECTION('',(0.,0.,1.));
#5924 = ORIENTED_EDGE('',*,*,#5054,.F.);
#5925 = ORIENTED_EDGE('',*,*,#5919,.F.);
#5926 = CYLINDRICAL_SURFACE('',#5927,0.35);
#5927 = AXIS2_PLACEMENT_3D('',#5928,#5929,#5930);
#5928 = CARTESIAN_POINT('',(145.35,-84.215,-4.6E-02));
#5929 = DIRECTION('',(-0.,-0.,-1.));
#5930 = DIRECTION('',(-0.,-1.,0.));
#5931 = ADVANCED_FACE('',(#5932),#5948,.F.);
#5932 = FACE_BOUND('',#5933,.T.);
#5933 = EDGE_LOOP('',(#5934,#5935,#5941,#5942));
#5934 = ORIENTED_EDGE('',*,*,#4458,.T.);
#5935 = ORIENTED_EDGE('',*,*,#5936,.T.);
#5936 = EDGE_CURVE('',#4461,#5068,#5937,.T.);
#5937 = LINE('',#5938,#5939);
#5938 = CARTESIAN_POINT('',(140.65,-78.35,-4.6E-02));
#5939 = VECTOR('',#5940,1.);
#5940 = DIRECTION('',(0.,0.,1.));
#5941 = ORIENTED_EDGE('',*,*,#5065,.F.);
#5942 = ORIENTED_EDGE('',*,*,#5943,.F.);
#5943 = EDGE_CURVE('',#4459,#5066,#5944,.T.);
#5944 = LINE('',#5945,#5946);
#5945 = CARTESIAN_POINT('',(140.65,-76.85,-4.6E-02));
#5946 = VECTOR('',#5947,1.);
#5947 = DIRECTION('',(0.,0.,1.));
#5948 = CYLINDRICAL_SURFACE('',#5949,0.75);
#5949 = AXIS2_PLACEMENT_3D('',#5950,#5951,#5952);
#5950 = CARTESIAN_POINT('',(140.65,-77.6,-4.6E-02));
#5951 = DIRECTION('',(-0.,-0.,-1.));
#5952 = DIRECTION('',(-0.,-1.,0.));
#5953 = ADVANCED_FACE('',(#5954),#5965,.T.);
#5954 = FACE_BOUND('',#5955,.T.);
#5955 = EDGE_LOOP('',(#5956,#5957,#5958,#5959));
#5956 = ORIENTED_EDGE('',*,*,#4486,.T.);
#5957 = ORIENTED_EDGE('',*,*,#5943,.T.);
#5958 = ORIENTED_EDGE('',*,*,#5093,.F.);
#5959 = ORIENTED_EDGE('',*,*,#5960,.F.);
#5960 = EDGE_CURVE('',#4478,#5085,#5961,.T.);
#5961 = LINE('',#5962,#5963);
#5962 = CARTESIAN_POINT('',(139.35,-76.85,-4.6E-02));
#5963 = VECTOR('',#5964,1.);
#5964 = DIRECTION('',(0.,0.,1.));
#5965 = PLANE('',#5966);
#5966 = AXIS2_PLACEMENT_3D('',#5967,#5968,#5969);
#5967 = CARTESIAN_POINT('',(140.65,-76.85,-4.6E-02));
#5968 = DIRECTION('',(0.,-1.,0.));
#5969 = DIRECTION('',(-1.,0.,0.));
#5970 = ADVANCED_FACE('',(#5971),#5982,.F.);
#5971 = FACE_BOUND('',#5972,.T.);
#5972 = EDGE_LOOP('',(#5973,#5974,#5975,#5976));
#5973 = ORIENTED_EDGE('',*,*,#4477,.T.);
#5974 = ORIENTED_EDGE('',*,*,#5960,.T.);
#5975 = ORIENTED_EDGE('',*,*,#5084,.F.);
#5976 = ORIENTED_EDGE('',*,*,#5977,.F.);
#5977 = EDGE_CURVE('',#4470,#5077,#5978,.T.);
#5978 = LINE('',#5979,#5980);
#5979 = CARTESIAN_POINT('',(139.35,-78.35,-4.6E-02));
#5980 = VECTOR('',#5981,1.);
#5981 = DIRECTION('',(0.,0.,1.));
#5982 = CYLINDRICAL_SURFACE('',#5983,0.75);
#5983 = AXIS2_PLACEMENT_3D('',#5984,#5985,#5986);
#5984 = CARTESIAN_POINT('',(139.35,-77.6,-4.6E-02));
#5985 = DIRECTION('',(-0.,0.,-1.));
#5986 = DIRECTION('',(0.,1.,0.));
#5987 = ADVANCED_FACE('',(#5988),#5994,.T.);
#5988 = FACE_BOUND('',#5989,.T.);
#5989 = EDGE_LOOP('',(#5990,#5991,#5992,#5993));
#5990 = ORIENTED_EDGE('',*,*,#4469,.T.);
#5991 = ORIENTED_EDGE('',*,*,#5977,.T.);
#5992 = ORIENTED_EDGE('',*,*,#5076,.F.);
#5993 = ORIENTED_EDGE('',*,*,#5936,.F.);
#5994 = PLANE('',#5995);
#5995 = AXIS2_PLACEMENT_3D('',#5996,#5997,#5998);
#5996 = CARTESIAN_POINT('',(139.35,-78.35,-4.6E-02));
#5997 = DIRECTION('',(0.,1.,0.));
#5998 = DIRECTION('',(1.,0.,0.));
#5999 = ADVANCED_FACE('',(#6000),#6011,.F.);
#6000 = FACE_BOUND('',#6001,.T.);
#6001 = EDGE_LOOP('',(#6002,#6003,#6009,#6010));
#6002 = ORIENTED_EDGE('',*,*,#4494,.T.);
#6003 = ORIENTED_EDGE('',*,*,#6004,.T.);
#6004 = EDGE_CURVE('',#4495,#5102,#6005,.T.);
#6005 = LINE('',#6006,#6007);
#6006 = CARTESIAN_POINT('',(147.,-75.,-4.6E-02));
#6007 = VECTOR('',#6008,1.);
#6008 = DIRECTION('',(0.,0.,1.));
#6009 = ORIENTED_EDGE('',*,*,#5101,.F.);
#6010 = ORIENTED_EDGE('',*,*,#6004,.F.);
#6011 = CYLINDRICAL_SURFACE('',#6012,0.5);
#6012 = AXIS2_PLACEMENT_3D('',#6013,#6014,#6015);
#6013 = CARTESIAN_POINT('',(147.,-74.5,-4.6E-02));
#6014 = DIRECTION('',(-0.,-0.,-1.));
#6015 = DIRECTION('',(-0.,-1.,0.));
#6016 = ADVANCED_FACE('',(#6017),#6028,.F.);
#6017 = FACE_BOUND('',#6018,.T.);
#6018 = EDGE_LOOP('',(#6019,#6020,#6026,#6027));
#6019 = ORIENTED_EDGE('',*,*,#4505,.T.);
#6020 = ORIENTED_EDGE('',*,*,#6021,.T.);
#6021 = EDGE_CURVE('',#4506,#5113,#6022,.T.);
#6022 = LINE('',#6023,#6024);
#6023 = CARTESIAN_POINT('',(156.,-75.75,-4.6E-02));
#6024 = VECTOR('',#6025,1.);
#6025 = DIRECTION('',(0.,0.,1.));
#6026 = ORIENTED_EDGE('',*,*,#5112,.F.);
#6027 = ORIENTED_EDGE('',*,*,#6021,.F.);
#6028 = CYLINDRICAL_SURFACE('',#6029,0.75);
#6029 = AXIS2_PLACEMENT_3D('',#6030,#6031,#6032);
#6030 = CARTESIAN_POINT('',(156.,-75.,-4.6E-02));
#6031 = DIRECTION('',(-0.,-0.,-1.));
#6032 = DIRECTION('',(-0.,-1.,0.));
#6033 = ADVANCED_FACE('',(#6034),#6050,.F.);
#6034 = FACE_BOUND('',#6035,.T.);
#6035 = EDGE_LOOP('',(#6036,#6037,#6043,#6044));
#6036 = ORIENTED_EDGE('',*,*,#4516,.T.);
#6037 = ORIENTED_EDGE('',*,*,#6038,.T.);
#6038 = EDGE_CURVE('',#4519,#5126,#6039,.T.);
#6039 = LINE('',#6040,#6041);
#6040 = CARTESIAN_POINT('',(140.65,-67.15,-4.6E-02));
#6041 = VECTOR('',#6042,1.);
#6042 = DIRECTION('',(0.,0.,1.));
#6043 = ORIENTED_EDGE('',*,*,#5123,.F.);
#6044 = ORIENTED_EDGE('',*,*,#6045,.F.);
#6045 = EDGE_CURVE('',#4517,#5124,#6046,.T.);
#6046 = LINE('',#6047,#6048);
#6047 = CARTESIAN_POINT('',(140.65,-65.65,-4.6E-02));
#6048 = VECTOR('',#6049,1.);
#6049 = DIRECTION('',(0.,0.,1.));
#6050 = CYLINDRICAL_SURFACE('',#6051,0.75);
#6051 = AXIS2_PLACEMENT_3D('',#6052,#6053,#6054);
#6052 = CARTESIAN_POINT('',(140.65,-66.4,-4.6E-02));
#6053 = DIRECTION('',(-0.,-0.,-1.));
#6054 = DIRECTION('',(-0.,-1.,0.));
#6055 = ADVANCED_FACE('',(#6056),#6067,.T.);
#6056 = FACE_BOUND('',#6057,.T.);
#6057 = EDGE_LOOP('',(#6058,#6059,#6060,#6061));
#6058 = ORIENTED_EDGE('',*,*,#4544,.T.);
#6059 = ORIENTED_EDGE('',*,*,#6045,.T.);
#6060 = ORIENTED_EDGE('',*,*,#5151,.F.);
#6061 = ORIENTED_EDGE('',*,*,#6062,.F.);
#6062 = EDGE_CURVE('',#4536,#5143,#6063,.T.);
#6063 = LINE('',#6064,#6065);
#6064 = CARTESIAN_POINT('',(139.35,-65.65,-4.6E-02));
#6065 = VECTOR('',#6066,1.);
#6066 = DIRECTION('',(0.,0.,1.));
#6067 = PLANE('',#6068);
#6068 = AXIS2_PLACEMENT_3D('',#6069,#6070,#6071);
#6069 = CARTESIAN_POINT('',(140.65,-65.65,-4.6E-02));
#6070 = DIRECTION('',(0.,-1.,0.));
#6071 = DIRECTION('',(-1.,0.,0.));
#6072 = ADVANCED_FACE('',(#6073),#6084,.F.);
#6073 = FACE_BOUND('',#6074,.T.);
#6074 = EDGE_LOOP('',(#6075,#6076,#6077,#6078));
#6075 = ORIENTED_EDGE('',*,*,#4535,.T.);
#6076 = ORIENTED_EDGE('',*,*,#6062,.T.);
#6077 = ORIENTED_EDGE('',*,*,#5142,.F.);
#6078 = ORIENTED_EDGE('',*,*,#6079,.F.);
#6079 = EDGE_CURVE('',#4528,#5135,#6080,.T.);
#6080 = LINE('',#6081,#6082);
#6081 = CARTESIAN_POINT('',(139.35,-67.15,-4.6E-02));
#6082 = VECTOR('',#6083,1.);
#6083 = DIRECTION('',(0.,0.,1.));
#6084 = CYLINDRICAL_SURFACE('',#6085,0.75);
#6085 = AXIS2_PLACEMENT_3D('',#6086,#6087,#6088);
#6086 = CARTESIAN_POINT('',(139.35,-66.4,-4.6E-02));
#6087 = DIRECTION('',(-0.,0.,-1.));
#6088 = DIRECTION('',(0.,1.,0.));
#6089 = ADVANCED_FACE('',(#6090),#6096,.T.);
#6090 = FACE_BOUND('',#6091,.T.);
#6091 = EDGE_LOOP('',(#6092,#6093,#6094,#6095));
#6092 = ORIENTED_EDGE('',*,*,#4527,.T.);
#6093 = ORIENTED_EDGE('',*,*,#6079,.T.);
#6094 = ORIENTED_EDGE('',*,*,#5134,.F.);
#6095 = ORIENTED_EDGE('',*,*,#6038,.F.);
#6096 = PLANE('',#6097);
#6097 = AXIS2_PLACEMENT_3D('',#6098,#6099,#6100);
#6098 = CARTESIAN_POINT('',(139.35,-67.15,-4.6E-02));
#6099 = DIRECTION('',(0.,1.,0.));
#6100 = DIRECTION('',(1.,0.,0.));
#6101 = ADVANCED_FACE('',(#6102),#6113,.F.);
#6102 = FACE_BOUND('',#6103,.T.);
#6103 = EDGE_LOOP('',(#6104,#6105,#6111,#6112));
#6104 = ORIENTED_EDGE('',*,*,#4552,.T.);
#6105 = ORIENTED_EDGE('',*,*,#6106,.T.);
#6106 = EDGE_CURVE('',#4553,#5160,#6107,.T.);
#6107 = LINE('',#6108,#6109);
#6108 = CARTESIAN_POINT('',(147.,-70.,-4.6E-02));
#6109 = VECTOR('',#6110,1.);
#6110 = DIRECTION('',(0.,0.,1.));
#6111 = ORIENTED_EDGE('',*,*,#5159,.F.);
#6112 = ORIENTED_EDGE('',*,*,#6106,.F.);
#6113 = CYLINDRICAL_SURFACE('',#6114,0.5);
#6114 = AXIS2_PLACEMENT_3D('',#6115,#6116,#6117);
#6115 = CARTESIAN_POINT('',(147.,-69.5,-4.6E-02));
#6116 = DIRECTION('',(-0.,-0.,-1.));
#6117 = DIRECTION('',(-0.,-1.,0.));
#6118 = ADVANCED_FACE('',(#6119),#6130,.F.);
#6119 = FACE_BOUND('',#6120,.T.);
#6120 = EDGE_LOOP('',(#6121,#6122,#6128,#6129));
#6121 = ORIENTED_EDGE('',*,*,#4563,.T.);
#6122 = ORIENTED_EDGE('',*,*,#6123,.T.);
#6123 = EDGE_CURVE('',#4564,#5171,#6124,.T.);
#6124 = LINE('',#6125,#6126);
#6125 = CARTESIAN_POINT('',(156.,-70.67,-4.6E-02));
#6126 = VECTOR('',#6127,1.);
#6127 = DIRECTION('',(0.,0.,1.));
#6128 = ORIENTED_EDGE('',*,*,#5170,.F.);
#6129 = ORIENTED_EDGE('',*,*,#6123,.F.);
#6130 = CYLINDRICAL_SURFACE('',#6131,0.75);
#6131 = AXIS2_PLACEMENT_3D('',#6132,#6133,#6134);
#6132 = CARTESIAN_POINT('',(156.,-69.92,-4.6E-02));
#6133 = DIRECTION('',(-0.,-0.,-1.));
#6134 = DIRECTION('',(-0.,-1.,0.));
#6135 = ADVANCED_FACE('',(#6136),#6147,.F.);
#6136 = FACE_BOUND('',#6137,.T.);
#6137 = EDGE_LOOP('',(#6138,#6139,#6145,#6146));
#6138 = ORIENTED_EDGE('',*,*,#4574,.T.);
#6139 = ORIENTED_EDGE('',*,*,#6140,.T.);
#6140 = EDGE_CURVE('',#4575,#5182,#6141,.T.);
#6141 = LINE('',#6142,#6143);
#6142 = CARTESIAN_POINT('',(156.,-65.59,-4.6E-02));
#6143 = VECTOR('',#6144,1.);
#6144 = DIRECTION('',(0.,0.,1.));
#6145 = ORIENTED_EDGE('',*,*,#5181,.F.);
#6146 = ORIENTED_EDGE('',*,*,#6140,.F.);
#6147 = CYLINDRICAL_SURFACE('',#6148,0.75);
#6148 = AXIS2_PLACEMENT_3D('',#6149,#6150,#6151);
#6149 = CARTESIAN_POINT('',(156.,-64.84,-4.6E-02));
#6150 = DIRECTION('',(-0.,-0.,-1.));
#6151 = DIRECTION('',(-0.,-1.,0.));
#6152 = ADVANCED_FACE('',(#6153),#6164,.F.);
#6153 = FACE_BOUND('',#6154,.T.);
#6154 = EDGE_LOOP('',(#6155,#6156,#6162,#6163));
#6155 = ORIENTED_EDGE('',*,*,#4585,.T.);
#6156 = ORIENTED_EDGE('',*,*,#6157,.T.);
#6157 = EDGE_CURVE('',#4586,#5193,#6158,.T.);
#6158 = LINE('',#6159,#6160);
#6159 = CARTESIAN_POINT('',(160.,-61.02,-4.6E-02));
#6160 = VECTOR('',#6161,1.);
#6161 = DIRECTION('',(0.,0.,1.));
#6162 = ORIENTED_EDGE('',*,*,#5192,.F.);
#6163 = ORIENTED_EDGE('',*,*,#6157,.F.);
#6164 = CYLINDRICAL_SURFACE('',#6165,1.1);
#6165 = AXIS2_PLACEMENT_3D('',#6166,#6167,#6168);
#6166 = CARTESIAN_POINT('',(160.,-59.92,-4.6E-02));
#6167 = DIRECTION('',(-0.,-0.,-1.));
#6168 = DIRECTION('',(-0.,-1.,0.));
#6169 = ( GEOMETRIC_REPRESENTATION_CONTEXT(3) 
GLOBAL_UNCERTAINTY_ASSIGNED_CONTEXT((#6173)) 
GLOBAL_UNIT_ASSIGNED_CONTEXT((#6170,#6171,#6172)) REPRESENTATION_CONTEXT
('Context #1','3D Context with UNIT and UNCERTAINTY') );
#6170 = ( LENGTH_UNIT() NAMED_UNIT(*) SI_UNIT(.MILLI.,.METRE.) );
#6171 = ( NAMED_UNIT(*) PLANE_ANGLE_UNIT() SI_UNIT($,.RADIAN.) );
#6172 = ( NAMED_UNIT(*) SI_UNIT($,.STERADIAN.) SOLID_ANGLE_UNIT() );
#6173 = UNCERTAINTY_MEASURE_WITH_UNIT(LENGTH_MEASURE(1.E-07),#6170,
  'distance_accuracy_value','confusion accuracy');
#6174 = CONTEXT_DEPENDENT_SHAPE_REPRESENTATION(#6175,#6177);
#6175 = ( REPRESENTATION_RELATIONSHIP('','',#3886,#10) 
REPRESENTATION_RELATIONSHIP_WITH_TRANSFORMATION(#6176) 
SHAPE_REPRESENTATION_RELATIONSHIP() );
#6176 = ITEM_DEFINED_TRANSFORMATION('','',#11,#67);
#6177 = PRODUCT_DEFINITION_SHAPE('Placement','Placement of an item',
  #6178);
#6178 = NEXT_ASSEMBLY_USAGE_OCCURRENCE('17','=>[0:1:1:8]','',#5,#3881,$
  );
#6179 = PRODUCT_RELATED_PRODUCT_CATEGORY('part',$,(#3883));
#6180 = MECHANICAL_DESIGN_GEOMETRIC_PRESENTATION_REPRESENTATION('',(
    #6181,#6189,#6196,#6203,#6210,#6217,#6224,#6231,#6238,#6245,#6252,
    #6260,#6267,#6274,#6281,#6288,#6295,#6302,#6309,#6316,#6323,#6330,
    #6337,#6344,#6351,#6358,#6365,#6372),#962);
#6181 = STYLED_ITEM('color',(#6182),#110);
#6182 = PRESENTATION_STYLE_ASSIGNMENT((#6183));
#6183 = SURFACE_STYLE_USAGE(.BOTH.,#6184);
#6184 = SURFACE_SIDE_STYLE('',(#6185));
#6185 = SURFACE_STYLE_FILL_AREA(#6186);
#6186 = FILL_AREA_STYLE('',(#6187));
#6187 = FILL_AREA_STYLE_COLOUR('',#6188);
#6188 = COLOUR_RGB('',0.823999987314,0.819999987296,0.781000009244);
#6189 = STYLED_ITEM('color',(#6190),#186);
#6190 = PRESENTATION_STYLE_ASSIGNMENT((#6191));
#6191 = SURFACE_STYLE_USAGE(.BOTH.,#6192);
#6192 = SURFACE_SIDE_STYLE('',(#6193));
#6193 = SURFACE_STYLE_FILL_AREA(#6194);
#6194 = FILL_AREA_STYLE('',(#6195));
#6195 = FILL_AREA_STYLE_COLOUR('',#6188);
#6196 = STYLED_ITEM('color',(#6197),#217);
#6197 = PRESENTATION_STYLE_ASSIGNMENT((#6198));
#6198 = SURFACE_STYLE_USAGE(.BOTH.,#6199);
#6199 = SURFACE_SIDE_STYLE('',(#6200));
#6200 = SURFACE_STYLE_FILL_AREA(#6201);
#6201 = FILL_AREA_STYLE('',(#6202));
#6202 = FILL_AREA_STYLE_COLOUR('',#6188);
#6203 = STYLED_ITEM('color',(#6204),#242);
#6204 = PRESENTATION_STYLE_ASSIGNMENT((#6205));
#6205 = SURFACE_STYLE_USAGE(.BOTH.,#6206);
#6206 = SURFACE_SIDE_STYLE('',(#6207));
#6207 = SURFACE_STYLE_FILL_AREA(#6208);
#6208 = FILL_AREA_STYLE('',(#6209));
#6209 = FILL_AREA_STYLE_COLOUR('',#6188);
#6210 = STYLED_ITEM('color',(#6211),#267);
#6211 = PRESENTATION_STYLE_ASSIGNMENT((#6212));
#6212 = SURFACE_STYLE_USAGE(.BOTH.,#6213);
#6213 = SURFACE_SIDE_STYLE('',(#6214));
#6214 = SURFACE_STYLE_FILL_AREA(#6215);
#6215 = FILL_AREA_STYLE('',(#6216));
#6216 = FILL_AREA_STYLE_COLOUR('',#6188);
#6217 = STYLED_ITEM('color',(#6218),#291);
#6218 = PRESENTATION_STYLE_ASSIGNMENT((#6219));
#6219 = SURFACE_STYLE_USAGE(.BOTH.,#6220);
#6220 = SURFACE_SIDE_STYLE('',(#6221));
#6221 = SURFACE_STYLE_FILL_AREA(#6222);
#6222 = FILL_AREA_STYLE('',(#6223));
#6223 = FILL_AREA_STYLE_COLOUR('',#6188);
#6224 = STYLED_ITEM('color',(#6225),#315);
#6225 = PRESENTATION_STYLE_ASSIGNMENT((#6226));
#6226 = SURFACE_STYLE_USAGE(.BOTH.,#6227);
#6227 = SURFACE_SIDE_STYLE('',(#6228));
#6228 = SURFACE_STYLE_FILL_AREA(#6229);
#6229 = FILL_AREA_STYLE('',(#6230));
#6230 = FILL_AREA_STYLE_COLOUR('',#6188);
#6231 = STYLED_ITEM('color',(#6232),#340);
#6232 = PRESENTATION_STYLE_ASSIGNMENT((#6233));
#6233 = SURFACE_STYLE_USAGE(.BOTH.,#6234);
#6234 = SURFACE_SIDE_STYLE('',(#6235));
#6235 = SURFACE_STYLE_FILL_AREA(#6236);
#6236 = FILL_AREA_STYLE('',(#6237));
#6237 = FILL_AREA_STYLE_COLOUR('',#6188);
#6238 = STYLED_ITEM('color',(#6239),#365);
#6239 = PRESENTATION_STYLE_ASSIGNMENT((#6240));
#6240 = SURFACE_STYLE_USAGE(.BOTH.,#6241);
#6241 = SURFACE_SIDE_STYLE('',(#6242));
#6242 = SURFACE_STYLE_FILL_AREA(#6243);
#6243 = FILL_AREA_STYLE('',(#6244));
#6244 = FILL_AREA_STYLE_COLOUR('',#6188);
#6245 = STYLED_ITEM('color',(#6246),#382);
#6246 = PRESENTATION_STYLE_ASSIGNMENT((#6247));
#6247 = SURFACE_STYLE_USAGE(.BOTH.,#6248);
#6248 = SURFACE_SIDE_STYLE('',(#6249));
#6249 = SURFACE_STYLE_FILL_AREA(#6250);
#6250 = FILL_AREA_STYLE('',(#6251));
#6251 = FILL_AREA_STYLE_COLOUR('',#6188);
#6252 = STYLED_ITEM('color',(#6253),#468);
#6253 = PRESENTATION_STYLE_ASSIGNMENT((#6254));
#6254 = SURFACE_STYLE_USAGE(.BOTH.,#6255);
#6255 = SURFACE_SIDE_STYLE('',(#6256));
#6256 = SURFACE_STYLE_FILL_AREA(#6257);
#6257 = FILL_AREA_STYLE('',(#6258));
#6258 = FILL_AREA_STYLE_COLOUR('',#6259);
#6259 = COLOUR_RGB('',0.379000005575,0.270000008848,0.214999999939);
#6260 = STYLED_ITEM('color',(#6261),#500);
#6261 = PRESENTATION_STYLE_ASSIGNMENT((#6262));
#6262 = SURFACE_STYLE_USAGE(.BOTH.,#6263);
#6263 = SURFACE_SIDE_STYLE('',(#6264));
#6264 = SURFACE_STYLE_FILL_AREA(#6265);
#6265 = FILL_AREA_STYLE('',(#6266));
#6266 = FILL_AREA_STYLE_COLOUR('',#6259);
#6267 = STYLED_ITEM('color',(#6268),#524);
#6268 = PRESENTATION_STYLE_ASSIGNMENT((#6269));
#6269 = SURFACE_STYLE_USAGE(.BOTH.,#6270);
#6270 = SURFACE_SIDE_STYLE('',(#6271));
#6271 = SURFACE_STYLE_FILL_AREA(#6272);
#6272 = FILL_AREA_STYLE('',(#6273));
#6273 = FILL_AREA_STYLE_COLOUR('',#6259);
#6274 = STYLED_ITEM('color',(#6275),#549);
#6275 = PRESENTATION_STYLE_ASSIGNMENT((#6276));
#6276 = SURFACE_STYLE_USAGE(.BOTH.,#6277);
#6277 = SURFACE_SIDE_STYLE('',(#6278));
#6278 = SURFACE_STYLE_FILL_AREA(#6279);
#6279 = FILL_AREA_STYLE('',(#6280));
#6280 = FILL_AREA_STYLE_COLOUR('',#6259);
#6281 = STYLED_ITEM('color',(#6282),#573);
#6282 = PRESENTATION_STYLE_ASSIGNMENT((#6283));
#6283 = SURFACE_STYLE_USAGE(.BOTH.,#6284);
#6284 = SURFACE_SIDE_STYLE('',(#6285));
#6285 = SURFACE_STYLE_FILL_AREA(#6286);
#6286 = FILL_AREA_STYLE('',(#6287));
#6287 = FILL_AREA_STYLE_COLOUR('',#6259);
#6288 = STYLED_ITEM('color',(#6289),#598);
#6289 = PRESENTATION_STYLE_ASSIGNMENT((#6290));
#6290 = SURFACE_STYLE_USAGE(.BOTH.,#6291);
#6291 = SURFACE_SIDE_STYLE('',(#6292));
#6292 = SURFACE_STYLE_FILL_AREA(#6293);
#6293 = FILL_AREA_STYLE('',(#6294));
#6294 = FILL_AREA_STYLE_COLOUR('',#6259);
#6295 = STYLED_ITEM('color',(#6296),#622);
#6296 = PRESENTATION_STYLE_ASSIGNMENT((#6297));
#6297 = SURFACE_STYLE_USAGE(.BOTH.,#6298);
#6298 = SURFACE_SIDE_STYLE('',(#6299));
#6299 = SURFACE_STYLE_FILL_AREA(#6300);
#6300 = FILL_AREA_STYLE('',(#6301));
#6301 = FILL_AREA_STYLE_COLOUR('',#6259);
#6302 = STYLED_ITEM('color',(#6303),#647);
#6303 = PRESENTATION_STYLE_ASSIGNMENT((#6304));
#6304 = SURFACE_STYLE_USAGE(.BOTH.,#6305);
#6305 = SURFACE_SIDE_STYLE('',(#6306));
#6306 = SURFACE_STYLE_FILL_AREA(#6307);
#6307 = FILL_AREA_STYLE('',(#6308));
#6308 = FILL_AREA_STYLE_COLOUR('',#6259);
#6309 = STYLED_ITEM('color',(#6310),#664);
#6310 = PRESENTATION_STYLE_ASSIGNMENT((#6311));
#6311 = SURFACE_STYLE_USAGE(.BOTH.,#6312);
#6312 = SURFACE_SIDE_STYLE('',(#6313));
#6313 = SURFACE_STYLE_FILL_AREA(#6314);
#6314 = FILL_AREA_STYLE('',(#6315));
#6315 = FILL_AREA_STYLE_COLOUR('',#6188);
#6316 = STYLED_ITEM('color',(#6317),#750);
#6317 = PRESENTATION_STYLE_ASSIGNMENT((#6318));
#6318 = SURFACE_STYLE_USAGE(.BOTH.,#6319);
#6319 = SURFACE_SIDE_STYLE('',(#6320));
#6320 = SURFACE_STYLE_FILL_AREA(#6321);
#6321 = FILL_AREA_STYLE('',(#6322));
#6322 = FILL_AREA_STYLE_COLOUR('',#6188);
#6323 = STYLED_ITEM('color',(#6324),#781);
#6324 = PRESENTATION_STYLE_ASSIGNMENT((#6325));
#6325 = SURFACE_STYLE_USAGE(.BOTH.,#6326);
#6326 = SURFACE_SIDE_STYLE('',(#6327));
#6327 = SURFACE_STYLE_FILL_AREA(#6328);
#6328 = FILL_AREA_STYLE('',(#6329));
#6329 = FILL_AREA_STYLE_COLOUR('',#6188);
#6330 = STYLED_ITEM('color',(#6331),#806);
#6331 = PRESENTATION_STYLE_ASSIGNMENT((#6332));
#6332 = SURFACE_STYLE_USAGE(.BOTH.,#6333);
#6333 = SURFACE_SIDE_STYLE('',(#6334));
#6334 = SURFACE_STYLE_FILL_AREA(#6335);
#6335 = FILL_AREA_STYLE('',(#6336));
#6336 = FILL_AREA_STYLE_COLOUR('',#6188);
#6337 = STYLED_ITEM('color',(#6338),#831);
#6338 = PRESENTATION_STYLE_ASSIGNMENT((#6339));
#6339 = SURFACE_STYLE_USAGE(.BOTH.,#6340);
#6340 = SURFACE_SIDE_STYLE('',(#6341));
#6341 = SURFACE_STYLE_FILL_AREA(#6342);
#6342 = FILL_AREA_STYLE('',(#6343));
#6343 = FILL_AREA_STYLE_COLOUR('',#6188);
#6344 = STYLED_ITEM('color',(#6345),#855);
#6345 = PRESENTATION_STYLE_ASSIGNMENT((#6346));
#6346 = SURFACE_STYLE_USAGE(.BOTH.,#6347);
#6347 = SURFACE_SIDE_STYLE('',(#6348));
#6348 = SURFACE_STYLE_FILL_AREA(#6349);
#6349 = FILL_AREA_STYLE('',(#6350));
#6350 = FILL_AREA_STYLE_COLOUR('',#6188);
#6351 = STYLED_ITEM('color',(#6352),#879);
#6352 = PRESENTATION_STYLE_ASSIGNMENT((#6353));
#6353 = SURFACE_STYLE_USAGE(.BOTH.,#6354);
#6354 = SURFACE_SIDE_STYLE('',(#6355));
#6355 = SURFACE_STYLE_FILL_AREA(#6356);
#6356 = FILL_AREA_STYLE('',(#6357));
#6357 = FILL_AREA_STYLE_COLOUR('',#6188);
#6358 = STYLED_ITEM('color',(#6359),#904);
#6359 = PRESENTATION_STYLE_ASSIGNMENT((#6360));
#6360 = SURFACE_STYLE_USAGE(.BOTH.,#6361);
#6361 = SURFACE_SIDE_STYLE('',(#6362));
#6362 = SURFACE_STYLE_FILL_AREA(#6363);
#6363 = FILL_AREA_STYLE('',(#6364));
#6364 = FILL_AREA_STYLE_COLOUR('',#6188);
#6365 = STYLED_ITEM('color',(#6366),#929);
#6366 = PRESENTATION_STYLE_ASSIGNMENT((#6367));
#6367 = SURFACE_STYLE_USAGE(.BOTH.,#6368);
#6368 = SURFACE_SIDE_STYLE('',(#6369));
#6369 = SURFACE_STYLE_FILL_AREA(#6370);
#6370 = FILL_AREA_STYLE('',(#6371));
#6371 = FILL_AREA_STYLE_COLOUR('',#6188);
#6372 = STYLED_ITEM('color',(#6373),#946);
#6373 = PRESENTATION_STYLE_ASSIGNMENT((#6374));
#6374 = SURFACE_STYLE_USAGE(.BOTH.,#6375);
#6375 = SURFACE_SIDE_STYLE('',(#6376));
#6376 = SURFACE_STYLE_FILL_AREA(#6377);
#6377 = FILL_AREA_STYLE('',(#6378));
#6378 = FILL_AREA_STYLE_COLOUR('',#6188);
#6379 = MECHANICAL_DESIGN_GEOMETRIC_PRESENTATION_REPRESENTATION('',(
    #6380,#6387,#6394,#6401,#6408,#6415,#6422,#6429,#6437,#6444,#6451,
    #6458,#6465,#6472,#6480,#6487,#6494,#6501,#6508,#6515,#6522,#6529,
    #6536,#6543,#6550,#6557),#3858);
#6380 = STYLED_ITEM('color',(#6381),#3070);
#6381 = PRESENTATION_STYLE_ASSIGNMENT((#6382));
#6382 = SURFACE_STYLE_USAGE(.BOTH.,#6383);
#6383 = SURFACE_SIDE_STYLE('',(#6384));
#6384 = SURFACE_STYLE_FILL_AREA(#6385);
#6385 = FILL_AREA_STYLE('',(#6386));
#6386 = FILL_AREA_STYLE_COLOUR('',#6188);
#6387 = STYLED_ITEM('color',(#6388),#3110);
#6388 = PRESENTATION_STYLE_ASSIGNMENT((#6389));
#6389 = SURFACE_STYLE_USAGE(.BOTH.,#6390);
#6390 = SURFACE_SIDE_STYLE('',(#6391));
#6391 = SURFACE_STYLE_FILL_AREA(#6392);
#6392 = FILL_AREA_STYLE('',(#6393));
#6393 = FILL_AREA_STYLE_COLOUR('',#6188);
#6394 = STYLED_ITEM('color',(#6395),#3193);
#6395 = PRESENTATION_STYLE_ASSIGNMENT((#6396));
#6396 = SURFACE_STYLE_USAGE(.BOTH.,#6397);
#6397 = SURFACE_SIDE_STYLE('',(#6398));
#6398 = SURFACE_STYLE_FILL_AREA(#6399);
#6399 = FILL_AREA_STYLE('',(#6400));
#6400 = FILL_AREA_STYLE_COLOUR('',#6188);
#6401 = STYLED_ITEM('color',(#6402),#3218);
#6402 = PRESENTATION_STYLE_ASSIGNMENT((#6403));
#6403 = SURFACE_STYLE_USAGE(.BOTH.,#6404);
#6404 = SURFACE_SIDE_STYLE('',(#6405));
#6405 = SURFACE_STYLE_FILL_AREA(#6406);
#6406 = FILL_AREA_STYLE('',(#6407));
#6407 = FILL_AREA_STYLE_COLOUR('',#6188);
#6408 = STYLED_ITEM('color',(#6409),#3243);
#6409 = PRESENTATION_STYLE_ASSIGNMENT((#6410));
#6410 = SURFACE_STYLE_USAGE(.BOTH.,#6411);
#6411 = SURFACE_SIDE_STYLE('',(#6412));
#6412 = SURFACE_STYLE_FILL_AREA(#6413);
#6413 = FILL_AREA_STYLE('',(#6414));
#6414 = FILL_AREA_STYLE_COLOUR('',#6188);
#6415 = STYLED_ITEM('color',(#6416),#3310);
#6416 = PRESENTATION_STYLE_ASSIGNMENT((#6417));
#6417 = SURFACE_STYLE_USAGE(.BOTH.,#6418);
#6418 = SURFACE_SIDE_STYLE('',(#6419));
#6419 = SURFACE_STYLE_FILL_AREA(#6420);
#6420 = FILL_AREA_STYLE('',(#6421));
#6421 = FILL_AREA_STYLE_COLOUR('',#6188);
#6422 = STYLED_ITEM('color',(#6423),#3327);
#6423 = PRESENTATION_STYLE_ASSIGNMENT((#6424));
#6424 = SURFACE_STYLE_USAGE(.BOTH.,#6425);
#6425 = SURFACE_SIDE_STYLE('',(#6426));
#6426 = SURFACE_STYLE_FILL_AREA(#6427);
#6427 = FILL_AREA_STYLE('',(#6428));
#6428 = FILL_AREA_STYLE_COLOUR('',#6188);
#6429 = STYLED_ITEM('color',(#6430),#3344);
#6430 = PRESENTATION_STYLE_ASSIGNMENT((#6431));
#6431 = SURFACE_STYLE_USAGE(.BOTH.,#6432);
#6432 = SURFACE_SIDE_STYLE('',(#6433));
#6433 = SURFACE_STYLE_FILL_AREA(#6434);
#6434 = FILL_AREA_STYLE('',(#6435));
#6435 = FILL_AREA_STYLE_COLOUR('',#6436);
#6436 = COLOUR_RGB('',0.894999966383,0.890999961016,0.813000030345);
#6437 = STYLED_ITEM('color',(#6438),#3393);
#6438 = PRESENTATION_STYLE_ASSIGNMENT((#6439));
#6439 = SURFACE_STYLE_USAGE(.BOTH.,#6440);
#6440 = SURFACE_SIDE_STYLE('',(#6441));
#6441 = SURFACE_STYLE_FILL_AREA(#6442);
#6442 = FILL_AREA_STYLE('',(#6443));
#6443 = FILL_AREA_STYLE_COLOUR('',#6188);
#6444 = STYLED_ITEM('color',(#6445),#3410);
#6445 = PRESENTATION_STYLE_ASSIGNMENT((#6446));
#6446 = SURFACE_STYLE_USAGE(.BOTH.,#6447);
#6447 = SURFACE_SIDE_STYLE('',(#6448));
#6448 = SURFACE_STYLE_FILL_AREA(#6449);
#6449 = FILL_AREA_STYLE('',(#6450));
#6450 = FILL_AREA_STYLE_COLOUR('',#6188);
#6451 = STYLED_ITEM('color',(#6452),#3427);
#6452 = PRESENTATION_STYLE_ASSIGNMENT((#6453));
#6453 = SURFACE_STYLE_USAGE(.BOTH.,#6454);
#6454 = SURFACE_SIDE_STYLE('',(#6455));
#6455 = SURFACE_STYLE_FILL_AREA(#6456);
#6456 = FILL_AREA_STYLE('',(#6457));
#6457 = FILL_AREA_STYLE_COLOUR('',#6436);
#6458 = STYLED_ITEM('color',(#6459),#3476);
#6459 = PRESENTATION_STYLE_ASSIGNMENT((#6460));
#6460 = SURFACE_STYLE_USAGE(.BOTH.,#6461);
#6461 = SURFACE_SIDE_STYLE('',(#6462));
#6462 = SURFACE_STYLE_FILL_AREA(#6463);
#6463 = FILL_AREA_STYLE('',(#6464));
#6464 = FILL_AREA_STYLE_COLOUR('',#6436);
#6465 = STYLED_ITEM('color',(#6466),#3493);
#6466 = PRESENTATION_STYLE_ASSIGNMENT((#6467));
#6467 = SURFACE_STYLE_USAGE(.BOTH.,#6468);
#6468 = SURFACE_SIDE_STYLE('',(#6469));
#6469 = SURFACE_STYLE_FILL_AREA(#6470);
#6470 = FILL_AREA_STYLE('',(#6471));
#6471 = FILL_AREA_STYLE_COLOUR('',#6188);
#6472 = STYLED_ITEM('color',(#6473),#3562);
#6473 = PRESENTATION_STYLE_ASSIGNMENT((#6474));
#6474 = SURFACE_STYLE_USAGE(.BOTH.,#6475);
#6475 = SURFACE_SIDE_STYLE('',(#6476));
#6476 = SURFACE_STYLE_FILL_AREA(#6477);
#6477 = FILL_AREA_STYLE('',(#6478));
#6478 = FILL_AREA_STYLE_COLOUR('',#6479);
#6479 = COLOUR_RGB('',8.200000279077E-02,8.600000121357E-02,
  9.399999706163E-02);
#6480 = STYLED_ITEM('color',(#6481),#3593);
#6481 = PRESENTATION_STYLE_ASSIGNMENT((#6482));
#6482 = SURFACE_STYLE_USAGE(.BOTH.,#6483);
#6483 = SURFACE_SIDE_STYLE('',(#6484));
#6484 = SURFACE_STYLE_FILL_AREA(#6485);
#6485 = FILL_AREA_STYLE('',(#6486));
#6486 = FILL_AREA_STYLE_COLOUR('',#6479);
#6487 = STYLED_ITEM('color',(#6488),#3617);
#6488 = PRESENTATION_STYLE_ASSIGNMENT((#6489));
#6489 = SURFACE_STYLE_USAGE(.BOTH.,#6490);
#6490 = SURFACE_SIDE_STYLE('',(#6491));
#6491 = SURFACE_STYLE_FILL_AREA(#6492);
#6492 = FILL_AREA_STYLE('',(#6493));
#6493 = FILL_AREA_STYLE_COLOUR('',#6188);
#6494 = STYLED_ITEM('color',(#6495),#3686);
#6495 = PRESENTATION_STYLE_ASSIGNMENT((#6496));
#6496 = SURFACE_STYLE_USAGE(.BOTH.,#6497);
#6497 = SURFACE_SIDE_STYLE('',(#6498));
#6498 = SURFACE_STYLE_FILL_AREA(#6499);
#6499 = FILL_AREA_STYLE('',(#6500));
#6500 = FILL_AREA_STYLE_COLOUR('',#6479);
#6501 = STYLED_ITEM('color',(#6502),#3710);
#6502 = PRESENTATION_STYLE_ASSIGNMENT((#6503));
#6503 = SURFACE_STYLE_USAGE(.BOTH.,#6504);
#6504 = SURFACE_SIDE_STYLE('',(#6505));
#6505 = SURFACE_STYLE_FILL_AREA(#6506);
#6506 = FILL_AREA_STYLE('',(#6507));
#6507 = FILL_AREA_STYLE_COLOUR('',#6188);
#6508 = STYLED_ITEM('color',(#6509),#3727);
#6509 = PRESENTATION_STYLE_ASSIGNMENT((#6510));
#6510 = SURFACE_STYLE_USAGE(.BOTH.,#6511);
#6511 = SURFACE_SIDE_STYLE('',(#6512));
#6512 = SURFACE_STYLE_FILL_AREA(#6513);
#6513 = FILL_AREA_STYLE('',(#6514));
#6514 = FILL_AREA_STYLE_COLOUR('',#6188);
#6515 = STYLED_ITEM('color',(#6516),#3744);
#6516 = PRESENTATION_STYLE_ASSIGNMENT((#6517));
#6517 = SURFACE_STYLE_USAGE(.BOTH.,#6518);
#6518 = SURFACE_SIDE_STYLE('',(#6519));
#6519 = SURFACE_STYLE_FILL_AREA(#6520);
#6520 = FILL_AREA_STYLE('',(#6521));
#6521 = FILL_AREA_STYLE_COLOUR('',#6188);
#6522 = STYLED_ITEM('color',(#6523),#3761);
#6523 = PRESENTATION_STYLE_ASSIGNMENT((#6524));
#6524 = SURFACE_STYLE_USAGE(.BOTH.,#6525);
#6525 = SURFACE_SIDE_STYLE('',(#6526));
#6526 = SURFACE_STYLE_FILL_AREA(#6527);
#6527 = FILL_AREA_STYLE('',(#6528));
#6528 = FILL_AREA_STYLE_COLOUR('',#6188);
#6529 = STYLED_ITEM('color',(#6530),#3778);
#6530 = PRESENTATION_STYLE_ASSIGNMENT((#6531));
#6531 = SURFACE_STYLE_USAGE(.BOTH.,#6532);
#6532 = SURFACE_SIDE_STYLE('',(#6533));
#6533 = SURFACE_STYLE_FILL_AREA(#6534);
#6534 = FILL_AREA_STYLE('',(#6535));
#6535 = FILL_AREA_STYLE_COLOUR('',#6188);
#6536 = STYLED_ITEM('color',(#6537),#3795);
#6537 = PRESENTATION_STYLE_ASSIGNMENT((#6538));
#6538 = SURFACE_STYLE_USAGE(.BOTH.,#6539);
#6539 = SURFACE_SIDE_STYLE('',(#6540));
#6540 = SURFACE_STYLE_FILL_AREA(#6541);
#6541 = FILL_AREA_STYLE('',(#6542));
#6542 = FILL_AREA_STYLE_COLOUR('',#6188);
#6543 = STYLED_ITEM('color',(#6544),#3812);
#6544 = PRESENTATION_STYLE_ASSIGNMENT((#6545));
#6545 = SURFACE_STYLE_USAGE(.BOTH.,#6546);
#6546 = SURFACE_SIDE_STYLE('',(#6547));
#6547 = SURFACE_STYLE_FILL_AREA(#6548);
#6548 = FILL_AREA_STYLE('',(#6549));
#6549 = FILL_AREA_STYLE_COLOUR('',#6188);
#6550 = STYLED_ITEM('color',(#6551),#3829);
#6551 = PRESENTATION_STYLE_ASSIGNMENT((#6552));
#6552 = SURFACE_STYLE_USAGE(.BOTH.,#6553);
#6553 = SURFACE_SIDE_STYLE('',(#6554));
#6554 = SURFACE_STYLE_FILL_AREA(#6555);
#6555 = FILL_AREA_STYLE('',(#6556));
#6556 = FILL_AREA_STYLE_COLOUR('',#6479);
#6557 = STYLED_ITEM('color',(#6558),#3846);
#6558 = PRESENTATION_STYLE_ASSIGNMENT((#6559));
#6559 = SURFACE_STYLE_USAGE(.BOTH.,#6560);
#6560 = SURFACE_SIDE_STYLE('',(#6561));
#6561 = SURFACE_STYLE_FILL_AREA(#6562);
#6562 = FILL_AREA_STYLE('',(#6563));
#6563 = FILL_AREA_STYLE_COLOUR('',#6479);
#6564 = MECHANICAL_DESIGN_GEOMETRIC_PRESENTATION_REPRESENTATION('',(
    #6565,#6575,#6584,#6593,#6602,#6611,#6620,#6629,#6638,#6647,#6656,
    #6665,#6674,#6683,#6692,#6701,#6710,#6719,#6728,#6737,#6746,#6755,
    #6764,#6773,#6782,#6791,#6800,#6809,#6818,#6827,#6836,#6845,#6854,
    #6863,#6872,#6881,#6890,#6899,#6908,#6917,#6926,#6935,#6944,#6953,
    #6962,#6971,#6980,#6989,#6998,#7007,#7016,#7025,#7034,#7043,#7052,
    #7061,#7070,#7079,#7088,#7097,#7106,#7115,#7124,#7133,#7142,#7151,
    #7160,#7169,#7178),#3006);
#6565 = STYLED_ITEM('color',(#6566),#1026);
#6566 = PRESENTATION_STYLE_ASSIGNMENT((#6567,#6573));
#6567 = SURFACE_STYLE_USAGE(.BOTH.,#6568);
#6568 = SURFACE_SIDE_STYLE('',(#6569));
#6569 = SURFACE_STYLE_FILL_AREA(#6570);
#6570 = FILL_AREA_STYLE('',(#6571));
#6571 = FILL_AREA_STYLE_COLOUR('',#6572);
#6572 = COLOUR_RGB('',0.147999998088,0.145000001626,0.145000001626);
#6573 = CURVE_STYLE('',#6574,POSITIVE_LENGTH_MEASURE(0.1),#6572);
#6574 = DRAUGHTING_PRE_DEFINED_CURVE_FONT('continuous');
#6575 = STYLED_ITEM('color',(#6576),#1064);
#6576 = PRESENTATION_STYLE_ASSIGNMENT((#6577,#6582));
#6577 = SURFACE_STYLE_USAGE(.BOTH.,#6578);
#6578 = SURFACE_SIDE_STYLE('',(#6579));
#6579 = SURFACE_STYLE_FILL_AREA(#6580);
#6580 = FILL_AREA_STYLE('',(#6581));
#6581 = FILL_AREA_STYLE_COLOUR('',#6572);
#6582 = CURVE_STYLE('',#6583,POSITIVE_LENGTH_MEASURE(0.1),#6572);
#6583 = DRAUGHTING_PRE_DEFINED_CURVE_FONT('continuous');
#6584 = STYLED_ITEM('color',(#6585),#1127);
#6585 = PRESENTATION_STYLE_ASSIGNMENT((#6586,#6591));
#6586 = SURFACE_STYLE_USAGE(.BOTH.,#6587);
#6587 = SURFACE_SIDE_STYLE('',(#6588));
#6588 = SURFACE_STYLE_FILL_AREA(#6589);
#6589 = FILL_AREA_STYLE('',(#6590));
#6590 = FILL_AREA_STYLE_COLOUR('',#6572);
#6591 = CURVE_STYLE('',#6592,POSITIVE_LENGTH_MEASURE(0.1),#6572);
#6592 = DRAUGHTING_PRE_DEFINED_CURVE_FONT('continuous');
#6593 = STYLED_ITEM('color',(#6594),#1150);
#6594 = PRESENTATION_STYLE_ASSIGNMENT((#6595,#6600));
#6595 = SURFACE_STYLE_USAGE(.BOTH.,#6596);
#6596 = SURFACE_SIDE_STYLE('',(#6597));
#6597 = SURFACE_STYLE_FILL_AREA(#6598);
#6598 = FILL_AREA_STYLE('',(#6599));
#6599 = FILL_AREA_STYLE_COLOUR('',#6572);
#6600 = CURVE_STYLE('',#6601,POSITIVE_LENGTH_MEASURE(0.1),#6572);
#6601 = DRAUGHTING_PRE_DEFINED_CURVE_FONT('continuous');
#6602 = STYLED_ITEM('color',(#6603),#1179);
#6603 = PRESENTATION_STYLE_ASSIGNMENT((#6604,#6609));
#6604 = SURFACE_STYLE_USAGE(.BOTH.,#6605);
#6605 = SURFACE_SIDE_STYLE('',(#6606));
#6606 = SURFACE_STYLE_FILL_AREA(#6607);
#6607 = FILL_AREA_STYLE('',(#6608));
#6608 = FILL_AREA_STYLE_COLOUR('',#6572);
#6609 = CURVE_STYLE('',#6610,POSITIVE_LENGTH_MEASURE(0.1),#6572);
#6610 = DRAUGHTING_PRE_DEFINED_CURVE_FONT('continuous');
#6611 = STYLED_ITEM('color',(#6612),#1202);
#6612 = PRESENTATION_STYLE_ASSIGNMENT((#6613,#6618));
#6613 = SURFACE_STYLE_USAGE(.BOTH.,#6614);
#6614 = SURFACE_SIDE_STYLE('',(#6615));
#6615 = SURFACE_STYLE_FILL_AREA(#6616);
#6616 = FILL_AREA_STYLE('',(#6617));
#6617 = FILL_AREA_STYLE_COLOUR('',#6572);
#6618 = CURVE_STYLE('',#6619,POSITIVE_LENGTH_MEASURE(0.1),#6572);
#6619 = DRAUGHTING_PRE_DEFINED_CURVE_FONT('continuous');
#6620 = STYLED_ITEM('color',(#6621),#1257);
#6621 = PRESENTATION_STYLE_ASSIGNMENT((#6622,#6627));
#6622 = SURFACE_STYLE_USAGE(.BOTH.,#6623);
#6623 = SURFACE_SIDE_STYLE('',(#6624));
#6624 = SURFACE_STYLE_FILL_AREA(#6625);
#6625 = FILL_AREA_STYLE('',(#6626));
#6626 = FILL_AREA_STYLE_COLOUR('',#6572);
#6627 = CURVE_STYLE('',#6628,POSITIVE_LENGTH_MEASURE(0.1),#6572);
#6628 = DRAUGHTING_PRE_DEFINED_CURVE_FONT('continuous');
#6629 = STYLED_ITEM('color',(#6630),#1296);
#6630 = PRESENTATION_STYLE_ASSIGNMENT((#6631,#6636));
#6631 = SURFACE_STYLE_USAGE(.BOTH.,#6632);
#6632 = SURFACE_SIDE_STYLE('',(#6633));
#6633 = SURFACE_STYLE_FILL_AREA(#6634);
#6634 = FILL_AREA_STYLE('',(#6635));
#6635 = FILL_AREA_STYLE_COLOUR('',#6572);
#6636 = CURVE_STYLE('',#6637,POSITIVE_LENGTH_MEASURE(0.1),#6572);
#6637 = DRAUGHTING_PRE_DEFINED_CURVE_FONT('continuous');
#6638 = STYLED_ITEM('color',(#6639),#1319);
#6639 = PRESENTATION_STYLE_ASSIGNMENT((#6640,#6645));
#6640 = SURFACE_STYLE_USAGE(.BOTH.,#6641);
#6641 = SURFACE_SIDE_STYLE('',(#6642));
#6642 = SURFACE_STYLE_FILL_AREA(#6643);
#6643 = FILL_AREA_STYLE('',(#6644));
#6644 = FILL_AREA_STYLE_COLOUR('',#6572);
#6645 = CURVE_STYLE('',#6646,POSITIVE_LENGTH_MEASURE(0.1),#6572);
#6646 = DRAUGHTING_PRE_DEFINED_CURVE_FONT('continuous');
#6647 = STYLED_ITEM('color',(#6648),#1342);
#6648 = PRESENTATION_STYLE_ASSIGNMENT((#6649,#6654));
#6649 = SURFACE_STYLE_USAGE(.BOTH.,#6650);
#6650 = SURFACE_SIDE_STYLE('',(#6651));
#6651 = SURFACE_STYLE_FILL_AREA(#6652);
#6652 = FILL_AREA_STYLE('',(#6653));
#6653 = FILL_AREA_STYLE_COLOUR('',#6572);
#6654 = CURVE_STYLE('',#6655,POSITIVE_LENGTH_MEASURE(0.1),#6572);
#6655 = DRAUGHTING_PRE_DEFINED_CURVE_FONT('continuous');
#6656 = STYLED_ITEM('color',(#6657),#1359);
#6657 = PRESENTATION_STYLE_ASSIGNMENT((#6658,#6663));
#6658 = SURFACE_STYLE_USAGE(.BOTH.,#6659);
#6659 = SURFACE_SIDE_STYLE('',(#6660));
#6660 = SURFACE_STYLE_FILL_AREA(#6661);
#6661 = FILL_AREA_STYLE('',(#6662));
#6662 = FILL_AREA_STYLE_COLOUR('',#6572);
#6663 = CURVE_STYLE('',#6664,POSITIVE_LENGTH_MEASURE(0.1),#6572);
#6664 = DRAUGHTING_PRE_DEFINED_CURVE_FONT('continuous');
#6665 = STYLED_ITEM('color',(#6666),#1382);
#6666 = PRESENTATION_STYLE_ASSIGNMENT((#6667,#6672));
#6667 = SURFACE_STYLE_USAGE(.BOTH.,#6668);
#6668 = SURFACE_SIDE_STYLE('',(#6669));
#6669 = SURFACE_STYLE_FILL_AREA(#6670);
#6670 = FILL_AREA_STYLE('',(#6671));
#6671 = FILL_AREA_STYLE_COLOUR('',#6572);
#6672 = CURVE_STYLE('',#6673,POSITIVE_LENGTH_MEASURE(0.1),#6572);
#6673 = DRAUGHTING_PRE_DEFINED_CURVE_FONT('continuous');
#6674 = STYLED_ITEM('color',(#6675),#1470);
#6675 = PRESENTATION_STYLE_ASSIGNMENT((#6676,#6681));
#6676 = SURFACE_STYLE_USAGE(.BOTH.,#6677);
#6677 = SURFACE_SIDE_STYLE('',(#6678));
#6678 = SURFACE_STYLE_FILL_AREA(#6679);
#6679 = FILL_AREA_STYLE('',(#6680));
#6680 = FILL_AREA_STYLE_COLOUR('',#6572);
#6681 = CURVE_STYLE('',#6682,POSITIVE_LENGTH_MEASURE(0.1),#6572);
#6682 = DRAUGHTING_PRE_DEFINED_CURVE_FONT('continuous');
#6683 = STYLED_ITEM('color',(#6684),#1486);
#6684 = PRESENTATION_STYLE_ASSIGNMENT((#6685,#6690));
#6685 = SURFACE_STYLE_USAGE(.BOTH.,#6686);
#6686 = SURFACE_SIDE_STYLE('',(#6687));
#6687 = SURFACE_STYLE_FILL_AREA(#6688);
#6688 = FILL_AREA_STYLE('',(#6689));
#6689 = FILL_AREA_STYLE_COLOUR('',#6572);
#6690 = CURVE_STYLE('',#6691,POSITIVE_LENGTH_MEASURE(0.1),#6572);
#6691 = DRAUGHTING_PRE_DEFINED_CURVE_FONT('continuous');
#6692 = STYLED_ITEM('color',(#6693),#1516);
#6693 = PRESENTATION_STYLE_ASSIGNMENT((#6694,#6699));
#6694 = SURFACE_STYLE_USAGE(.BOTH.,#6695);
#6695 = SURFACE_SIDE_STYLE('',(#6696));
#6696 = SURFACE_STYLE_FILL_AREA(#6697);
#6697 = FILL_AREA_STYLE('',(#6698));
#6698 = FILL_AREA_STYLE_COLOUR('',#6188);
#6699 = CURVE_STYLE('',#6700,POSITIVE_LENGTH_MEASURE(0.1),#6188);
#6700 = DRAUGHTING_PRE_DEFINED_CURVE_FONT('continuous');
#6701 = STYLED_ITEM('color',(#6702),#1549);
#6702 = PRESENTATION_STYLE_ASSIGNMENT((#6703,#6708));
#6703 = SURFACE_STYLE_USAGE(.BOTH.,#6704);
#6704 = SURFACE_SIDE_STYLE('',(#6705));
#6705 = SURFACE_STYLE_FILL_AREA(#6706);
#6706 = FILL_AREA_STYLE('',(#6707));
#6707 = FILL_AREA_STYLE_COLOUR('',#6572);
#6708 = CURVE_STYLE('',#6709,POSITIVE_LENGTH_MEASURE(0.1),#6572);
#6709 = DRAUGHTING_PRE_DEFINED_CURVE_FONT('continuous');
#6710 = STYLED_ITEM('color',(#6711),#1580);
#6711 = PRESENTATION_STYLE_ASSIGNMENT((#6712,#6717));
#6712 = SURFACE_STYLE_USAGE(.BOTH.,#6713);
#6713 = SURFACE_SIDE_STYLE('',(#6714));
#6714 = SURFACE_STYLE_FILL_AREA(#6715);
#6715 = FILL_AREA_STYLE('',(#6716));
#6716 = FILL_AREA_STYLE_COLOUR('',#6188);
#6717 = CURVE_STYLE('',#6718,POSITIVE_LENGTH_MEASURE(0.1),#6188);
#6718 = DRAUGHTING_PRE_DEFINED_CURVE_FONT('continuous');
#6719 = STYLED_ITEM('color',(#6720),#1613);
#6720 = PRESENTATION_STYLE_ASSIGNMENT((#6721,#6726));
#6721 = SURFACE_STYLE_USAGE(.BOTH.,#6722);
#6722 = SURFACE_SIDE_STYLE('',(#6723));
#6723 = SURFACE_STYLE_FILL_AREA(#6724);
#6724 = FILL_AREA_STYLE('',(#6725));
#6725 = FILL_AREA_STYLE_COLOUR('',#6572);
#6726 = CURVE_STYLE('',#6727,POSITIVE_LENGTH_MEASURE(0.1),#6572);
#6727 = DRAUGHTING_PRE_DEFINED_CURVE_FONT('continuous');
#6728 = STYLED_ITEM('color',(#6729),#1630);
#6729 = PRESENTATION_STYLE_ASSIGNMENT((#6730,#6735));
#6730 = SURFACE_STYLE_USAGE(.BOTH.,#6731);
#6731 = SURFACE_SIDE_STYLE('',(#6732));
#6732 = SURFACE_STYLE_FILL_AREA(#6733);
#6733 = FILL_AREA_STYLE('',(#6734));
#6734 = FILL_AREA_STYLE_COLOUR('',#6572);
#6735 = CURVE_STYLE('',#6736,POSITIVE_LENGTH_MEASURE(0.1),#6572);
#6736 = DRAUGHTING_PRE_DEFINED_CURVE_FONT('continuous');
#6737 = STYLED_ITEM('color',(#6738),#1647);
#6738 = PRESENTATION_STYLE_ASSIGNMENT((#6739,#6744));
#6739 = SURFACE_STYLE_USAGE(.BOTH.,#6740);
#6740 = SURFACE_SIDE_STYLE('',(#6741));
#6741 = SURFACE_STYLE_FILL_AREA(#6742);
#6742 = FILL_AREA_STYLE('',(#6743));
#6743 = FILL_AREA_STYLE_COLOUR('',#6188);
#6744 = CURVE_STYLE('',#6745,POSITIVE_LENGTH_MEASURE(0.1),#6188);
#6745 = DRAUGHTING_PRE_DEFINED_CURVE_FONT('continuous');
#6746 = STYLED_ITEM('color',(#6747),#1680);
#6747 = PRESENTATION_STYLE_ASSIGNMENT((#6748,#6753));
#6748 = SURFACE_STYLE_USAGE(.BOTH.,#6749);
#6749 = SURFACE_SIDE_STYLE('',(#6750));
#6750 = SURFACE_STYLE_FILL_AREA(#6751);
#6751 = FILL_AREA_STYLE('',(#6752));
#6752 = FILL_AREA_STYLE_COLOUR('',#6572);
#6753 = CURVE_STYLE('',#6754,POSITIVE_LENGTH_MEASURE(0.1),#6572);
#6754 = DRAUGHTING_PRE_DEFINED_CURVE_FONT('continuous');
#6755 = STYLED_ITEM('color',(#6756),#1710);
#6756 = PRESENTATION_STYLE_ASSIGNMENT((#6757,#6762));
#6757 = SURFACE_STYLE_USAGE(.BOTH.,#6758);
#6758 = SURFACE_SIDE_STYLE('',(#6759));
#6759 = SURFACE_STYLE_FILL_AREA(#6760);
#6760 = FILL_AREA_STYLE('',(#6761));
#6761 = FILL_AREA_STYLE_COLOUR('',#6572);
#6762 = CURVE_STYLE('',#6763,POSITIVE_LENGTH_MEASURE(0.1),#6572);
#6763 = DRAUGHTING_PRE_DEFINED_CURVE_FONT('continuous');
#6764 = STYLED_ITEM('color',(#6765),#1733);
#6765 = PRESENTATION_STYLE_ASSIGNMENT((#6766,#6771));
#6766 = SURFACE_STYLE_USAGE(.BOTH.,#6767);
#6767 = SURFACE_SIDE_STYLE('',(#6768));
#6768 = SURFACE_STYLE_FILL_AREA(#6769);
#6769 = FILL_AREA_STYLE('',(#6770));
#6770 = FILL_AREA_STYLE_COLOUR('',#6572);
#6771 = CURVE_STYLE('',#6772,POSITIVE_LENGTH_MEASURE(0.1),#6572);
#6772 = DRAUGHTING_PRE_DEFINED_CURVE_FONT('continuous');
#6773 = STYLED_ITEM('color',(#6774),#1756);
#6774 = PRESENTATION_STYLE_ASSIGNMENT((#6775,#6780));
#6775 = SURFACE_STYLE_USAGE(.BOTH.,#6776);
#6776 = SURFACE_SIDE_STYLE('',(#6777));
#6777 = SURFACE_STYLE_FILL_AREA(#6778);
#6778 = FILL_AREA_STYLE('',(#6779));
#6779 = FILL_AREA_STYLE_COLOUR('',#6572);
#6780 = CURVE_STYLE('',#6781,POSITIVE_LENGTH_MEASURE(0.1),#6572);
#6781 = DRAUGHTING_PRE_DEFINED_CURVE_FONT('continuous');
#6782 = STYLED_ITEM('color',(#6783),#1773);
#6783 = PRESENTATION_STYLE_ASSIGNMENT((#6784,#6789));
#6784 = SURFACE_STYLE_USAGE(.BOTH.,#6785);
#6785 = SURFACE_SIDE_STYLE('',(#6786));
#6786 = SURFACE_STYLE_FILL_AREA(#6787);
#6787 = FILL_AREA_STYLE('',(#6788));
#6788 = FILL_AREA_STYLE_COLOUR('',#6188);
#6789 = CURVE_STYLE('',#6790,POSITIVE_LENGTH_MEASURE(0.1),#6188);
#6790 = DRAUGHTING_PRE_DEFINED_CURVE_FONT('continuous');
#6791 = STYLED_ITEM('color',(#6792),#1802);
#6792 = PRESENTATION_STYLE_ASSIGNMENT((#6793,#6798));
#6793 = SURFACE_STYLE_USAGE(.BOTH.,#6794);
#6794 = SURFACE_SIDE_STYLE('',(#6795));
#6795 = SURFACE_STYLE_FILL_AREA(#6796);
#6796 = FILL_AREA_STYLE('',(#6797));
#6797 = FILL_AREA_STYLE_COLOUR('',#6572);
#6798 = CURVE_STYLE('',#6799,POSITIVE_LENGTH_MEASURE(0.1),#6572);
#6799 = DRAUGHTING_PRE_DEFINED_CURVE_FONT('continuous');
#6800 = STYLED_ITEM('color',(#6801),#1856);
#6801 = PRESENTATION_STYLE_ASSIGNMENT((#6802,#6807));
#6802 = SURFACE_STYLE_USAGE(.BOTH.,#6803);
#6803 = SURFACE_SIDE_STYLE('',(#6804));
#6804 = SURFACE_STYLE_FILL_AREA(#6805);
#6805 = FILL_AREA_STYLE('',(#6806));
#6806 = FILL_AREA_STYLE_COLOUR('',#6572);
#6807 = CURVE_STYLE('',#6808,POSITIVE_LENGTH_MEASURE(0.1),#6572);
#6808 = DRAUGHTING_PRE_DEFINED_CURVE_FONT('continuous');
#6809 = STYLED_ITEM('color',(#6810),#1879);
#6810 = PRESENTATION_STYLE_ASSIGNMENT((#6811,#6816));
#6811 = SURFACE_STYLE_USAGE(.BOTH.,#6812);
#6812 = SURFACE_SIDE_STYLE('',(#6813));
#6813 = SURFACE_STYLE_FILL_AREA(#6814);
#6814 = FILL_AREA_STYLE('',(#6815));
#6815 = FILL_AREA_STYLE_COLOUR('',#6572);
#6816 = CURVE_STYLE('',#6817,POSITIVE_LENGTH_MEASURE(0.1),#6572);
#6817 = DRAUGHTING_PRE_DEFINED_CURVE_FONT('continuous');
#6818 = STYLED_ITEM('color',(#6819),#1902);
#6819 = PRESENTATION_STYLE_ASSIGNMENT((#6820,#6825));
#6820 = SURFACE_STYLE_USAGE(.BOTH.,#6821);
#6821 = SURFACE_SIDE_STYLE('',(#6822));
#6822 = SURFACE_STYLE_FILL_AREA(#6823);
#6823 = FILL_AREA_STYLE('',(#6824));
#6824 = FILL_AREA_STYLE_COLOUR('',#6572);
#6825 = CURVE_STYLE('',#6826,POSITIVE_LENGTH_MEASURE(0.1),#6572);
#6826 = DRAUGHTING_PRE_DEFINED_CURVE_FONT('continuous');
#6827 = STYLED_ITEM('color',(#6828),#1925);
#6828 = PRESENTATION_STYLE_ASSIGNMENT((#6829,#6834));
#6829 = SURFACE_STYLE_USAGE(.BOTH.,#6830);
#6830 = SURFACE_SIDE_STYLE('',(#6831));
#6831 = SURFACE_STYLE_FILL_AREA(#6832);
#6832 = FILL_AREA_STYLE('',(#6833));
#6833 = FILL_AREA_STYLE_COLOUR('',#6572);
#6834 = CURVE_STYLE('',#6835,POSITIVE_LENGTH_MEASURE(0.1),#6572);
#6835 = DRAUGHTING_PRE_DEFINED_CURVE_FONT('continuous');
#6836 = STYLED_ITEM('color',(#6837),#1964);
#6837 = PRESENTATION_STYLE_ASSIGNMENT((#6838,#6843));
#6838 = SURFACE_STYLE_USAGE(.BOTH.,#6839);
#6839 = SURFACE_SIDE_STYLE('',(#6840));
#6840 = SURFACE_STYLE_FILL_AREA(#6841);
#6841 = FILL_AREA_STYLE('',(#6842));
#6842 = FILL_AREA_STYLE_COLOUR('',#6188);
#6843 = CURVE_STYLE('',#6844,POSITIVE_LENGTH_MEASURE(0.1),#6188);
#6844 = DRAUGHTING_PRE_DEFINED_CURVE_FONT('continuous');
#6845 = STYLED_ITEM('color',(#6846),#1986);
#6846 = PRESENTATION_STYLE_ASSIGNMENT((#6847,#6852));
#6847 = SURFACE_STYLE_USAGE(.BOTH.,#6848);
#6848 = SURFACE_SIDE_STYLE('',(#6849));
#6849 = SURFACE_STYLE_FILL_AREA(#6850);
#6850 = FILL_AREA_STYLE('',(#6851));
#6851 = FILL_AREA_STYLE_COLOUR('',#6572);
#6852 = CURVE_STYLE('',#6853,POSITIVE_LENGTH_MEASURE(0.1),#6572);
#6853 = DRAUGHTING_PRE_DEFINED_CURVE_FONT('continuous');
#6854 = STYLED_ITEM('color',(#6855),#2030);
#6855 = PRESENTATION_STYLE_ASSIGNMENT((#6856,#6861));
#6856 = SURFACE_STYLE_USAGE(.BOTH.,#6857);
#6857 = SURFACE_SIDE_STYLE('',(#6858));
#6858 = SURFACE_STYLE_FILL_AREA(#6859);
#6859 = FILL_AREA_STYLE('',(#6860));
#6860 = FILL_AREA_STYLE_COLOUR('',#6188);
#6861 = CURVE_STYLE('',#6862,POSITIVE_LENGTH_MEASURE(0.1),#6188);
#6862 = DRAUGHTING_PRE_DEFINED_CURVE_FONT('continuous');
#6863 = STYLED_ITEM('color',(#6864),#2105);
#6864 = PRESENTATION_STYLE_ASSIGNMENT((#6865,#6870));
#6865 = SURFACE_STYLE_USAGE(.BOTH.,#6866);
#6866 = SURFACE_SIDE_STYLE('',(#6867));
#6867 = SURFACE_STYLE_FILL_AREA(#6868);
#6868 = FILL_AREA_STYLE('',(#6869));
#6869 = FILL_AREA_STYLE_COLOUR('',#6188);
#6870 = CURVE_STYLE('',#6871,POSITIVE_LENGTH_MEASURE(0.1),#6188);
#6871 = DRAUGHTING_PRE_DEFINED_CURVE_FONT('continuous');
#6872 = STYLED_ITEM('color',(#6873),#2129);
#6873 = PRESENTATION_STYLE_ASSIGNMENT((#6874,#6879));
#6874 = SURFACE_STYLE_USAGE(.BOTH.,#6875);
#6875 = SURFACE_SIDE_STYLE('',(#6876));
#6876 = SURFACE_STYLE_FILL_AREA(#6877);
#6877 = FILL_AREA_STYLE('',(#6878));
#6878 = FILL_AREA_STYLE_COLOUR('',#6188);
#6879 = CURVE_STYLE('',#6880,POSITIVE_LENGTH_MEASURE(0.1),#6188);
#6880 = DRAUGHTING_PRE_DEFINED_CURVE_FONT('continuous');
#6881 = STYLED_ITEM('color',(#6882),#2197);
#6882 = PRESENTATION_STYLE_ASSIGNMENT((#6883,#6888));
#6883 = SURFACE_STYLE_USAGE(.BOTH.,#6884);
#6884 = SURFACE_SIDE_STYLE('',(#6885));
#6885 = SURFACE_STYLE_FILL_AREA(#6886);
#6886 = FILL_AREA_STYLE('',(#6887));
#6887 = FILL_AREA_STYLE_COLOUR('',#6572);
#6888 = CURVE_STYLE('',#6889,POSITIVE_LENGTH_MEASURE(0.1),#6572);
#6889 = DRAUGHTING_PRE_DEFINED_CURVE_FONT('continuous');
#6890 = STYLED_ITEM('color',(#6891),#2214);
#6891 = PRESENTATION_STYLE_ASSIGNMENT((#6892,#6897));
#6892 = SURFACE_STYLE_USAGE(.BOTH.,#6893);
#6893 = SURFACE_SIDE_STYLE('',(#6894));
#6894 = SURFACE_STYLE_FILL_AREA(#6895);
#6895 = FILL_AREA_STYLE('',(#6896));
#6896 = FILL_AREA_STYLE_COLOUR('',#6188);
#6897 = CURVE_STYLE('',#6898,POSITIVE_LENGTH_MEASURE(0.1),#6188);
#6898 = DRAUGHTING_PRE_DEFINED_CURVE_FONT('continuous');
#6899 = STYLED_ITEM('color',(#6900),#2289);
#6900 = PRESENTATION_STYLE_ASSIGNMENT((#6901,#6906));
#6901 = SURFACE_STYLE_USAGE(.BOTH.,#6902);
#6902 = SURFACE_SIDE_STYLE('',(#6903));
#6903 = SURFACE_STYLE_FILL_AREA(#6904);
#6904 = FILL_AREA_STYLE('',(#6905));
#6905 = FILL_AREA_STYLE_COLOUR('',#6188);
#6906 = CURVE_STYLE('',#6907,POSITIVE_LENGTH_MEASURE(0.1),#6188);
#6907 = DRAUGHTING_PRE_DEFINED_CURVE_FONT('continuous');
#6908 = STYLED_ITEM('color',(#6909),#2313);
#6909 = PRESENTATION_STYLE_ASSIGNMENT((#6910,#6915));
#6910 = SURFACE_STYLE_USAGE(.BOTH.,#6911);
#6911 = SURFACE_SIDE_STYLE('',(#6912));
#6912 = SURFACE_STYLE_FILL_AREA(#6913);
#6913 = FILL_AREA_STYLE('',(#6914));
#6914 = FILL_AREA_STYLE_COLOUR('',#6188);
#6915 = CURVE_STYLE('',#6916,POSITIVE_LENGTH_MEASURE(0.1),#6188);
#6916 = DRAUGHTING_PRE_DEFINED_CURVE_FONT('continuous');
#6917 = STYLED_ITEM('color',(#6918),#2381);
#6918 = PRESENTATION_STYLE_ASSIGNMENT((#6919,#6924));
#6919 = SURFACE_STYLE_USAGE(.BOTH.,#6920);
#6920 = SURFACE_SIDE_STYLE('',(#6921));
#6921 = SURFACE_STYLE_FILL_AREA(#6922);
#6922 = FILL_AREA_STYLE('',(#6923));
#6923 = FILL_AREA_STYLE_COLOUR('',#6188);
#6924 = CURVE_STYLE('',#6925,POSITIVE_LENGTH_MEASURE(0.1),#6188);
#6925 = DRAUGHTING_PRE_DEFINED_CURVE_FONT('continuous');
#6926 = STYLED_ITEM('color',(#6927),#2456);
#6927 = PRESENTATION_STYLE_ASSIGNMENT((#6928,#6933));
#6928 = SURFACE_STYLE_USAGE(.BOTH.,#6929);
#6929 = SURFACE_SIDE_STYLE('',(#6930));
#6930 = SURFACE_STYLE_FILL_AREA(#6931);
#6931 = FILL_AREA_STYLE('',(#6932));
#6932 = FILL_AREA_STYLE_COLOUR('',#6188);
#6933 = CURVE_STYLE('',#6934,POSITIVE_LENGTH_MEASURE(0.1),#6188);
#6934 = DRAUGHTING_PRE_DEFINED_CURVE_FONT('continuous');
#6935 = STYLED_ITEM('color',(#6936),#2480);
#6936 = PRESENTATION_STYLE_ASSIGNMENT((#6937,#6942));
#6937 = SURFACE_STYLE_USAGE(.BOTH.,#6938);
#6938 = SURFACE_SIDE_STYLE('',(#6939));
#6939 = SURFACE_STYLE_FILL_AREA(#6940);
#6940 = FILL_AREA_STYLE('',(#6941));
#6941 = FILL_AREA_STYLE_COLOUR('',#6188);
#6942 = CURVE_STYLE('',#6943,POSITIVE_LENGTH_MEASURE(0.1),#6188);
#6943 = DRAUGHTING_PRE_DEFINED_CURVE_FONT('continuous');
#6944 = STYLED_ITEM('color',(#6945),#2548);
#6945 = PRESENTATION_STYLE_ASSIGNMENT((#6946,#6951));
#6946 = SURFACE_STYLE_USAGE(.BOTH.,#6947);
#6947 = SURFACE_SIDE_STYLE('',(#6948));
#6948 = SURFACE_STYLE_FILL_AREA(#6949);
#6949 = FILL_AREA_STYLE('',(#6950));
#6950 = FILL_AREA_STYLE_COLOUR('',#6188);
#6951 = CURVE_STYLE('',#6952,POSITIVE_LENGTH_MEASURE(0.1),#6188);
#6952 = DRAUGHTING_PRE_DEFINED_CURVE_FONT('continuous');
#6953 = STYLED_ITEM('color',(#6954),#2565);
#6954 = PRESENTATION_STYLE_ASSIGNMENT((#6955,#6960));
#6955 = SURFACE_STYLE_USAGE(.BOTH.,#6956);
#6956 = SURFACE_SIDE_STYLE('',(#6957));
#6957 = SURFACE_STYLE_FILL_AREA(#6958);
#6958 = FILL_AREA_STYLE('',(#6959));
#6959 = FILL_AREA_STYLE_COLOUR('',#6188);
#6960 = CURVE_STYLE('',#6961,POSITIVE_LENGTH_MEASURE(0.1),#6188);
#6961 = DRAUGHTING_PRE_DEFINED_CURVE_FONT('continuous');
#6962 = STYLED_ITEM('color',(#6963),#2582);
#6963 = PRESENTATION_STYLE_ASSIGNMENT((#6964,#6969));
#6964 = SURFACE_STYLE_USAGE(.BOTH.,#6965);
#6965 = SURFACE_SIDE_STYLE('',(#6966));
#6966 = SURFACE_STYLE_FILL_AREA(#6967);
#6967 = FILL_AREA_STYLE('',(#6968));
#6968 = FILL_AREA_STYLE_COLOUR('',#6572);
#6969 = CURVE_STYLE('',#6970,POSITIVE_LENGTH_MEASURE(0.1),#6572);
#6970 = DRAUGHTING_PRE_DEFINED_CURVE_FONT('continuous');
#6971 = STYLED_ITEM('color',(#6972),#2628);
#6972 = PRESENTATION_STYLE_ASSIGNMENT((#6973,#6978));
#6973 = SURFACE_STYLE_USAGE(.BOTH.,#6974);
#6974 = SURFACE_SIDE_STYLE('',(#6975));
#6975 = SURFACE_STYLE_FILL_AREA(#6976);
#6976 = FILL_AREA_STYLE('',(#6977));
#6977 = FILL_AREA_STYLE_COLOUR('',#6572);
#6978 = CURVE_STYLE('',#6979,POSITIVE_LENGTH_MEASURE(0.1),#6572);
#6979 = DRAUGHTING_PRE_DEFINED_CURVE_FONT('continuous');
#6980 = STYLED_ITEM('color',(#6981),#2644);
#6981 = PRESENTATION_STYLE_ASSIGNMENT((#6982,#6987));
#6982 = SURFACE_STYLE_USAGE(.BOTH.,#6983);
#6983 = SURFACE_SIDE_STYLE('',(#6984));
#6984 = SURFACE_STYLE_FILL_AREA(#6985);
#6985 = FILL_AREA_STYLE('',(#6986));
#6986 = FILL_AREA_STYLE_COLOUR('',#6572);
#6987 = CURVE_STYLE('',#6988,POSITIVE_LENGTH_MEASURE(0.1),#6572);
#6988 = DRAUGHTING_PRE_DEFINED_CURVE_FONT('continuous');
#6989 = STYLED_ITEM('color',(#6990),#2660);
#6990 = PRESENTATION_STYLE_ASSIGNMENT((#6991,#6996));
#6991 = SURFACE_STYLE_USAGE(.BOTH.,#6992);
#6992 = SURFACE_SIDE_STYLE('',(#6993));
#6993 = SURFACE_STYLE_FILL_AREA(#6994);
#6994 = FILL_AREA_STYLE('',(#6995));
#6995 = FILL_AREA_STYLE_COLOUR('',#6188);
#6996 = CURVE_STYLE('',#6997,POSITIVE_LENGTH_MEASURE(0.1),#6188);
#6997 = DRAUGHTING_PRE_DEFINED_CURVE_FONT('continuous');
#6998 = STYLED_ITEM('color',(#6999),#2677);
#6999 = PRESENTATION_STYLE_ASSIGNMENT((#7000,#7005));
#7000 = SURFACE_STYLE_USAGE(.BOTH.,#7001);
#7001 = SURFACE_SIDE_STYLE('',(#7002));
#7002 = SURFACE_STYLE_FILL_AREA(#7003);
#7003 = FILL_AREA_STYLE('',(#7004));
#7004 = FILL_AREA_STYLE_COLOUR('',#6572);
#7005 = CURVE_STYLE('',#7006,POSITIVE_LENGTH_MEASURE(0.1),#6572);
#7006 = DRAUGHTING_PRE_DEFINED_CURVE_FONT('continuous');
#7007 = STYLED_ITEM('color',(#7008),#2689);
#7008 = PRESENTATION_STYLE_ASSIGNMENT((#7009,#7014));
#7009 = SURFACE_STYLE_USAGE(.BOTH.,#7010);
#7010 = SURFACE_SIDE_STYLE('',(#7011));
#7011 = SURFACE_STYLE_FILL_AREA(#7012);
#7012 = FILL_AREA_STYLE('',(#7013));
#7013 = FILL_AREA_STYLE_COLOUR('',#6188);
#7014 = CURVE_STYLE('',#7015,POSITIVE_LENGTH_MEASURE(0.1),#6188);
#7015 = DRAUGHTING_PRE_DEFINED_CURVE_FONT('continuous');
#7016 = STYLED_ITEM('color',(#7017),#2706);
#7017 = PRESENTATION_STYLE_ASSIGNMENT((#7018,#7023));
#7018 = SURFACE_STYLE_USAGE(.BOTH.,#7019);
#7019 = SURFACE_SIDE_STYLE('',(#7020));
#7020 = SURFACE_STYLE_FILL_AREA(#7021);
#7021 = FILL_AREA_STYLE('',(#7022));
#7022 = FILL_AREA_STYLE_COLOUR('',#6188);
#7023 = CURVE_STYLE('',#7024,POSITIVE_LENGTH_MEASURE(0.1),#6188);
#7024 = DRAUGHTING_PRE_DEFINED_CURVE_FONT('continuous');
#7025 = STYLED_ITEM('color',(#7026),#2723);
#7026 = PRESENTATION_STYLE_ASSIGNMENT((#7027,#7032));
#7027 = SURFACE_STYLE_USAGE(.BOTH.,#7028);
#7028 = SURFACE_SIDE_STYLE('',(#7029));
#7029 = SURFACE_STYLE_FILL_AREA(#7030);
#7030 = FILL_AREA_STYLE('',(#7031));
#7031 = FILL_AREA_STYLE_COLOUR('',#6188);
#7032 = CURVE_STYLE('',#7033,POSITIVE_LENGTH_MEASURE(0.1),#6188);
#7033 = DRAUGHTING_PRE_DEFINED_CURVE_FONT('continuous');
#7034 = STYLED_ITEM('color',(#7035),#2740);
#7035 = PRESENTATION_STYLE_ASSIGNMENT((#7036,#7041));
#7036 = SURFACE_STYLE_USAGE(.BOTH.,#7037);
#7037 = SURFACE_SIDE_STYLE('',(#7038));
#7038 = SURFACE_STYLE_FILL_AREA(#7039);
#7039 = FILL_AREA_STYLE('',(#7040));
#7040 = FILL_AREA_STYLE_COLOUR('',#6188);
#7041 = CURVE_STYLE('',#7042,POSITIVE_LENGTH_MEASURE(0.1),#6188);
#7042 = DRAUGHTING_PRE_DEFINED_CURVE_FONT('continuous');
#7043 = STYLED_ITEM('color',(#7044),#2757);
#7044 = PRESENTATION_STYLE_ASSIGNMENT((#7045,#7050));
#7045 = SURFACE_STYLE_USAGE(.BOTH.,#7046);
#7046 = SURFACE_SIDE_STYLE('',(#7047));
#7047 = SURFACE_STYLE_FILL_AREA(#7048);
#7048 = FILL_AREA_STYLE('',(#7049));
#7049 = FILL_AREA_STYLE_COLOUR('',#6188);
#7050 = CURVE_STYLE('',#7051,POSITIVE_LENGTH_MEASURE(0.1),#6188);
#7051 = DRAUGHTING_PRE_DEFINED_CURVE_FONT('continuous');
#7052 = STYLED_ITEM('color',(#7053),#2774);
#7053 = PRESENTATION_STYLE_ASSIGNMENT((#7054,#7059));
#7054 = SURFACE_STYLE_USAGE(.BOTH.,#7055);
#7055 = SURFACE_SIDE_STYLE('',(#7056));
#7056 = SURFACE_STYLE_FILL_AREA(#7057);
#7057 = FILL_AREA_STYLE('',(#7058));
#7058 = FILL_AREA_STYLE_COLOUR('',#6188);
#7059 = CURVE_STYLE('',#7060,POSITIVE_LENGTH_MEASURE(0.1),#6188);
#7060 = DRAUGHTING_PRE_DEFINED_CURVE_FONT('continuous');
#7061 = STYLED_ITEM('color',(#7062),#2791);
#7062 = PRESENTATION_STYLE_ASSIGNMENT((#7063,#7068));
#7063 = SURFACE_STYLE_USAGE(.BOTH.,#7064);
#7064 = SURFACE_SIDE_STYLE('',(#7065));
#7065 = SURFACE_STYLE_FILL_AREA(#7066);
#7066 = FILL_AREA_STYLE('',(#7067));
#7067 = FILL_AREA_STYLE_COLOUR('',#6188);
#7068 = CURVE_STYLE('',#7069,POSITIVE_LENGTH_MEASURE(0.1),#6188);
#7069 = DRAUGHTING_PRE_DEFINED_CURVE_FONT('continuous');
#7070 = STYLED_ITEM('color',(#7071),#2803);
#7071 = PRESENTATION_STYLE_ASSIGNMENT((#7072,#7077));
#7072 = SURFACE_STYLE_USAGE(.BOTH.,#7073);
#7073 = SURFACE_SIDE_STYLE('',(#7074));
#7074 = SURFACE_STYLE_FILL_AREA(#7075);
#7075 = FILL_AREA_STYLE('',(#7076));
#7076 = FILL_AREA_STYLE_COLOUR('',#6188);
#7077 = CURVE_STYLE('',#7078,POSITIVE_LENGTH_MEASURE(0.1),#6188);
#7078 = DRAUGHTING_PRE_DEFINED_CURVE_FONT('continuous');
#7079 = STYLED_ITEM('color',(#7080),#2820);
#7080 = PRESENTATION_STYLE_ASSIGNMENT((#7081,#7086));
#7081 = SURFACE_STYLE_USAGE(.BOTH.,#7082);
#7082 = SURFACE_SIDE_STYLE('',(#7083));
#7083 = SURFACE_STYLE_FILL_AREA(#7084);
#7084 = FILL_AREA_STYLE('',(#7085));
#7085 = FILL_AREA_STYLE_COLOUR('',#6188);
#7086 = CURVE_STYLE('',#7087,POSITIVE_LENGTH_MEASURE(0.1),#6188);
#7087 = DRAUGHTING_PRE_DEFINED_CURVE_FONT('continuous');
#7088 = STYLED_ITEM('color',(#7089),#2837);
#7089 = PRESENTATION_STYLE_ASSIGNMENT((#7090,#7095));
#7090 = SURFACE_STYLE_USAGE(.BOTH.,#7091);
#7091 = SURFACE_SIDE_STYLE('',(#7092));
#7092 = SURFACE_STYLE_FILL_AREA(#7093);
#7093 = FILL_AREA_STYLE('',(#7094));
#7094 = FILL_AREA_STYLE_COLOUR('',#6188);
#7095 = CURVE_STYLE('',#7096,POSITIVE_LENGTH_MEASURE(0.1),#6188);
#7096 = DRAUGHTING_PRE_DEFINED_CURVE_FONT('continuous');
#7097 = STYLED_ITEM('color',(#7098),#2854);
#7098 = PRESENTATION_STYLE_ASSIGNMENT((#7099,#7104));
#7099 = SURFACE_STYLE_USAGE(.BOTH.,#7100);
#7100 = SURFACE_SIDE_STYLE('',(#7101));
#7101 = SURFACE_STYLE_FILL_AREA(#7102);
#7102 = FILL_AREA_STYLE('',(#7103));
#7103 = FILL_AREA_STYLE_COLOUR('',#6188);
#7104 = CURVE_STYLE('',#7105,POSITIVE_LENGTH_MEASURE(0.1),#6188);
#7105 = DRAUGHTING_PRE_DEFINED_CURVE_FONT('continuous');
#7106 = STYLED_ITEM('color',(#7107),#2871);
#7107 = PRESENTATION_STYLE_ASSIGNMENT((#7108,#7113));
#7108 = SURFACE_STYLE_USAGE(.BOTH.,#7109);
#7109 = SURFACE_SIDE_STYLE('',(#7110));
#7110 = SURFACE_STYLE_FILL_AREA(#7111);
#7111 = FILL_AREA_STYLE('',(#7112));
#7112 = FILL_AREA_STYLE_COLOUR('',#6188);
#7113 = CURVE_STYLE('',#7114,POSITIVE_LENGTH_MEASURE(0.1),#6188);
#7114 = DRAUGHTING_PRE_DEFINED_CURVE_FONT('continuous');
#7115 = STYLED_ITEM('color',(#7116),#2888);
#7116 = PRESENTATION_STYLE_ASSIGNMENT((#7117,#7122));
#7117 = SURFACE_STYLE_USAGE(.BOTH.,#7118);
#7118 = SURFACE_SIDE_STYLE('',(#7119));
#7119 = SURFACE_STYLE_FILL_AREA(#7120);
#7120 = FILL_AREA_STYLE('',(#7121));
#7121 = FILL_AREA_STYLE_COLOUR('',#6188);
#7122 = CURVE_STYLE('',#7123,POSITIVE_LENGTH_MEASURE(0.1),#6188);
#7123 = DRAUGHTING_PRE_DEFINED_CURVE_FONT('continuous');
#7124 = STYLED_ITEM('color',(#7125),#2900);
#7125 = PRESENTATION_STYLE_ASSIGNMENT((#7126,#7131));
#7126 = SURFACE_STYLE_USAGE(.BOTH.,#7127);
#7127 = SURFACE_SIDE_STYLE('',(#7128));
#7128 = SURFACE_STYLE_FILL_AREA(#7129);
#7129 = FILL_AREA_STYLE('',(#7130));
#7130 = FILL_AREA_STYLE_COLOUR('',#6188);
#7131 = CURVE_STYLE('',#7132,POSITIVE_LENGTH_MEASURE(0.1),#6188);
#7132 = DRAUGHTING_PRE_DEFINED_CURVE_FONT('continuous');
#7133 = STYLED_ITEM('color',(#7134),#2917);
#7134 = PRESENTATION_STYLE_ASSIGNMENT((#7135,#7140));
#7135 = SURFACE_STYLE_USAGE(.BOTH.,#7136);
#7136 = SURFACE_SIDE_STYLE('',(#7137));
#7137 = SURFACE_STYLE_FILL_AREA(#7138);
#7138 = FILL_AREA_STYLE('',(#7139));
#7139 = FILL_AREA_STYLE_COLOUR('',#6188);
#7140 = CURVE_STYLE('',#7141,POSITIVE_LENGTH_MEASURE(0.1),#6188);
#7141 = DRAUGHTING_PRE_DEFINED_CURVE_FONT('continuous');
#7142 = STYLED_ITEM('color',(#7143),#2934);
#7143 = PRESENTATION_STYLE_ASSIGNMENT((#7144,#7149));
#7144 = SURFACE_STYLE_USAGE(.BOTH.,#7145);
#7145 = SURFACE_SIDE_STYLE('',(#7146));
#7146 = SURFACE_STYLE_FILL_AREA(#7147);
#7147 = FILL_AREA_STYLE('',(#7148));
#7148 = FILL_AREA_STYLE_COLOUR('',#6188);
#7149 = CURVE_STYLE('',#7150,POSITIVE_LENGTH_MEASURE(0.1),#6188);
#7150 = DRAUGHTING_PRE_DEFINED_CURVE_FONT('continuous');
#7151 = STYLED_ITEM('color',(#7152),#2951);
#7152 = PRESENTATION_STYLE_ASSIGNMENT((#7153,#7158));
#7153 = SURFACE_STYLE_USAGE(.BOTH.,#7154);
#7154 = SURFACE_SIDE_STYLE('',(#7155));
#7155 = SURFACE_STYLE_FILL_AREA(#7156);
#7156 = FILL_AREA_STYLE('',(#7157));
#7157 = FILL_AREA_STYLE_COLOUR('',#6188);
#7158 = CURVE_STYLE('',#7159,POSITIVE_LENGTH_MEASURE(0.1),#6188);
#7159 = DRAUGHTING_PRE_DEFINED_CURVE_FONT('continuous');
#7160 = STYLED_ITEM('color',(#7161),#2968);
#7161 = PRESENTATION_STYLE_ASSIGNMENT((#7162,#7167));
#7162 = SURFACE_STYLE_USAGE(.BOTH.,#7163);
#7163 = SURFACE_SIDE_STYLE('',(#7164));
#7164 = SURFACE_STYLE_FILL_AREA(#7165);
#7165 = FILL_AREA_STYLE('',(#7166));
#7166 = FILL_AREA_STYLE_COLOUR('',#6188);
#7167 = CURVE_STYLE('',#7168,POSITIVE_LENGTH_MEASURE(0.1),#6188);
#7168 = DRAUGHTING_PRE_DEFINED_CURVE_FONT('continuous');
#7169 = STYLED_ITEM('color',(#7170),#2985);
#7170 = PRESENTATION_STYLE_ASSIGNMENT((#7171,#7176));
#7171 = SURFACE_STYLE_USAGE(.BOTH.,#7172);
#7172 = SURFACE_SIDE_STYLE('',(#7173));
#7173 = SURFACE_STYLE_FILL_AREA(#7174);
#7174 = FILL_AREA_STYLE('',(#7175));
#7175 = FILL_AREA_STYLE_COLOUR('',#6188);
#7176 = CURVE_STYLE('',#7177,POSITIVE_LENGTH_MEASURE(0.1),#6188);
#7177 = DRAUGHTING_PRE_DEFINED_CURVE_FONT('continuous');
#7178 = STYLED_ITEM('color',(#7179),#2997);
#7179 = PRESENTATION_STYLE_ASSIGNMENT((#7180,#7186));
#7180 = SURFACE_STYLE_USAGE(.BOTH.,#7181);
#7181 = SURFACE_SIDE_STYLE('',(#7182));
#7182 = SURFACE_STYLE_FILL_AREA(#7183);
#7183 = FILL_AREA_STYLE('',(#7184));
#7184 = FILL_AREA_STYLE_COLOUR('',#7185);
#7185 = COLOUR_RGB('',0.690999998585,0.664000007176,0.597999987832);
#7186 = CURVE_STYLE('',#7187,POSITIVE_LENGTH_MEASURE(0.1),#7185);
#7187 = DRAUGHTING_PRE_DEFINED_CURVE_FONT('continuous');
#7188 = MECHANICAL_DESIGN_GEOMETRIC_PRESENTATION_REPRESENTATION('',(
    #7189),#6169);
#7189 = STYLED_ITEM('color',(#7190),#3887);
#7190 = PRESENTATION_STYLE_ASSIGNMENT((#7191));
#7191 = SURFACE_STYLE_USAGE(.BOTH.,#7192);
#7192 = SURFACE_SIDE_STYLE('',(#7193));
#7193 = SURFACE_STYLE_FILL_AREA(#7194);
#7194 = FILL_AREA_STYLE('',(#7195));
#7195 = FILL_AREA_STYLE_COLOUR('',#7196);
#7196 = COLOUR_RGB('',0.313304153717,0.484529207832,0.410020903123);
ENDSEC;
END-ISO-10303-21;
