ISO-10303-21;
HEADER;
FILE_DESCRIPTION(('KiCad electronic assembly'),'2;1');
FILE_NAME('DIY_Mouse.step','2026-08-25T23:42:30',('Pcbnew'),('Kicad'),
  'Open CASCADE STEP processor 7.9','KiCad to STEP converter','Unknown'
  );
FILE_SCHEMA(('AUTOMOTIVE_DESIGN { 1 0 10303 214 1 1 1 1 }'));
ENDSEC;
DATA;
#1 = APPLICATION_PROTOCOL_DEFINITION('international standard',
  'automotive_design',2000,#2);
#2 = APPLICATION_CONTEXT(
  'core data for automotive mechanical design processes');
#3 = SHAPE_DEFINITION_REPRESENTATION(#4,#10);
#4 = PRODUCT_DEFINITION_SHAPE('','',#5);
#5 = PRODUCT_DEFINITION('design','',#6,#9);
#6 = PRODUCT_DEFINITION_FORMATION('','',#7);
#7 = PRODUCT('DIY_Mouse 1','DIY_Mouse 1','',(#8));
#8 = PRODUCT_CONTEXT('',#2,'mechanical');
#9 = PRODUCT_DEFINITION_CONTEXT('part definition',#2,'design');
#10 = SHAPE_REPRESENTATION('',(#11,#15,#19,#23,#27,#31,#35,#39,#43,#47,
    #51,#55,#59,#63),#67);
#11 = AXIS2_PLACEMENT_3D('',#12,#13,#14);
#12 = CARTESIAN_POINT('',(0.,0.,0.));
#13 = DIRECTION('',(0.,0.,1.));
#14 = DIRECTION('',(1.,0.,-0.));
#15 = AXIS2_PLACEMENT_3D('',#16,#17,#18);
#16 = CARTESIAN_POINT('',(126.,-96.05,1.595));
#17 = DIRECTION('',(0.,0.,1.));
#18 = DIRECTION('',(1.,0.,0.));
#19 = AXIS2_PLACEMENT_3D('',#20,#21,#22);
#20 = CARTESIAN_POINT('',(136.51,-100.7875,1.595));
#21 = DIRECTION('',(-0.,0.,1.));
#22 = DIRECTION('',(1.110223024625E-16,-1.,0.));
#23 = AXIS2_PLACEMENT_3D('',#24,#25,#26);
#24 = CARTESIAN_POINT('',(136.61,-104.8875,1.595));
#25 = DIRECTION('',(0.,-0.,1.));
#26 = DIRECTION('',(1.110223024625E-16,1.,0.));
#27 = AXIS2_PLACEMENT_3D('',#28,#29,#30);
#28 = CARTESIAN_POINT('',(150.6,-95.85,1.595));
#29 = DIRECTION('',(0.,-0.,1.));
#30 = DIRECTION('',(1.110223024625E-16,1.,0.));
#31 = AXIS2_PLACEMENT_3D('',#32,#33,#34);
#32 = CARTESIAN_POINT('',(132.7,-96.8875,1.595));
#33 = DIRECTION('',(0.,-0.,1.));
#34 = DIRECTION('',(1.110223024625E-16,1.,0.));
#35 = AXIS2_PLACEMENT_3D('',#36,#37,#38);
#36 = CARTESIAN_POINT('',(140.4,-102.45,1.595));
#37 = DIRECTION('',(-0.,0.,1.));
#38 = DIRECTION('',(1.110223024625E-16,-1.,0.));
#39 = AXIS2_PLACEMENT_3D('',#40,#41,#42);
#40 = CARTESIAN_POINT('',(148.6,-91.75,1.595));
#41 = DIRECTION('',(-0.,0.,1.));
#42 = DIRECTION('',(1.110223024625E-16,-1.,0.));
#43 = AXIS2_PLACEMENT_3D('',#44,#45,#46);
#44 = CARTESIAN_POINT('',(133.6,-104.8875,1.595));
#45 = DIRECTION('',(-0.,0.,1.));
#46 = DIRECTION('',(1.110223024625E-16,-1.,0.));
#47 = AXIS2_PLACEMENT_3D('',#48,#49,#50);
#48 = CARTESIAN_POINT('',(148.2,-95.85,1.595));
#49 = DIRECTION('',(-0.,0.,1.));
#50 = DIRECTION('',(1.110223024625E-16,-1.,0.));
#51 = AXIS2_PLACEMENT_3D('',#52,#53,#54);
#52 = CARTESIAN_POINT('',(133.5,-100.7875,1.595));
#53 = DIRECTION('',(0.,-0.,1.));
#54 = DIRECTION('',(1.110223024625E-16,1.,0.));
#55 = AXIS2_PLACEMENT_3D('',#56,#57,#58);
#56 = CARTESIAN_POINT('',(151.,-87.7125,1.595));
#57 = DIRECTION('',(0.,-0.,1.));
#58 = DIRECTION('',(1.110223024625E-16,1.,0.));
#59 = AXIS2_PLACEMENT_3D('',#60,#61,#62);
#60 = CARTESIAN_POINT('',(148.6,-87.7125,1.595));
#61 = DIRECTION('',(-0.,0.,1.));
#62 = DIRECTION('',(1.110223024625E-16,-1.,0.));
#63 = AXIS2_PLACEMENT_3D('',#64,#65,#66);
#64 = CARTESIAN_POINT('',(0.,0.,0.));
#65 = DIRECTION('',(0.,0.,1.));
#66 = DIRECTION('',(1.,0.,-0.));
#67 = ( GEOMETRIC_REPRESENTATION_CONTEXT(3) 
GLOBAL_UNCERTAINTY_ASSIGNED_CONTEXT((#71)) GLOBAL_UNIT_ASSIGNED_CONTEXT(
(#68,#69,#70)) REPRESENTATION_CONTEXT('Context #1',
  '3D Context with UNIT and UNCERTAINTY') );
#68 = ( LENGTH_UNIT() NAMED_UNIT(*) SI_UNIT(.MILLI.,.METRE.) );
#69 = ( NAMED_UNIT(*) PLANE_ANGLE_UNIT() SI_UNIT($,.RADIAN.) );
#70 = ( NAMED_UNIT(*) SI_UNIT($,.STERADIAN.) SOLID_ANGLE_UNIT() );
#71 = UNCERTAINTY_MEASURE_WITH_UNIT(LENGTH_MEASURE(1.E-07),#68,
  'distance_accuracy_value','confusion accuracy');
#72 = PRODUCT_RELATED_PRODUCT_CATEGORY('part',$,(#7));
#73 = SHAPE_DEFINITION_REPRESENTATION(#74,#80);
#74 = PRODUCT_DEFINITION_SHAPE('','',#75);
#75 = PRODUCT_DEFINITION('design','',#76,#79);
#76 = PRODUCT_DEFINITION_FORMATION('','',#77);
#77 = PRODUCT('R_0805_2012Metric','R_0805_2012Metric','',(#78));
#78 = PRODUCT_CONTEXT('',#2,'mechanical');
#79 = PRODUCT_DEFINITION_CONTEXT('part definition',#2,'design');
#80 = SHAPE_REPRESENTATION('',(#11,#81),#85);
#81 = AXIS2_PLACEMENT_3D('',#82,#83,#84);
#82 = CARTESIAN_POINT('',(0.,0.,0.));
#83 = DIRECTION('',(0.,0.,1.));
#84 = DIRECTION('',(1.,0.,-0.));
#85 = ( GEOMETRIC_REPRESENTATION_CONTEXT(3) 
GLOBAL_UNCERTAINTY_ASSIGNED_CONTEXT((#89)) GLOBAL_UNIT_ASSIGNED_CONTEXT(
(#86,#87,#88)) REPRESENTATION_CONTEXT('Context #1',
  '3D Context with UNIT and UNCERTAINTY') );
#86 = ( LENGTH_UNIT() NAMED_UNIT(*) SI_UNIT(.MILLI.,.METRE.) );
#87 = ( NAMED_UNIT(*) PLANE_ANGLE_UNIT() SI_UNIT($,.RADIAN.) );
#88 = ( NAMED_UNIT(*) SI_UNIT($,.STERADIAN.) SOLID_ANGLE_UNIT() );
#89 = UNCERTAINTY_MEASURE_WITH_UNIT(LENGTH_MEASURE(1.E-07),#86,
  'distance_accuracy_value','confusion accuracy');
#90 = CONTEXT_DEPENDENT_SHAPE_REPRESENTATION(#91,#93);
#91 = ( REPRESENTATION_RELATIONSHIP('','',#80,#10) 
REPRESENTATION_RELATIONSHIP_WITH_TRANSFORMATION(#92) 
SHAPE_REPRESENTATION_RELATIONSHIP() );
#92 = ITEM_DEFINED_TRANSFORMATION('','',#11,#15);
#93 = PRODUCT_DEFINITION_SHAPE('Placement','Placement of an item',#94);
#94 = NEXT_ASSEMBLY_USAGE_OCCURRENCE('2','R3','',#5,#75,$);
#95 = PRODUCT_RELATED_PRODUCT_CATEGORY('part',$,(#77));
#96 = SHAPE_DEFINITION_REPRESENTATION(#97,#103);
#97 = PRODUCT_DEFINITION_SHAPE('','',#98);
#98 = PRODUCT_DEFINITION('design','',#99,#102);
#99 = PRODUCT_DEFINITION_FORMATION('','',#100);
#100 = PRODUCT('R_0805_2012Metric','R_0805_2012Metric','',(#101));
#101 = PRODUCT_CONTEXT('',#2,'mechanical');
#102 = PRODUCT_DEFINITION_CONTEXT('part definition',#2,'design');
#103 = ADVANCED_BREP_SHAPE_REPRESENTATION('',(#11,#104),#894);
#104 = MANIFOLD_SOLID_BREP('',#105);
#105 = CLOSED_SHELL('',(#106,#146,#229,#254,#279,#346,#363,#380,#429,
    #446,#463,#512,#529,#598,#629,#653,#722,#746,#763,#780,#797,#814,
    #831,#848,#865,#882));
#106 = ADVANCED_FACE('',(#107),#141,.F.);
#107 = FACE_BOUND('',#108,.F.);
#108 = EDGE_LOOP('',(#109,#119,#127,#135));
#109 = ORIENTED_EDGE('',*,*,#110,.F.);
#110 = EDGE_CURVE('',#111,#113,#115,.T.);
#111 = VERTEX_POINT('',#112);
#112 = CARTESIAN_POINT('',(-1.,-0.6,4.5E-02));
#113 = VERTEX_POINT('',#114);
#114 = CARTESIAN_POINT('',(-1.,-0.6,0.405));
#115 = LINE('',#116,#117);
#116 = CARTESIAN_POINT('',(-1.,-0.6,0.));
#117 = VECTOR('',#118,1.);
#118 = DIRECTION('',(0.,0.,1.));
#119 = ORIENTED_EDGE('',*,*,#120,.T.);
#120 = EDGE_CURVE('',#111,#121,#123,.T.);
#121 = VERTEX_POINT('',#122);
#122 = CARTESIAN_POINT('',(-1.,0.6,4.5E-02));
#123 = LINE('',#124,#125);
#124 = CARTESIAN_POINT('',(-1.,-0.6,4.5E-02));
#125 = VECTOR('',#126,1.);
#126 = DIRECTION('',(0.,1.,0.));
#127 = ORIENTED_EDGE('',*,*,#128,.T.);
#128 = EDGE_CURVE('',#121,#129,#131,.T.);
#129 = VERTEX_POINT('',#130);
#130 = CARTESIAN_POINT('',(-1.,0.6,0.405));
#131 = LINE('',#132,#133);
#132 = CARTESIAN_POINT('',(-1.,0.6,0.));
#133 = VECTOR('',#134,1.);
#134 = DIRECTION('',(0.,0.,1.));
#135 = ORIENTED_EDGE('',*,*,#136,.F.);
#136 = EDGE_CURVE('',#113,#129,#137,.T.);
#137 = LINE('',#138,#139);
#138 = CARTESIAN_POINT('',(-1.,-0.6,0.405));
#139 = VECTOR('',#140,1.);
#140 = DIRECTION('',(0.,1.,0.));
#141 = PLANE('',#142);
#142 = AXIS2_PLACEMENT_3D('',#143,#144,#145);
#143 = CARTESIAN_POINT('',(-1.,-0.6,0.));
#144 = DIRECTION('',(1.,0.,0.));
#145 = DIRECTION('',(0.,0.,1.));
#146 = ADVANCED_FACE('',(#147),#224,.F.);
#147 = FACE_BOUND('',#148,.F.);
#148 = EDGE_LOOP('',(#149,#159,#166,#167,#176,#184,#193,#201,#209,#217)
  );
#149 = ORIENTED_EDGE('',*,*,#150,.F.);
#150 = EDGE_CURVE('',#151,#153,#155,.T.);
#151 = VERTEX_POINT('',#152);
#152 = CARTESIAN_POINT('',(-0.955,-0.6,-2.775557561563E-17));
#153 = VERTEX_POINT('',#154);
#154 = CARTESIAN_POINT('',(-0.745,-0.6,-2.775557561563E-17));
#155 = LINE('',#156,#157);
#156 = CARTESIAN_POINT('',(-1.,-0.6,0.));
#157 = VECTOR('',#158,1.);
#158 = DIRECTION('',(1.,0.,0.));
#159 = ORIENTED_EDGE('',*,*,#160,.F.);
#160 = EDGE_CURVE('',#111,#151,#161,.T.);
#161 = CIRCLE('',#162,4.5E-02);
#162 = AXIS2_PLACEMENT_3D('',#163,#164,#165);
#163 = CARTESIAN_POINT('',(-0.955,-0.6,4.5E-02));
#164 = DIRECTION('',(0.,-1.,0.));
#165 = DIRECTION('',(0.,0.,1.));
#166 = ORIENTED_EDGE('',*,*,#110,.T.);
#167 = ORIENTED_EDGE('',*,*,#168,.T.);
#168 = EDGE_CURVE('',#113,#169,#171,.T.);
#169 = VERTEX_POINT('',#170);
#170 = CARTESIAN_POINT('',(-0.955,-0.6,0.45));
#171 = CIRCLE('',#172,4.5E-02);
#172 = AXIS2_PLACEMENT_3D('',#173,#174,#175);
#173 = CARTESIAN_POINT('',(-0.955,-0.6,0.405));
#174 = DIRECTION('',(0.,1.,0.));
#175 = DIRECTION('',(0.,-0.,1.));
#176 = ORIENTED_EDGE('',*,*,#177,.T.);
#177 = EDGE_CURVE('',#169,#178,#180,.T.);
#178 = VERTEX_POINT('',#179);
#179 = CARTESIAN_POINT('',(-0.745,-0.6,0.45));
#180 = LINE('',#181,#182);
#181 = CARTESIAN_POINT('',(-1.,-0.6,0.45));
#182 = VECTOR('',#183,1.);
#183 = DIRECTION('',(1.,0.,0.));
#184 = ORIENTED_EDGE('',*,*,#185,.F.);
#185 = EDGE_CURVE('',#186,#178,#188,.T.);
#186 = VERTEX_POINT('',#187);
#187 = CARTESIAN_POINT('',(-0.7,-0.6,0.405));
#188 = CIRCLE('',#189,4.5E-02);
#189 = AXIS2_PLACEMENT_3D('',#190,#191,#192);
#190 = CARTESIAN_POINT('',(-0.745,-0.6,0.405));
#191 = DIRECTION('',(0.,-1.,0.));
#192 = DIRECTION('',(0.,0.,1.));
#193 = ORIENTED_EDGE('',*,*,#194,.F.);
#194 = EDGE_CURVE('',#195,#186,#197,.T.);
#195 = VERTEX_POINT('',#196);
#196 = CARTESIAN_POINT('',(-0.955,-0.6,0.405));
#197 = LINE('',#198,#199);
#198 = CARTESIAN_POINT('',(-0.955,-0.6,0.405));
#199 = VECTOR('',#200,1.);
#200 = DIRECTION('',(1.,0.,0.));
#201 = ORIENTED_EDGE('',*,*,#202,.F.);
#202 = EDGE_CURVE('',#203,#195,#205,.T.);
#203 = VERTEX_POINT('',#204);
#204 = CARTESIAN_POINT('',(-0.955,-0.6,4.5E-02));
#205 = LINE('',#206,#207);
#206 = CARTESIAN_POINT('',(-0.955,-0.6,4.5E-02));
#207 = VECTOR('',#208,1.);
#208 = DIRECTION('',(0.,0.,1.));
#209 = ORIENTED_EDGE('',*,*,#210,.T.);
#210 = EDGE_CURVE('',#203,#211,#213,.T.);
#211 = VERTEX_POINT('',#212);
#212 = CARTESIAN_POINT('',(-0.7,-0.6,4.5E-02));
#213 = LINE('',#214,#215);
#214 = CARTESIAN_POINT('',(-0.955,-0.6,4.5E-02));
#215 = VECTOR('',#216,1.);
#216 = DIRECTION('',(1.,0.,0.));
#217 = ORIENTED_EDGE('',*,*,#218,.T.);
#218 = EDGE_CURVE('',#211,#153,#219,.T.);
#219 = CIRCLE('',#220,4.5E-02);
#220 = AXIS2_PLACEMENT_3D('',#221,#222,#223);
#221 = CARTESIAN_POINT('',(-0.745,-0.6,4.5E-02));
#222 = DIRECTION('',(0.,1.,0.));
#223 = DIRECTION('',(0.,-0.,1.));
#224 = PLANE('',#225);
#225 = AXIS2_PLACEMENT_3D('',#226,#227,#228);
#226 = CARTESIAN_POINT('',(-1.,-0.6,0.));
#227 = DIRECTION('',(0.,1.,0.));
#228 = DIRECTION('',(0.,-0.,1.));
#229 = ADVANCED_FACE('',(#230),#249,.T.);
#230 = FACE_BOUND('',#231,.T.);
#231 = EDGE_LOOP('',(#232,#233,#242,#248));
#232 = ORIENTED_EDGE('',*,*,#120,.T.);
#233 = ORIENTED_EDGE('',*,*,#234,.T.);
#234 = EDGE_CURVE('',#121,#235,#237,.T.);
#235 = VERTEX_POINT('',#236);
#236 = CARTESIAN_POINT('',(-0.955,0.6,-2.775557561563E-17));
#237 = CIRCLE('',#238,4.5E-02);
#238 = AXIS2_PLACEMENT_3D('',#239,#240,#241);
#239 = CARTESIAN_POINT('',(-0.955,0.6,4.5E-02));
#240 = DIRECTION('',(0.,-1.,0.));
#241 = DIRECTION('',(0.,0.,1.));
#242 = ORIENTED_EDGE('',*,*,#243,.F.);
#243 = EDGE_CURVE('',#151,#235,#244,.T.);
#244 = LINE('',#245,#246);
#245 = CARTESIAN_POINT('',(-0.955,-0.6,-2.775557561563E-17));
#246 = VECTOR('',#247,1.);
#247 = DIRECTION('',(0.,1.,0.));
#248 = ORIENTED_EDGE('',*,*,#160,.F.);
#249 = CYLINDRICAL_SURFACE('',#250,4.5E-02);
#250 = AXIS2_PLACEMENT_3D('',#251,#252,#253);
#251 = CARTESIAN_POINT('',(-0.955,-0.6,4.5E-02));
#252 = DIRECTION('',(0.,1.,0.));
#253 = DIRECTION('',(-1.,0.,0.));
#254 = ADVANCED_FACE('',(#255),#274,.T.);
#255 = FACE_BOUND('',#256,.T.);
#256 = EDGE_LOOP('',(#257,#258,#266,#273));
#257 = ORIENTED_EDGE('',*,*,#168,.T.);
#258 = ORIENTED_EDGE('',*,*,#259,.T.);
#259 = EDGE_CURVE('',#169,#260,#262,.T.);
#260 = VERTEX_POINT('',#261);
#261 = CARTESIAN_POINT('',(-0.955,0.6,0.45));
#262 = LINE('',#263,#264);
#263 = CARTESIAN_POINT('',(-0.955,-0.6,0.45));
#264 = VECTOR('',#265,1.);
#265 = DIRECTION('',(0.,1.,0.));
#266 = ORIENTED_EDGE('',*,*,#267,.F.);
#267 = EDGE_CURVE('',#129,#260,#268,.T.);
#268 = CIRCLE('',#269,4.5E-02);
#269 = AXIS2_PLACEMENT_3D('',#270,#271,#272);
#270 = CARTESIAN_POINT('',(-0.955,0.6,0.405));
#271 = DIRECTION('',(0.,1.,0.));
#272 = DIRECTION('',(0.,-0.,1.));
#273 = ORIENTED_EDGE('',*,*,#136,.F.);
#274 = CYLINDRICAL_SURFACE('',#275,4.5E-02);
#275 = AXIS2_PLACEMENT_3D('',#276,#277,#278);
#276 = CARTESIAN_POINT('',(-0.955,-0.6,0.405));
#277 = DIRECTION('',(0.,1.,0.));
#278 = DIRECTION('',(-1.,0.,0.));
#279 = ADVANCED_FACE('',(#280),#341,.T.);
#280 = FACE_BOUND('',#281,.T.);
#281 = EDGE_LOOP('',(#282,#290,#291,#292,#293,#301,#310,#318,#326,#334)
  );
#282 = ORIENTED_EDGE('',*,*,#283,.F.);
#283 = EDGE_CURVE('',#235,#284,#286,.T.);
#284 = VERTEX_POINT('',#285);
#285 = CARTESIAN_POINT('',(-0.745,0.6,-2.775557561563E-17));
#286 = LINE('',#287,#288);
#287 = CARTESIAN_POINT('',(-1.,0.6,0.));
#288 = VECTOR('',#289,1.);
#289 = DIRECTION('',(1.,0.,0.));
#290 = ORIENTED_EDGE('',*,*,#234,.F.);
#291 = ORIENTED_EDGE('',*,*,#128,.T.);
#292 = ORIENTED_EDGE('',*,*,#267,.T.);
#293 = ORIENTED_EDGE('',*,*,#294,.T.);
#294 = EDGE_CURVE('',#260,#295,#297,.T.);
#295 = VERTEX_POINT('',#296);
#296 = CARTESIAN_POINT('',(-0.745,0.6,0.45));
#297 = LINE('',#298,#299);
#298 = CARTESIAN_POINT('',(-1.,0.6,0.45));
#299 = VECTOR('',#300,1.);
#300 = DIRECTION('',(1.,0.,0.));
#301 = ORIENTED_EDGE('',*,*,#302,.F.);
#302 = EDGE_CURVE('',#303,#295,#305,.T.);
#303 = VERTEX_POINT('',#304);
#304 = CARTESIAN_POINT('',(-0.7,0.6,0.405));
#305 = CIRCLE('',#306,4.5E-02);
#306 = AXIS2_PLACEMENT_3D('',#307,#308,#309);
#307 = CARTESIAN_POINT('',(-0.745,0.6,0.405));
#308 = DIRECTION('',(0.,-1.,0.));
#309 = DIRECTION('',(0.,0.,1.));
#310 = ORIENTED_EDGE('',*,*,#311,.F.);
#311 = EDGE_CURVE('',#312,#303,#314,.T.);
#312 = VERTEX_POINT('',#313);
#313 = CARTESIAN_POINT('',(-0.955,0.6,0.405));
#314 = LINE('',#315,#316);
#315 = CARTESIAN_POINT('',(-0.955,0.6,0.405));
#316 = VECTOR('',#317,1.);
#317 = DIRECTION('',(1.,0.,0.));
#318 = ORIENTED_EDGE('',*,*,#319,.F.);
#319 = EDGE_CURVE('',#320,#312,#322,.T.);
#320 = VERTEX_POINT('',#321);
#321 = CARTESIAN_POINT('',(-0.955,0.6,4.5E-02));
#322 = LINE('',#323,#324);
#323 = CARTESIAN_POINT('',(-0.955,0.6,4.5E-02));
#324 = VECTOR('',#325,1.);
#325 = DIRECTION('',(0.,0.,1.));
#326 = ORIENTED_EDGE('',*,*,#327,.T.);
#327 = EDGE_CURVE('',#320,#328,#330,.T.);
#328 = VERTEX_POINT('',#329);
#329 = CARTESIAN_POINT('',(-0.7,0.6,4.5E-02));
#330 = LINE('',#331,#332);
#331 = CARTESIAN_POINT('',(-0.955,0.6,4.5E-02));
#332 = VECTOR('',#333,1.);
#333 = DIRECTION('',(1.,0.,0.));
#334 = ORIENTED_EDGE('',*,*,#335,.T.);
#335 = EDGE_CURVE('',#328,#284,#336,.T.);
#336 = CIRCLE('',#337,4.5E-02);
#337 = AXIS2_PLACEMENT_3D('',#338,#339,#340);
#338 = CARTESIAN_POINT('',(-0.745,0.6,4.5E-02));
#339 = DIRECTION('',(0.,1.,0.));
#340 = DIRECTION('',(0.,-0.,1.));
#341 = PLANE('',#342);
#342 = AXIS2_PLACEMENT_3D('',#343,#344,#345);
#343 = CARTESIAN_POINT('',(-1.,0.6,0.));
#344 = DIRECTION('',(0.,1.,0.));
#345 = DIRECTION('',(0.,-0.,1.));
#346 = ADVANCED_FACE('',(#347),#358,.F.);
#347 = FACE_BOUND('',#348,.F.);
#348 = EDGE_LOOP('',(#349,#350,#351,#352));
#349 = ORIENTED_EDGE('',*,*,#283,.F.);
#350 = ORIENTED_EDGE('',*,*,#243,.F.);
#351 = ORIENTED_EDGE('',*,*,#150,.T.);
#352 = ORIENTED_EDGE('',*,*,#353,.T.);
#353 = EDGE_CURVE('',#153,#284,#354,.T.);
#354 = LINE('',#355,#356);
#355 = CARTESIAN_POINT('',(-0.745,-0.6,-2.775557561563E-17));
#356 = VECTOR('',#357,1.);
#357 = DIRECTION('',(0.,1.,0.));
#358 = PLANE('',#359);
#359 = AXIS2_PLACEMENT_3D('',#360,#361,#362);
#360 = CARTESIAN_POINT('',(-1.,-0.6,0.));
#361 = DIRECTION('',(0.,0.,1.));
#362 = DIRECTION('',(1.,0.,-0.));
#363 = ADVANCED_FACE('',(#364),#375,.T.);
#364 = FACE_BOUND('',#365,.T.);
#365 = EDGE_LOOP('',(#366,#367,#368,#369));
#366 = ORIENTED_EDGE('',*,*,#218,.T.);
#367 = ORIENTED_EDGE('',*,*,#353,.T.);
#368 = ORIENTED_EDGE('',*,*,#335,.F.);
#369 = ORIENTED_EDGE('',*,*,#370,.F.);
#370 = EDGE_CURVE('',#211,#328,#371,.T.);
#371 = LINE('',#372,#373);
#372 = CARTESIAN_POINT('',(-0.7,-0.6,4.5E-02));
#373 = VECTOR('',#374,1.);
#374 = DIRECTION('',(0.,1.,0.));
#375 = CYLINDRICAL_SURFACE('',#376,4.5E-02);
#376 = AXIS2_PLACEMENT_3D('',#377,#378,#379);
#377 = CARTESIAN_POINT('',(-0.745,-0.6,4.5E-02));
#378 = DIRECTION('',(0.,1.,0.));
#379 = DIRECTION('',(1.,0.,0.));
#380 = ADVANCED_FACE('',(#381),#424,.F.);
#381 = FACE_BOUND('',#382,.F.);
#382 = EDGE_LOOP('',(#383,#384,#385,#386,#394,#402,#410,#418));
#383 = ORIENTED_EDGE('',*,*,#210,.F.);
#384 = ORIENTED_EDGE('',*,*,#202,.T.);
#385 = ORIENTED_EDGE('',*,*,#194,.T.);
#386 = ORIENTED_EDGE('',*,*,#387,.T.);
#387 = EDGE_CURVE('',#186,#388,#390,.T.);
#388 = VERTEX_POINT('',#389);
#389 = CARTESIAN_POINT('',(0.7,-0.6,0.405));
#390 = LINE('',#391,#392);
#391 = CARTESIAN_POINT('',(-0.7,-0.6,0.405));
#392 = VECTOR('',#393,1.);
#393 = DIRECTION('',(1.,0.,0.));
#394 = ORIENTED_EDGE('',*,*,#395,.T.);
#395 = EDGE_CURVE('',#388,#396,#398,.T.);
#396 = VERTEX_POINT('',#397);
#397 = CARTESIAN_POINT('',(0.955,-0.6,0.405));
#398 = LINE('',#399,#400);
#399 = CARTESIAN_POINT('',(-0.955,-0.6,0.405));
#400 = VECTOR('',#401,1.);
#401 = DIRECTION('',(1.,0.,0.));
#402 = ORIENTED_EDGE('',*,*,#403,.F.);
#403 = EDGE_CURVE('',#404,#396,#406,.T.);
#404 = VERTEX_POINT('',#405);
#405 = CARTESIAN_POINT('',(0.955,-0.6,4.5E-02));
#406 = LINE('',#407,#408);
#407 = CARTESIAN_POINT('',(0.955,-0.6,4.5E-02));
#408 = VECTOR('',#409,1.);
#409 = DIRECTION('',(0.,0.,1.));
#410 = ORIENTED_EDGE('',*,*,#411,.F.);
#411 = EDGE_CURVE('',#412,#404,#414,.T.);
#412 = VERTEX_POINT('',#413);
#413 = CARTESIAN_POINT('',(0.7,-0.6,4.5E-02));
#414 = LINE('',#415,#416);
#415 = CARTESIAN_POINT('',(-0.955,-0.6,4.5E-02));
#416 = VECTOR('',#417,1.);
#417 = DIRECTION('',(1.,0.,0.));
#418 = ORIENTED_EDGE('',*,*,#419,.F.);
#419 = EDGE_CURVE('',#211,#412,#420,.T.);
#420 = LINE('',#421,#422);
#421 = CARTESIAN_POINT('',(-0.955,-0.6,4.5E-02));
#422 = VECTOR('',#423,1.);
#423 = DIRECTION('',(1.,0.,0.));
#424 = PLANE('',#425);
#425 = AXIS2_PLACEMENT_3D('',#426,#427,#428);
#426 = CARTESIAN_POINT('',(-0.955,-0.6,4.5E-02));
#427 = DIRECTION('',(0.,1.,0.));
#428 = DIRECTION('',(0.,-0.,1.));
#429 = ADVANCED_FACE('',(#430),#441,.T.);
#430 = FACE_BOUND('',#431,.T.);
#431 = EDGE_LOOP('',(#432,#433,#434,#435));
#432 = ORIENTED_EDGE('',*,*,#294,.F.);
#433 = ORIENTED_EDGE('',*,*,#259,.F.);
#434 = ORIENTED_EDGE('',*,*,#177,.T.);
#435 = ORIENTED_EDGE('',*,*,#436,.T.);
#436 = EDGE_CURVE('',#178,#295,#437,.T.);
#437 = LINE('',#438,#439);
#438 = CARTESIAN_POINT('',(-0.745,-0.6,0.45));
#439 = VECTOR('',#440,1.);
#440 = DIRECTION('',(0.,1.,0.));
#441 = PLANE('',#442);
#442 = AXIS2_PLACEMENT_3D('',#443,#444,#445);
#443 = CARTESIAN_POINT('',(-1.,-0.6,0.45));
#444 = DIRECTION('',(0.,0.,1.));
#445 = DIRECTION('',(1.,0.,-0.));
#446 = ADVANCED_FACE('',(#447),#458,.T.);
#447 = FACE_BOUND('',#448,.T.);
#448 = EDGE_LOOP('',(#449,#455,#456,#457));
#449 = ORIENTED_EDGE('',*,*,#450,.T.);
#450 = EDGE_CURVE('',#186,#303,#451,.T.);
#451 = LINE('',#452,#453);
#452 = CARTESIAN_POINT('',(-0.7,-0.6,0.405));
#453 = VECTOR('',#454,1.);
#454 = DIRECTION('',(0.,1.,0.));
#455 = ORIENTED_EDGE('',*,*,#302,.T.);
#456 = ORIENTED_EDGE('',*,*,#436,.F.);
#457 = ORIENTED_EDGE('',*,*,#185,.F.);
#458 = CYLINDRICAL_SURFACE('',#459,4.5E-02);
#459 = AXIS2_PLACEMENT_3D('',#460,#461,#462);
#460 = CARTESIAN_POINT('',(-0.745,-0.6,0.405));
#461 = DIRECTION('',(0.,1.,0.));
#462 = DIRECTION('',(1.,0.,0.));
#463 = ADVANCED_FACE('',(#464),#507,.T.);
#464 = FACE_BOUND('',#465,.T.);
#465 = EDGE_LOOP('',(#466,#467,#468,#469,#477,#485,#493,#501));
#466 = ORIENTED_EDGE('',*,*,#327,.F.);
#467 = ORIENTED_EDGE('',*,*,#319,.T.);
#468 = ORIENTED_EDGE('',*,*,#311,.T.);
#469 = ORIENTED_EDGE('',*,*,#470,.T.);
#470 = EDGE_CURVE('',#303,#471,#473,.T.);
#471 = VERTEX_POINT('',#472);
#472 = CARTESIAN_POINT('',(0.7,0.6,0.405));
#473 = LINE('',#474,#475);
#474 = CARTESIAN_POINT('',(-0.7,0.6,0.405));
#475 = VECTOR('',#476,1.);
#476 = DIRECTION('',(1.,0.,0.));
#477 = ORIENTED_EDGE('',*,*,#478,.T.);
#478 = EDGE_CURVE('',#471,#479,#481,.T.);
#479 = VERTEX_POINT('',#480);
#480 = CARTESIAN_POINT('',(0.955,0.6,0.405));
#481 = LINE('',#482,#483);
#482 = CARTESIAN_POINT('',(-0.955,0.6,0.405));
#483 = VECTOR('',#484,1.);
#484 = DIRECTION('',(1.,0.,0.));
#485 = ORIENTED_EDGE('',*,*,#486,.F.);
#486 = EDGE_CURVE('',#487,#479,#489,.T.);
#487 = VERTEX_POINT('',#488);
#488 = CARTESIAN_POINT('',(0.955,0.6,4.5E-02));
#489 = LINE('',#490,#491);
#490 = CARTESIAN_POINT('',(0.955,0.6,4.5E-02));
#491 = VECTOR('',#492,1.);
#492 = DIRECTION('',(0.,0.,1.));
#493 = ORIENTED_EDGE('',*,*,#494,.F.);
#494 = EDGE_CURVE('',#495,#487,#497,.T.);
#495 = VERTEX_POINT('',#496);
#496 = CARTESIAN_POINT('',(0.7,0.6,4.5E-02));
#497 = LINE('',#498,#499);
#498 = CARTESIAN_POINT('',(-0.955,0.6,4.5E-02));
#499 = VECTOR('',#500,1.);
#500 = DIRECTION('',(1.,0.,0.));
#501 = ORIENTED_EDGE('',*,*,#502,.F.);
#502 = EDGE_CURVE('',#328,#495,#503,.T.);
#503 = LINE('',#504,#505);
#504 = CARTESIAN_POINT('',(-0.955,0.6,4.5E-02));
#505 = VECTOR('',#506,1.);
#506 = DIRECTION('',(1.,0.,0.));
#507 = PLANE('',#508);
#508 = AXIS2_PLACEMENT_3D('',#509,#510,#511);
#509 = CARTESIAN_POINT('',(-0.955,0.6,4.5E-02));
#510 = DIRECTION('',(0.,1.,0.));
#511 = DIRECTION('',(0.,-0.,1.));
#512 = ADVANCED_FACE('',(#513),#524,.F.);
#513 = FACE_BOUND('',#514,.F.);
#514 = EDGE_LOOP('',(#515,#516,#517,#523));
#515 = ORIENTED_EDGE('',*,*,#370,.F.);
#516 = ORIENTED_EDGE('',*,*,#419,.T.);
#517 = ORIENTED_EDGE('',*,*,#518,.T.);
#518 = EDGE_CURVE('',#412,#495,#519,.T.);
#519 = LINE('',#520,#521);
#520 = CARTESIAN_POINT('',(0.7,-0.6,4.5E-02));
#521 = VECTOR('',#522,1.);
#522 = DIRECTION('',(0.,1.,0.));
#523 = ORIENTED_EDGE('',*,*,#502,.F.);
#524 = PLANE('',#525);
#525 = AXIS2_PLACEMENT_3D('',#526,#527,#528);
#526 = CARTESIAN_POINT('',(-0.955,-0.6,4.5E-02));
#527 = DIRECTION('',(0.,0.,1.));
#528 = DIRECTION('',(1.,0.,-0.));
#529 = ADVANCED_FACE('',(#530),#593,.F.);
#530 = FACE_BOUND('',#531,.F.);
#531 = EDGE_LOOP('',(#532,#542,#549,#550,#551,#552,#561,#569,#578,#586)
  );
#532 = ORIENTED_EDGE('',*,*,#533,.F.);
#533 = EDGE_CURVE('',#534,#536,#538,.T.);
#534 = VERTEX_POINT('',#535);
#535 = CARTESIAN_POINT('',(0.745,-0.6,-2.775557561563E-17));
#536 = VERTEX_POINT('',#537);
#537 = CARTESIAN_POINT('',(0.955,-0.6,-2.775557561563E-17));
#538 = LINE('',#539,#540);
#539 = CARTESIAN_POINT('',(0.7,-0.6,0.));
#540 = VECTOR('',#541,1.);
#541 = DIRECTION('',(1.,0.,0.));
#542 = ORIENTED_EDGE('',*,*,#543,.F.);
#543 = EDGE_CURVE('',#412,#534,#544,.T.);
#544 = CIRCLE('',#545,4.5E-02);
#545 = AXIS2_PLACEMENT_3D('',#546,#547,#548);
#546 = CARTESIAN_POINT('',(0.745,-0.6,4.5E-02));
#547 = DIRECTION('',(0.,-1.,0.));
#548 = DIRECTION('',(0.,0.,1.));
#549 = ORIENTED_EDGE('',*,*,#411,.T.);
#550 = ORIENTED_EDGE('',*,*,#403,.T.);
#551 = ORIENTED_EDGE('',*,*,#395,.F.);
#552 = ORIENTED_EDGE('',*,*,#553,.T.);
#553 = EDGE_CURVE('',#388,#554,#556,.T.);
#554 = VERTEX_POINT('',#555);
#555 = CARTESIAN_POINT('',(0.745,-0.6,0.45));
#556 = CIRCLE('',#557,4.5E-02);
#557 = AXIS2_PLACEMENT_3D('',#558,#559,#560);
#558 = CARTESIAN_POINT('',(0.745,-0.6,0.405));
#559 = DIRECTION('',(0.,1.,0.));
#560 = DIRECTION('',(0.,-0.,1.));
#561 = ORIENTED_EDGE('',*,*,#562,.T.);
#562 = EDGE_CURVE('',#554,#563,#565,.T.);
#563 = VERTEX_POINT('',#564);
#564 = CARTESIAN_POINT('',(0.955,-0.6,0.45));
#565 = LINE('',#566,#567);
#566 = CARTESIAN_POINT('',(0.7,-0.6,0.45));
#567 = VECTOR('',#568,1.);
#568 = DIRECTION('',(1.,0.,0.));
#569 = ORIENTED_EDGE('',*,*,#570,.F.);
#570 = EDGE_CURVE('',#571,#563,#573,.T.);
#571 = VERTEX_POINT('',#572);
#572 = CARTESIAN_POINT('',(1.,-0.6,0.405));
#573 = CIRCLE('',#574,4.5E-02);
#574 = AXIS2_PLACEMENT_3D('',#575,#576,#577);
#575 = CARTESIAN_POINT('',(0.955,-0.6,0.405));
#576 = DIRECTION('',(0.,-1.,0.));
#577 = DIRECTION('',(0.,0.,1.));
#578 = ORIENTED_EDGE('',*,*,#579,.F.);
#579 = EDGE_CURVE('',#580,#571,#582,.T.);
#580 = VERTEX_POINT('',#581);
#581 = CARTESIAN_POINT('',(1.,-0.6,4.5E-02));
#582 = LINE('',#583,#584);
#583 = CARTESIAN_POINT('',(1.,-0.6,0.));
#584 = VECTOR('',#585,1.);
#585 = DIRECTION('',(0.,0.,1.));
#586 = ORIENTED_EDGE('',*,*,#587,.T.);
#587 = EDGE_CURVE('',#580,#536,#588,.T.);
#588 = CIRCLE('',#589,4.5E-02);
#589 = AXIS2_PLACEMENT_3D('',#590,#591,#592);
#590 = CARTESIAN_POINT('',(0.955,-0.6,4.5E-02));
#591 = DIRECTION('',(0.,1.,0.));
#592 = DIRECTION('',(0.,-0.,1.));
#593 = PLANE('',#594);
#594 = AXIS2_PLACEMENT_3D('',#595,#596,#597);
#595 = CARTESIAN_POINT('',(0.7,-0.6,0.));
#596 = DIRECTION('',(0.,1.,0.));
#597 = DIRECTION('',(0.,-0.,1.));
#598 = ADVANCED_FACE('',(#599),#624,.F.);
#599 = FACE_BOUND('',#600,.F.);
#600 = EDGE_LOOP('',(#601,#602,#610,#618));
#601 = ORIENTED_EDGE('',*,*,#387,.F.);
#602 = ORIENTED_EDGE('',*,*,#603,.T.);
#603 = EDGE_CURVE('',#186,#604,#606,.T.);
#604 = VERTEX_POINT('',#605);
#605 = CARTESIAN_POINT('',(-0.7,-0.6,0.45));
#606 = LINE('',#607,#608);
#607 = CARTESIAN_POINT('',(-0.7,-0.6,0.405));
#608 = VECTOR('',#609,1.);
#609 = DIRECTION('',(0.,0.,1.));
#610 = ORIENTED_EDGE('',*,*,#611,.T.);
#611 = EDGE_CURVE('',#604,#612,#614,.T.);
#612 = VERTEX_POINT('',#613);
#613 = CARTESIAN_POINT('',(0.7,-0.6,0.45));
#614 = LINE('',#615,#616);
#615 = CARTESIAN_POINT('',(-0.7,-0.6,0.45));
#616 = VECTOR('',#617,1.);
#617 = DIRECTION('',(1.,0.,0.));
#618 = ORIENTED_EDGE('',*,*,#619,.F.);
#619 = EDGE_CURVE('',#388,#612,#620,.T.);
#620 = LINE('',#621,#622);
#621 = CARTESIAN_POINT('',(0.7,-0.6,0.405));
#622 = VECTOR('',#623,1.);
#623 = DIRECTION('',(0.,0.,1.));
#624 = PLANE('',#625);
#625 = AXIS2_PLACEMENT_3D('',#626,#627,#628);
#626 = CARTESIAN_POINT('',(-0.7,-0.6,0.405));
#627 = DIRECTION('',(0.,1.,0.));
#628 = DIRECTION('',(0.,-0.,1.));
#629 = ADVANCED_FACE('',(#630),#648,.F.);
#630 = FACE_BOUND('',#631,.F.);
#631 = EDGE_LOOP('',(#632,#633,#634,#642));
#632 = ORIENTED_EDGE('',*,*,#603,.F.);
#633 = ORIENTED_EDGE('',*,*,#450,.T.);
#634 = ORIENTED_EDGE('',*,*,#635,.T.);
#635 = EDGE_CURVE('',#303,#636,#638,.T.);
#636 = VERTEX_POINT('',#637);
#637 = CARTESIAN_POINT('',(-0.7,0.6,0.45));
#638 = LINE('',#639,#640);
#639 = CARTESIAN_POINT('',(-0.7,0.6,0.405));
#640 = VECTOR('',#641,1.);
#641 = DIRECTION('',(0.,0.,1.));
#642 = ORIENTED_EDGE('',*,*,#643,.F.);
#643 = EDGE_CURVE('',#604,#636,#644,.T.);
#644 = LINE('',#645,#646);
#645 = CARTESIAN_POINT('',(-0.7,-0.6,0.45));
#646 = VECTOR('',#647,1.);
#647 = DIRECTION('',(0.,1.,0.));
#648 = PLANE('',#649);
#649 = AXIS2_PLACEMENT_3D('',#650,#651,#652);
#650 = CARTESIAN_POINT('',(-0.7,-0.6,0.405));
#651 = DIRECTION('',(1.,0.,0.));
#652 = DIRECTION('',(0.,0.,1.));
#653 = ADVANCED_FACE('',(#654),#717,.T.);
#654 = FACE_BOUND('',#655,.T.);
#655 = EDGE_LOOP('',(#656,#666,#673,#674,#675,#676,#685,#693,#702,#710)
  );
#656 = ORIENTED_EDGE('',*,*,#657,.F.);
#657 = EDGE_CURVE('',#658,#660,#662,.T.);
#658 = VERTEX_POINT('',#659);
#659 = CARTESIAN_POINT('',(0.745,0.6,-2.775557561563E-17));
#660 = VERTEX_POINT('',#661);
#661 = CARTESIAN_POINT('',(0.955,0.6,-2.775557561563E-17));
#662 = LINE('',#663,#664);
#663 = CARTESIAN_POINT('',(0.7,0.6,0.));
#664 = VECTOR('',#665,1.);
#665 = DIRECTION('',(1.,0.,0.));
#666 = ORIENTED_EDGE('',*,*,#667,.F.);
#667 = EDGE_CURVE('',#495,#658,#668,.T.);
#668 = CIRCLE('',#669,4.5E-02);
#669 = AXIS2_PLACEMENT_3D('',#670,#671,#672);
#670 = CARTESIAN_POINT('',(0.745,0.6,4.5E-02));
#671 = DIRECTION('',(0.,-1.,0.));
#672 = DIRECTION('',(0.,0.,1.));
#673 = ORIENTED_EDGE('',*,*,#494,.T.);
#674 = ORIENTED_EDGE('',*,*,#486,.T.);
#675 = ORIENTED_EDGE('',*,*,#478,.F.);
#676 = ORIENTED_EDGE('',*,*,#677,.T.);
#677 = EDGE_CURVE('',#471,#678,#680,.T.);
#678 = VERTEX_POINT('',#679);
#679 = CARTESIAN_POINT('',(0.745,0.6,0.45));
#680 = CIRCLE('',#681,4.5E-02);
#681 = AXIS2_PLACEMENT_3D('',#682,#683,#684);
#682 = CARTESIAN_POINT('',(0.745,0.6,0.405));
#683 = DIRECTION('',(0.,1.,0.));
#684 = DIRECTION('',(0.,-0.,1.));
#685 = ORIENTED_EDGE('',*,*,#686,.T.);
#686 = EDGE_CURVE('',#678,#687,#689,.T.);
#687 = VERTEX_POINT('',#688);
#688 = CARTESIAN_POINT('',(0.955,0.6,0.45));
#689 = LINE('',#690,#691);
#690 = CARTESIAN_POINT('',(0.7,0.6,0.45));
#691 = VECTOR('',#692,1.);
#692 = DIRECTION('',(1.,0.,0.));
#693 = ORIENTED_EDGE('',*,*,#694,.F.);
#694 = EDGE_CURVE('',#695,#687,#697,.T.);
#695 = VERTEX_POINT('',#696);
#696 = CARTESIAN_POINT('',(1.,0.6,0.405));
#697 = CIRCLE('',#698,4.5E-02);
#698 = AXIS2_PLACEMENT_3D('',#699,#700,#701);
#699 = CARTESIAN_POINT('',(0.955,0.6,0.405));
#700 = DIRECTION('',(0.,-1.,0.));
#701 = DIRECTION('',(0.,0.,1.));
#702 = ORIENTED_EDGE('',*,*,#703,.F.);
#703 = EDGE_CURVE('',#704,#695,#706,.T.);
#704 = VERTEX_POINT('',#705);
#705 = CARTESIAN_POINT('',(1.,0.6,4.5E-02));
#706 = LINE('',#707,#708);
#707 = CARTESIAN_POINT('',(1.,0.6,0.));
#708 = VECTOR('',#709,1.);
#709 = DIRECTION('',(0.,0.,1.));
#710 = ORIENTED_EDGE('',*,*,#711,.T.);
#711 = EDGE_CURVE('',#704,#660,#712,.T.);
#712 = CIRCLE('',#713,4.5E-02);
#713 = AXIS2_PLACEMENT_3D('',#714,#715,#716);
#714 = CARTESIAN_POINT('',(0.955,0.6,4.5E-02));
#715 = DIRECTION('',(0.,1.,0.));
#716 = DIRECTION('',(0.,-0.,1.));
#717 = PLANE('',#718);
#718 = AXIS2_PLACEMENT_3D('',#719,#720,#721);
#719 = CARTESIAN_POINT('',(0.7,0.6,0.));
#720 = DIRECTION('',(0.,1.,0.));
#721 = DIRECTION('',(0.,-0.,1.));
#722 = ADVANCED_FACE('',(#723),#741,.T.);
#723 = FACE_BOUND('',#724,.T.);
#724 = EDGE_LOOP('',(#725,#726,#727,#735));
#725 = ORIENTED_EDGE('',*,*,#470,.F.);
#726 = ORIENTED_EDGE('',*,*,#635,.T.);
#727 = ORIENTED_EDGE('',*,*,#728,.T.);
#728 = EDGE_CURVE('',#636,#729,#731,.T.);
#729 = VERTEX_POINT('',#730);
#730 = CARTESIAN_POINT('',(0.7,0.6,0.45));
#731 = LINE('',#732,#733);
#732 = CARTESIAN_POINT('',(-0.7,0.6,0.45));
#733 = VECTOR('',#734,1.);
#734 = DIRECTION('',(1.,0.,0.));
#735 = ORIENTED_EDGE('',*,*,#736,.F.);
#736 = EDGE_CURVE('',#471,#729,#737,.T.);
#737 = LINE('',#738,#739);
#738 = CARTESIAN_POINT('',(0.7,0.6,0.405));
#739 = VECTOR('',#740,1.);
#740 = DIRECTION('',(0.,0.,1.));
#741 = PLANE('',#742);
#742 = AXIS2_PLACEMENT_3D('',#743,#744,#745);
#743 = CARTESIAN_POINT('',(-0.7,0.6,0.405));
#744 = DIRECTION('',(0.,1.,0.));
#745 = DIRECTION('',(0.,-0.,1.));
#746 = ADVANCED_FACE('',(#747),#758,.T.);
#747 = FACE_BOUND('',#748,.T.);
#748 = EDGE_LOOP('',(#749,#750,#751,#757));
#749 = ORIENTED_EDGE('',*,*,#518,.T.);
#750 = ORIENTED_EDGE('',*,*,#667,.T.);
#751 = ORIENTED_EDGE('',*,*,#752,.F.);
#752 = EDGE_CURVE('',#534,#658,#753,.T.);
#753 = LINE('',#754,#755);
#754 = CARTESIAN_POINT('',(0.745,-0.6,-2.775557561563E-17));
#755 = VECTOR('',#756,1.);
#756 = DIRECTION('',(0.,1.,0.));
#757 = ORIENTED_EDGE('',*,*,#543,.F.);
#758 = CYLINDRICAL_SURFACE('',#759,4.5E-02);
#759 = AXIS2_PLACEMENT_3D('',#760,#761,#762);
#760 = CARTESIAN_POINT('',(0.745,-0.6,4.5E-02));
#761 = DIRECTION('',(0.,1.,0.));
#762 = DIRECTION('',(-1.,0.,0.));
#763 = ADVANCED_FACE('',(#764),#775,.F.);
#764 = FACE_BOUND('',#765,.F.);
#765 = EDGE_LOOP('',(#766,#767,#768,#769));
#766 = ORIENTED_EDGE('',*,*,#657,.F.);
#767 = ORIENTED_EDGE('',*,*,#752,.F.);
#768 = ORIENTED_EDGE('',*,*,#533,.T.);
#769 = ORIENTED_EDGE('',*,*,#770,.T.);
#770 = EDGE_CURVE('',#536,#660,#771,.T.);
#771 = LINE('',#772,#773);
#772 = CARTESIAN_POINT('',(0.955,-0.6,-2.775557561563E-17));
#773 = VECTOR('',#774,1.);
#774 = DIRECTION('',(0.,1.,0.));
#775 = PLANE('',#776);
#776 = AXIS2_PLACEMENT_3D('',#777,#778,#779);
#777 = CARTESIAN_POINT('',(0.7,-0.6,0.));
#778 = DIRECTION('',(0.,0.,1.));
#779 = DIRECTION('',(1.,0.,-0.));
#780 = ADVANCED_FACE('',(#781),#792,.T.);
#781 = FACE_BOUND('',#782,.T.);
#782 = EDGE_LOOP('',(#783,#784,#785,#786));
#783 = ORIENTED_EDGE('',*,*,#587,.T.);
#784 = ORIENTED_EDGE('',*,*,#770,.T.);
#785 = ORIENTED_EDGE('',*,*,#711,.F.);
#786 = ORIENTED_EDGE('',*,*,#787,.F.);
#787 = EDGE_CURVE('',#580,#704,#788,.T.);
#788 = LINE('',#789,#790);
#789 = CARTESIAN_POINT('',(1.,-0.6,4.5E-02));
#790 = VECTOR('',#791,1.);
#791 = DIRECTION('',(0.,1.,0.));
#792 = CYLINDRICAL_SURFACE('',#793,4.5E-02);
#793 = AXIS2_PLACEMENT_3D('',#794,#795,#796);
#794 = CARTESIAN_POINT('',(0.955,-0.6,4.5E-02));
#795 = DIRECTION('',(0.,1.,0.));
#796 = DIRECTION('',(1.,0.,0.));
#797 = ADVANCED_FACE('',(#798),#809,.T.);
#798 = FACE_BOUND('',#799,.T.);
#799 = EDGE_LOOP('',(#800,#801,#802,#803));
#800 = ORIENTED_EDGE('',*,*,#579,.F.);
#801 = ORIENTED_EDGE('',*,*,#787,.T.);
#802 = ORIENTED_EDGE('',*,*,#703,.T.);
#803 = ORIENTED_EDGE('',*,*,#804,.F.);
#804 = EDGE_CURVE('',#571,#695,#805,.T.);
#805 = LINE('',#806,#807);
#806 = CARTESIAN_POINT('',(1.,-0.6,0.405));
#807 = VECTOR('',#808,1.);
#808 = DIRECTION('',(0.,1.,0.));
#809 = PLANE('',#810);
#810 = AXIS2_PLACEMENT_3D('',#811,#812,#813);
#811 = CARTESIAN_POINT('',(1.,-0.6,0.));
#812 = DIRECTION('',(1.,0.,0.));
#813 = DIRECTION('',(0.,0.,1.));
#814 = ADVANCED_FACE('',(#815),#826,.T.);
#815 = FACE_BOUND('',#816,.T.);
#816 = EDGE_LOOP('',(#817,#818,#819,#825));
#817 = ORIENTED_EDGE('',*,*,#804,.T.);
#818 = ORIENTED_EDGE('',*,*,#694,.T.);
#819 = ORIENTED_EDGE('',*,*,#820,.F.);
#820 = EDGE_CURVE('',#563,#687,#821,.T.);
#821 = LINE('',#822,#823);
#822 = CARTESIAN_POINT('',(0.955,-0.6,0.45));
#823 = VECTOR('',#824,1.);
#824 = DIRECTION('',(0.,1.,0.));
#825 = ORIENTED_EDGE('',*,*,#570,.F.);
#826 = CYLINDRICAL_SURFACE('',#827,4.5E-02);
#827 = AXIS2_PLACEMENT_3D('',#828,#829,#830);
#828 = CARTESIAN_POINT('',(0.955,-0.6,0.405));
#829 = DIRECTION('',(0.,1.,0.));
#830 = DIRECTION('',(1.,0.,0.));
#831 = ADVANCED_FACE('',(#832),#843,.T.);
#832 = FACE_BOUND('',#833,.T.);
#833 = EDGE_LOOP('',(#834,#835,#841,#842));
#834 = ORIENTED_EDGE('',*,*,#686,.F.);
#835 = ORIENTED_EDGE('',*,*,#836,.F.);
#836 = EDGE_CURVE('',#554,#678,#837,.T.);
#837 = LINE('',#838,#839);
#838 = CARTESIAN_POINT('',(0.745,-0.6,0.45));
#839 = VECTOR('',#840,1.);
#840 = DIRECTION('',(0.,1.,0.));
#841 = ORIENTED_EDGE('',*,*,#562,.T.);
#842 = ORIENTED_EDGE('',*,*,#820,.T.);
#843 = PLANE('',#844);
#844 = AXIS2_PLACEMENT_3D('',#845,#846,#847);
#845 = CARTESIAN_POINT('',(0.7,-0.6,0.45));
#846 = DIRECTION('',(0.,0.,1.));
#847 = DIRECTION('',(1.,0.,-0.));
#848 = ADVANCED_FACE('',(#849),#860,.T.);
#849 = FACE_BOUND('',#850,.T.);
#850 = EDGE_LOOP('',(#851,#852,#853,#854));
#851 = ORIENTED_EDGE('',*,*,#553,.T.);
#852 = ORIENTED_EDGE('',*,*,#836,.T.);
#853 = ORIENTED_EDGE('',*,*,#677,.F.);
#854 = ORIENTED_EDGE('',*,*,#855,.F.);
#855 = EDGE_CURVE('',#388,#471,#856,.T.);
#856 = LINE('',#857,#858);
#857 = CARTESIAN_POINT('',(0.7,-0.6,0.405));
#858 = VECTOR('',#859,1.);
#859 = DIRECTION('',(0.,1.,0.));
#860 = CYLINDRICAL_SURFACE('',#861,4.5E-02);
#861 = AXIS2_PLACEMENT_3D('',#862,#863,#864);
#862 = CARTESIAN_POINT('',(0.745,-0.6,0.405));
#863 = DIRECTION('',(0.,1.,0.));
#864 = DIRECTION('',(-1.,0.,0.));
#865 = ADVANCED_FACE('',(#866),#877,.T.);
#866 = FACE_BOUND('',#867,.T.);
#867 = EDGE_LOOP('',(#868,#869,#870,#871));
#868 = ORIENTED_EDGE('',*,*,#619,.F.);
#869 = ORIENTED_EDGE('',*,*,#855,.T.);
#870 = ORIENTED_EDGE('',*,*,#736,.T.);
#871 = ORIENTED_EDGE('',*,*,#872,.F.);
#872 = EDGE_CURVE('',#612,#729,#873,.T.);
#873 = LINE('',#874,#875);
#874 = CARTESIAN_POINT('',(0.7,-0.6,0.45));
#875 = VECTOR('',#876,1.);
#876 = DIRECTION('',(0.,1.,0.));
#877 = PLANE('',#878);
#878 = AXIS2_PLACEMENT_3D('',#879,#880,#881);
#879 = CARTESIAN_POINT('',(0.7,-0.6,0.405));
#880 = DIRECTION('',(1.,0.,0.));
#881 = DIRECTION('',(0.,0.,1.));
#882 = ADVANCED_FACE('',(#883),#889,.T.);
#883 = FACE_BOUND('',#884,.T.);
#884 = EDGE_LOOP('',(#885,#886,#887,#888));
#885 = ORIENTED_EDGE('',*,*,#643,.F.);
#886 = ORIENTED_EDGE('',*,*,#611,.T.);
#887 = ORIENTED_EDGE('',*,*,#872,.T.);
#888 = ORIENTED_EDGE('',*,*,#728,.F.);
#889 = PLANE('',#890);
#890 = AXIS2_PLACEMENT_3D('',#891,#892,#893);
#891 = CARTESIAN_POINT('',(-0.7,-0.6,0.45));
#892 = DIRECTION('',(0.,0.,1.));
#893 = DIRECTION('',(1.,0.,-0.));
#894 = ( GEOMETRIC_REPRESENTATION_CONTEXT(3) 
GLOBAL_UNCERTAINTY_ASSIGNED_CONTEXT((#898)) GLOBAL_UNIT_ASSIGNED_CONTEXT
((#895,#896,#897)) REPRESENTATION_CONTEXT('Context #1',
  '3D Context with UNIT and UNCERTAINTY') );
#895 = ( LENGTH_UNIT() NAMED_UNIT(*) SI_UNIT(.MILLI.,.METRE.) );
#896 = ( NAMED_UNIT(*) PLANE_ANGLE_UNIT() SI_UNIT($,.RADIAN.) );
#897 = ( NAMED_UNIT(*) SI_UNIT($,.STERADIAN.) SOLID_ANGLE_UNIT() );
#898 = UNCERTAINTY_MEASURE_WITH_UNIT(LENGTH_MEASURE(1.E-07),#895,
  'distance_accuracy_value','confusion accuracy');
#899 = CONTEXT_DEPENDENT_SHAPE_REPRESENTATION(#900,#902);
#900 = ( REPRESENTATION_RELATIONSHIP('','',#103,#80) 
REPRESENTATION_RELATIONSHIP_WITH_TRANSFORMATION(#901) 
SHAPE_REPRESENTATION_RELATIONSHIP() );
#901 = ITEM_DEFINED_TRANSFORMATION('','',#11,#81);
#902 = PRODUCT_DEFINITION_SHAPE('Placement','Placement of an item',#903
  );
#903 = NEXT_ASSEMBLY_USAGE_OCCURRENCE('1','=>[0:1:1:3]','',#75,#98,$);
#904 = PRODUCT_RELATED_PRODUCT_CATEGORY('part',$,(#100));
#905 = SHAPE_DEFINITION_REPRESENTATION(#906,#912);
#906 = PRODUCT_DEFINITION_SHAPE('','',#907);
#907 = PRODUCT_DEFINITION('design','',#908,#911);
#908 = PRODUCT_DEFINITION_FORMATION('','',#909);
#909 = PRODUCT('C_0805_2012Metric','C_0805_2012Metric','',(#910));
#910 = PRODUCT_CONTEXT('',#2,'mechanical');
#911 = PRODUCT_DEFINITION_CONTEXT('part definition',#2,'design');
#912 = SHAPE_REPRESENTATION('',(#11,#913),#917);
#913 = AXIS2_PLACEMENT_3D('',#914,#915,#916);
#914 = CARTESIAN_POINT('',(0.,0.,0.));
#915 = DIRECTION('',(0.,0.,1.));
#916 = DIRECTION('',(1.,0.,-0.));
#917 = ( GEOMETRIC_REPRESENTATION_CONTEXT(3) 
GLOBAL_UNCERTAINTY_ASSIGNED_CONTEXT((#921)) GLOBAL_UNIT_ASSIGNED_CONTEXT
((#918,#919,#920)) REPRESENTATION_CONTEXT('Context #1',
  '3D Context with UNIT and UNCERTAINTY') );
#918 = ( LENGTH_UNIT() NAMED_UNIT(*) SI_UNIT(.MILLI.,.METRE.) );
#919 = ( NAMED_UNIT(*) PLANE_ANGLE_UNIT() SI_UNIT($,.RADIAN.) );
#920 = ( NAMED_UNIT(*) SI_UNIT($,.STERADIAN.) SOLID_ANGLE_UNIT() );
#921 = UNCERTAINTY_MEASURE_WITH_UNIT(LENGTH_MEASURE(1.E-07),#918,
  'distance_accuracy_value','confusion accuracy');
#922 = CONTEXT_DEPENDENT_SHAPE_REPRESENTATION(#923,#925);
#923 = ( REPRESENTATION_RELATIONSHIP('','',#912,#10) 
REPRESENTATION_RELATIONSHIP_WITH_TRANSFORMATION(#924) 
SHAPE_REPRESENTATION_RELATIONSHIP() );
#924 = ITEM_DEFINED_TRANSFORMATION('','',#11,#19);
#925 = PRODUCT_DEFINITION_SHAPE('Placement','Placement of an item',#926
  );
#926 = NEXT_ASSEMBLY_USAGE_OCCURRENCE('4','C10','',#5,#907,$);
#927 = PRODUCT_RELATED_PRODUCT_CATEGORY('part',$,(#909));
#928 = SHAPE_DEFINITION_REPRESENTATION(#929,#935);
#929 = PRODUCT_DEFINITION_SHAPE('','',#930);
#930 = PRODUCT_DEFINITION('design','',#931,#934);
#931 = PRODUCT_DEFINITION_FORMATION('','',#932);
#932 = PRODUCT('C_0805_2012Metric','C_0805_2012Metric','',(#933));
#933 = PRODUCT_CONTEXT('',#2,'mechanical');
#934 = PRODUCT_DEFINITION_CONTEXT('part definition',#2,'design');
#935 = ADVANCED_BREP_SHAPE_REPRESENTATION('',(#11,#936),#1790);
#936 = MANIFOLD_SOLID_BREP('',#937);
#937 = CLOSED_SHELL('',(#938,#1014,#1045,#1070,#1095,#1119,#1143,#1168,
    #1193,#1210,#1296,#1328,#1352,#1377,#1401,#1426,#1450,#1475,#1492,
    #1578,#1609,#1634,#1659,#1683,#1707,#1732,#1757,#1774));
#938 = ADVANCED_FACE('',(#939),#1009,.F.);
#939 = FACE_BOUND('',#940,.F.);
#940 = EDGE_LOOP('',(#941,#951,#960,#968,#977,#985,#994,#1002));
#941 = ORIENTED_EDGE('',*,*,#942,.F.);
#942 = EDGE_CURVE('',#943,#945,#947,.T.);
#943 = VERTEX_POINT('',#944);
#944 = CARTESIAN_POINT('',(-1.,-0.625,4.E-02));
#945 = VERTEX_POINT('',#946);
#946 = CARTESIAN_POINT('',(-1.,-0.625,1.21));
#947 = LINE('',#948,#949);
#948 = CARTESIAN_POINT('',(-1.,-0.625,0.));
#949 = VECTOR('',#950,1.);
#950 = DIRECTION('',(0.,0.,1.));
#951 = ORIENTED_EDGE('',*,*,#952,.T.);
#952 = EDGE_CURVE('',#943,#953,#955,.T.);
#953 = VERTEX_POINT('',#954);
#954 = CARTESIAN_POINT('',(-1.,-0.585,0.));
#955 = CIRCLE('',#956,4.E-02);
#956 = AXIS2_PLACEMENT_3D('',#957,#958,#959);
#957 = CARTESIAN_POINT('',(-1.,-0.585,4.E-02));
#958 = DIRECTION('',(1.,0.,-0.));
#959 = DIRECTION('',(0.,0.,1.));
#960 = ORIENTED_EDGE('',*,*,#961,.T.);
#961 = EDGE_CURVE('',#953,#962,#964,.T.);
#962 = VERTEX_POINT('',#963);
#963 = CARTESIAN_POINT('',(-1.,0.585,0.));
#964 = LINE('',#965,#966);
#965 = CARTESIAN_POINT('',(-1.,-0.625,0.));
#966 = VECTOR('',#967,1.);
#967 = DIRECTION('',(0.,1.,0.));
#968 = ORIENTED_EDGE('',*,*,#969,.F.);
#969 = EDGE_CURVE('',#970,#962,#972,.T.);
#970 = VERTEX_POINT('',#971);
#971 = CARTESIAN_POINT('',(-1.,0.625,4.E-02));
#972 = CIRCLE('',#973,4.E-02);
#973 = AXIS2_PLACEMENT_3D('',#974,#975,#976);
#974 = CARTESIAN_POINT('',(-1.,0.585,4.E-02));
#975 = DIRECTION('',(-1.,0.,0.));
#976 = DIRECTION('',(0.,0.,1.));
#977 = ORIENTED_EDGE('',*,*,#978,.T.);
#978 = EDGE_CURVE('',#970,#979,#981,.T.);
#979 = VERTEX_POINT('',#980);
#980 = CARTESIAN_POINT('',(-1.,0.625,1.21));
#981 = LINE('',#982,#983);
#982 = CARTESIAN_POINT('',(-1.,0.625,0.));
#983 = VECTOR('',#984,1.);
#984 = DIRECTION('',(0.,0.,1.));
#985 = ORIENTED_EDGE('',*,*,#986,.T.);
#986 = EDGE_CURVE('',#979,#987,#989,.T.);
#987 = VERTEX_POINT('',#988);
#988 = CARTESIAN_POINT('',(-1.,0.585,1.25));
#989 = CIRCLE('',#990,4.E-02);
#990 = AXIS2_PLACEMENT_3D('',#991,#992,#993);
#991 = CARTESIAN_POINT('',(-1.,0.585,1.21));
#992 = DIRECTION('',(1.,0.,-0.));
#993 = DIRECTION('',(0.,0.,1.));
#994 = ORIENTED_EDGE('',*,*,#995,.F.);
#995 = EDGE_CURVE('',#996,#987,#998,.T.);
#996 = VERTEX_POINT('',#997);
#997 = CARTESIAN_POINT('',(-1.,-0.585,1.25));
#998 = LINE('',#999,#1000);
#999 = CARTESIAN_POINT('',(-1.,-0.625,1.25));
#1000 = VECTOR('',#1001,1.);
#1001 = DIRECTION('',(0.,1.,0.));
#1002 = ORIENTED_EDGE('',*,*,#1003,.F.);
#1003 = EDGE_CURVE('',#945,#996,#1004,.T.);
#1004 = CIRCLE('',#1005,4.E-02);
#1005 = AXIS2_PLACEMENT_3D('',#1006,#1007,#1008);
#1006 = CARTESIAN_POINT('',(-1.,-0.585,1.21));
#1007 = DIRECTION('',(-1.,0.,0.));
#1008 = DIRECTION('',(0.,0.,1.));
#1009 = PLANE('',#1010);
#1010 = AXIS2_PLACEMENT_3D('',#1011,#1012,#1013);
#1011 = CARTESIAN_POINT('',(-1.,-0.625,0.));
#1012 = DIRECTION('',(1.,0.,0.));
#1013 = DIRECTION('',(0.,0.,1.));
#1014 = ADVANCED_FACE('',(#1015),#1040,.F.);
#1015 = FACE_BOUND('',#1016,.F.);
#1016 = EDGE_LOOP('',(#1017,#1027,#1033,#1034));
#1017 = ORIENTED_EDGE('',*,*,#1018,.F.);
#1018 = EDGE_CURVE('',#1019,#1021,#1023,.T.);
#1019 = VERTEX_POINT('',#1020);
#1020 = CARTESIAN_POINT('',(-0.6,-0.625,4.E-02));
#1021 = VERTEX_POINT('',#1022);
#1022 = CARTESIAN_POINT('',(-0.6,-0.625,1.21));
#1023 = LINE('',#1024,#1025);
#1024 = CARTESIAN_POINT('',(-0.6,-0.625,0.));
#1025 = VECTOR('',#1026,1.);
#1026 = DIRECTION('',(0.,0.,1.));
#1027 = ORIENTED_EDGE('',*,*,#1028,.F.);
#1028 = EDGE_CURVE('',#943,#1019,#1029,.T.);
#1029 = LINE('',#1030,#1031);
#1030 = CARTESIAN_POINT('',(-1.,-0.625,4.E-02));
#1031 = VECTOR('',#1032,1.);
#1032 = DIRECTION('',(1.,0.,0.));
#1033 = ORIENTED_EDGE('',*,*,#942,.T.);
#1034 = ORIENTED_EDGE('',*,*,#1035,.T.);
#1035 = EDGE_CURVE('',#945,#1021,#1036,.T.);
#1036 = LINE('',#1037,#1038);
#1037 = CARTESIAN_POINT('',(-1.,-0.625,1.21));
#1038 = VECTOR('',#1039,1.);
#1039 = DIRECTION('',(1.,0.,0.));
#1040 = PLANE('',#1041);
#1041 = AXIS2_PLACEMENT_3D('',#1042,#1043,#1044);
#1042 = CARTESIAN_POINT('',(-1.,-0.625,0.));
#1043 = DIRECTION('',(0.,1.,0.));
#1044 = DIRECTION('',(0.,-0.,1.));
#1045 = ADVANCED_FACE('',(#1046),#1065,.T.);
#1046 = FACE_BOUND('',#1047,.T.);
#1047 = EDGE_LOOP('',(#1048,#1049,#1057,#1064));
#1048 = ORIENTED_EDGE('',*,*,#952,.T.);
#1049 = ORIENTED_EDGE('',*,*,#1050,.T.);
#1050 = EDGE_CURVE('',#953,#1051,#1053,.T.);
#1051 = VERTEX_POINT('',#1052);
#1052 = CARTESIAN_POINT('',(-0.6,-0.585,0.));
#1053 = LINE('',#1054,#1055);
#1054 = CARTESIAN_POINT('',(-1.,-0.585,0.));
#1055 = VECTOR('',#1056,1.);
#1056 = DIRECTION('',(1.,0.,0.));
#1057 = ORIENTED_EDGE('',*,*,#1058,.F.);
#1058 = EDGE_CURVE('',#1019,#1051,#1059,.T.);
#1059 = CIRCLE('',#1060,4.E-02);
#1060 = AXIS2_PLACEMENT_3D('',#1061,#1062,#1063);
#1061 = CARTESIAN_POINT('',(-0.6,-0.585,4.E-02));
#1062 = DIRECTION('',(1.,0.,-0.));
#1063 = DIRECTION('',(0.,0.,1.));
#1064 = ORIENTED_EDGE('',*,*,#1028,.F.);
#1065 = CYLINDRICAL_SURFACE('',#1066,4.E-02);
#1066 = AXIS2_PLACEMENT_3D('',#1067,#1068,#1069);
#1067 = CARTESIAN_POINT('',(-1.,-0.585,4.E-02));
#1068 = DIRECTION('',(1.,0.,0.));
#1069 = DIRECTION('',(0.,-1.,0.));
#1070 = ADVANCED_FACE('',(#1071),#1090,.T.);
#1071 = FACE_BOUND('',#1072,.T.);
#1072 = EDGE_LOOP('',(#1073,#1074,#1083,#1089));
#1073 = ORIENTED_EDGE('',*,*,#1035,.T.);
#1074 = ORIENTED_EDGE('',*,*,#1075,.T.);
#1075 = EDGE_CURVE('',#1021,#1076,#1078,.T.);
#1076 = VERTEX_POINT('',#1077);
#1077 = CARTESIAN_POINT('',(-0.6,-0.585,1.25));
#1078 = CIRCLE('',#1079,4.E-02);
#1079 = AXIS2_PLACEMENT_3D('',#1080,#1081,#1082);
#1080 = CARTESIAN_POINT('',(-0.6,-0.585,1.21));
#1081 = DIRECTION('',(-1.,0.,0.));
#1082 = DIRECTION('',(0.,0.,1.));
#1083 = ORIENTED_EDGE('',*,*,#1084,.F.);
#1084 = EDGE_CURVE('',#996,#1076,#1085,.T.);
#1085 = LINE('',#1086,#1087);
#1086 = CARTESIAN_POINT('',(-1.,-0.585,1.25));
#1087 = VECTOR('',#1088,1.);
#1088 = DIRECTION('',(1.,0.,0.));
#1089 = ORIENTED_EDGE('',*,*,#1003,.F.);
#1090 = CYLINDRICAL_SURFACE('',#1091,4.E-02);
#1091 = AXIS2_PLACEMENT_3D('',#1092,#1093,#1094);
#1092 = CARTESIAN_POINT('',(-1.,-0.585,1.21));
#1093 = DIRECTION('',(1.,0.,0.));
#1094 = DIRECTION('',(0.,-1.,0.));
#1095 = ADVANCED_FACE('',(#1096),#1114,.F.);
#1096 = FACE_BOUND('',#1097,.F.);
#1097 = EDGE_LOOP('',(#1098,#1099,#1100,#1108));
#1098 = ORIENTED_EDGE('',*,*,#961,.F.);
#1099 = ORIENTED_EDGE('',*,*,#1050,.T.);
#1100 = ORIENTED_EDGE('',*,*,#1101,.T.);
#1101 = EDGE_CURVE('',#1051,#1102,#1104,.T.);
#1102 = VERTEX_POINT('',#1103);
#1103 = CARTESIAN_POINT('',(-0.6,0.585,0.));
#1104 = LINE('',#1105,#1106);
#1105 = CARTESIAN_POINT('',(-0.6,-0.625,0.));
#1106 = VECTOR('',#1107,1.);
#1107 = DIRECTION('',(0.,1.,0.));
#1108 = ORIENTED_EDGE('',*,*,#1109,.F.);
#1109 = EDGE_CURVE('',#962,#1102,#1110,.T.);
#1110 = LINE('',#1111,#1112);
#1111 = CARTESIAN_POINT('',(-1.,0.585,0.));
#1112 = VECTOR('',#1113,1.);
#1113 = DIRECTION('',(1.,0.,0.));
#1114 = PLANE('',#1115);
#1115 = AXIS2_PLACEMENT_3D('',#1116,#1117,#1118);
#1116 = CARTESIAN_POINT('',(-1.,-0.625,0.));
#1117 = DIRECTION('',(0.,0.,1.));
#1118 = DIRECTION('',(1.,0.,-0.));
#1119 = ADVANCED_FACE('',(#1120),#1138,.T.);
#1120 = FACE_BOUND('',#1121,.T.);
#1121 = EDGE_LOOP('',(#1122,#1123,#1124,#1132));
#1122 = ORIENTED_EDGE('',*,*,#995,.F.);
#1123 = ORIENTED_EDGE('',*,*,#1084,.T.);
#1124 = ORIENTED_EDGE('',*,*,#1125,.T.);
#1125 = EDGE_CURVE('',#1076,#1126,#1128,.T.);
#1126 = VERTEX_POINT('',#1127);
#1127 = CARTESIAN_POINT('',(-0.6,0.585,1.25));
#1128 = LINE('',#1129,#1130);
#1129 = CARTESIAN_POINT('',(-0.6,-0.625,1.25));
#1130 = VECTOR('',#1131,1.);
#1131 = DIRECTION('',(0.,1.,0.));
#1132 = ORIENTED_EDGE('',*,*,#1133,.F.);
#1133 = EDGE_CURVE('',#987,#1126,#1134,.T.);
#1134 = LINE('',#1135,#1136);
#1135 = CARTESIAN_POINT('',(-1.,0.585,1.25));
#1136 = VECTOR('',#1137,1.);
#1137 = DIRECTION('',(1.,0.,0.));
#1138 = PLANE('',#1139);
#1139 = AXIS2_PLACEMENT_3D('',#1140,#1141,#1142);
#1140 = CARTESIAN_POINT('',(-1.,-0.625,1.25));
#1141 = DIRECTION('',(0.,0.,1.));
#1142 = DIRECTION('',(1.,0.,-0.));
#1143 = ADVANCED_FACE('',(#1144),#1163,.T.);
#1144 = FACE_BOUND('',#1145,.T.);
#1145 = EDGE_LOOP('',(#1146,#1154,#1161,#1162));
#1146 = ORIENTED_EDGE('',*,*,#1147,.T.);
#1147 = EDGE_CURVE('',#970,#1148,#1150,.T.);
#1148 = VERTEX_POINT('',#1149);
#1149 = CARTESIAN_POINT('',(-0.6,0.625,4.E-02));
#1150 = LINE('',#1151,#1152);
#1151 = CARTESIAN_POINT('',(-1.,0.625,4.E-02));
#1152 = VECTOR('',#1153,1.);
#1153 = DIRECTION('',(1.,0.,0.));
#1154 = ORIENTED_EDGE('',*,*,#1155,.T.);
#1155 = EDGE_CURVE('',#1148,#1102,#1156,.T.);
#1156 = CIRCLE('',#1157,4.E-02);
#1157 = AXIS2_PLACEMENT_3D('',#1158,#1159,#1160);
#1158 = CARTESIAN_POINT('',(-0.6,0.585,4.E-02));
#1159 = DIRECTION('',(-1.,0.,0.));
#1160 = DIRECTION('',(0.,0.,1.));
#1161 = ORIENTED_EDGE('',*,*,#1109,.F.);
#1162 = ORIENTED_EDGE('',*,*,#969,.F.);
#1163 = CYLINDRICAL_SURFACE('',#1164,4.E-02);
#1164 = AXIS2_PLACEMENT_3D('',#1165,#1166,#1167);
#1165 = CARTESIAN_POINT('',(-1.,0.585,4.E-02));
#1166 = DIRECTION('',(1.,0.,0.));
#1167 = DIRECTION('',(-0.,1.,0.));
#1168 = ADVANCED_FACE('',(#1169),#1188,.T.);
#1169 = FACE_BOUND('',#1170,.T.);
#1170 = EDGE_LOOP('',(#1171,#1172,#1173,#1182));
#1171 = ORIENTED_EDGE('',*,*,#986,.T.);
#1172 = ORIENTED_EDGE('',*,*,#1133,.T.);
#1173 = ORIENTED_EDGE('',*,*,#1174,.F.);
#1174 = EDGE_CURVE('',#1175,#1126,#1177,.T.);
#1175 = VERTEX_POINT('',#1176);
#1176 = CARTESIAN_POINT('',(-0.6,0.625,1.21));
#1177 = CIRCLE('',#1178,4.E-02);
#1178 = AXIS2_PLACEMENT_3D('',#1179,#1180,#1181);
#1179 = CARTESIAN_POINT('',(-0.6,0.585,1.21));
#1180 = DIRECTION('',(1.,0.,-0.));
#1181 = DIRECTION('',(0.,0.,1.));
#1182 = ORIENTED_EDGE('',*,*,#1183,.F.);
#1183 = EDGE_CURVE('',#979,#1175,#1184,.T.);
#1184 = LINE('',#1185,#1186);
#1185 = CARTESIAN_POINT('',(-1.,0.625,1.21));
#1186 = VECTOR('',#1187,1.);
#1187 = DIRECTION('',(1.,0.,0.));
#1188 = CYLINDRICAL_SURFACE('',#1189,4.E-02);
#1189 = AXIS2_PLACEMENT_3D('',#1190,#1191,#1192);
#1190 = CARTESIAN_POINT('',(-1.,0.585,1.21));
#1191 = DIRECTION('',(1.,0.,0.));
#1192 = DIRECTION('',(-0.,1.,0.));
#1193 = ADVANCED_FACE('',(#1194),#1205,.T.);
#1194 = FACE_BOUND('',#1195,.T.);
#1195 = EDGE_LOOP('',(#1196,#1202,#1203,#1204));
#1196 = ORIENTED_EDGE('',*,*,#1197,.F.);
#1197 = EDGE_CURVE('',#1148,#1175,#1198,.T.);
#1198 = LINE('',#1199,#1200);
#1199 = CARTESIAN_POINT('',(-0.6,0.625,0.));
#1200 = VECTOR('',#1201,1.);
#1201 = DIRECTION('',(0.,0.,1.));
#1202 = ORIENTED_EDGE('',*,*,#1147,.F.);
#1203 = ORIENTED_EDGE('',*,*,#978,.T.);
#1204 = ORIENTED_EDGE('',*,*,#1183,.T.);
#1205 = PLANE('',#1206);
#1206 = AXIS2_PLACEMENT_3D('',#1207,#1208,#1209);
#1207 = CARTESIAN_POINT('',(-1.,0.625,0.));
#1208 = DIRECTION('',(0.,1.,0.));
#1209 = DIRECTION('',(0.,-0.,1.));
#1210 = ADVANCED_FACE('',(#1211,#1221),#1291,.T.);
#1211 = FACE_BOUND('',#1212,.T.);
#1212 = EDGE_LOOP('',(#1213,#1214,#1215,#1216,#1217,#1218,#1219,#1220));
#1213 = ORIENTED_EDGE('',*,*,#1018,.F.);
#1214 = ORIENTED_EDGE('',*,*,#1058,.T.);
#1215 = ORIENTED_EDGE('',*,*,#1101,.T.);
#1216 = ORIENTED_EDGE('',*,*,#1155,.F.);
#1217 = ORIENTED_EDGE('',*,*,#1197,.T.);
#1218 = ORIENTED_EDGE('',*,*,#1174,.T.);
#1219 = ORIENTED_EDGE('',*,*,#1125,.F.);
#1220 = ORIENTED_EDGE('',*,*,#1075,.F.);
#1221 = FACE_BOUND('',#1222,.T.);
#1222 = EDGE_LOOP('',(#1223,#1234,#1242,#1251,#1259,#1268,#1276,#1285));
#1223 = ORIENTED_EDGE('',*,*,#1224,.F.);
#1224 = EDGE_CURVE('',#1225,#1227,#1229,.T.);
#1225 = VERTEX_POINT('',#1226);
#1226 = CARTESIAN_POINT('',(-0.6,-0.585,8.E-02));
#1227 = VERTEX_POINT('',#1228);
#1228 = CARTESIAN_POINT('',(-0.6,-0.545,4.E-02));
#1229 = CIRCLE('',#1230,4.E-02);
#1230 = AXIS2_PLACEMENT_3D('',#1231,#1232,#1233);
#1231 = CARTESIAN_POINT('',(-0.6,-0.545,8.E-02));
#1232 = DIRECTION('',(1.,0.,-0.));
#1233 = DIRECTION('',(0.,0.,1.));
#1234 = ORIENTED_EDGE('',*,*,#1235,.T.);
#1235 = EDGE_CURVE('',#1225,#1236,#1238,.T.);
#1236 = VERTEX_POINT('',#1237);
#1237 = CARTESIAN_POINT('',(-0.6,-0.585,1.17));
#1238 = LINE('',#1239,#1240);
#1239 = CARTESIAN_POINT('',(-0.6,-0.585,4.E-02));
#1240 = VECTOR('',#1241,1.);
#1241 = DIRECTION('',(0.,0.,1.));
#1242 = ORIENTED_EDGE('',*,*,#1243,.T.);
#1243 = EDGE_CURVE('',#1236,#1244,#1246,.T.);
#1244 = VERTEX_POINT('',#1245);
#1245 = CARTESIAN_POINT('',(-0.6,-0.545,1.21));
#1246 = CIRCLE('',#1247,4.E-02);
#1247 = AXIS2_PLACEMENT_3D('',#1248,#1249,#1250);
#1248 = CARTESIAN_POINT('',(-0.6,-0.545,1.17));
#1249 = DIRECTION('',(-1.,0.,0.));
#1250 = DIRECTION('',(0.,0.,1.));
#1251 = ORIENTED_EDGE('',*,*,#1252,.T.);
#1252 = EDGE_CURVE('',#1244,#1253,#1255,.T.);
#1253 = VERTEX_POINT('',#1254);
#1254 = CARTESIAN_POINT('',(-0.6,0.545,1.21));
#1255 = LINE('',#1256,#1257);
#1256 = CARTESIAN_POINT('',(-0.6,-0.585,1.21));
#1257 = VECTOR('',#1258,1.);
#1258 = DIRECTION('',(0.,1.,0.));
#1259 = ORIENTED_EDGE('',*,*,#1260,.F.);
#1260 = EDGE_CURVE('',#1261,#1253,#1263,.T.);
#1261 = VERTEX_POINT('',#1262);
#1262 = CARTESIAN_POINT('',(-0.6,0.585,1.17));
#1263 = CIRCLE('',#1264,4.E-02);
#1264 = AXIS2_PLACEMENT_3D('',#1265,#1266,#1267);
#1265 = CARTESIAN_POINT('',(-0.6,0.545,1.17));
#1266 = DIRECTION('',(1.,0.,-0.));
#1267 = DIRECTION('',(0.,0.,1.));
#1268 = ORIENTED_EDGE('',*,*,#1269,.F.);
#1269 = EDGE_CURVE('',#1270,#1261,#1272,.T.);
#1270 = VERTEX_POINT('',#1271);
#1271 = CARTESIAN_POINT('',(-0.6,0.585,8.E-02));
#1272 = LINE('',#1273,#1274);
#1273 = CARTESIAN_POINT('',(-0.6,0.585,4.E-02));
#1274 = VECTOR('',#1275,1.);
#1275 = DIRECTION('',(0.,0.,1.));
#1276 = ORIENTED_EDGE('',*,*,#1277,.T.);
#1277 = EDGE_CURVE('',#1270,#1278,#1280,.T.);
#1278 = VERTEX_POINT('',#1279);
#1279 = CARTESIAN_POINT('',(-0.6,0.545,4.E-02));
#1280 = CIRCLE('',#1281,4.E-02);
#1281 = AXIS2_PLACEMENT_3D('',#1282,#1283,#1284);
#1282 = CARTESIAN_POINT('',(-0.6,0.545,8.E-02));
#1283 = DIRECTION('',(-1.,0.,0.));
#1284 = DIRECTION('',(0.,0.,1.));
#1285 = ORIENTED_EDGE('',*,*,#1286,.F.);
#1286 = EDGE_CURVE('',#1227,#1278,#1287,.T.);
#1287 = LINE('',#1288,#1289);
#1288 = CARTESIAN_POINT('',(-0.6,-0.585,4.E-02));
#1289 = VECTOR('',#1290,1.);
#1290 = DIRECTION('',(0.,1.,0.));
#1291 = PLANE('',#1292);
#1292 = AXIS2_PLACEMENT_3D('',#1293,#1294,#1295);
#1293 = CARTESIAN_POINT('',(-0.6,-0.625,0.));
#1294 = DIRECTION('',(1.,0.,0.));
#1295 = DIRECTION('',(0.,0.,1.));
#1296 = ADVANCED_FACE('',(#1297),#1323,.T.);
#1297 = FACE_BOUND('',#1298,.T.);
#1298 = EDGE_LOOP('',(#1299,#1300,#1308,#1317));
#1299 = ORIENTED_EDGE('',*,*,#1224,.T.);
#1300 = ORIENTED_EDGE('',*,*,#1301,.T.);
#1301 = EDGE_CURVE('',#1227,#1302,#1304,.T.);
#1302 = VERTEX_POINT('',#1303);
#1303 = CARTESIAN_POINT('',(0.6,-0.545,4.E-02));
#1304 = LINE('',#1305,#1306);
#1305 = CARTESIAN_POINT('',(-0.6,-0.545,4.E-02));
#1306 = VECTOR('',#1307,1.);
#1307 = DIRECTION('',(1.,0.,0.));
#1308 = ORIENTED_EDGE('',*,*,#1309,.F.);
#1309 = EDGE_CURVE('',#1310,#1302,#1312,.T.);
#1310 = VERTEX_POINT('',#1311);
#1311 = CARTESIAN_POINT('',(0.6,-0.585,8.E-02));
#1312 = CIRCLE('',#1313,4.E-02);
#1313 = AXIS2_PLACEMENT_3D('',#1314,#1315,#1316);
#1314 = CARTESIAN_POINT('',(0.6,-0.545,8.E-02));
#1315 = DIRECTION('',(1.,0.,-0.));
#1316 = DIRECTION('',(0.,0.,1.));
#1317 = ORIENTED_EDGE('',*,*,#1318,.F.);
#1318 = EDGE_CURVE('',#1225,#1310,#1319,.T.);
#1319 = LINE('',#1320,#1321);
#1320 = CARTESIAN_POINT('',(-0.6,-0.585,8.E-02));
#1321 = VECTOR('',#1322,1.);
#1322 = DIRECTION('',(1.,0.,0.));
#1323 = CYLINDRICAL_SURFACE('',#1324,4.E-02);
#1324 = AXIS2_PLACEMENT_3D('',#1325,#1326,#1327);
#1325 = CARTESIAN_POINT('',(-0.6,-0.545,8.E-02));
#1326 = DIRECTION('',(1.,0.,0.));
#1327 = DIRECTION('',(0.,-1.,0.));
#1328 = ADVANCED_FACE('',(#1329),#1347,.F.);
#1329 = FACE_BOUND('',#1330,.F.);
#1330 = EDGE_LOOP('',(#1331,#1332,#1333,#1341));
#1331 = ORIENTED_EDGE('',*,*,#1286,.F.);
#1332 = ORIENTED_EDGE('',*,*,#1301,.T.);
#1333 = ORIENTED_EDGE('',*,*,#1334,.T.);
#1334 = EDGE_CURVE('',#1302,#1335,#1337,.T.);
#1335 = VERTEX_POINT('',#1336);
#1336 = CARTESIAN_POINT('',(0.6,0.545,4.E-02));
#1337 = LINE('',#1338,#1339);
#1338 = CARTESIAN_POINT('',(0.6,-0.585,4.E-02));
#1339 = VECTOR('',#1340,1.);
#1340 = DIRECTION('',(0.,1.,0.));
#1341 = ORIENTED_EDGE('',*,*,#1342,.F.);
#1342 = EDGE_CURVE('',#1278,#1335,#1343,.T.);
#1343 = LINE('',#1344,#1345);
#1344 = CARTESIAN_POINT('',(-0.6,0.545,4.E-02));
#1345 = VECTOR('',#1346,1.);
#1346 = DIRECTION('',(1.,0.,0.));
#1347 = PLANE('',#1348);
#1348 = AXIS2_PLACEMENT_3D('',#1349,#1350,#1351);
#1349 = CARTESIAN_POINT('',(-0.6,-0.585,4.E-02));
#1350 = DIRECTION('',(0.,0.,1.));
#1351 = DIRECTION('',(1.,0.,-0.));
#1352 = ADVANCED_FACE('',(#1353),#1372,.T.);
#1353 = FACE_BOUND('',#1354,.T.);
#1354 = EDGE_LOOP('',(#1355,#1363,#1370,#1371));
#1355 = ORIENTED_EDGE('',*,*,#1356,.T.);
#1356 = EDGE_CURVE('',#1270,#1357,#1359,.T.);
#1357 = VERTEX_POINT('',#1358);
#1358 = CARTESIAN_POINT('',(0.6,0.585,8.E-02));
#1359 = LINE('',#1360,#1361);
#1360 = CARTESIAN_POINT('',(-0.6,0.585,8.E-02));
#1361 = VECTOR('',#1362,1.);
#1362 = DIRECTION('',(1.,0.,0.));
#1363 = ORIENTED_EDGE('',*,*,#1364,.T.);
#1364 = EDGE_CURVE('',#1357,#1335,#1365,.T.);
#1365 = CIRCLE('',#1366,4.E-02);
#1366 = AXIS2_PLACEMENT_3D('',#1367,#1368,#1369);
#1367 = CARTESIAN_POINT('',(0.6,0.545,8.E-02));
#1368 = DIRECTION('',(-1.,0.,0.));
#1369 = DIRECTION('',(0.,0.,1.));
#1370 = ORIENTED_EDGE('',*,*,#1342,.F.);
#1371 = ORIENTED_EDGE('',*,*,#1277,.F.);
#1372 = CYLINDRICAL_SURFACE('',#1373,4.E-02);
#1373 = AXIS2_PLACEMENT_3D('',#1374,#1375,#1376);
#1374 = CARTESIAN_POINT('',(-0.6,0.545,8.E-02));
#1375 = DIRECTION('',(1.,0.,0.));
#1376 = DIRECTION('',(-0.,1.,0.));
#1377 = ADVANCED_FACE('',(#1378),#1396,.T.);
#1378 = FACE_BOUND('',#1379,.T.);
#1379 = EDGE_LOOP('',(#1380,#1388,#1389,#1390));
#1380 = ORIENTED_EDGE('',*,*,#1381,.F.);
#1381 = EDGE_CURVE('',#1357,#1382,#1384,.T.);
#1382 = VERTEX_POINT('',#1383);
#1383 = CARTESIAN_POINT('',(0.6,0.585,1.17));
#1384 = LINE('',#1385,#1386);
#1385 = CARTESIAN_POINT('',(0.6,0.585,4.E-02));
#1386 = VECTOR('',#1387,1.);
#1387 = DIRECTION('',(0.,0.,1.));
#1388 = ORIENTED_EDGE('',*,*,#1356,.F.);
#1389 = ORIENTED_EDGE('',*,*,#1269,.T.);
#1390 = ORIENTED_EDGE('',*,*,#1391,.T.);
#1391 = EDGE_CURVE('',#1261,#1382,#1392,.T.);
#1392 = LINE('',#1393,#1394);
#1393 = CARTESIAN_POINT('',(-0.6,0.585,1.17));
#1394 = VECTOR('',#1395,1.);
#1395 = DIRECTION('',(1.,0.,0.));
#1396 = PLANE('',#1397);
#1397 = AXIS2_PLACEMENT_3D('',#1398,#1399,#1400);
#1398 = CARTESIAN_POINT('',(-0.6,0.585,4.E-02));
#1399 = DIRECTION('',(0.,1.,0.));
#1400 = DIRECTION('',(0.,-0.,1.));
#1401 = ADVANCED_FACE('',(#1402),#1421,.T.);
#1402 = FACE_BOUND('',#1403,.T.);
#1403 = EDGE_LOOP('',(#1404,#1405,#1413,#1420));
#1404 = ORIENTED_EDGE('',*,*,#1260,.T.);
#1405 = ORIENTED_EDGE('',*,*,#1406,.T.);
#1406 = EDGE_CURVE('',#1253,#1407,#1409,.T.);
#1407 = VERTEX_POINT('',#1408);
#1408 = CARTESIAN_POINT('',(0.6,0.545,1.21));
#1409 = LINE('',#1410,#1411);
#1410 = CARTESIAN_POINT('',(-0.6,0.545,1.21));
#1411 = VECTOR('',#1412,1.);
#1412 = DIRECTION('',(1.,0.,0.));
#1413 = ORIENTED_EDGE('',*,*,#1414,.F.);
#1414 = EDGE_CURVE('',#1382,#1407,#1415,.T.);
#1415 = CIRCLE('',#1416,4.E-02);
#1416 = AXIS2_PLACEMENT_3D('',#1417,#1418,#1419);
#1417 = CARTESIAN_POINT('',(0.6,0.545,1.17));
#1418 = DIRECTION('',(1.,0.,-0.));
#1419 = DIRECTION('',(0.,0.,1.));
#1420 = ORIENTED_EDGE('',*,*,#1391,.F.);
#1421 = CYLINDRICAL_SURFACE('',#1422,4.E-02);
#1422 = AXIS2_PLACEMENT_3D('',#1423,#1424,#1425);
#1423 = CARTESIAN_POINT('',(-0.6,0.545,1.17));
#1424 = DIRECTION('',(1.,0.,0.));
#1425 = DIRECTION('',(-0.,1.,0.));
#1426 = ADVANCED_FACE('',(#1427),#1445,.T.);
#1427 = FACE_BOUND('',#1428,.T.);
#1428 = EDGE_LOOP('',(#1429,#1430,#1438,#1444));
#1429 = ORIENTED_EDGE('',*,*,#1252,.F.);
#1430 = ORIENTED_EDGE('',*,*,#1431,.T.);
#1431 = EDGE_CURVE('',#1244,#1432,#1434,.T.);
#1432 = VERTEX_POINT('',#1433);
#1433 = CARTESIAN_POINT('',(0.6,-0.545,1.21));
#1434 = LINE('',#1435,#1436);
#1435 = CARTESIAN_POINT('',(-0.6,-0.545,1.21));
#1436 = VECTOR('',#1437,1.);
#1437 = DIRECTION('',(1.,0.,0.));
#1438 = ORIENTED_EDGE('',*,*,#1439,.T.);
#1439 = EDGE_CURVE('',#1432,#1407,#1440,.T.);
#1440 = LINE('',#1441,#1442);
#1441 = CARTESIAN_POINT('',(0.6,-0.585,1.21));
#1442 = VECTOR('',#1443,1.);
#1443 = DIRECTION('',(0.,1.,0.));
#1444 = ORIENTED_EDGE('',*,*,#1406,.F.);
#1445 = PLANE('',#1446);
#1446 = AXIS2_PLACEMENT_3D('',#1447,#1448,#1449);
#1447 = CARTESIAN_POINT('',(-0.6,-0.585,1.21));
#1448 = DIRECTION('',(0.,0.,1.));
#1449 = DIRECTION('',(1.,0.,-0.));
#1450 = ADVANCED_FACE('',(#1451),#1470,.T.);
#1451 = FACE_BOUND('',#1452,.T.);
#1452 = EDGE_LOOP('',(#1453,#1461,#1468,#1469));
#1453 = ORIENTED_EDGE('',*,*,#1454,.T.);
#1454 = EDGE_CURVE('',#1236,#1455,#1457,.T.);
#1455 = VERTEX_POINT('',#1456);
#1456 = CARTESIAN_POINT('',(0.6,-0.585,1.17));
#1457 = LINE('',#1458,#1459);
#1458 = CARTESIAN_POINT('',(-0.6,-0.585,1.17));
#1459 = VECTOR('',#1460,1.);
#1460 = DIRECTION('',(1.,0.,0.));
#1461 = ORIENTED_EDGE('',*,*,#1462,.T.);
#1462 = EDGE_CURVE('',#1455,#1432,#1463,.T.);
#1463 = CIRCLE('',#1464,4.E-02);
#1464 = AXIS2_PLACEMENT_3D('',#1465,#1466,#1467);
#1465 = CARTESIAN_POINT('',(0.6,-0.545,1.17));
#1466 = DIRECTION('',(-1.,0.,0.));
#1467 = DIRECTION('',(0.,0.,1.));
#1468 = ORIENTED_EDGE('',*,*,#1431,.F.);
#1469 = ORIENTED_EDGE('',*,*,#1243,.F.);
#1470 = CYLINDRICAL_SURFACE('',#1471,4.E-02);
#1471 = AXIS2_PLACEMENT_3D('',#1472,#1473,#1474);
#1472 = CARTESIAN_POINT('',(-0.6,-0.545,1.17));
#1473 = DIRECTION('',(1.,0.,0.));
#1474 = DIRECTION('',(0.,-1.,0.));
#1475 = ADVANCED_FACE('',(#1476),#1487,.F.);
#1476 = FACE_BOUND('',#1477,.F.);
#1477 = EDGE_LOOP('',(#1478,#1484,#1485,#1486));
#1478 = ORIENTED_EDGE('',*,*,#1479,.F.);
#1479 = EDGE_CURVE('',#1310,#1455,#1480,.T.);
#1480 = LINE('',#1481,#1482);
#1481 = CARTESIAN_POINT('',(0.6,-0.585,4.E-02));
#1482 = VECTOR('',#1483,1.);
#1483 = DIRECTION('',(0.,0.,1.));
#1484 = ORIENTED_EDGE('',*,*,#1318,.F.);
#1485 = ORIENTED_EDGE('',*,*,#1235,.T.);
#1486 = ORIENTED_EDGE('',*,*,#1454,.T.);
#1487 = PLANE('',#1488);
#1488 = AXIS2_PLACEMENT_3D('',#1489,#1490,#1491);
#1489 = CARTESIAN_POINT('',(-0.6,-0.585,4.E-02));
#1490 = DIRECTION('',(0.,1.,0.));
#1491 = DIRECTION('',(0.,-0.,1.));
#1492 = ADVANCED_FACE('',(#1493,#1563),#1573,.F.);
#1493 = FACE_BOUND('',#1494,.F.);
#1494 = EDGE_LOOP('',(#1495,#1505,#1514,#1522,#1531,#1539,#1548,#1556));
#1495 = ORIENTED_EDGE('',*,*,#1496,.F.);
#1496 = EDGE_CURVE('',#1497,#1499,#1501,.T.);
#1497 = VERTEX_POINT('',#1498);
#1498 = CARTESIAN_POINT('',(0.6,-0.625,4.E-02));
#1499 = VERTEX_POINT('',#1500);
#1500 = CARTESIAN_POINT('',(0.6,-0.625,1.21));
#1501 = LINE('',#1502,#1503);
#1502 = CARTESIAN_POINT('',(0.6,-0.625,0.));
#1503 = VECTOR('',#1504,1.);
#1504 = DIRECTION('',(0.,0.,1.));
#1505 = ORIENTED_EDGE('',*,*,#1506,.T.);
#1506 = EDGE_CURVE('',#1497,#1507,#1509,.T.);
#1507 = VERTEX_POINT('',#1508);
#1508 = CARTESIAN_POINT('',(0.6,-0.585,0.));
#1509 = CIRCLE('',#1510,4.E-02);
#1510 = AXIS2_PLACEMENT_3D('',#1511,#1512,#1513);
#1511 = CARTESIAN_POINT('',(0.6,-0.585,4.E-02));
#1512 = DIRECTION('',(1.,0.,-0.));
#1513 = DIRECTION('',(0.,0.,1.));
#1514 = ORIENTED_EDGE('',*,*,#1515,.T.);
#1515 = EDGE_CURVE('',#1507,#1516,#1518,.T.);
#1516 = VERTEX_POINT('',#1517);
#1517 = CARTESIAN_POINT('',(0.6,0.585,0.));
#1518 = LINE('',#1519,#1520);
#1519 = CARTESIAN_POINT('',(0.6,-0.625,0.));
#1520 = VECTOR('',#1521,1.);
#1521 = DIRECTION('',(0.,1.,0.));
#1522 = ORIENTED_EDGE('',*,*,#1523,.F.);
#1523 = EDGE_CURVE('',#1524,#1516,#1526,.T.);
#1524 = VERTEX_POINT('',#1525);
#1525 = CARTESIAN_POINT('',(0.6,0.625,4.E-02));
#1526 = CIRCLE('',#1527,4.E-02);
#1527 = AXIS2_PLACEMENT_3D('',#1528,#1529,#1530);
#1528 = CARTESIAN_POINT('',(0.6,0.585,4.E-02));
#1529 = DIRECTION('',(-1.,0.,0.));
#1530 = DIRECTION('',(0.,0.,1.));
#1531 = ORIENTED_EDGE('',*,*,#1532,.T.);
#1532 = EDGE_CURVE('',#1524,#1533,#1535,.T.);
#1533 = VERTEX_POINT('',#1534);
#1534 = CARTESIAN_POINT('',(0.6,0.625,1.21));
#1535 = LINE('',#1536,#1537);
#1536 = CARTESIAN_POINT('',(0.6,0.625,0.));
#1537 = VECTOR('',#1538,1.);
#1538 = DIRECTION('',(0.,0.,1.));
#1539 = ORIENTED_EDGE('',*,*,#1540,.T.);
#1540 = EDGE_CURVE('',#1533,#1541,#1543,.T.);
#1541 = VERTEX_POINT('',#1542);
#1542 = CARTESIAN_POINT('',(0.6,0.585,1.25));
#1543 = CIRCLE('',#1544,4.E-02);
#1544 = AXIS2_PLACEMENT_3D('',#1545,#1546,#1547);
#1545 = CARTESIAN_POINT('',(0.6,0.585,1.21));
#1546 = DIRECTION('',(1.,0.,-0.));
#1547 = DIRECTION('',(0.,0.,1.));
#1548 = ORIENTED_EDGE('',*,*,#1549,.F.);
#1549 = EDGE_CURVE('',#1550,#1541,#1552,.T.);
#1550 = VERTEX_POINT('',#1551);
#1551 = CARTESIAN_POINT('',(0.6,-0.585,1.25));
#1552 = LINE('',#1553,#1554);
#1553 = CARTESIAN_POINT('',(0.6,-0.625,1.25));
#1554 = VECTOR('',#1555,1.);
#1555 = DIRECTION('',(0.,1.,0.));
#1556 = ORIENTED_EDGE('',*,*,#1557,.F.);
#1557 = EDGE_CURVE('',#1499,#1550,#1558,.T.);
#1558 = CIRCLE('',#1559,4.E-02);
#1559 = AXIS2_PLACEMENT_3D('',#1560,#1561,#1562);
#1560 = CARTESIAN_POINT('',(0.6,-0.585,1.21));
#1561 = DIRECTION('',(-1.,0.,0.));
#1562 = DIRECTION('',(0.,0.,1.));
#1563 = FACE_BOUND('',#1564,.F.);
#1564 = EDGE_LOOP('',(#1565,#1566,#1567,#1568,#1569,#1570,#1571,#1572));
#1565 = ORIENTED_EDGE('',*,*,#1309,.F.);
#1566 = ORIENTED_EDGE('',*,*,#1479,.T.);
#1567 = ORIENTED_EDGE('',*,*,#1462,.T.);
#1568 = ORIENTED_EDGE('',*,*,#1439,.T.);
#1569 = ORIENTED_EDGE('',*,*,#1414,.F.);
#1570 = ORIENTED_EDGE('',*,*,#1381,.F.);
#1571 = ORIENTED_EDGE('',*,*,#1364,.T.);
#1572 = ORIENTED_EDGE('',*,*,#1334,.F.);
#1573 = PLANE('',#1574);
#1574 = AXIS2_PLACEMENT_3D('',#1575,#1576,#1577);
#1575 = CARTESIAN_POINT('',(0.6,-0.625,0.));
#1576 = DIRECTION('',(1.,0.,0.));
#1577 = DIRECTION('',(0.,0.,1.));
#1578 = ADVANCED_FACE('',(#1579),#1604,.F.);
#1579 = FACE_BOUND('',#1580,.F.);
#1580 = EDGE_LOOP('',(#1581,#1591,#1597,#1598));
#1581 = ORIENTED_EDGE('',*,*,#1582,.F.);
#1582 = EDGE_CURVE('',#1583,#1585,#1587,.T.);
#1583 = VERTEX_POINT('',#1584);
#1584 = CARTESIAN_POINT('',(1.,-0.625,4.E-02));
#1585 = VERTEX_POINT('',#1586);
#1586 = CARTESIAN_POINT('',(1.,-0.625,1.21));
#1587 = LINE('',#1588,#1589);
#1588 = CARTESIAN_POINT('',(1.,-0.625,0.));
#1589 = VECTOR('',#1590,1.);
#1590 = DIRECTION('',(0.,0.,1.));
#1591 = ORIENTED_EDGE('',*,*,#1592,.F.);
#1592 = EDGE_CURVE('',#1497,#1583,#1593,.T.);
#1593 = LINE('',#1594,#1595);
#1594 = CARTESIAN_POINT('',(0.6,-0.625,4.E-02));
#1595 = VECTOR('',#1596,1.);
#1596 = DIRECTION('',(1.,0.,0.));
#1597 = ORIENTED_EDGE('',*,*,#1496,.T.);
#1598 = ORIENTED_EDGE('',*,*,#1599,.T.);
#1599 = EDGE_CURVE('',#1499,#1585,#1600,.T.);
#1600 = LINE('',#1601,#1602);
#1601 = CARTESIAN_POINT('',(0.6,-0.625,1.21));
#1602 = VECTOR('',#1603,1.);
#1603 = DIRECTION('',(1.,0.,0.));
#1604 = PLANE('',#1605);
#1605 = AXIS2_PLACEMENT_3D('',#1606,#1607,#1608);
#1606 = CARTESIAN_POINT('',(0.6,-0.625,0.));
#1607 = DIRECTION('',(0.,1.,0.));
#1608 = DIRECTION('',(0.,-0.,1.));
#1609 = ADVANCED_FACE('',(#1610),#1629,.T.);
#1610 = FACE_BOUND('',#1611,.T.);
#1611 = EDGE_LOOP('',(#1612,#1613,#1621,#1628));
#1612 = ORIENTED_EDGE('',*,*,#1506,.T.);
#1613 = ORIENTED_EDGE('',*,*,#1614,.T.);
#1614 = EDGE_CURVE('',#1507,#1615,#1617,.T.);
#1615 = VERTEX_POINT('',#1616);
#1616 = CARTESIAN_POINT('',(1.,-0.585,0.));
#1617 = LINE('',#1618,#1619);
#1618 = CARTESIAN_POINT('',(0.6,-0.585,0.));
#1619 = VECTOR('',#1620,1.);
#1620 = DIRECTION('',(1.,0.,0.));
#1621 = ORIENTED_EDGE('',*,*,#1622,.F.);
#1622 = EDGE_CURVE('',#1583,#1615,#1623,.T.);
#1623 = CIRCLE('',#1624,4.E-02);
#1624 = AXIS2_PLACEMENT_3D('',#1625,#1626,#1627);
#1625 = CARTESIAN_POINT('',(1.,-0.585,4.E-02));
#1626 = DIRECTION('',(1.,0.,-0.));
#1627 = DIRECTION('',(0.,0.,1.));
#1628 = ORIENTED_EDGE('',*,*,#1592,.F.);
#1629 = CYLINDRICAL_SURFACE('',#1630,4.E-02);
#1630 = AXIS2_PLACEMENT_3D('',#1631,#1632,#1633);
#1631 = CARTESIAN_POINT('',(0.6,-0.585,4.E-02));
#1632 = DIRECTION('',(1.,0.,0.));
#1633 = DIRECTION('',(0.,-1.,0.));
#1634 = ADVANCED_FACE('',(#1635),#1654,.T.);
#1635 = FACE_BOUND('',#1636,.T.);
#1636 = EDGE_LOOP('',(#1637,#1638,#1647,#1653));
#1637 = ORIENTED_EDGE('',*,*,#1599,.T.);
#1638 = ORIENTED_EDGE('',*,*,#1639,.T.);
#1639 = EDGE_CURVE('',#1585,#1640,#1642,.T.);
#1640 = VERTEX_POINT('',#1641);
#1641 = CARTESIAN_POINT('',(1.,-0.585,1.25));
#1642 = CIRCLE('',#1643,4.E-02);
#1643 = AXIS2_PLACEMENT_3D('',#1644,#1645,#1646);
#1644 = CARTESIAN_POINT('',(1.,-0.585,1.21));
#1645 = DIRECTION('',(-1.,0.,0.));
#1646 = DIRECTION('',(0.,0.,1.));
#1647 = ORIENTED_EDGE('',*,*,#1648,.F.);
#1648 = EDGE_CURVE('',#1550,#1640,#1649,.T.);
#1649 = LINE('',#1650,#1651);
#1650 = CARTESIAN_POINT('',(0.6,-0.585,1.25));
#1651 = VECTOR('',#1652,1.);
#1652 = DIRECTION('',(1.,0.,0.));
#1653 = ORIENTED_EDGE('',*,*,#1557,.F.);
#1654 = CYLINDRICAL_SURFACE('',#1655,4.E-02);
#1655 = AXIS2_PLACEMENT_3D('',#1656,#1657,#1658);
#1656 = CARTESIAN_POINT('',(0.6,-0.585,1.21));
#1657 = DIRECTION('',(1.,0.,0.));
#1658 = DIRECTION('',(0.,-1.,0.));
#1659 = ADVANCED_FACE('',(#1660),#1678,.F.);
#1660 = FACE_BOUND('',#1661,.F.);
#1661 = EDGE_LOOP('',(#1662,#1663,#1664,#1672));
#1662 = ORIENTED_EDGE('',*,*,#1515,.F.);
#1663 = ORIENTED_EDGE('',*,*,#1614,.T.);
#1664 = ORIENTED_EDGE('',*,*,#1665,.T.);
#1665 = EDGE_CURVE('',#1615,#1666,#1668,.T.);
#1666 = VERTEX_POINT('',#1667);
#1667 = CARTESIAN_POINT('',(1.,0.585,0.));
#1668 = LINE('',#1669,#1670);
#1669 = CARTESIAN_POINT('',(1.,-0.625,0.));
#1670 = VECTOR('',#1671,1.);
#1671 = DIRECTION('',(0.,1.,0.));
#1672 = ORIENTED_EDGE('',*,*,#1673,.F.);
#1673 = EDGE_CURVE('',#1516,#1666,#1674,.T.);
#1674 = LINE('',#1675,#1676);
#1675 = CARTESIAN_POINT('',(0.6,0.585,0.));
#1676 = VECTOR('',#1677,1.);
#1677 = DIRECTION('',(1.,0.,0.));
#1678 = PLANE('',#1679);
#1679 = AXIS2_PLACEMENT_3D('',#1680,#1681,#1682);
#1680 = CARTESIAN_POINT('',(0.6,-0.625,0.));
#1681 = DIRECTION('',(0.,0.,1.));
#1682 = DIRECTION('',(1.,0.,-0.));
#1683 = ADVANCED_FACE('',(#1684),#1702,.T.);
#1684 = FACE_BOUND('',#1685,.T.);
#1685 = EDGE_LOOP('',(#1686,#1687,#1688,#1696));
#1686 = ORIENTED_EDGE('',*,*,#1549,.F.);
#1687 = ORIENTED_EDGE('',*,*,#1648,.T.);
#1688 = ORIENTED_EDGE('',*,*,#1689,.T.);
#1689 = EDGE_CURVE('',#1640,#1690,#1692,.T.);
#1690 = VERTEX_POINT('',#1691);
#1691 = CARTESIAN_POINT('',(1.,0.585,1.25));
#1692 = LINE('',#1693,#1694);
#1693 = CARTESIAN_POINT('',(1.,-0.625,1.25));
#1694 = VECTOR('',#1695,1.);
#1695 = DIRECTION('',(0.,1.,0.));
#1696 = ORIENTED_EDGE('',*,*,#1697,.F.);
#1697 = EDGE_CURVE('',#1541,#1690,#1698,.T.);
#1698 = LINE('',#1699,#1700);
#1699 = CARTESIAN_POINT('',(0.6,0.585,1.25));
#1700 = VECTOR('',#1701,1.);
#1701 = DIRECTION('',(1.,0.,0.));
#1702 = PLANE('',#1703);
#1703 = AXIS2_PLACEMENT_3D('',#1704,#1705,#1706);
#1704 = CARTESIAN_POINT('',(0.6,-0.625,1.25));
#1705 = DIRECTION('',(0.,0.,1.));
#1706 = DIRECTION('',(1.,0.,-0.));
#1707 = ADVANCED_FACE('',(#1708),#1727,.T.);
#1708 = FACE_BOUND('',#1709,.T.);
#1709 = EDGE_LOOP('',(#1710,#1718,#1725,#1726));
#1710 = ORIENTED_EDGE('',*,*,#1711,.T.);
#1711 = EDGE_CURVE('',#1524,#1712,#1714,.T.);
#1712 = VERTEX_POINT('',#1713);
#1713 = CARTESIAN_POINT('',(1.,0.625,4.E-02));
#1714 = LINE('',#1715,#1716);
#1715 = CARTESIAN_POINT('',(0.6,0.625,4.E-02));
#1716 = VECTOR('',#1717,1.);
#1717 = DIRECTION('',(1.,0.,0.));
#1718 = ORIENTED_EDGE('',*,*,#1719,.T.);
#1719 = EDGE_CURVE('',#1712,#1666,#1720,.T.);
#1720 = CIRCLE('',#1721,4.E-02);
#1721 = AXIS2_PLACEMENT_3D('',#1722,#1723,#1724);
#1722 = CARTESIAN_POINT('',(1.,0.585,4.E-02));
#1723 = DIRECTION('',(-1.,0.,0.));
#1724 = DIRECTION('',(0.,0.,1.));
#1725 = ORIENTED_EDGE('',*,*,#1673,.F.);
#1726 = ORIENTED_EDGE('',*,*,#1523,.F.);
#1727 = CYLINDRICAL_SURFACE('',#1728,4.E-02);
#1728 = AXIS2_PLACEMENT_3D('',#1729,#1730,#1731);
#1729 = CARTESIAN_POINT('',(0.6,0.585,4.E-02));
#1730 = DIRECTION('',(1.,0.,0.));
#1731 = DIRECTION('',(-0.,1.,0.));
#1732 = ADVANCED_FACE('',(#1733),#1752,.T.);
#1733 = FACE_BOUND('',#1734,.T.);
#1734 = EDGE_LOOP('',(#1735,#1736,#1737,#1746));
#1735 = ORIENTED_EDGE('',*,*,#1540,.T.);
#1736 = ORIENTED_EDGE('',*,*,#1697,.T.);
#1737 = ORIENTED_EDGE('',*,*,#1738,.F.);
#1738 = EDGE_CURVE('',#1739,#1690,#1741,.T.);
#1739 = VERTEX_POINT('',#1740);
#1740 = CARTESIAN_POINT('',(1.,0.625,1.21));
#1741 = CIRCLE('',#1742,4.E-02);
#1742 = AXIS2_PLACEMENT_3D('',#1743,#1744,#1745);
#1743 = CARTESIAN_POINT('',(1.,0.585,1.21));
#1744 = DIRECTION('',(1.,0.,-0.));
#1745 = DIRECTION('',(0.,0.,1.));
#1746 = ORIENTED_EDGE('',*,*,#1747,.F.);
#1747 = EDGE_CURVE('',#1533,#1739,#1748,.T.);
#1748 = LINE('',#1749,#1750);
#1749 = CARTESIAN_POINT('',(0.6,0.625,1.21));
#1750 = VECTOR('',#1751,1.);
#1751 = DIRECTION('',(1.,0.,0.));
#1752 = CYLINDRICAL_SURFACE('',#1753,4.E-02);
#1753 = AXIS2_PLACEMENT_3D('',#1754,#1755,#1756);
#1754 = CARTESIAN_POINT('',(0.6,0.585,1.21));
#1755 = DIRECTION('',(1.,0.,0.));
#1756 = DIRECTION('',(-0.,1.,0.));
#1757 = ADVANCED_FACE('',(#1758),#1769,.T.);
#1758 = FACE_BOUND('',#1759,.T.);
#1759 = EDGE_LOOP('',(#1760,#1766,#1767,#1768));
#1760 = ORIENTED_EDGE('',*,*,#1761,.F.);
#1761 = EDGE_CURVE('',#1712,#1739,#1762,.T.);
#1762 = LINE('',#1763,#1764);
#1763 = CARTESIAN_POINT('',(1.,0.625,0.));
#1764 = VECTOR('',#1765,1.);
#1765 = DIRECTION('',(0.,0.,1.));
#1766 = ORIENTED_EDGE('',*,*,#1711,.F.);
#1767 = ORIENTED_EDGE('',*,*,#1532,.T.);
#1768 = ORIENTED_EDGE('',*,*,#1747,.T.);
#1769 = PLANE('',#1770);
#1770 = AXIS2_PLACEMENT_3D('',#1771,#1772,#1773);
#1771 = CARTESIAN_POINT('',(0.6,0.625,0.));
#1772 = DIRECTION('',(0.,1.,0.));
#1773 = DIRECTION('',(0.,-0.,1.));
#1774 = ADVANCED_FACE('',(#1775),#1785,.T.);
#1775 = FACE_BOUND('',#1776,.T.);
#1776 = EDGE_LOOP('',(#1777,#1778,#1779,#1780,#1781,#1782,#1783,#1784));
#1777 = ORIENTED_EDGE('',*,*,#1582,.F.);
#1778 = ORIENTED_EDGE('',*,*,#1622,.T.);
#1779 = ORIENTED_EDGE('',*,*,#1665,.T.);
#1780 = ORIENTED_EDGE('',*,*,#1719,.F.);
#1781 = ORIENTED_EDGE('',*,*,#1761,.T.);
#1782 = ORIENTED_EDGE('',*,*,#1738,.T.);
#1783 = ORIENTED_EDGE('',*,*,#1689,.F.);
#1784 = ORIENTED_EDGE('',*,*,#1639,.F.);
#1785 = PLANE('',#1786);
#1786 = AXIS2_PLACEMENT_3D('',#1787,#1788,#1789);
#1787 = CARTESIAN_POINT('',(1.,-0.625,0.));
#1788 = DIRECTION('',(1.,0.,0.));
#1789 = DIRECTION('',(0.,0.,1.));
#1790 = ( GEOMETRIC_REPRESENTATION_CONTEXT(3) 
GLOBAL_UNCERTAINTY_ASSIGNED_CONTEXT((#1794)) 
GLOBAL_UNIT_ASSIGNED_CONTEXT((#1791,#1792,#1793)) REPRESENTATION_CONTEXT
('Context #1','3D Context with UNIT and UNCERTAINTY') );
#1791 = ( LENGTH_UNIT() NAMED_UNIT(*) SI_UNIT(.MILLI.,.METRE.) );
#1792 = ( NAMED_UNIT(*) PLANE_ANGLE_UNIT() SI_UNIT($,.RADIAN.) );
#1793 = ( NAMED_UNIT(*) SI_UNIT($,.STERADIAN.) SOLID_ANGLE_UNIT() );
#1794 = UNCERTAINTY_MEASURE_WITH_UNIT(LENGTH_MEASURE(1.E-07),#1791,
  'distance_accuracy_value','confusion accuracy');
#1795 = CONTEXT_DEPENDENT_SHAPE_REPRESENTATION(#1796,#1798);
#1796 = ( REPRESENTATION_RELATIONSHIP('','',#935,#912) 
REPRESENTATION_RELATIONSHIP_WITH_TRANSFORMATION(#1797) 
SHAPE_REPRESENTATION_RELATIONSHIP() );
#1797 = ITEM_DEFINED_TRANSFORMATION('','',#11,#913);
#1798 = PRODUCT_DEFINITION_SHAPE('Placement','Placement of an item',
  #1799);
#1799 = NEXT_ASSEMBLY_USAGE_OCCURRENCE('3','=>[0:1:1:5]','',#907,#930,$
  );
#1800 = PRODUCT_RELATED_PRODUCT_CATEGORY('part',$,(#932));
#1801 = CONTEXT_DEPENDENT_SHAPE_REPRESENTATION(#1802,#1804);
#1802 = ( REPRESENTATION_RELATIONSHIP('','',#912,#10) 
REPRESENTATION_RELATIONSHIP_WITH_TRANSFORMATION(#1803) 
SHAPE_REPRESENTATION_RELATIONSHIP() );
#1803 = ITEM_DEFINED_TRANSFORMATION('','',#11,#23);
#1804 = PRODUCT_DEFINITION_SHAPE('Placement','Placement of an item',
  #1805);
#1805 = NEXT_ASSEMBLY_USAGE_OCCURRENCE('5','C8','',#5,#907,$);
#1806 = CONTEXT_DEPENDENT_SHAPE_REPRESENTATION(#1807,#1809);
#1807 = ( REPRESENTATION_RELATIONSHIP('','',#912,#10) 
REPRESENTATION_RELATIONSHIP_WITH_TRANSFORMATION(#1808) 
SHAPE_REPRESENTATION_RELATIONSHIP() );
#1808 = ITEM_DEFINED_TRANSFORMATION('','',#11,#27);
#1809 = PRODUCT_DEFINITION_SHAPE('Placement','Placement of an item',
  #1810);
#1810 = NEXT_ASSEMBLY_USAGE_OCCURRENCE('6','C1','',#5,#907,$);
#1811 = CONTEXT_DEPENDENT_SHAPE_REPRESENTATION(#1812,#1814);
#1812 = ( REPRESENTATION_RELATIONSHIP('','',#80,#10) 
REPRESENTATION_RELATIONSHIP_WITH_TRANSFORMATION(#1813) 
SHAPE_REPRESENTATION_RELATIONSHIP() );
#1813 = ITEM_DEFINED_TRANSFORMATION('','',#11,#31);
#1814 = PRODUCT_DEFINITION_SHAPE('Placement','Placement of an item',
  #1815);
#1815 = NEXT_ASSEMBLY_USAGE_OCCURRENCE('7','R2','',#5,#75,$);
#1816 = SHAPE_DEFINITION_REPRESENTATION(#1817,#1823);
#1817 = PRODUCT_DEFINITION_SHAPE('','',#1818);
#1818 = PRODUCT_DEFINITION('design','',#1819,#1822);
#1819 = PRODUCT_DEFINITION_FORMATION('','',#1820);
#1820 = PRODUCT('SOT-23','SOT-23','',(#1821));
#1821 = PRODUCT_CONTEXT('',#2,'mechanical');
#1822 = PRODUCT_DEFINITION_CONTEXT('part definition',#2,'design');
#1823 = SHAPE_REPRESENTATION('',(#11,#1824),#1828);
#1824 = AXIS2_PLACEMENT_3D('',#1825,#1826,#1827);
#1825 = CARTESIAN_POINT('',(0.,0.,0.));
#1826 = DIRECTION('',(0.,0.,1.));
#1827 = DIRECTION('',(1.,0.,-0.));
#1828 = ( GEOMETRIC_REPRESENTATION_CONTEXT(3) 
GLOBAL_UNCERTAINTY_ASSIGNED_CONTEXT((#1832)) 
GLOBAL_UNIT_ASSIGNED_CONTEXT((#1829,#1830,#1831)) REPRESENTATION_CONTEXT
('Context #1','3D Context with UNIT and UNCERTAINTY') );
#1829 = ( LENGTH_UNIT() NAMED_UNIT(*) SI_UNIT(.MILLI.,.METRE.) );
#1830 = ( NAMED_UNIT(*) PLANE_ANGLE_UNIT() SI_UNIT($,.RADIAN.) );
#1831 = ( NAMED_UNIT(*) SI_UNIT($,.STERADIAN.) SOLID_ANGLE_UNIT() );
#1832 = UNCERTAINTY_MEASURE_WITH_UNIT(LENGTH_MEASURE(1.E-07),#1829,
  'distance_accuracy_value','confusion accuracy');
#1833 = CONTEXT_DEPENDENT_SHAPE_REPRESENTATION(#1834,#1836);
#1834 = ( REPRESENTATION_RELATIONSHIP('','',#1823,#10) 
REPRESENTATION_RELATIONSHIP_WITH_TRANSFORMATION(#1835) 
SHAPE_REPRESENTATION_RELATIONSHIP() );
#1835 = ITEM_DEFINED_TRANSFORMATION('','',#11,#35);
#1836 = PRODUCT_DEFINITION_SHAPE('Placement','Placement of an item',
  #1837);
#1837 = NEXT_ASSEMBLY_USAGE_OCCURRENCE('9','U3','',#5,#1818,$);
#1838 = PRODUCT_RELATED_PRODUCT_CATEGORY('part',$,(#1820));
#1839 = SHAPE_DEFINITION_REPRESENTATION(#1840,#1846);
#1840 = PRODUCT_DEFINITION_SHAPE('','',#1841);
#1841 = PRODUCT_DEFINITION('design','',#1842,#1845);
#1842 = PRODUCT_DEFINITION_FORMATION('','',#1843);
#1843 = PRODUCT('SOT-23','SOT-23','',(#1844));
#1844 = PRODUCT_CONTEXT('',#2,'mechanical');
#1845 = PRODUCT_DEFINITION_CONTEXT('part definition',#2,'design');
#1846 = ADVANCED_BREP_SHAPE_REPRESENTATION('',(#11,#1847),#3829);
#1847 = MANIFOLD_SOLID_BREP('',#1848);
#1848 = CLOSED_SHELL('',(#1849,#1887,#1950,#1973,#2002,#2025,#2080,#2119
    ,#2142,#2165,#2182,#2205,#2293,#2309,#2339,#2372,#2403,#2436,#2453,
    #2470,#2503,#2533,#2556,#2579,#2596,#2625,#2679,#2702,#2725,#2748,
    #2787,#2809,#2853,#2928,#2952,#3020,#3037,#3112,#3136,#3204,#3279,
    #3303,#3371,#3388,#3405,#3451,#3467,#3483,#3500,#3512,#3529,#3546,
    #3563,#3580,#3597,#3614,#3626,#3643,#3660,#3677,#3694,#3711,#3723,
    #3740,#3757,#3774,#3791,#3808,#3820));
#1849 = ADVANCED_FACE('',(#1850),#1882,.F.);
#1850 = FACE_BOUND('',#1851,.F.);
#1851 = EDGE_LOOP('',(#1852,#1862,#1869,#1877));
#1852 = ORIENTED_EDGE('',*,*,#1853,.T.);
#1853 = EDGE_CURVE('',#1854,#1856,#1858,.T.);
#1854 = VERTEX_POINT('',#1855);
#1855 = CARTESIAN_POINT('',(-0.571621551758,1.433243103516,0.1));
#1856 = VERTEX_POINT('',#1857);
#1857 = CARTESIAN_POINT('',(0.571621551758,1.433243103516,0.1));
#1858 = LINE('',#1859,#1860);
#1859 = CARTESIAN_POINT('',(-0.571621551758,1.433243103516,0.1));
#1860 = VECTOR('',#1861,1.);
#1861 = DIRECTION('',(1.,1.110223024625E-16,0.));
#1862 = ORIENTED_EDGE('',*,*,#1863,.T.);
#1863 = EDGE_CURVE('',#1856,#1864,#1866,.T.);
#1864 = VERTEX_POINT('',#1865);
#1865 = CARTESIAN_POINT('',(0.605,1.5,0.575));
#1866 = B_SPLINE_CURVE_WITH_KNOTS('',1,(#1867,#1868),.UNSPECIFIED.,.F.,
  .F.,(2,2),(0.,1.),.PIECEWISE_BEZIER_KNOTS.);
#1867 = CARTESIAN_POINT('',(0.571621551758,1.433243103516,0.1));
#1868 = CARTESIAN_POINT('',(0.605,1.5,0.575));
#1869 = ORIENTED_EDGE('',*,*,#1870,.F.);
#1870 = EDGE_CURVE('',#1871,#1864,#1873,.T.);
#1871 = VERTEX_POINT('',#1872);
#1872 = CARTESIAN_POINT('',(-0.605,1.5,0.575));
#1873 = LINE('',#1874,#1875);
#1874 = CARTESIAN_POINT('',(-0.605,1.5,0.575));
#1875 = VECTOR('',#1876,1.);
#1876 = DIRECTION('',(1.,1.110223024625E-16,0.));
#1877 = ORIENTED_EDGE('',*,*,#1878,.F.);
#1878 = EDGE_CURVE('',#1854,#1871,#1879,.T.);
#1879 = B_SPLINE_CURVE_WITH_KNOTS('',1,(#1880,#1881),.UNSPECIFIED.,.F.,
  .F.,(2,2),(0.,1.),.PIECEWISE_BEZIER_KNOTS.);
#1880 = CARTESIAN_POINT('',(-0.571621551758,1.433243103516,0.1));
#1881 = CARTESIAN_POINT('',(-0.605,1.5,0.575));
#1882 = B_SPLINE_SURFACE_WITH_KNOTS('',1,1,(
    (#1883,#1884)
    ,(#1885,#1886
    )),.UNSPECIFIED.,.F.,.F.,.F.,(2,2),(2,2),(0.,1.21),(0.,1.),
  .PIECEWISE_BEZIER_KNOTS.);
#1883 = CARTESIAN_POINT('',(-0.571621551758,1.433243103516,0.1));
#1884 = CARTESIAN_POINT('',(-0.605,1.5,0.575));
#1885 = CARTESIAN_POINT('',(0.571621551758,1.433243103516,0.1));
#1886 = CARTESIAN_POINT('',(0.605,1.5,0.575));
#1887 = ADVANCED_FACE('',(#1888),#1945,.T.);
#1888 = FACE_BOUND('',#1889,.T.);
#1889 = EDGE_LOOP('',(#1890,#1891,#1899,#1907,#1915,#1923,#1931,#1939));
#1890 = ORIENTED_EDGE('',*,*,#1853,.T.);
#1891 = ORIENTED_EDGE('',*,*,#1892,.T.);
#1892 = EDGE_CURVE('',#1856,#1893,#1895,.T.);
#1893 = VERTEX_POINT('',#1894);
#1894 = CARTESIAN_POINT('',(0.633243103516,1.371621551758,0.1));
#1895 = LINE('',#1896,#1897);
#1896 = CARTESIAN_POINT('',(0.571621551758,1.433243103516,0.1));
#1897 = VECTOR('',#1898,1.);
#1898 = DIRECTION('',(0.707106781187,-0.707106781187,0.));
#1899 = ORIENTED_EDGE('',*,*,#1900,.T.);
#1900 = EDGE_CURVE('',#1893,#1901,#1903,.T.);
#1901 = VERTEX_POINT('',#1902);
#1902 = CARTESIAN_POINT('',(0.633243103516,-1.371621551758,0.1));
#1903 = LINE('',#1904,#1905);
#1904 = CARTESIAN_POINT('',(0.633243103516,1.371621551758,0.1));
#1905 = VECTOR('',#1906,1.);
#1906 = DIRECTION('',(1.110223024625E-16,-1.,0.));
#1907 = ORIENTED_EDGE('',*,*,#1908,.T.);
#1908 = EDGE_CURVE('',#1901,#1909,#1911,.T.);
#1909 = VERTEX_POINT('',#1910);
#1910 = CARTESIAN_POINT('',(0.571621551758,-1.433243103516,0.1));
#1911 = LINE('',#1912,#1913);
#1912 = CARTESIAN_POINT('',(0.633243103516,-1.371621551758,0.1));
#1913 = VECTOR('',#1914,1.);
#1914 = DIRECTION('',(-0.707106781187,-0.707106781187,0.));
#1915 = ORIENTED_EDGE('',*,*,#1916,.T.);
#1916 = EDGE_CURVE('',#1909,#1917,#1919,.T.);
#1917 = VERTEX_POINT('',#1918);
#1918 = CARTESIAN_POINT('',(-0.571621551758,-1.433243103516,0.1));
#1919 = LINE('',#1920,#1921);
#1920 = CARTESIAN_POINT('',(0.571621551758,-1.433243103516,0.1));
#1921 = VECTOR('',#1922,1.);
#1922 = DIRECTION('',(-1.,-1.110223024625E-16,0.));
#1923 = ORIENTED_EDGE('',*,*,#1924,.T.);
#1924 = EDGE_CURVE('',#1917,#1925,#1927,.T.);
#1925 = VERTEX_POINT('',#1926);
#1926 = CARTESIAN_POINT('',(-0.633243103516,-1.371621551758,0.1));
#1927 = LINE('',#1928,#1929);
#1928 = CARTESIAN_POINT('',(-0.571621551758,-1.433243103516,0.1));
#1929 = VECTOR('',#1930,1.);
#1930 = DIRECTION('',(-0.707106781187,0.707106781187,0.));
#1931 = ORIENTED_EDGE('',*,*,#1932,.T.);
#1932 = EDGE_CURVE('',#1925,#1933,#1935,.T.);
#1933 = VERTEX_POINT('',#1934);
#1934 = CARTESIAN_POINT('',(-0.633243103516,1.371621551758,0.1));
#1935 = LINE('',#1936,#1937);
#1936 = CARTESIAN_POINT('',(-0.633243103516,-1.371621551758,0.1));
#1937 = VECTOR('',#1938,1.);
#1938 = DIRECTION('',(-1.110223024625E-16,1.,0.));
#1939 = ORIENTED_EDGE('',*,*,#1940,.T.);
#1940 = EDGE_CURVE('',#1933,#1854,#1941,.T.);
#1941 = LINE('',#1942,#1943);
#1942 = CARTESIAN_POINT('',(-0.633243103516,1.371621551758,0.1));
#1943 = VECTOR('',#1944,1.);
#1944 = DIRECTION('',(0.707106781187,0.707106781187,0.));
#1945 = PLANE('',#1946);
#1946 = AXIS2_PLACEMENT_3D('',#1947,#1948,#1949);
#1947 = CARTESIAN_POINT('',(-0.571621551758,1.433243103516,0.1));
#1948 = DIRECTION('',(0.,0.,-1.));
#1949 = DIRECTION('',(0.370454302632,-0.928850692879,0.));
#1950 = ADVANCED_FACE('',(#1951),#1968,.F.);
#1951 = FACE_BOUND('',#1952,.F.);
#1952 = EDGE_LOOP('',(#1953,#1954,#1961,#1967));
#1953 = ORIENTED_EDGE('',*,*,#1892,.T.);
#1954 = ORIENTED_EDGE('',*,*,#1955,.T.);
#1955 = EDGE_CURVE('',#1893,#1956,#1958,.T.);
#1956 = VERTEX_POINT('',#1957);
#1957 = CARTESIAN_POINT('',(0.7,1.405,0.575));
#1958 = B_SPLINE_CURVE_WITH_KNOTS('',1,(#1959,#1960),.UNSPECIFIED.,.F.,
  .F.,(2,2),(0.,1.),.PIECEWISE_BEZIER_KNOTS.);
#1959 = CARTESIAN_POINT('',(0.633243103516,1.371621551758,0.1));
#1960 = CARTESIAN_POINT('',(0.7,1.405,0.575));
#1961 = ORIENTED_EDGE('',*,*,#1962,.F.);
#1962 = EDGE_CURVE('',#1864,#1956,#1963,.T.);
#1963 = LINE('',#1964,#1965);
#1964 = CARTESIAN_POINT('',(0.605,1.5,0.575));
#1965 = VECTOR('',#1966,1.);
#1966 = DIRECTION('',(0.707106781187,-0.707106781187,0.));
#1967 = ORIENTED_EDGE('',*,*,#1863,.F.);
#1968 = B_SPLINE_SURFACE_WITH_KNOTS('',1,1,(
    (#1969,#1970)
    ,(#1971,#1972
    )),.UNSPECIFIED.,.F.,.F.,.F.,(2,2),(2,2),(0.,0.134350288425),(0.,1.)
  ,.PIECEWISE_BEZIER_KNOTS.);
#1969 = CARTESIAN_POINT('',(0.571621551758,1.433243103516,0.1));
#1970 = CARTESIAN_POINT('',(0.605,1.5,0.575));
#1971 = CARTESIAN_POINT('',(0.633243103516,1.371621551758,0.1));
#1972 = CARTESIAN_POINT('',(0.7,1.405,0.575));
#1973 = ADVANCED_FACE('',(#1974),#1997,.F.);
#1974 = FACE_BOUND('',#1975,.F.);
#1975 = EDGE_LOOP('',(#1976,#1977,#1984,#1992));
#1976 = ORIENTED_EDGE('',*,*,#1870,.T.);
#1977 = ORIENTED_EDGE('',*,*,#1978,.T.);
#1978 = EDGE_CURVE('',#1864,#1979,#1981,.T.);
#1979 = VERTEX_POINT('',#1980);
#1980 = CARTESIAN_POINT('',(0.605,1.5,0.725));
#1981 = B_SPLINE_CURVE_WITH_KNOTS('',1,(#1982,#1983),.UNSPECIFIED.,.F.,
  .F.,(2,2),(0.,1.),.PIECEWISE_BEZIER_KNOTS.);
#1982 = CARTESIAN_POINT('',(0.605,1.5,0.575));
#1983 = CARTESIAN_POINT('',(0.605,1.5,0.725));
#1984 = ORIENTED_EDGE('',*,*,#1985,.F.);
#1985 = EDGE_CURVE('',#1986,#1979,#1988,.T.);
#1986 = VERTEX_POINT('',#1987);
#1987 = CARTESIAN_POINT('',(-0.605,1.5,0.725));
#1988 = LINE('',#1989,#1990);
#1989 = CARTESIAN_POINT('',(-0.605,1.5,0.725));
#1990 = VECTOR('',#1991,1.);
#1991 = DIRECTION('',(1.,1.110223024625E-16,0.));
#1992 = ORIENTED_EDGE('',*,*,#1993,.F.);
#1993 = EDGE_CURVE('',#1871,#1986,#1994,.T.);
#1994 = B_SPLINE_CURVE_WITH_KNOTS('',1,(#1995,#1996),.UNSPECIFIED.,.F.,
  .F.,(2,2),(0.,1.),.PIECEWISE_BEZIER_KNOTS.);
#1995 = CARTESIAN_POINT('',(-0.605,1.5,0.575));
#1996 = CARTESIAN_POINT('',(-0.605,1.5,0.725));
#1997 = PLANE('',#1998);
#1998 = AXIS2_PLACEMENT_3D('',#1999,#2000,#2001);
#1999 = CARTESIAN_POINT('',(-0.605,1.5,0.725));
#2000 = DIRECTION('',(1.110223024625E-16,-1.,0.));
#2001 = DIRECTION('',(1.,1.110223024625E-16,0.));
#2002 = ADVANCED_FACE('',(#2003),#2020,.F.);
#2003 = FACE_BOUND('',#2004,.F.);
#2004 = EDGE_LOOP('',(#2005,#2006,#2007,#2015));
#2005 = ORIENTED_EDGE('',*,*,#1940,.T.);
#2006 = ORIENTED_EDGE('',*,*,#1878,.T.);
#2007 = ORIENTED_EDGE('',*,*,#2008,.F.);
#2008 = EDGE_CURVE('',#2009,#1871,#2011,.T.);
#2009 = VERTEX_POINT('',#2010);
#2010 = CARTESIAN_POINT('',(-0.7,1.405,0.575));
#2011 = LINE('',#2012,#2013);
#2012 = CARTESIAN_POINT('',(-0.7,1.405,0.575));
#2013 = VECTOR('',#2014,1.);
#2014 = DIRECTION('',(0.707106781187,0.707106781187,0.));
#2015 = ORIENTED_EDGE('',*,*,#2016,.F.);
#2016 = EDGE_CURVE('',#1933,#2009,#2017,.T.);
#2017 = B_SPLINE_CURVE_WITH_KNOTS('',1,(#2018,#2019),.UNSPECIFIED.,.F.,
  .F.,(2,2),(0.,1.),.PIECEWISE_BEZIER_KNOTS.);
#2018 = CARTESIAN_POINT('',(-0.633243103516,1.371621551758,0.1));
#2019 = CARTESIAN_POINT('',(-0.7,1.405,0.575));
#2020 = B_SPLINE_SURFACE_WITH_KNOTS('',1,1,(
    (#2021,#2022)
    ,(#2023,#2024
    )),.UNSPECIFIED.,.F.,.F.,.F.,(2,2),(2,2),(0.,0.134350288425),(0.,1.)
  ,.PIECEWISE_BEZIER_KNOTS.);
#2021 = CARTESIAN_POINT('',(-0.633243103516,1.371621551758,0.1));
#2022 = CARTESIAN_POINT('',(-0.7,1.405,0.575));
#2023 = CARTESIAN_POINT('',(-0.571621551758,1.433243103516,0.1));
#2024 = CARTESIAN_POINT('',(-0.605,1.5,0.575));
#2025 = ADVANCED_FACE('',(#2026),#2075,.F.);
#2026 = FACE_BOUND('',#2027,.F.);
#2027 = EDGE_LOOP('',(#2028,#2029,#2030,#2038,#2046,#2054,#2062,#2070));
#2028 = ORIENTED_EDGE('',*,*,#1932,.T.);
#2029 = ORIENTED_EDGE('',*,*,#2016,.T.);
#2030 = ORIENTED_EDGE('',*,*,#2031,.F.);
#2031 = EDGE_CURVE('',#2032,#2009,#2034,.T.);
#2032 = VERTEX_POINT('',#2033);
#2033 = CARTESIAN_POINT('',(-0.7,1.15,0.575));
#2034 = LINE('',#2035,#2036);
#2035 = CARTESIAN_POINT('',(-0.7,-1.405,0.575));
#2036 = VECTOR('',#2037,1.);
#2037 = DIRECTION('',(-1.110223024625E-16,1.,0.));
#2038 = ORIENTED_EDGE('',*,*,#2039,.F.);
#2039 = EDGE_CURVE('',#2040,#2032,#2042,.T.);
#2040 = VERTEX_POINT('',#2041);
#2041 = CARTESIAN_POINT('',(-0.7,0.75,0.575));
#2042 = LINE('',#2043,#2044);
#2043 = CARTESIAN_POINT('',(-0.7,0.75,0.575));
#2044 = VECTOR('',#2045,1.);
#2045 = DIRECTION('',(1.144237745222E-17,1.,0.));
#2046 = ORIENTED_EDGE('',*,*,#2047,.F.);
#2047 = EDGE_CURVE('',#2048,#2040,#2050,.T.);
#2048 = VERTEX_POINT('',#2049);
#2049 = CARTESIAN_POINT('',(-0.7,-0.75,0.575));
#2050 = LINE('',#2051,#2052);
#2051 = CARTESIAN_POINT('',(-0.7,-1.405,0.575));
#2052 = VECTOR('',#2053,1.);
#2053 = DIRECTION('',(-1.110223024625E-16,1.,0.));
#2054 = ORIENTED_EDGE('',*,*,#2055,.F.);
#2055 = EDGE_CURVE('',#2056,#2048,#2058,.T.);
#2056 = VERTEX_POINT('',#2057);
#2057 = CARTESIAN_POINT('',(-0.7,-1.15,0.575));
#2058 = LINE('',#2059,#2060);
#2059 = CARTESIAN_POINT('',(-0.7,-1.15,0.575));
#2060 = VECTOR('',#2061,1.);
#2061 = DIRECTION('',(1.144237745222E-17,1.,0.));
#2062 = ORIENTED_EDGE('',*,*,#2063,.F.);
#2063 = EDGE_CURVE('',#2064,#2056,#2066,.T.);
#2064 = VERTEX_POINT('',#2065);
#2065 = CARTESIAN_POINT('',(-0.7,-1.405,0.575));
#2066 = LINE('',#2067,#2068);
#2067 = CARTESIAN_POINT('',(-0.7,-1.405,0.575));
#2068 = VECTOR('',#2069,1.);
#2069 = DIRECTION('',(-1.110223024625E-16,1.,0.));
#2070 = ORIENTED_EDGE('',*,*,#2071,.F.);
#2071 = EDGE_CURVE('',#1925,#2064,#2072,.T.);
#2072 = B_SPLINE_CURVE_WITH_KNOTS('',1,(#2073,#2074),.UNSPECIFIED.,.F.,
  .F.,(2,2),(0.,1.),.PIECEWISE_BEZIER_KNOTS.);
#2073 = CARTESIAN_POINT('',(-0.633243103516,-1.371621551758,0.1));
#2074 = CARTESIAN_POINT('',(-0.7,-1.405,0.575));
#2075 = B_SPLINE_SURFACE_WITH_KNOTS('',1,1,(
    (#2076,#2077)
    ,(#2078,#2079
    )),.UNSPECIFIED.,.F.,.F.,.F.,(2,2),(2,2),(0.,2.81),(0.,1.),
  .PIECEWISE_BEZIER_KNOTS.);
#2076 = CARTESIAN_POINT('',(-0.633243103516,-1.371621551758,0.1));
#2077 = CARTESIAN_POINT('',(-0.7,-1.405,0.575));
#2078 = CARTESIAN_POINT('',(-0.633243103516,1.371621551758,0.1));
#2079 = CARTESIAN_POINT('',(-0.7,1.405,0.575));
#2080 = ADVANCED_FACE('',(#2081),#2114,.F.);
#2081 = FACE_BOUND('',#2082,.F.);
#2082 = EDGE_LOOP('',(#2083,#2084,#2091,#2099,#2107,#2113));
#2083 = ORIENTED_EDGE('',*,*,#1900,.T.);
#2084 = ORIENTED_EDGE('',*,*,#2085,.T.);
#2085 = EDGE_CURVE('',#1901,#2086,#2088,.T.);
#2086 = VERTEX_POINT('',#2087);
#2087 = CARTESIAN_POINT('',(0.7,-1.405,0.575));
#2088 = B_SPLINE_CURVE_WITH_KNOTS('',1,(#2089,#2090),.UNSPECIFIED.,.F.,
  .F.,(2,2),(0.,1.),.PIECEWISE_BEZIER_KNOTS.);
#2089 = CARTESIAN_POINT('',(0.633243103516,-1.371621551758,0.1));
#2090 = CARTESIAN_POINT('',(0.7,-1.405,0.575));
#2091 = ORIENTED_EDGE('',*,*,#2092,.F.);
#2092 = EDGE_CURVE('',#2093,#2086,#2095,.T.);
#2093 = VERTEX_POINT('',#2094);
#2094 = CARTESIAN_POINT('',(0.7,-0.2,0.575));
#2095 = LINE('',#2096,#2097);
#2096 = CARTESIAN_POINT('',(0.7,1.405,0.575));
#2097 = VECTOR('',#2098,1.);
#2098 = DIRECTION('',(1.110223024625E-16,-1.,0.));
#2099 = ORIENTED_EDGE('',*,*,#2100,.F.);
#2100 = EDGE_CURVE('',#2101,#2093,#2103,.T.);
#2101 = VERTEX_POINT('',#2102);
#2102 = CARTESIAN_POINT('',(0.7,0.2,0.575));
#2103 = LINE('',#2104,#2105);
#2104 = CARTESIAN_POINT('',(0.7,0.2,0.575));
#2105 = VECTOR('',#2106,1.);
#2106 = DIRECTION('',(1.110223024625E-16,-1.,0.));
#2107 = ORIENTED_EDGE('',*,*,#2108,.F.);
#2108 = EDGE_CURVE('',#1956,#2101,#2109,.T.);
#2109 = LINE('',#2110,#2111);
#2110 = CARTESIAN_POINT('',(0.7,1.405,0.575));
#2111 = VECTOR('',#2112,1.);
#2112 = DIRECTION('',(1.110223024625E-16,-1.,0.));
#2113 = ORIENTED_EDGE('',*,*,#1955,.F.);
#2114 = B_SPLINE_SURFACE_WITH_KNOTS('',1,1,(
    (#2115,#2116)
    ,(#2117,#2118
    )),.UNSPECIFIED.,.F.,.F.,.F.,(2,2),(2,2),(0.,2.81),(0.,1.),
  .PIECEWISE_BEZIER_KNOTS.);
#2115 = CARTESIAN_POINT('',(0.633243103516,1.371621551758,0.1));
#2116 = CARTESIAN_POINT('',(0.7,1.405,0.575));
#2117 = CARTESIAN_POINT('',(0.633243103516,-1.371621551758,0.1));
#2118 = CARTESIAN_POINT('',(0.7,-1.405,0.575));
#2119 = ADVANCED_FACE('',(#2120),#2137,.F.);
#2120 = FACE_BOUND('',#2121,.F.);
#2121 = EDGE_LOOP('',(#2122,#2123,#2124,#2132));
#2122 = ORIENTED_EDGE('',*,*,#1924,.T.);
#2123 = ORIENTED_EDGE('',*,*,#2071,.T.);
#2124 = ORIENTED_EDGE('',*,*,#2125,.F.);
#2125 = EDGE_CURVE('',#2126,#2064,#2128,.T.);
#2126 = VERTEX_POINT('',#2127);
#2127 = CARTESIAN_POINT('',(-0.605,-1.5,0.575));
#2128 = LINE('',#2129,#2130);
#2129 = CARTESIAN_POINT('',(-0.605,-1.5,0.575));
#2130 = VECTOR('',#2131,1.);
#2131 = DIRECTION('',(-0.707106781187,0.707106781187,0.));
#2132 = ORIENTED_EDGE('',*,*,#2133,.F.);
#2133 = EDGE_CURVE('',#1917,#2126,#2134,.T.);
#2134 = B_SPLINE_CURVE_WITH_KNOTS('',1,(#2135,#2136),.UNSPECIFIED.,.F.,
  .F.,(2,2),(0.,1.),.PIECEWISE_BEZIER_KNOTS.);
#2135 = CARTESIAN_POINT('',(-0.571621551758,-1.433243103516,0.1));
#2136 = CARTESIAN_POINT('',(-0.605,-1.5,0.575));
#2137 = B_SPLINE_SURFACE_WITH_KNOTS('',1,1,(
    (#2138,#2139)
    ,(#2140,#2141
    )),.UNSPECIFIED.,.F.,.F.,.F.,(2,2),(2,2),(0.,0.134350288425),(0.,1.)
  ,.PIECEWISE_BEZIER_KNOTS.);
#2138 = CARTESIAN_POINT('',(-0.571621551758,-1.433243103516,0.1));
#2139 = CARTESIAN_POINT('',(-0.605,-1.5,0.575));
#2140 = CARTESIAN_POINT('',(-0.633243103516,-1.371621551758,0.1));
#2141 = CARTESIAN_POINT('',(-0.7,-1.405,0.575));
#2142 = ADVANCED_FACE('',(#2143),#2160,.F.);
#2143 = FACE_BOUND('',#2144,.F.);
#2144 = EDGE_LOOP('',(#2145,#2146,#2153,#2159));
#2145 = ORIENTED_EDGE('',*,*,#1908,.T.);
#2146 = ORIENTED_EDGE('',*,*,#2147,.T.);
#2147 = EDGE_CURVE('',#1909,#2148,#2150,.T.);
#2148 = VERTEX_POINT('',#2149);
#2149 = CARTESIAN_POINT('',(0.605,-1.5,0.575));
#2150 = B_SPLINE_CURVE_WITH_KNOTS('',1,(#2151,#2152),.UNSPECIFIED.,.F.,
  .F.,(2,2),(0.,1.),.PIECEWISE_BEZIER_KNOTS.);
#2151 = CARTESIAN_POINT('',(0.571621551758,-1.433243103516,0.1));
#2152 = CARTESIAN_POINT('',(0.605,-1.5,0.575));
#2153 = ORIENTED_EDGE('',*,*,#2154,.F.);
#2154 = EDGE_CURVE('',#2086,#2148,#2155,.T.);
#2155 = LINE('',#2156,#2157);
#2156 = CARTESIAN_POINT('',(0.7,-1.405,0.575));
#2157 = VECTOR('',#2158,1.);
#2158 = DIRECTION('',(-0.707106781187,-0.707106781187,0.));
#2159 = ORIENTED_EDGE('',*,*,#2085,.F.);
#2160 = B_SPLINE_SURFACE_WITH_KNOTS('',1,1,(
    (#2161,#2162)
    ,(#2163,#2164
    )),.UNSPECIFIED.,.F.,.F.,.F.,(2,2),(2,2),(0.,0.134350288425),(0.,1.)
  ,.PIECEWISE_BEZIER_KNOTS.);
#2161 = CARTESIAN_POINT('',(0.633243103516,-1.371621551758,0.1));
#2162 = CARTESIAN_POINT('',(0.7,-1.405,0.575));
#2163 = CARTESIAN_POINT('',(0.571621551758,-1.433243103516,0.1));
#2164 = CARTESIAN_POINT('',(0.605,-1.5,0.575));
#2165 = ADVANCED_FACE('',(#2166),#2177,.F.);
#2166 = FACE_BOUND('',#2167,.F.);
#2167 = EDGE_LOOP('',(#2168,#2169,#2170,#2176));
#2168 = ORIENTED_EDGE('',*,*,#1916,.T.);
#2169 = ORIENTED_EDGE('',*,*,#2133,.T.);
#2170 = ORIENTED_EDGE('',*,*,#2171,.F.);
#2171 = EDGE_CURVE('',#2148,#2126,#2172,.T.);
#2172 = LINE('',#2173,#2174);
#2173 = CARTESIAN_POINT('',(0.605,-1.5,0.575));
#2174 = VECTOR('',#2175,1.);
#2175 = DIRECTION('',(-1.,-1.110223024625E-16,0.));
#2176 = ORIENTED_EDGE('',*,*,#2147,.F.);
#2177 = B_SPLINE_SURFACE_WITH_KNOTS('',1,1,(
    (#2178,#2179)
    ,(#2180,#2181
    )),.UNSPECIFIED.,.F.,.F.,.F.,(2,2),(2,2),(0.,1.21),(0.,1.),
  .PIECEWISE_BEZIER_KNOTS.);
#2178 = CARTESIAN_POINT('',(0.571621551758,-1.433243103516,0.1));
#2179 = CARTESIAN_POINT('',(0.605,-1.5,0.575));
#2180 = CARTESIAN_POINT('',(-0.571621551758,-1.433243103516,0.1));
#2181 = CARTESIAN_POINT('',(-0.605,-1.5,0.575));
#2182 = ADVANCED_FACE('',(#2183),#2200,.F.);
#2183 = FACE_BOUND('',#2184,.F.);
#2184 = EDGE_LOOP('',(#2185,#2186,#2193,#2199));
#2185 = ORIENTED_EDGE('',*,*,#1962,.T.);
#2186 = ORIENTED_EDGE('',*,*,#2187,.T.);
#2187 = EDGE_CURVE('',#1956,#2188,#2190,.T.);
#2188 = VERTEX_POINT('',#2189);
#2189 = CARTESIAN_POINT('',(0.7,1.405,0.725));
#2190 = B_SPLINE_CURVE_WITH_KNOTS('',1,(#2191,#2192),.UNSPECIFIED.,.F.,
  .F.,(2,2),(0.,1.),.PIECEWISE_BEZIER_KNOTS.);
#2191 = CARTESIAN_POINT('',(0.7,1.405,0.575));
#2192 = CARTESIAN_POINT('',(0.7,1.405,0.725));
#2193 = ORIENTED_EDGE('',*,*,#2194,.F.);
#2194 = EDGE_CURVE('',#1979,#2188,#2195,.T.);
#2195 = LINE('',#2196,#2197);
#2196 = CARTESIAN_POINT('',(0.605,1.5,0.725));
#2197 = VECTOR('',#2198,1.);
#2198 = DIRECTION('',(0.707106781187,-0.707106781187,0.));
#2199 = ORIENTED_EDGE('',*,*,#1978,.F.);
#2200 = PLANE('',#2201);
#2201 = AXIS2_PLACEMENT_3D('',#2202,#2203,#2204);
#2202 = CARTESIAN_POINT('',(0.605,1.5,0.725));
#2203 = DIRECTION('',(-0.707106781187,-0.707106781187,0.));
#2204 = DIRECTION('',(0.707106781187,-0.707106781187,0.));
#2205 = ADVANCED_FACE('',(#2206),#2288,.F.);
#2206 = FACE_BOUND('',#2207,.F.);
#2207 = EDGE_LOOP('',(#2208,#2216,#2217,#2218,#2226,#2234,#2242,#2250,
    #2258,#2266,#2274,#2282));
#2208 = ORIENTED_EDGE('',*,*,#2209,.T.);
#2209 = EDGE_CURVE('',#2210,#1986,#2212,.T.);
#2210 = VERTEX_POINT('',#2211);
#2211 = CARTESIAN_POINT('',(-0.7,1.405,0.725));
#2212 = LINE('',#2213,#2214);
#2213 = CARTESIAN_POINT('',(-0.7,1.405,0.725));
#2214 = VECTOR('',#2215,1.);
#2215 = DIRECTION('',(0.707106781187,0.707106781187,0.));
#2216 = ORIENTED_EDGE('',*,*,#1985,.T.);
#2217 = ORIENTED_EDGE('',*,*,#2194,.T.);
#2218 = ORIENTED_EDGE('',*,*,#2219,.T.);
#2219 = EDGE_CURVE('',#2188,#2220,#2222,.T.);
#2220 = VERTEX_POINT('',#2221);
#2221 = CARTESIAN_POINT('',(0.7,0.2,0.725));
#2222 = LINE('',#2223,#2224);
#2223 = CARTESIAN_POINT('',(0.7,1.405,0.725));
#2224 = VECTOR('',#2225,1.);
#2225 = DIRECTION('',(1.110223024625E-16,-1.,0.));
#2226 = ORIENTED_EDGE('',*,*,#2227,.T.);
#2227 = EDGE_CURVE('',#2220,#2228,#2230,.T.);
#2228 = VERTEX_POINT('',#2229);
#2229 = CARTESIAN_POINT('',(0.675,0.2,0.725));
#2230 = LINE('',#2231,#2232);
#2231 = CARTESIAN_POINT('',(0.7,0.2,0.725));
#2232 = VECTOR('',#2233,1.);
#2233 = DIRECTION('',(-1.,-1.110223024625E-16,0.));
#2234 = ORIENTED_EDGE('',*,*,#2235,.F.);
#2235 = EDGE_CURVE('',#2236,#2228,#2238,.T.);
#2236 = VERTEX_POINT('',#2237);
#2237 = CARTESIAN_POINT('',(0.675,1.3925,0.725));
#2238 = LINE('',#2239,#2240);
#2239 = CARTESIAN_POINT('',(0.675,1.3925,0.725));
#2240 = VECTOR('',#2241,1.);
#2241 = DIRECTION('',(1.110223024625E-16,-1.,0.));
#2242 = ORIENTED_EDGE('',*,*,#2243,.F.);
#2243 = EDGE_CURVE('',#2244,#2236,#2246,.T.);
#2244 = VERTEX_POINT('',#2245);
#2245 = CARTESIAN_POINT('',(0.5925,1.475,0.725));
#2246 = LINE('',#2247,#2248);
#2247 = CARTESIAN_POINT('',(0.5925,1.475,0.725));
#2248 = VECTOR('',#2249,1.);
#2249 = DIRECTION('',(0.707106781187,-0.707106781187,0.));
#2250 = ORIENTED_EDGE('',*,*,#2251,.F.);
#2251 = EDGE_CURVE('',#2252,#2244,#2254,.T.);
#2252 = VERTEX_POINT('',#2253);
#2253 = CARTESIAN_POINT('',(-0.5925,1.475,0.725));
#2254 = LINE('',#2255,#2256);
#2255 = CARTESIAN_POINT('',(-0.5925,1.475,0.725));
#2256 = VECTOR('',#2257,1.);
#2257 = DIRECTION('',(1.,1.110223024625E-16,0.));
#2258 = ORIENTED_EDGE('',*,*,#2259,.F.);
#2259 = EDGE_CURVE('',#2260,#2252,#2262,.T.);
#2260 = VERTEX_POINT('',#2261);
#2261 = CARTESIAN_POINT('',(-0.675,1.3925,0.725));
#2262 = LINE('',#2263,#2264);
#2263 = CARTESIAN_POINT('',(-0.675,1.3925,0.725));
#2264 = VECTOR('',#2265,1.);
#2265 = DIRECTION('',(0.707106781187,0.707106781187,0.));
#2266 = ORIENTED_EDGE('',*,*,#2267,.F.);
#2267 = EDGE_CURVE('',#2268,#2260,#2270,.T.);
#2268 = VERTEX_POINT('',#2269);
#2269 = CARTESIAN_POINT('',(-0.675,1.15,0.725));
#2270 = LINE('',#2271,#2272);
#2271 = CARTESIAN_POINT('',(-0.675,-1.3925,0.725));
#2272 = VECTOR('',#2273,1.);
#2273 = DIRECTION('',(-1.110223024625E-16,1.,0.));
#2274 = ORIENTED_EDGE('',*,*,#2275,.F.);
#2275 = EDGE_CURVE('',#2276,#2268,#2278,.T.);
#2276 = VERTEX_POINT('',#2277);
#2277 = CARTESIAN_POINT('',(-0.7,1.15,0.725));
#2278 = LINE('',#2279,#2280);
#2279 = CARTESIAN_POINT('',(-0.7,1.15,0.725));
#2280 = VECTOR('',#2281,1.);
#2281 = DIRECTION('',(1.,-1.144237745222E-17,0.));
#2282 = ORIENTED_EDGE('',*,*,#2283,.T.);
#2283 = EDGE_CURVE('',#2276,#2210,#2284,.T.);
#2284 = LINE('',#2285,#2286);
#2285 = CARTESIAN_POINT('',(-0.7,-1.405,0.725));
#2286 = VECTOR('',#2287,1.);
#2287 = DIRECTION('',(-1.110223024625E-16,1.,0.));
#2288 = PLANE('',#2289);
#2289 = AXIS2_PLACEMENT_3D('',#2290,#2291,#2292);
#2290 = CARTESIAN_POINT('',(-1.486299604971E-16,1.4875,0.725));
#2291 = DIRECTION('',(1.022886882533E-31,-6.310887241768E-27,-1.));
#2292 = DIRECTION('',(1.,1.217738924546E-16,1.022886882525E-31));
#2293 = ADVANCED_FACE('',(#2294),#2304,.F.);
#2294 = FACE_BOUND('',#2295,.F.);
#2295 = EDGE_LOOP('',(#2296,#2297,#2298,#2299));
#2296 = ORIENTED_EDGE('',*,*,#2008,.T.);
#2297 = ORIENTED_EDGE('',*,*,#1993,.T.);
#2298 = ORIENTED_EDGE('',*,*,#2209,.F.);
#2299 = ORIENTED_EDGE('',*,*,#2300,.F.);
#2300 = EDGE_CURVE('',#2009,#2210,#2301,.T.);
#2301 = B_SPLINE_CURVE_WITH_KNOTS('',1,(#2302,#2303),.UNSPECIFIED.,.F.,
  .F.,(2,2),(0.,1.),.PIECEWISE_BEZIER_KNOTS.);
#2302 = CARTESIAN_POINT('',(-0.7,1.405,0.575));
#2303 = CARTESIAN_POINT('',(-0.7,1.405,0.725));
#2304 = PLANE('',#2305);
#2305 = AXIS2_PLACEMENT_3D('',#2306,#2307,#2308);
#2306 = CARTESIAN_POINT('',(-0.7,1.405,0.725));
#2307 = DIRECTION('',(0.707106781187,-0.707106781187,0.));
#2308 = DIRECTION('',(0.707106781187,0.707106781187,0.));
#2309 = ADVANCED_FACE('',(#2310),#2334,.F.);
#2310 = FACE_BOUND('',#2311,.F.);
#2311 = EDGE_LOOP('',(#2312,#2319,#2320,#2328));
#2312 = ORIENTED_EDGE('',*,*,#2313,.F.);
#2313 = EDGE_CURVE('',#2064,#2314,#2316,.T.);
#2314 = VERTEX_POINT('',#2315);
#2315 = CARTESIAN_POINT('',(-0.7,-1.405,0.725));
#2316 = B_SPLINE_CURVE_WITH_KNOTS('',1,(#2317,#2318),.UNSPECIFIED.,.F.,
  .F.,(2,2),(0.,1.),.PIECEWISE_BEZIER_KNOTS.);
#2317 = CARTESIAN_POINT('',(-0.7,-1.405,0.575));
#2318 = CARTESIAN_POINT('',(-0.7,-1.405,0.725));
#2319 = ORIENTED_EDGE('',*,*,#2063,.T.);
#2320 = ORIENTED_EDGE('',*,*,#2321,.T.);
#2321 = EDGE_CURVE('',#2056,#2322,#2324,.T.);
#2322 = VERTEX_POINT('',#2323);
#2323 = CARTESIAN_POINT('',(-0.7,-1.15,0.725));
#2324 = LINE('',#2325,#2326);
#2325 = CARTESIAN_POINT('',(-0.7,-1.15,0.529763586955));
#2326 = VECTOR('',#2327,1.);
#2327 = DIRECTION('',(0.,0.,1.));
#2328 = ORIENTED_EDGE('',*,*,#2329,.F.);
#2329 = EDGE_CURVE('',#2314,#2322,#2330,.T.);
#2330 = LINE('',#2331,#2332);
#2331 = CARTESIAN_POINT('',(-0.7,-1.405,0.725));
#2332 = VECTOR('',#2333,1.);
#2333 = DIRECTION('',(-1.110223024625E-16,1.,0.));
#2334 = PLANE('',#2335);
#2335 = AXIS2_PLACEMENT_3D('',#2336,#2337,#2338);
#2336 = CARTESIAN_POINT('',(-0.7,-1.405,0.725));
#2337 = DIRECTION('',(1.,1.110223024625E-16,0.));
#2338 = DIRECTION('',(-1.110223024625E-16,1.,0.));
#2339 = ADVANCED_FACE('',(#2340),#2367,.F.);
#2340 = FACE_BOUND('',#2341,.F.);
#2341 = EDGE_LOOP('',(#2342,#2343,#2352,#2360));
#2342 = ORIENTED_EDGE('',*,*,#2055,.T.);
#2343 = ORIENTED_EDGE('',*,*,#2344,.T.);
#2344 = EDGE_CURVE('',#2048,#2345,#2347,.T.);
#2345 = VERTEX_POINT('',#2346);
#2346 = CARTESIAN_POINT('',(-0.798480775301,-0.75,0.492364817767));
#2347 = CIRCLE('',#2348,0.1);
#2348 = AXIS2_PLACEMENT_3D('',#2349,#2350,#2351);
#2349 = CARTESIAN_POINT('',(-0.7,-0.75,0.475));
#2350 = DIRECTION('',(-1.144237745222E-17,-1.,-5.473822126269E-48));
#2351 = DIRECTION('',(2.22044604925E-15,-2.540718180781E-32,1.));
#2352 = ORIENTED_EDGE('',*,*,#2353,.F.);
#2353 = EDGE_CURVE('',#2354,#2345,#2356,.T.);
#2354 = VERTEX_POINT('',#2355);
#2355 = CARTESIAN_POINT('',(-0.798480775301,-1.15,0.492364817767));
#2356 = LINE('',#2357,#2358);
#2357 = CARTESIAN_POINT('',(-0.798480775301,-1.15,0.492364817767));
#2358 = VECTOR('',#2359,1.);
#2359 = DIRECTION('',(1.144237745222E-17,1.,0.));
#2360 = ORIENTED_EDGE('',*,*,#2361,.F.);
#2361 = EDGE_CURVE('',#2056,#2354,#2362,.T.);
#2362 = CIRCLE('',#2363,0.1);
#2363 = AXIS2_PLACEMENT_3D('',#2364,#2365,#2366);
#2364 = CARTESIAN_POINT('',(-0.7,-1.15,0.475));
#2365 = DIRECTION('',(-1.144237745222E-17,-1.,-5.473822126269E-48));
#2366 = DIRECTION('',(2.22044604925E-15,-2.540718180781E-32,1.));
#2367 = CYLINDRICAL_SURFACE('',#2368,0.1);
#2368 = AXIS2_PLACEMENT_3D('',#2369,#2370,#2371);
#2369 = CARTESIAN_POINT('',(-0.7,-1.15,0.475));
#2370 = DIRECTION('',(-1.144237745222E-17,-1.,0.));
#2371 = DIRECTION('',(2.22044604925E-15,-2.540718180781E-32,1.));
#2372 = ADVANCED_FACE('',(#2373),#2398,.F.);
#2373 = FACE_BOUND('',#2374,.F.);
#2374 = EDGE_LOOP('',(#2375,#2383,#2384,#2392));
#2375 = ORIENTED_EDGE('',*,*,#2376,.F.);
#2376 = EDGE_CURVE('',#2048,#2377,#2379,.T.);
#2377 = VERTEX_POINT('',#2378);
#2378 = CARTESIAN_POINT('',(-0.7,-0.75,0.725));
#2379 = LINE('',#2380,#2381);
#2380 = CARTESIAN_POINT('',(-0.7,-0.75,0.529763586955));
#2381 = VECTOR('',#2382,1.);
#2382 = DIRECTION('',(0.,0.,1.));
#2383 = ORIENTED_EDGE('',*,*,#2047,.T.);
#2384 = ORIENTED_EDGE('',*,*,#2385,.T.);
#2385 = EDGE_CURVE('',#2040,#2386,#2388,.T.);
#2386 = VERTEX_POINT('',#2387);
#2387 = CARTESIAN_POINT('',(-0.7,0.75,0.725));
#2388 = LINE('',#2389,#2390);
#2389 = CARTESIAN_POINT('',(-0.7,0.75,0.529763586955));
#2390 = VECTOR('',#2391,1.);
#2391 = DIRECTION('',(0.,0.,1.));
#2392 = ORIENTED_EDGE('',*,*,#2393,.F.);
#2393 = EDGE_CURVE('',#2377,#2386,#2394,.T.);
#2394 = LINE('',#2395,#2396);
#2395 = CARTESIAN_POINT('',(-0.7,-1.405,0.725));
#2396 = VECTOR('',#2397,1.);
#2397 = DIRECTION('',(-1.110223024625E-16,1.,0.));
#2398 = PLANE('',#2399);
#2399 = AXIS2_PLACEMENT_3D('',#2400,#2401,#2402);
#2400 = CARTESIAN_POINT('',(-0.7,-1.405,0.725));
#2401 = DIRECTION('',(1.,1.110223024625E-16,0.));
#2402 = DIRECTION('',(-1.110223024625E-16,1.,0.));
#2403 = ADVANCED_FACE('',(#2404),#2431,.F.);
#2404 = FACE_BOUND('',#2405,.F.);
#2405 = EDGE_LOOP('',(#2406,#2407,#2416,#2424));
#2406 = ORIENTED_EDGE('',*,*,#2039,.T.);
#2407 = ORIENTED_EDGE('',*,*,#2408,.T.);
#2408 = EDGE_CURVE('',#2032,#2409,#2411,.T.);
#2409 = VERTEX_POINT('',#2410);
#2410 = CARTESIAN_POINT('',(-0.798480775301,1.15,0.492364817767));
#2411 = CIRCLE('',#2412,0.1);
#2412 = AXIS2_PLACEMENT_3D('',#2413,#2414,#2415);
#2413 = CARTESIAN_POINT('',(-0.7,1.15,0.475));
#2414 = DIRECTION('',(-1.144237745222E-17,-1.,-5.473822126269E-48));
#2415 = DIRECTION('',(2.22044604925E-15,-2.540718180781E-32,1.));
#2416 = ORIENTED_EDGE('',*,*,#2417,.F.);
#2417 = EDGE_CURVE('',#2418,#2409,#2420,.T.);
#2418 = VERTEX_POINT('',#2419);
#2419 = CARTESIAN_POINT('',(-0.798480775301,0.75,0.492364817767));
#2420 = LINE('',#2421,#2422);
#2421 = CARTESIAN_POINT('',(-0.798480775301,0.75,0.492364817767));
#2422 = VECTOR('',#2423,1.);
#2423 = DIRECTION('',(1.144237745222E-17,1.,0.));
#2424 = ORIENTED_EDGE('',*,*,#2425,.F.);
#2425 = EDGE_CURVE('',#2040,#2418,#2426,.T.);
#2426 = CIRCLE('',#2427,0.1);
#2427 = AXIS2_PLACEMENT_3D('',#2428,#2429,#2430);
#2428 = CARTESIAN_POINT('',(-0.7,0.75,0.475));
#2429 = DIRECTION('',(-1.144237745222E-17,-1.,-5.473822126269E-48));
#2430 = DIRECTION('',(2.22044604925E-15,-2.540718180781E-32,1.));
#2431 = CYLINDRICAL_SURFACE('',#2432,0.1);
#2432 = AXIS2_PLACEMENT_3D('',#2433,#2434,#2435);
#2433 = CARTESIAN_POINT('',(-0.7,0.75,0.475));
#2434 = DIRECTION('',(-1.144237745222E-17,-1.,0.));
#2435 = DIRECTION('',(2.22044604925E-15,-2.540718180781E-32,1.));
#2436 = ADVANCED_FACE('',(#2437),#2448,.F.);
#2437 = FACE_BOUND('',#2438,.F.);
#2438 = EDGE_LOOP('',(#2439,#2445,#2446,#2447));
#2439 = ORIENTED_EDGE('',*,*,#2440,.F.);
#2440 = EDGE_CURVE('',#2032,#2276,#2441,.T.);
#2441 = LINE('',#2442,#2443);
#2442 = CARTESIAN_POINT('',(-0.7,1.15,0.529763586955));
#2443 = VECTOR('',#2444,1.);
#2444 = DIRECTION('',(0.,0.,1.));
#2445 = ORIENTED_EDGE('',*,*,#2031,.T.);
#2446 = ORIENTED_EDGE('',*,*,#2300,.T.);
#2447 = ORIENTED_EDGE('',*,*,#2283,.F.);
#2448 = PLANE('',#2449);
#2449 = AXIS2_PLACEMENT_3D('',#2450,#2451,#2452);
#2450 = CARTESIAN_POINT('',(-0.7,-1.405,0.725));
#2451 = DIRECTION('',(1.,1.110223024625E-16,0.));
#2452 = DIRECTION('',(-1.110223024625E-16,1.,0.));
#2453 = ADVANCED_FACE('',(#2454),#2465,.F.);
#2454 = FACE_BOUND('',#2455,.F.);
#2455 = EDGE_LOOP('',(#2456,#2457,#2458,#2464));
#2456 = ORIENTED_EDGE('',*,*,#2187,.F.);
#2457 = ORIENTED_EDGE('',*,*,#2108,.T.);
#2458 = ORIENTED_EDGE('',*,*,#2459,.T.);
#2459 = EDGE_CURVE('',#2101,#2220,#2460,.T.);
#2460 = LINE('',#2461,#2462);
#2461 = CARTESIAN_POINT('',(0.7,0.2,0.529763586955));
#2462 = VECTOR('',#2463,1.);
#2463 = DIRECTION('',(0.,0.,1.));
#2464 = ORIENTED_EDGE('',*,*,#2219,.F.);
#2465 = PLANE('',#2466);
#2466 = AXIS2_PLACEMENT_3D('',#2467,#2468,#2469);
#2467 = CARTESIAN_POINT('',(0.7,1.405,0.725));
#2468 = DIRECTION('',(-1.,-1.110223024625E-16,0.));
#2469 = DIRECTION('',(1.110223024625E-16,-1.,0.));
#2470 = ADVANCED_FACE('',(#2471),#2498,.F.);
#2471 = FACE_BOUND('',#2472,.F.);
#2472 = EDGE_LOOP('',(#2473,#2474,#2483,#2491));
#2473 = ORIENTED_EDGE('',*,*,#2100,.T.);
#2474 = ORIENTED_EDGE('',*,*,#2475,.T.);
#2475 = EDGE_CURVE('',#2093,#2476,#2478,.T.);
#2476 = VERTEX_POINT('',#2477);
#2477 = CARTESIAN_POINT('',(0.798480775301,-0.2,0.492364817767));
#2478 = CIRCLE('',#2479,0.1);
#2479 = AXIS2_PLACEMENT_3D('',#2480,#2481,#2482);
#2480 = CARTESIAN_POINT('',(0.7,-0.2,0.475));
#2481 = DIRECTION('',(-1.110223024625E-16,1.,0.));
#2482 = DIRECTION('',(-2.22044604925E-15,-2.465190328815E-31,1.));
#2483 = ORIENTED_EDGE('',*,*,#2484,.F.);
#2484 = EDGE_CURVE('',#2485,#2476,#2487,.T.);
#2485 = VERTEX_POINT('',#2486);
#2486 = CARTESIAN_POINT('',(0.798480775301,0.2,0.492364817767));
#2487 = LINE('',#2488,#2489);
#2488 = CARTESIAN_POINT('',(0.798480775301,0.2,0.492364817767));
#2489 = VECTOR('',#2490,1.);
#2490 = DIRECTION('',(1.110223024625E-16,-1.,0.));
#2491 = ORIENTED_EDGE('',*,*,#2492,.F.);
#2492 = EDGE_CURVE('',#2101,#2485,#2493,.T.);
#2493 = CIRCLE('',#2494,0.1);
#2494 = AXIS2_PLACEMENT_3D('',#2495,#2496,#2497);
#2495 = CARTESIAN_POINT('',(0.7,0.2,0.475));
#2496 = DIRECTION('',(-1.110223024625E-16,1.,0.));
#2497 = DIRECTION('',(-2.22044604925E-15,-2.465190328815E-31,1.));
#2498 = CYLINDRICAL_SURFACE('',#2499,0.1);
#2499 = AXIS2_PLACEMENT_3D('',#2500,#2501,#2502);
#2500 = CARTESIAN_POINT('',(0.7,0.2,0.475));
#2501 = DIRECTION('',(-1.110223024625E-16,1.,0.));
#2502 = DIRECTION('',(-2.22044604925E-15,-2.465190328815E-31,1.));
#2503 = ADVANCED_FACE('',(#2504),#2528,.F.);
#2504 = FACE_BOUND('',#2505,.F.);
#2505 = EDGE_LOOP('',(#2506,#2514,#2515,#2522));
#2506 = ORIENTED_EDGE('',*,*,#2507,.F.);
#2507 = EDGE_CURVE('',#2093,#2508,#2510,.T.);
#2508 = VERTEX_POINT('',#2509);
#2509 = CARTESIAN_POINT('',(0.7,-0.2,0.725));
#2510 = LINE('',#2511,#2512);
#2511 = CARTESIAN_POINT('',(0.7,-0.2,0.529763586955));
#2512 = VECTOR('',#2513,1.);
#2513 = DIRECTION('',(0.,0.,1.));
#2514 = ORIENTED_EDGE('',*,*,#2092,.T.);
#2515 = ORIENTED_EDGE('',*,*,#2516,.T.);
#2516 = EDGE_CURVE('',#2086,#2517,#2519,.T.);
#2517 = VERTEX_POINT('',#2518);
#2518 = CARTESIAN_POINT('',(0.7,-1.405,0.725));
#2519 = B_SPLINE_CURVE_WITH_KNOTS('',1,(#2520,#2521),.UNSPECIFIED.,.F.,
  .F.,(2,2),(0.,1.),.PIECEWISE_BEZIER_KNOTS.);
#2520 = CARTESIAN_POINT('',(0.7,-1.405,0.575));
#2521 = CARTESIAN_POINT('',(0.7,-1.405,0.725));
#2522 = ORIENTED_EDGE('',*,*,#2523,.F.);
#2523 = EDGE_CURVE('',#2508,#2517,#2524,.T.);
#2524 = LINE('',#2525,#2526);
#2525 = CARTESIAN_POINT('',(0.7,1.405,0.725));
#2526 = VECTOR('',#2527,1.);
#2527 = DIRECTION('',(1.110223024625E-16,-1.,0.));
#2528 = PLANE('',#2529);
#2529 = AXIS2_PLACEMENT_3D('',#2530,#2531,#2532);
#2530 = CARTESIAN_POINT('',(0.7,1.405,0.725));
#2531 = DIRECTION('',(-1.,-1.110223024625E-16,0.));
#2532 = DIRECTION('',(1.110223024625E-16,-1.,0.));
#2533 = ADVANCED_FACE('',(#2534),#2551,.F.);
#2534 = FACE_BOUND('',#2535,.F.);
#2535 = EDGE_LOOP('',(#2536,#2537,#2538,#2546));
#2536 = ORIENTED_EDGE('',*,*,#2125,.T.);
#2537 = ORIENTED_EDGE('',*,*,#2313,.T.);
#2538 = ORIENTED_EDGE('',*,*,#2539,.F.);
#2539 = EDGE_CURVE('',#2540,#2314,#2542,.T.);
#2540 = VERTEX_POINT('',#2541);
#2541 = CARTESIAN_POINT('',(-0.605,-1.5,0.725));
#2542 = LINE('',#2543,#2544);
#2543 = CARTESIAN_POINT('',(-0.605,-1.5,0.725));
#2544 = VECTOR('',#2545,1.);
#2545 = DIRECTION('',(-0.707106781187,0.707106781187,0.));
#2546 = ORIENTED_EDGE('',*,*,#2547,.F.);
#2547 = EDGE_CURVE('',#2126,#2540,#2548,.T.);
#2548 = B_SPLINE_CURVE_WITH_KNOTS('',1,(#2549,#2550),.UNSPECIFIED.,.F.,
  .F.,(2,2),(0.,1.),.PIECEWISE_BEZIER_KNOTS.);
#2549 = CARTESIAN_POINT('',(-0.605,-1.5,0.575));
#2550 = CARTESIAN_POINT('',(-0.605,-1.5,0.725));
#2551 = PLANE('',#2552);
#2552 = AXIS2_PLACEMENT_3D('',#2553,#2554,#2555);
#2553 = CARTESIAN_POINT('',(-0.605,-1.5,0.725));
#2554 = DIRECTION('',(0.707106781187,0.707106781187,0.));
#2555 = DIRECTION('',(-0.707106781187,0.707106781187,0.));
#2556 = ADVANCED_FACE('',(#2557),#2574,.F.);
#2557 = FACE_BOUND('',#2558,.F.);
#2558 = EDGE_LOOP('',(#2559,#2560,#2567,#2573));
#2559 = ORIENTED_EDGE('',*,*,#2154,.T.);
#2560 = ORIENTED_EDGE('',*,*,#2561,.T.);
#2561 = EDGE_CURVE('',#2148,#2562,#2564,.T.);
#2562 = VERTEX_POINT('',#2563);
#2563 = CARTESIAN_POINT('',(0.605,-1.5,0.725));
#2564 = B_SPLINE_CURVE_WITH_KNOTS('',1,(#2565,#2566),.UNSPECIFIED.,.F.,
  .F.,(2,2),(0.,1.),.PIECEWISE_BEZIER_KNOTS.);
#2565 = CARTESIAN_POINT('',(0.605,-1.5,0.575));
#2566 = CARTESIAN_POINT('',(0.605,-1.5,0.725));
#2567 = ORIENTED_EDGE('',*,*,#2568,.F.);
#2568 = EDGE_CURVE('',#2517,#2562,#2569,.T.);
#2569 = LINE('',#2570,#2571);
#2570 = CARTESIAN_POINT('',(0.7,-1.405,0.725));
#2571 = VECTOR('',#2572,1.);
#2572 = DIRECTION('',(-0.707106781187,-0.707106781187,0.));
#2573 = ORIENTED_EDGE('',*,*,#2516,.F.);
#2574 = PLANE('',#2575);
#2575 = AXIS2_PLACEMENT_3D('',#2576,#2577,#2578);
#2576 = CARTESIAN_POINT('',(0.7,-1.405,0.725));
#2577 = DIRECTION('',(-0.707106781187,0.707106781187,0.));
#2578 = DIRECTION('',(-0.707106781187,-0.707106781187,0.));
#2579 = ADVANCED_FACE('',(#2580),#2591,.F.);
#2580 = FACE_BOUND('',#2581,.F.);
#2581 = EDGE_LOOP('',(#2582,#2583,#2584,#2590));
#2582 = ORIENTED_EDGE('',*,*,#2171,.T.);
#2583 = ORIENTED_EDGE('',*,*,#2547,.T.);
#2584 = ORIENTED_EDGE('',*,*,#2585,.F.);
#2585 = EDGE_CURVE('',#2562,#2540,#2586,.T.);
#2586 = LINE('',#2587,#2588);
#2587 = CARTESIAN_POINT('',(0.605,-1.5,0.725));
#2588 = VECTOR('',#2589,1.);
#2589 = DIRECTION('',(-1.,-1.110223024625E-16,0.));
#2590 = ORIENTED_EDGE('',*,*,#2561,.F.);
#2591 = PLANE('',#2592);
#2592 = AXIS2_PLACEMENT_3D('',#2593,#2594,#2595);
#2593 = CARTESIAN_POINT('',(0.605,-1.5,0.725));
#2594 = DIRECTION('',(-1.110223024625E-16,1.,0.));
#2595 = DIRECTION('',(-1.,-1.110223024625E-16,0.));
#2596 = ADVANCED_FACE('',(#2597),#2620,.F.);
#2597 = FACE_BOUND('',#2598,.F.);
#2598 = EDGE_LOOP('',(#2599,#2607,#2613,#2614));
#2599 = ORIENTED_EDGE('',*,*,#2600,.F.);
#2600 = EDGE_CURVE('',#2386,#2601,#2603,.T.);
#2601 = VERTEX_POINT('',#2602);
#2602 = CARTESIAN_POINT('',(-0.675,0.75,0.725));
#2603 = LINE('',#2604,#2605);
#2604 = CARTESIAN_POINT('',(-0.7,0.75,0.725));
#2605 = VECTOR('',#2606,1.);
#2606 = DIRECTION('',(1.,-1.144237745222E-17,0.));
#2607 = ORIENTED_EDGE('',*,*,#2608,.T.);
#2608 = EDGE_CURVE('',#2386,#2276,#2609,.T.);
#2609 = LINE('',#2610,#2611);
#2610 = CARTESIAN_POINT('',(-0.7,0.75,0.725));
#2611 = VECTOR('',#2612,1.);
#2612 = DIRECTION('',(1.144237745222E-17,1.,0.));
#2613 = ORIENTED_EDGE('',*,*,#2275,.T.);
#2614 = ORIENTED_EDGE('',*,*,#2615,.F.);
#2615 = EDGE_CURVE('',#2601,#2268,#2616,.T.);
#2616 = LINE('',#2617,#2618);
#2617 = CARTESIAN_POINT('',(-0.675,-1.3925,0.725));
#2618 = VECTOR('',#2619,1.);
#2619 = DIRECTION('',(-1.110223024625E-16,1.,0.));
#2620 = PLANE('',#2621);
#2621 = AXIS2_PLACEMENT_3D('',#2622,#2623,#2624);
#2622 = CARTESIAN_POINT('',(-0.7,0.75,0.725));
#2623 = DIRECTION('',(0.,0.,-1.));
#2624 = DIRECTION('',(1.,-1.144237745222E-17,0.));
#2625 = ADVANCED_FACE('',(#2626),#2674,.F.);
#2626 = FACE_BOUND('',#2627,.F.);
#2627 = EDGE_LOOP('',(#2628,#2638,#2646,#2652,#2653,#2654,#2661,#2669));
#2628 = ORIENTED_EDGE('',*,*,#2629,.T.);
#2629 = EDGE_CURVE('',#2630,#2632,#2634,.T.);
#2630 = VERTEX_POINT('',#2631);
#2631 = CARTESIAN_POINT('',(-0.675,-1.3925,0.725));
#2632 = VERTEX_POINT('',#2633);
#2633 = CARTESIAN_POINT('',(-0.675,-1.15,0.725));
#2634 = LINE('',#2635,#2636);
#2635 = CARTESIAN_POINT('',(-0.675,-1.3925,0.725));
#2636 = VECTOR('',#2637,1.);
#2637 = DIRECTION('',(-1.110223024625E-16,1.,0.));
#2638 = ORIENTED_EDGE('',*,*,#2639,.T.);
#2639 = EDGE_CURVE('',#2632,#2640,#2642,.T.);
#2640 = VERTEX_POINT('',#2641);
#2641 = CARTESIAN_POINT('',(-0.675,-0.75,0.725));
#2642 = LINE('',#2643,#2644);
#2643 = CARTESIAN_POINT('',(-0.675,-1.3925,0.725));
#2644 = VECTOR('',#2645,1.);
#2645 = DIRECTION('',(-1.110223024625E-16,1.,0.));
#2646 = ORIENTED_EDGE('',*,*,#2647,.T.);
#2647 = EDGE_CURVE('',#2640,#2601,#2648,.T.);
#2648 = LINE('',#2649,#2650);
#2649 = CARTESIAN_POINT('',(-0.675,-1.3925,0.725));
#2650 = VECTOR('',#2651,1.);
#2651 = DIRECTION('',(-1.110223024625E-16,1.,0.));
#2652 = ORIENTED_EDGE('',*,*,#2615,.T.);
#2653 = ORIENTED_EDGE('',*,*,#2267,.T.);
#2654 = ORIENTED_EDGE('',*,*,#2655,.T.);
#2655 = EDGE_CURVE('',#2260,#2656,#2658,.T.);
#2656 = VERTEX_POINT('',#2657);
#2657 = CARTESIAN_POINT('',(-0.608243103516,1.359121551758,1.2));
#2658 = B_SPLINE_CURVE_WITH_KNOTS('',1,(#2659,#2660),.UNSPECIFIED.,.F.,
  .F.,(2,2),(0.,1.),.PIECEWISE_BEZIER_KNOTS.);
#2659 = CARTESIAN_POINT('',(-0.675,1.3925,0.725));
#2660 = CARTESIAN_POINT('',(-0.608243103516,1.359121551758,1.2));
#2661 = ORIENTED_EDGE('',*,*,#2662,.F.);
#2662 = EDGE_CURVE('',#2663,#2656,#2665,.T.);
#2663 = VERTEX_POINT('',#2664);
#2664 = CARTESIAN_POINT('',(-0.608243103516,-1.359121551758,1.2));
#2665 = LINE('',#2666,#2667);
#2666 = CARTESIAN_POINT('',(-0.608243103516,-1.359121551758,1.2));
#2667 = VECTOR('',#2668,1.);
#2668 = DIRECTION('',(-1.110223024625E-16,1.,0.));
#2669 = ORIENTED_EDGE('',*,*,#2670,.F.);
#2670 = EDGE_CURVE('',#2630,#2663,#2671,.T.);
#2671 = B_SPLINE_CURVE_WITH_KNOTS('',1,(#2672,#2673),.UNSPECIFIED.,.F.,
  .F.,(2,2),(0.,1.),.PIECEWISE_BEZIER_KNOTS.);
#2672 = CARTESIAN_POINT('',(-0.675,-1.3925,0.725));
#2673 = CARTESIAN_POINT('',(-0.608243103516,-1.359121551758,1.2));
#2674 = B_SPLINE_SURFACE_WITH_KNOTS('',1,1,(
    (#2675,#2676)
    ,(#2677,#2678
    )),.UNSPECIFIED.,.F.,.F.,.F.,(2,2),(2,2),(0.,2.785),(0.,1.),
  .PIECEWISE_BEZIER_KNOTS.);
#2675 = CARTESIAN_POINT('',(-0.675,-1.3925,0.725));
#2676 = CARTESIAN_POINT('',(-0.608243103516,-1.359121551758,1.2));
#2677 = CARTESIAN_POINT('',(-0.675,1.3925,0.725));
#2678 = CARTESIAN_POINT('',(-0.608243103516,1.359121551758,1.2));
#2679 = ADVANCED_FACE('',(#2680),#2697,.F.);
#2680 = FACE_BOUND('',#2681,.F.);
#2681 = EDGE_LOOP('',(#2682,#2683,#2690,#2696));
#2682 = ORIENTED_EDGE('',*,*,#2259,.T.);
#2683 = ORIENTED_EDGE('',*,*,#2684,.T.);
#2684 = EDGE_CURVE('',#2252,#2685,#2687,.T.);
#2685 = VERTEX_POINT('',#2686);
#2686 = CARTESIAN_POINT('',(-0.559121551758,1.408243103516,1.2));
#2687 = B_SPLINE_CURVE_WITH_KNOTS('',1,(#2688,#2689),.UNSPECIFIED.,.F.,
  .F.,(2,2),(0.,1.),.PIECEWISE_BEZIER_KNOTS.);
#2688 = CARTESIAN_POINT('',(-0.5925,1.475,0.725));
#2689 = CARTESIAN_POINT('',(-0.559121551758,1.408243103516,1.2));
#2690 = ORIENTED_EDGE('',*,*,#2691,.F.);
#2691 = EDGE_CURVE('',#2656,#2685,#2692,.T.);
#2692 = LINE('',#2693,#2694);
#2693 = CARTESIAN_POINT('',(-0.608243103516,1.359121551758,1.2));
#2694 = VECTOR('',#2695,1.);
#2695 = DIRECTION('',(0.707106781187,0.707106781187,0.));
#2696 = ORIENTED_EDGE('',*,*,#2655,.F.);
#2697 = B_SPLINE_SURFACE_WITH_KNOTS('',1,1,(
    (#2698,#2699)
    ,(#2700,#2701
    )),.UNSPECIFIED.,.F.,.F.,.F.,(2,2),(2,2),(0.,0.116672618896),(0.,1.)
  ,.PIECEWISE_BEZIER_KNOTS.);
#2698 = CARTESIAN_POINT('',(-0.675,1.3925,0.725));
#2699 = CARTESIAN_POINT('',(-0.608243103516,1.359121551758,1.2));
#2700 = CARTESIAN_POINT('',(-0.5925,1.475,0.725));
#2701 = CARTESIAN_POINT('',(-0.559121551758,1.408243103516,1.2));
#2702 = ADVANCED_FACE('',(#2703),#2720,.F.);
#2703 = FACE_BOUND('',#2704,.F.);
#2704 = EDGE_LOOP('',(#2705,#2706,#2713,#2719));
#2705 = ORIENTED_EDGE('',*,*,#2251,.T.);
#2706 = ORIENTED_EDGE('',*,*,#2707,.T.);
#2707 = EDGE_CURVE('',#2244,#2708,#2710,.T.);
#2708 = VERTEX_POINT('',#2709);
#2709 = CARTESIAN_POINT('',(0.559121551758,1.408243103516,1.2));
#2710 = B_SPLINE_CURVE_WITH_KNOTS('',1,(#2711,#2712),.UNSPECIFIED.,.F.,
  .F.,(2,2),(0.,1.),.PIECEWISE_BEZIER_KNOTS.);
#2711 = CARTESIAN_POINT('',(0.5925,1.475,0.725));
#2712 = CARTESIAN_POINT('',(0.559121551758,1.408243103516,1.2));
#2713 = ORIENTED_EDGE('',*,*,#2714,.F.);
#2714 = EDGE_CURVE('',#2685,#2708,#2715,.T.);
#2715 = LINE('',#2716,#2717);
#2716 = CARTESIAN_POINT('',(-0.559121551758,1.408243103516,1.2));
#2717 = VECTOR('',#2718,1.);
#2718 = DIRECTION('',(1.,1.110223024625E-16,0.));
#2719 = ORIENTED_EDGE('',*,*,#2684,.F.);
#2720 = B_SPLINE_SURFACE_WITH_KNOTS('',1,1,(
    (#2721,#2722)
    ,(#2723,#2724
    )),.UNSPECIFIED.,.F.,.F.,.F.,(2,2),(2,2),(0.,1.185),(0.,1.),
  .PIECEWISE_BEZIER_KNOTS.);
#2721 = CARTESIAN_POINT('',(-0.5925,1.475,0.725));
#2722 = CARTESIAN_POINT('',(-0.559121551758,1.408243103516,1.2));
#2723 = CARTESIAN_POINT('',(0.5925,1.475,0.725));
#2724 = CARTESIAN_POINT('',(0.559121551758,1.408243103516,1.2));
#2725 = ADVANCED_FACE('',(#2726),#2743,.F.);
#2726 = FACE_BOUND('',#2727,.F.);
#2727 = EDGE_LOOP('',(#2728,#2729,#2736,#2742));
#2728 = ORIENTED_EDGE('',*,*,#2243,.T.);
#2729 = ORIENTED_EDGE('',*,*,#2730,.T.);
#2730 = EDGE_CURVE('',#2236,#2731,#2733,.T.);
#2731 = VERTEX_POINT('',#2732);
#2732 = CARTESIAN_POINT('',(0.608243103516,1.359121551758,1.2));
#2733 = B_SPLINE_CURVE_WITH_KNOTS('',1,(#2734,#2735),.UNSPECIFIED.,.F.,
  .F.,(2,2),(0.,1.),.PIECEWISE_BEZIER_KNOTS.);
#2734 = CARTESIAN_POINT('',(0.675,1.3925,0.725));
#2735 = CARTESIAN_POINT('',(0.608243103516,1.359121551758,1.2));
#2736 = ORIENTED_EDGE('',*,*,#2737,.F.);
#2737 = EDGE_CURVE('',#2708,#2731,#2738,.T.);
#2738 = LINE('',#2739,#2740);
#2739 = CARTESIAN_POINT('',(0.559121551758,1.408243103516,1.2));
#2740 = VECTOR('',#2741,1.);
#2741 = DIRECTION('',(0.707106781187,-0.707106781187,0.));
#2742 = ORIENTED_EDGE('',*,*,#2707,.F.);
#2743 = B_SPLINE_SURFACE_WITH_KNOTS('',1,1,(
    (#2744,#2745)
    ,(#2746,#2747
    )),.UNSPECIFIED.,.F.,.F.,.F.,(2,2),(2,2),(0.,0.116672618896),(0.,1.)
  ,.PIECEWISE_BEZIER_KNOTS.);
#2744 = CARTESIAN_POINT('',(0.5925,1.475,0.725));
#2745 = CARTESIAN_POINT('',(0.559121551758,1.408243103516,1.2));
#2746 = CARTESIAN_POINT('',(0.675,1.3925,0.725));
#2747 = CARTESIAN_POINT('',(0.608243103516,1.359121551758,1.2));
#2748 = ADVANCED_FACE('',(#2749),#2782,.F.);
#2749 = FACE_BOUND('',#2750,.F.);
#2750 = EDGE_LOOP('',(#2751,#2752,#2760,#2768,#2775,#2781));
#2751 = ORIENTED_EDGE('',*,*,#2235,.T.);
#2752 = ORIENTED_EDGE('',*,*,#2753,.T.);
#2753 = EDGE_CURVE('',#2228,#2754,#2756,.T.);
#2754 = VERTEX_POINT('',#2755);
#2755 = CARTESIAN_POINT('',(0.675,-0.2,0.725));
#2756 = LINE('',#2757,#2758);
#2757 = CARTESIAN_POINT('',(0.675,1.3925,0.725));
#2758 = VECTOR('',#2759,1.);
#2759 = DIRECTION('',(1.110223024625E-16,-1.,0.));
#2760 = ORIENTED_EDGE('',*,*,#2761,.T.);
#2761 = EDGE_CURVE('',#2754,#2762,#2764,.T.);
#2762 = VERTEX_POINT('',#2763);
#2763 = CARTESIAN_POINT('',(0.675,-1.3925,0.725));
#2764 = LINE('',#2765,#2766);
#2765 = CARTESIAN_POINT('',(0.675,1.3925,0.725));
#2766 = VECTOR('',#2767,1.);
#2767 = DIRECTION('',(1.110223024625E-16,-1.,0.));
#2768 = ORIENTED_EDGE('',*,*,#2769,.T.);
#2769 = EDGE_CURVE('',#2762,#2770,#2772,.T.);
#2770 = VERTEX_POINT('',#2771);
#2771 = CARTESIAN_POINT('',(0.608243103516,-1.359121551758,1.2));
#2772 = B_SPLINE_CURVE_WITH_KNOTS('',1,(#2773,#2774),.UNSPECIFIED.,.F.,
  .F.,(2,2),(0.,1.),.PIECEWISE_BEZIER_KNOTS.);
#2773 = CARTESIAN_POINT('',(0.675,-1.3925,0.725));
#2774 = CARTESIAN_POINT('',(0.608243103516,-1.359121551758,1.2));
#2775 = ORIENTED_EDGE('',*,*,#2776,.F.);
#2776 = EDGE_CURVE('',#2731,#2770,#2777,.T.);
#2777 = LINE('',#2778,#2779);
#2778 = CARTESIAN_POINT('',(0.608243103516,1.359121551758,1.2));
#2779 = VECTOR('',#2780,1.);
#2780 = DIRECTION('',(1.110223024625E-16,-1.,0.));
#2781 = ORIENTED_EDGE('',*,*,#2730,.F.);
#2782 = B_SPLINE_SURFACE_WITH_KNOTS('',1,1,(
    (#2783,#2784)
    ,(#2785,#2786
    )),.UNSPECIFIED.,.F.,.F.,.F.,(2,2),(2,2),(0.,2.785),(0.,1.),
  .PIECEWISE_BEZIER_KNOTS.);
#2783 = CARTESIAN_POINT('',(0.675,1.3925,0.725));
#2784 = CARTESIAN_POINT('',(0.608243103516,1.359121551758,1.2));
#2785 = CARTESIAN_POINT('',(0.675,-1.3925,0.725));
#2786 = CARTESIAN_POINT('',(0.608243103516,-1.359121551758,1.2));
#2787 = ADVANCED_FACE('',(#2788),#2804,.F.);
#2788 = FACE_BOUND('',#2789,.F.);
#2789 = EDGE_LOOP('',(#2790,#2791,#2797,#2803));
#2790 = ORIENTED_EDGE('',*,*,#2227,.F.);
#2791 = ORIENTED_EDGE('',*,*,#2792,.T.);
#2792 = EDGE_CURVE('',#2220,#2508,#2793,.T.);
#2793 = LINE('',#2794,#2795);
#2794 = CARTESIAN_POINT('',(0.7,0.2,0.725));
#2795 = VECTOR('',#2796,1.);
#2796 = DIRECTION('',(1.110223024625E-16,-1.,0.));
#2797 = ORIENTED_EDGE('',*,*,#2798,.T.);
#2798 = EDGE_CURVE('',#2508,#2754,#2799,.T.);
#2799 = LINE('',#2800,#2801);
#2800 = CARTESIAN_POINT('',(0.7,-0.2,0.725));
#2801 = VECTOR('',#2802,1.);
#2802 = DIRECTION('',(-1.,-1.110223024625E-16,0.));
#2803 = ORIENTED_EDGE('',*,*,#2753,.F.);
#2804 = PLANE('',#2805);
#2805 = AXIS2_PLACEMENT_3D('',#2806,#2807,#2808);
#2806 = CARTESIAN_POINT('',(0.7,0.2,0.725));
#2807 = DIRECTION('',(0.,0.,-1.));
#2808 = DIRECTION('',(-1.,-1.110223024625E-16,-0.));
#2809 = ADVANCED_FACE('',(#2810),#2848,.F.);
#2810 = FACE_BOUND('',#2811,.F.);
#2811 = EDGE_LOOP('',(#2812,#2813,#2814,#2815,#2816,#2817,#2818,#2824,
    #2825,#2833,#2841,#2847));
#2812 = ORIENTED_EDGE('',*,*,#2798,.F.);
#2813 = ORIENTED_EDGE('',*,*,#2523,.T.);
#2814 = ORIENTED_EDGE('',*,*,#2568,.T.);
#2815 = ORIENTED_EDGE('',*,*,#2585,.T.);
#2816 = ORIENTED_EDGE('',*,*,#2539,.T.);
#2817 = ORIENTED_EDGE('',*,*,#2329,.T.);
#2818 = ORIENTED_EDGE('',*,*,#2819,.T.);
#2819 = EDGE_CURVE('',#2322,#2632,#2820,.T.);
#2820 = LINE('',#2821,#2822);
#2821 = CARTESIAN_POINT('',(-0.7,-1.15,0.725));
#2822 = VECTOR('',#2823,1.);
#2823 = DIRECTION('',(1.,-1.144237745222E-17,0.));
#2824 = ORIENTED_EDGE('',*,*,#2629,.F.);
#2825 = ORIENTED_EDGE('',*,*,#2826,.F.);
#2826 = EDGE_CURVE('',#2827,#2630,#2829,.T.);
#2827 = VERTEX_POINT('',#2828);
#2828 = CARTESIAN_POINT('',(-0.5925,-1.475,0.725));
#2829 = LINE('',#2830,#2831);
#2830 = CARTESIAN_POINT('',(-0.5925,-1.475,0.725));
#2831 = VECTOR('',#2832,1.);
#2832 = DIRECTION('',(-0.707106781187,0.707106781187,0.));
#2833 = ORIENTED_EDGE('',*,*,#2834,.F.);
#2834 = EDGE_CURVE('',#2835,#2827,#2837,.T.);
#2835 = VERTEX_POINT('',#2836);
#2836 = CARTESIAN_POINT('',(0.5925,-1.475,0.725));
#2837 = LINE('',#2838,#2839);
#2838 = CARTESIAN_POINT('',(0.5925,-1.475,0.725));
#2839 = VECTOR('',#2840,1.);
#2840 = DIRECTION('',(-1.,-1.110223024625E-16,0.));
#2841 = ORIENTED_EDGE('',*,*,#2842,.F.);
#2842 = EDGE_CURVE('',#2762,#2835,#2843,.T.);
#2843 = LINE('',#2844,#2845);
#2844 = CARTESIAN_POINT('',(0.675,-1.3925,0.725));
#2845 = VECTOR('',#2846,1.);
#2846 = DIRECTION('',(-0.707106781187,-0.707106781187,0.));
#2847 = ORIENTED_EDGE('',*,*,#2761,.F.);
#2848 = PLANE('',#2849);
#2849 = AXIS2_PLACEMENT_3D('',#2850,#2851,#2852);
#2850 = CARTESIAN_POINT('',(-1.486299604971E-16,1.4875,0.725));
#2851 = DIRECTION('',(1.022886882533E-31,-6.310887241768E-27,-1.));
#2852 = DIRECTION('',(1.,1.217738924546E-16,1.022886882525E-31));
#2853 = ADVANCED_FACE('',(#2854),#2923,.F.);
#2854 = FACE_BOUND('',#2855,.F.);
#2855 = EDGE_LOOP('',(#2856,#2857,#2858,#2866,#2875,#2883,#2891,#2899,
    #2908,#2916));
#2856 = ORIENTED_EDGE('',*,*,#2321,.F.);
#2857 = ORIENTED_EDGE('',*,*,#2361,.T.);
#2858 = ORIENTED_EDGE('',*,*,#2859,.T.);
#2859 = EDGE_CURVE('',#2354,#2860,#2862,.T.);
#2860 = VERTEX_POINT('',#2861);
#2861 = CARTESIAN_POINT('',(-0.843471632406,-1.15,0.206587955583));
#2862 = LINE('',#2863,#2864);
#2863 = CARTESIAN_POINT('',(-0.798480775301,-1.15,0.492364817767));
#2864 = VECTOR('',#2865,1.);
#2865 = DIRECTION('',(-0.155518033909,1.779496044609E-18,-0.987833053268
    ));
#2866 = ORIENTED_EDGE('',*,*,#2867,.T.);
#2867 = EDGE_CURVE('',#2860,#2868,#2870,.T.);
#2868 = VERTEX_POINT('',#2869);
#2869 = CARTESIAN_POINT('',(-1.089673570659,-1.15,5.551115123126E-17));
#2870 = CIRCLE('',#2871,0.25);
#2871 = AXIS2_PLACEMENT_3D('',#2872,#2873,#2874);
#2872 = CARTESIAN_POINT('',(-1.089673570659,-1.15,0.25));
#2873 = DIRECTION('',(1.144237745222E-17,1.,3.851859888774E-34));
#2874 = DIRECTION('',(0.984807753012,-1.126854202784E-17,-0.173648177667
    ));
#2875 = ORIENTED_EDGE('',*,*,#2876,.T.);
#2876 = EDGE_CURVE('',#2868,#2877,#2879,.T.);
#2877 = VERTEX_POINT('',#2878);
#2878 = CARTESIAN_POINT('',(-1.25,-1.15,5.551115123126E-17));
#2879 = LINE('',#2880,#2881);
#2880 = CARTESIAN_POINT('',(-1.089673570659,-1.15,5.551115123126E-17));
#2881 = VECTOR('',#2882,1.);
#2882 = DIRECTION('',(-1.,1.144237745222E-17,0.));
#2883 = ORIENTED_EDGE('',*,*,#2884,.T.);
#2884 = EDGE_CURVE('',#2877,#2885,#2887,.T.);
#2885 = VERTEX_POINT('',#2886);
#2886 = CARTESIAN_POINT('',(-1.25,-1.15,0.15));
#2887 = LINE('',#2888,#2889);
#2888 = CARTESIAN_POINT('',(-1.25,-1.15,5.551115123126E-17));
#2889 = VECTOR('',#2890,1.);
#2890 = DIRECTION('',(0.,0.,1.));
#2891 = ORIENTED_EDGE('',*,*,#2892,.T.);
#2892 = EDGE_CURVE('',#2885,#2893,#2895,.T.);
#2893 = VERTEX_POINT('',#2894);
#2894 = CARTESIAN_POINT('',(-1.089673570659,-1.15,0.15));
#2895 = LINE('',#2896,#2897);
#2896 = CARTESIAN_POINT('',(-1.25,-1.15,0.15));
#2897 = VECTOR('',#2898,1.);
#2898 = DIRECTION('',(1.,-1.144237745222E-17,0.));
#2899 = ORIENTED_EDGE('',*,*,#2900,.T.);
#2900 = EDGE_CURVE('',#2893,#2901,#2903,.T.);
#2901 = VERTEX_POINT('',#2902);
#2902 = CARTESIAN_POINT('',(-0.991192795358,-1.15,0.232635182233));
#2903 = CIRCLE('',#2904,0.1);
#2904 = AXIS2_PLACEMENT_3D('',#2905,#2906,#2907);
#2905 = CARTESIAN_POINT('',(-1.089673570659,-1.15,0.25));
#2906 = DIRECTION('',(-1.144237745222E-17,-1.,1.094764425254E-47));
#2907 = DIRECTION('',(-2.22044604925E-15,2.540718180781E-32,-1.));
#2908 = ORIENTED_EDGE('',*,*,#2909,.T.);
#2909 = EDGE_CURVE('',#2901,#2910,#2912,.T.);
#2910 = VERTEX_POINT('',#2911);
#2911 = CARTESIAN_POINT('',(-0.946201938253,-1.15,0.518412044417));
#2912 = LINE('',#2913,#2914);
#2913 = CARTESIAN_POINT('',(-0.991192795358,-1.15,0.232635182233));
#2914 = VECTOR('',#2915,1.);
#2915 = DIRECTION('',(0.155518033909,-1.779496044609E-18,0.987833053268)
  );
#2916 = ORIENTED_EDGE('',*,*,#2917,.T.);
#2917 = EDGE_CURVE('',#2910,#2322,#2918,.T.);
#2918 = CIRCLE('',#2919,0.25);
#2919 = AXIS2_PLACEMENT_3D('',#2920,#2921,#2922);
#2920 = CARTESIAN_POINT('',(-0.7,-1.15,0.475));
#2921 = DIRECTION('',(1.144237745222E-17,1.,0.));
#2922 = DIRECTION('',(-0.984807753012,1.126854202784E-17,0.173648177667)
  );
#2923 = PLANE('',#2924);
#2924 = AXIS2_PLACEMENT_3D('',#2925,#2926,#2927);
#2925 = CARTESIAN_POINT('',(-0.931323080229,-1.15,0.33452717391));
#2926 = DIRECTION('',(1.144237745222E-17,1.,0.));
#2927 = DIRECTION('',(0.,-0.,1.));
#2928 = ADVANCED_FACE('',(#2929),#2947,.F.);
#2929 = FACE_BOUND('',#2930,.F.);
#2930 = EDGE_LOOP('',(#2931,#2932,#2940,#2946));
#2931 = ORIENTED_EDGE('',*,*,#2353,.T.);
#2932 = ORIENTED_EDGE('',*,*,#2933,.T.);
#2933 = EDGE_CURVE('',#2345,#2934,#2936,.T.);
#2934 = VERTEX_POINT('',#2935);
#2935 = CARTESIAN_POINT('',(-0.843471632406,-0.75,0.206587955583));
#2936 = LINE('',#2937,#2938);
#2937 = CARTESIAN_POINT('',(-0.798480775301,-0.75,0.492364817767));
#2938 = VECTOR('',#2939,1.);
#2939 = DIRECTION('',(-0.155518033909,1.779496044609E-18,-0.987833053268
    ));
#2940 = ORIENTED_EDGE('',*,*,#2941,.F.);
#2941 = EDGE_CURVE('',#2860,#2934,#2942,.T.);
#2942 = LINE('',#2943,#2944);
#2943 = CARTESIAN_POINT('',(-0.843471632406,-1.15,0.206587955583));
#2944 = VECTOR('',#2945,1.);
#2945 = DIRECTION('',(1.144237745222E-17,1.,0.));
#2946 = ORIENTED_EDGE('',*,*,#2859,.F.);
#2947 = PLANE('',#2948);
#2948 = AXIS2_PLACEMENT_3D('',#2949,#2950,#2951);
#2949 = CARTESIAN_POINT('',(-0.798480775301,-1.15,0.492364817767));
#2950 = DIRECTION('',(-0.987833053268,1.130315865527E-17,0.155518033909)
  );
#2951 = DIRECTION('',(-0.155518033909,1.779496044609E-18,-0.987833053268
    ));
#2952 = ADVANCED_FACE('',(#2953),#3015,.T.);
#2953 = FACE_BOUND('',#2954,.T.);
#2954 = EDGE_LOOP('',(#2955,#2956,#2957,#2958,#2967,#2975,#2983,#2991,
    #3000,#3008));
#2955 = ORIENTED_EDGE('',*,*,#2376,.F.);
#2956 = ORIENTED_EDGE('',*,*,#2344,.T.);
#2957 = ORIENTED_EDGE('',*,*,#2933,.T.);
#2958 = ORIENTED_EDGE('',*,*,#2959,.T.);
#2959 = EDGE_CURVE('',#2934,#2960,#2962,.T.);
#2960 = VERTEX_POINT('',#2961);
#2961 = CARTESIAN_POINT('',(-1.089673570659,-0.75,5.551115123126E-17));
#2962 = CIRCLE('',#2963,0.25);
#2963 = AXIS2_PLACEMENT_3D('',#2964,#2965,#2966);
#2964 = CARTESIAN_POINT('',(-1.089673570659,-0.75,0.25));
#2965 = DIRECTION('',(1.144237745222E-17,1.,3.851859888774E-34));
#2966 = DIRECTION('',(0.984807753012,-1.126854202784E-17,-0.173648177667
    ));
#2967 = ORIENTED_EDGE('',*,*,#2968,.T.);
#2968 = EDGE_CURVE('',#2960,#2969,#2971,.T.);
#2969 = VERTEX_POINT('',#2970);
#2970 = CARTESIAN_POINT('',(-1.25,-0.75,5.551115123126E-17));
#2971 = LINE('',#2972,#2973);
#2972 = CARTESIAN_POINT('',(-1.089673570659,-0.75,5.551115123126E-17));
#2973 = VECTOR('',#2974,1.);
#2974 = DIRECTION('',(-1.,1.144237745222E-17,0.));
#2975 = ORIENTED_EDGE('',*,*,#2976,.T.);
#2976 = EDGE_CURVE('',#2969,#2977,#2979,.T.);
#2977 = VERTEX_POINT('',#2978);
#2978 = CARTESIAN_POINT('',(-1.25,-0.75,0.15));
#2979 = LINE('',#2980,#2981);
#2980 = CARTESIAN_POINT('',(-1.25,-0.75,5.551115123126E-17));
#2981 = VECTOR('',#2982,1.);
#2982 = DIRECTION('',(0.,0.,1.));
#2983 = ORIENTED_EDGE('',*,*,#2984,.T.);
#2984 = EDGE_CURVE('',#2977,#2985,#2987,.T.);
#2985 = VERTEX_POINT('',#2986);
#2986 = CARTESIAN_POINT('',(-1.089673570659,-0.75,0.15));
#2987 = LINE('',#2988,#2989);
#2988 = CARTESIAN_POINT('',(-1.25,-0.75,0.15));
#2989 = VECTOR('',#2990,1.);
#2990 = DIRECTION('',(1.,-1.144237745222E-17,0.));
#2991 = ORIENTED_EDGE('',*,*,#2992,.T.);
#2992 = EDGE_CURVE('',#2985,#2993,#2995,.T.);
#2993 = VERTEX_POINT('',#2994);
#2994 = CARTESIAN_POINT('',(-0.991192795358,-0.75,0.232635182233));
#2995 = CIRCLE('',#2996,0.1);
#2996 = AXIS2_PLACEMENT_3D('',#2997,#2998,#2999);
#2997 = CARTESIAN_POINT('',(-1.089673570659,-0.75,0.25));
#2998 = DIRECTION('',(-1.144237745222E-17,-1.,1.094764425254E-47));
#2999 = DIRECTION('',(-2.22044604925E-15,2.540718180781E-32,-1.));
#3000 = ORIENTED_EDGE('',*,*,#3001,.T.);
#3001 = EDGE_CURVE('',#2993,#3002,#3004,.T.);
#3002 = VERTEX_POINT('',#3003);
#3003 = CARTESIAN_POINT('',(-0.946201938253,-0.75,0.518412044417));
#3004 = LINE('',#3005,#3006);
#3005 = CARTESIAN_POINT('',(-0.991192795358,-0.75,0.232635182233));
#3006 = VECTOR('',#3007,1.);
#3007 = DIRECTION('',(0.155518033909,-1.779496044609E-18,0.987833053268)
  );
#3008 = ORIENTED_EDGE('',*,*,#3009,.T.);
#3009 = EDGE_CURVE('',#3002,#2377,#3010,.T.);
#3010 = CIRCLE('',#3011,0.25);
#3011 = AXIS2_PLACEMENT_3D('',#3012,#3013,#3014);
#3012 = CARTESIAN_POINT('',(-0.7,-0.75,0.475));
#3013 = DIRECTION('',(1.144237745222E-17,1.,0.));
#3014 = DIRECTION('',(-0.984807753012,1.126854202784E-17,0.173648177667)
  );
#3015 = PLANE('',#3016);
#3016 = AXIS2_PLACEMENT_3D('',#3017,#3018,#3019);
#3017 = CARTESIAN_POINT('',(-0.931323080229,-0.75,0.33452717391));
#3018 = DIRECTION('',(1.144237745222E-17,1.,0.));
#3019 = DIRECTION('',(0.,-0.,1.));
#3020 = ADVANCED_FACE('',(#3021),#3032,.F.);
#3021 = FACE_BOUND('',#3022,.F.);
#3022 = EDGE_LOOP('',(#3023,#3024,#3025,#3026));
#3023 = ORIENTED_EDGE('',*,*,#2393,.T.);
#3024 = ORIENTED_EDGE('',*,*,#2600,.T.);
#3025 = ORIENTED_EDGE('',*,*,#2647,.F.);
#3026 = ORIENTED_EDGE('',*,*,#3027,.F.);
#3027 = EDGE_CURVE('',#2377,#2640,#3028,.T.);
#3028 = LINE('',#3029,#3030);
#3029 = CARTESIAN_POINT('',(-0.7,-0.75,0.725));
#3030 = VECTOR('',#3031,1.);
#3031 = DIRECTION('',(1.,-1.144237745222E-17,0.));
#3032 = PLANE('',#3033);
#3033 = AXIS2_PLACEMENT_3D('',#3034,#3035,#3036);
#3034 = CARTESIAN_POINT('',(-1.486299604971E-16,1.4875,0.725));
#3035 = DIRECTION('',(1.022886882533E-31,-6.310887241768E-27,-1.));
#3036 = DIRECTION('',(1.,1.217738924546E-16,1.022886882525E-31));
#3037 = ADVANCED_FACE('',(#3038),#3107,.F.);
#3038 = FACE_BOUND('',#3039,.F.);
#3039 = EDGE_LOOP('',(#3040,#3041,#3042,#3050,#3059,#3067,#3075,#3083,
    #3092,#3100));
#3040 = ORIENTED_EDGE('',*,*,#2385,.F.);
#3041 = ORIENTED_EDGE('',*,*,#2425,.T.);
#3042 = ORIENTED_EDGE('',*,*,#3043,.T.);
#3043 = EDGE_CURVE('',#2418,#3044,#3046,.T.);
#3044 = VERTEX_POINT('',#3045);
#3045 = CARTESIAN_POINT('',(-0.843471632406,0.75,0.206587955583));
#3046 = LINE('',#3047,#3048);
#3047 = CARTESIAN_POINT('',(-0.798480775301,0.75,0.492364817767));
#3048 = VECTOR('',#3049,1.);
#3049 = DIRECTION('',(-0.155518033909,1.779496044609E-18,-0.987833053268
    ));
#3050 = ORIENTED_EDGE('',*,*,#3051,.T.);
#3051 = EDGE_CURVE('',#3044,#3052,#3054,.T.);
#3052 = VERTEX_POINT('',#3053);
#3053 = CARTESIAN_POINT('',(-1.089673570659,0.75,5.551115123126E-17));
#3054 = CIRCLE('',#3055,0.25);
#3055 = AXIS2_PLACEMENT_3D('',#3056,#3057,#3058);
#3056 = CARTESIAN_POINT('',(-1.089673570659,0.75,0.25));
#3057 = DIRECTION('',(1.144237745222E-17,1.,3.851859888774E-34));
#3058 = DIRECTION('',(0.984807753012,-1.126854202784E-17,-0.173648177667
    ));
#3059 = ORIENTED_EDGE('',*,*,#3060,.T.);
#3060 = EDGE_CURVE('',#3052,#3061,#3063,.T.);
#3061 = VERTEX_POINT('',#3062);
#3062 = CARTESIAN_POINT('',(-1.25,0.75,5.551115123126E-17));
#3063 = LINE('',#3064,#3065);
#3064 = CARTESIAN_POINT('',(-1.089673570659,0.75,5.551115123126E-17));
#3065 = VECTOR('',#3066,1.);
#3066 = DIRECTION('',(-1.,1.144237745222E-17,0.));
#3067 = ORIENTED_EDGE('',*,*,#3068,.T.);
#3068 = EDGE_CURVE('',#3061,#3069,#3071,.T.);
#3069 = VERTEX_POINT('',#3070);
#3070 = CARTESIAN_POINT('',(-1.25,0.75,0.15));
#3071 = LINE('',#3072,#3073);
#3072 = CARTESIAN_POINT('',(-1.25,0.75,5.551115123126E-17));
#3073 = VECTOR('',#3074,1.);
#3074 = DIRECTION('',(0.,0.,1.));
#3075 = ORIENTED_EDGE('',*,*,#3076,.T.);
#3076 = EDGE_CURVE('',#3069,#3077,#3079,.T.);
#3077 = VERTEX_POINT('',#3078);
#3078 = CARTESIAN_POINT('',(-1.089673570659,0.75,0.15));
#3079 = LINE('',#3080,#3081);
#3080 = CARTESIAN_POINT('',(-1.25,0.75,0.15));
#3081 = VECTOR('',#3082,1.);
#3082 = DIRECTION('',(1.,-1.144237745222E-17,0.));
#3083 = ORIENTED_EDGE('',*,*,#3084,.T.);
#3084 = EDGE_CURVE('',#3077,#3085,#3087,.T.);
#3085 = VERTEX_POINT('',#3086);
#3086 = CARTESIAN_POINT('',(-0.991192795358,0.75,0.232635182233));
#3087 = CIRCLE('',#3088,0.1);
#3088 = AXIS2_PLACEMENT_3D('',#3089,#3090,#3091);
#3089 = CARTESIAN_POINT('',(-1.089673570659,0.75,0.25));
#3090 = DIRECTION('',(-1.144237745222E-17,-1.,1.094764425254E-47));
#3091 = DIRECTION('',(-2.22044604925E-15,2.540718180781E-32,-1.));
#3092 = ORIENTED_EDGE('',*,*,#3093,.T.);
#3093 = EDGE_CURVE('',#3085,#3094,#3096,.T.);
#3094 = VERTEX_POINT('',#3095);
#3095 = CARTESIAN_POINT('',(-0.946201938253,0.75,0.518412044417));
#3096 = LINE('',#3097,#3098);
#3097 = CARTESIAN_POINT('',(-0.991192795358,0.75,0.232635182233));
#3098 = VECTOR('',#3099,1.);
#3099 = DIRECTION('',(0.155518033909,-1.779496044609E-18,0.987833053268)
  );
#3100 = ORIENTED_EDGE('',*,*,#3101,.T.);
#3101 = EDGE_CURVE('',#3094,#2386,#3102,.T.);
#3102 = CIRCLE('',#3103,0.25);
#3103 = AXIS2_PLACEMENT_3D('',#3104,#3105,#3106);
#3104 = CARTESIAN_POINT('',(-0.7,0.75,0.475));
#3105 = DIRECTION('',(1.144237745222E-17,1.,0.));
#3106 = DIRECTION('',(-0.984807753012,1.126854202784E-17,0.173648177667)
  );
#3107 = PLANE('',#3108);
#3108 = AXIS2_PLACEMENT_3D('',#3109,#3110,#3111);
#3109 = CARTESIAN_POINT('',(-0.931323080229,0.75,0.33452717391));
#3110 = DIRECTION('',(1.144237745222E-17,1.,0.));
#3111 = DIRECTION('',(0.,-0.,1.));
#3112 = ADVANCED_FACE('',(#3113),#3131,.F.);
#3113 = FACE_BOUND('',#3114,.F.);
#3114 = EDGE_LOOP('',(#3115,#3116,#3124,#3130));
#3115 = ORIENTED_EDGE('',*,*,#2417,.T.);
#3116 = ORIENTED_EDGE('',*,*,#3117,.T.);
#3117 = EDGE_CURVE('',#2409,#3118,#3120,.T.);
#3118 = VERTEX_POINT('',#3119);
#3119 = CARTESIAN_POINT('',(-0.843471632406,1.15,0.206587955583));
#3120 = LINE('',#3121,#3122);
#3121 = CARTESIAN_POINT('',(-0.798480775301,1.15,0.492364817767));
#3122 = VECTOR('',#3123,1.);
#3123 = DIRECTION('',(-0.155518033909,1.779496044609E-18,-0.987833053268
    ));
#3124 = ORIENTED_EDGE('',*,*,#3125,.F.);
#3125 = EDGE_CURVE('',#3044,#3118,#3126,.T.);
#3126 = LINE('',#3127,#3128);
#3127 = CARTESIAN_POINT('',(-0.843471632406,0.75,0.206587955583));
#3128 = VECTOR('',#3129,1.);
#3129 = DIRECTION('',(1.144237745222E-17,1.,0.));
#3130 = ORIENTED_EDGE('',*,*,#3043,.F.);
#3131 = PLANE('',#3132);
#3132 = AXIS2_PLACEMENT_3D('',#3133,#3134,#3135);
#3133 = CARTESIAN_POINT('',(-0.798480775301,0.75,0.492364817767));
#3134 = DIRECTION('',(-0.987833053268,1.130315865527E-17,0.155518033909)
  );
#3135 = DIRECTION('',(-0.155518033909,1.779496044609E-18,-0.987833053268
    ));
#3136 = ADVANCED_FACE('',(#3137),#3199,.T.);
#3137 = FACE_BOUND('',#3138,.T.);
#3138 = EDGE_LOOP('',(#3139,#3140,#3141,#3142,#3151,#3159,#3167,#3175,
    #3184,#3192));
#3139 = ORIENTED_EDGE('',*,*,#2440,.F.);
#3140 = ORIENTED_EDGE('',*,*,#2408,.T.);
#3141 = ORIENTED_EDGE('',*,*,#3117,.T.);
#3142 = ORIENTED_EDGE('',*,*,#3143,.T.);
#3143 = EDGE_CURVE('',#3118,#3144,#3146,.T.);
#3144 = VERTEX_POINT('',#3145);
#3145 = CARTESIAN_POINT('',(-1.089673570659,1.15,5.551115123126E-17));
#3146 = CIRCLE('',#3147,0.25);
#3147 = AXIS2_PLACEMENT_3D('',#3148,#3149,#3150);
#3148 = CARTESIAN_POINT('',(-1.089673570659,1.15,0.25));
#3149 = DIRECTION('',(1.144237745222E-17,1.,3.851859888774E-34));
#3150 = DIRECTION('',(0.984807753012,-1.126854202784E-17,-0.173648177667
    ));
#3151 = ORIENTED_EDGE('',*,*,#3152,.T.);
#3152 = EDGE_CURVE('',#3144,#3153,#3155,.T.);
#3153 = VERTEX_POINT('',#3154);
#3154 = CARTESIAN_POINT('',(-1.25,1.15,5.551115123126E-17));
#3155 = LINE('',#3156,#3157);
#3156 = CARTESIAN_POINT('',(-1.089673570659,1.15,5.551115123126E-17));
#3157 = VECTOR('',#3158,1.);
#3158 = DIRECTION('',(-1.,1.144237745222E-17,0.));
#3159 = ORIENTED_EDGE('',*,*,#3160,.T.);
#3160 = EDGE_CURVE('',#3153,#3161,#3163,.T.);
#3161 = VERTEX_POINT('',#3162);
#3162 = CARTESIAN_POINT('',(-1.25,1.15,0.15));
#3163 = LINE('',#3164,#3165);
#3164 = CARTESIAN_POINT('',(-1.25,1.15,5.551115123126E-17));
#3165 = VECTOR('',#3166,1.);
#3166 = DIRECTION('',(0.,0.,1.));
#3167 = ORIENTED_EDGE('',*,*,#3168,.T.);
#3168 = EDGE_CURVE('',#3161,#3169,#3171,.T.);
#3169 = VERTEX_POINT('',#3170);
#3170 = CARTESIAN_POINT('',(-1.089673570659,1.15,0.15));
#3171 = LINE('',#3172,#3173);
#3172 = CARTESIAN_POINT('',(-1.25,1.15,0.15));
#3173 = VECTOR('',#3174,1.);
#3174 = DIRECTION('',(1.,-1.144237745222E-17,0.));
#3175 = ORIENTED_EDGE('',*,*,#3176,.T.);
#3176 = EDGE_CURVE('',#3169,#3177,#3179,.T.);
#3177 = VERTEX_POINT('',#3178);
#3178 = CARTESIAN_POINT('',(-0.991192795358,1.15,0.232635182233));
#3179 = CIRCLE('',#3180,0.1);
#3180 = AXIS2_PLACEMENT_3D('',#3181,#3182,#3183);
#3181 = CARTESIAN_POINT('',(-1.089673570659,1.15,0.25));
#3182 = DIRECTION('',(-1.144237745222E-17,-1.,1.094764425254E-47));
#3183 = DIRECTION('',(-2.22044604925E-15,2.540718180781E-32,-1.));
#3184 = ORIENTED_EDGE('',*,*,#3185,.T.);
#3185 = EDGE_CURVE('',#3177,#3186,#3188,.T.);
#3186 = VERTEX_POINT('',#3187);
#3187 = CARTESIAN_POINT('',(-0.946201938253,1.15,0.518412044417));
#3188 = LINE('',#3189,#3190);
#3189 = CARTESIAN_POINT('',(-0.991192795358,1.15,0.232635182233));
#3190 = VECTOR('',#3191,1.);
#3191 = DIRECTION('',(0.155518033909,-1.779496044609E-18,0.987833053268)
  );
#3192 = ORIENTED_EDGE('',*,*,#3193,.T.);
#3193 = EDGE_CURVE('',#3186,#2276,#3194,.T.);
#3194 = CIRCLE('',#3195,0.25);
#3195 = AXIS2_PLACEMENT_3D('',#3196,#3197,#3198);
#3196 = CARTESIAN_POINT('',(-0.7,1.15,0.475));
#3197 = DIRECTION('',(1.144237745222E-17,1.,0.));
#3198 = DIRECTION('',(-0.984807753012,1.126854202784E-17,0.173648177667)
  );
#3199 = PLANE('',#3200);
#3200 = AXIS2_PLACEMENT_3D('',#3201,#3202,#3203);
#3201 = CARTESIAN_POINT('',(-0.931323080229,1.15,0.33452717391));
#3202 = DIRECTION('',(1.144237745222E-17,1.,0.));
#3203 = DIRECTION('',(0.,-0.,1.));
#3204 = ADVANCED_FACE('',(#3205),#3274,.F.);
#3205 = FACE_BOUND('',#3206,.F.);
#3206 = EDGE_LOOP('',(#3207,#3208,#3209,#3217,#3226,#3234,#3242,#3250,
    #3259,#3267));
#3207 = ORIENTED_EDGE('',*,*,#2459,.F.);
#3208 = ORIENTED_EDGE('',*,*,#2492,.T.);
#3209 = ORIENTED_EDGE('',*,*,#3210,.T.);
#3210 = EDGE_CURVE('',#2485,#3211,#3213,.T.);
#3211 = VERTEX_POINT('',#3212);
#3212 = CARTESIAN_POINT('',(0.843471632406,0.2,0.206587955583));
#3213 = LINE('',#3214,#3215);
#3214 = CARTESIAN_POINT('',(0.798480775301,0.2,0.492364817767));
#3215 = VECTOR('',#3216,1.);
#3216 = DIRECTION('',(0.155518033909,1.726597019897E-17,-0.987833053268)
  );
#3217 = ORIENTED_EDGE('',*,*,#3218,.T.);
#3218 = EDGE_CURVE('',#3211,#3219,#3221,.T.);
#3219 = VERTEX_POINT('',#3220);
#3220 = CARTESIAN_POINT('',(1.089673570659,0.2,5.551115123126E-17));
#3221 = CIRCLE('',#3222,0.25);
#3222 = AXIS2_PLACEMENT_3D('',#3223,#3224,#3225);
#3223 = CARTESIAN_POINT('',(1.089673570659,0.2,0.25));
#3224 = DIRECTION('',(1.110223024625E-16,-1.,0.));
#3225 = DIRECTION('',(-0.984807753012,-1.093356242223E-16,
    -0.173648177667));
#3226 = ORIENTED_EDGE('',*,*,#3227,.T.);
#3227 = EDGE_CURVE('',#3219,#3228,#3230,.T.);
#3228 = VERTEX_POINT('',#3229);
#3229 = CARTESIAN_POINT('',(1.25,0.2,5.551115123126E-17));
#3230 = LINE('',#3231,#3232);
#3231 = CARTESIAN_POINT('',(1.089673570659,0.2,5.551115123126E-17));
#3232 = VECTOR('',#3233,1.);
#3233 = DIRECTION('',(1.,1.110223024625E-16,0.));
#3234 = ORIENTED_EDGE('',*,*,#3235,.T.);
#3235 = EDGE_CURVE('',#3228,#3236,#3238,.T.);
#3236 = VERTEX_POINT('',#3237);
#3237 = CARTESIAN_POINT('',(1.25,0.2,0.15));
#3238 = LINE('',#3239,#3240);
#3239 = CARTESIAN_POINT('',(1.25,0.2,5.551115123126E-17));
#3240 = VECTOR('',#3241,1.);
#3241 = DIRECTION('',(0.,0.,1.));
#3242 = ORIENTED_EDGE('',*,*,#3243,.T.);
#3243 = EDGE_CURVE('',#3236,#3244,#3246,.T.);
#3244 = VERTEX_POINT('',#3245);
#3245 = CARTESIAN_POINT('',(1.089673570659,0.2,0.15));
#3246 = LINE('',#3247,#3248);
#3247 = CARTESIAN_POINT('',(1.25,0.2,0.15));
#3248 = VECTOR('',#3249,1.);
#3249 = DIRECTION('',(-1.,-1.110223024625E-16,0.));
#3250 = ORIENTED_EDGE('',*,*,#3251,.T.);
#3251 = EDGE_CURVE('',#3244,#3252,#3254,.T.);
#3252 = VERTEX_POINT('',#3253);
#3253 = CARTESIAN_POINT('',(0.991192795358,0.2,0.232635182233));
#3254 = CIRCLE('',#3255,0.1);
#3255 = AXIS2_PLACEMENT_3D('',#3256,#3257,#3258);
#3256 = CARTESIAN_POINT('',(1.089673570659,0.2,0.25));
#3257 = DIRECTION('',(-1.110223024625E-16,1.,0.));
#3258 = DIRECTION('',(2.22044604925E-15,2.465190328815E-31,-1.));
#3259 = ORIENTED_EDGE('',*,*,#3260,.T.);
#3260 = EDGE_CURVE('',#3252,#3261,#3263,.T.);
#3261 = VERTEX_POINT('',#3262);
#3262 = CARTESIAN_POINT('',(0.946201938253,0.2,0.518412044417));
#3263 = LINE('',#3264,#3265);
#3264 = CARTESIAN_POINT('',(0.991192795358,0.2,0.232635182233));
#3265 = VECTOR('',#3266,1.);
#3266 = DIRECTION('',(-0.155518033909,-1.726597019897E-17,0.987833053268
    ));
#3267 = ORIENTED_EDGE('',*,*,#3268,.T.);
#3268 = EDGE_CURVE('',#3261,#2220,#3269,.T.);
#3269 = CIRCLE('',#3270,0.25);
#3270 = AXIS2_PLACEMENT_3D('',#3271,#3272,#3273);
#3271 = CARTESIAN_POINT('',(0.7,0.2,0.475));
#3272 = DIRECTION('',(1.110223024625E-16,-1.,0.));
#3273 = DIRECTION('',(0.984807753012,1.093356242223E-16,0.173648177667)
  );
#3274 = PLANE('',#3275);
#3275 = AXIS2_PLACEMENT_3D('',#3276,#3277,#3278);
#3276 = CARTESIAN_POINT('',(0.931323080229,0.2,0.33452717391));
#3277 = DIRECTION('',(1.110223024625E-16,-1.,0.));
#3278 = DIRECTION('',(0.,0.,1.));
#3279 = ADVANCED_FACE('',(#3280),#3298,.F.);
#3280 = FACE_BOUND('',#3281,.F.);
#3281 = EDGE_LOOP('',(#3282,#3283,#3291,#3297));
#3282 = ORIENTED_EDGE('',*,*,#2484,.T.);
#3283 = ORIENTED_EDGE('',*,*,#3284,.T.);
#3284 = EDGE_CURVE('',#2476,#3285,#3287,.T.);
#3285 = VERTEX_POINT('',#3286);
#3286 = CARTESIAN_POINT('',(0.843471632406,-0.2,0.206587955583));
#3287 = LINE('',#3288,#3289);
#3288 = CARTESIAN_POINT('',(0.798480775301,-0.2,0.492364817767));
#3289 = VECTOR('',#3290,1.);
#3290 = DIRECTION('',(0.155518033909,1.726597019897E-17,-0.987833053268)
  );
#3291 = ORIENTED_EDGE('',*,*,#3292,.F.);
#3292 = EDGE_CURVE('',#3211,#3285,#3293,.T.);
#3293 = LINE('',#3294,#3295);
#3294 = CARTESIAN_POINT('',(0.843471632406,0.2,0.206587955583));
#3295 = VECTOR('',#3296,1.);
#3296 = DIRECTION('',(1.110223024625E-16,-1.,0.));
#3297 = ORIENTED_EDGE('',*,*,#3210,.F.);
#3298 = PLANE('',#3299);
#3299 = AXIS2_PLACEMENT_3D('',#3300,#3301,#3302);
#3300 = CARTESIAN_POINT('',(0.798480775301,0.2,0.492364817767));
#3301 = DIRECTION('',(0.987833053268,1.096715000224E-16,0.155518033909)
  );
#3302 = DIRECTION('',(0.155518033909,1.726597019897E-17,-0.987833053268)
  );
#3303 = ADVANCED_FACE('',(#3304),#3366,.T.);
#3304 = FACE_BOUND('',#3305,.T.);
#3305 = EDGE_LOOP('',(#3306,#3307,#3308,#3309,#3318,#3326,#3334,#3342,
    #3351,#3359));
#3306 = ORIENTED_EDGE('',*,*,#2507,.F.);
#3307 = ORIENTED_EDGE('',*,*,#2475,.T.);
#3308 = ORIENTED_EDGE('',*,*,#3284,.T.);
#3309 = ORIENTED_EDGE('',*,*,#3310,.T.);
#3310 = EDGE_CURVE('',#3285,#3311,#3313,.T.);
#3311 = VERTEX_POINT('',#3312);
#3312 = CARTESIAN_POINT('',(1.089673570659,-0.2,5.551115123126E-17));
#3313 = CIRCLE('',#3314,0.25);
#3314 = AXIS2_PLACEMENT_3D('',#3315,#3316,#3317);
#3315 = CARTESIAN_POINT('',(1.089673570659,-0.2,0.25));
#3316 = DIRECTION('',(1.110223024625E-16,-1.,0.));
#3317 = DIRECTION('',(-0.984807753012,-1.093356242223E-16,
    -0.173648177667));
#3318 = ORIENTED_EDGE('',*,*,#3319,.T.);
#3319 = EDGE_CURVE('',#3311,#3320,#3322,.T.);
#3320 = VERTEX_POINT('',#3321);
#3321 = CARTESIAN_POINT('',(1.25,-0.2,5.551115123126E-17));
#3322 = LINE('',#3323,#3324);
#3323 = CARTESIAN_POINT('',(1.089673570659,-0.2,5.551115123126E-17));
#3324 = VECTOR('',#3325,1.);
#3325 = DIRECTION('',(1.,1.110223024625E-16,0.));
#3326 = ORIENTED_EDGE('',*,*,#3327,.T.);
#3327 = EDGE_CURVE('',#3320,#3328,#3330,.T.);
#3328 = VERTEX_POINT('',#3329);
#3329 = CARTESIAN_POINT('',(1.25,-0.2,0.15));
#3330 = LINE('',#3331,#3332);
#3331 = CARTESIAN_POINT('',(1.25,-0.2,5.551115123126E-17));
#3332 = VECTOR('',#3333,1.);
#3333 = DIRECTION('',(0.,0.,1.));
#3334 = ORIENTED_EDGE('',*,*,#3335,.T.);
#3335 = EDGE_CURVE('',#3328,#3336,#3338,.T.);
#3336 = VERTEX_POINT('',#3337);
#3337 = CARTESIAN_POINT('',(1.089673570659,-0.2,0.15));
#3338 = LINE('',#3339,#3340);
#3339 = CARTESIAN_POINT('',(1.25,-0.2,0.15));
#3340 = VECTOR('',#3341,1.);
#3341 = DIRECTION('',(-1.,-1.110223024625E-16,0.));
#3342 = ORIENTED_EDGE('',*,*,#3343,.T.);
#3343 = EDGE_CURVE('',#3336,#3344,#3346,.T.);
#3344 = VERTEX_POINT('',#3345);
#3345 = CARTESIAN_POINT('',(0.991192795358,-0.2,0.232635182233));
#3346 = CIRCLE('',#3347,0.1);
#3347 = AXIS2_PLACEMENT_3D('',#3348,#3349,#3350);
#3348 = CARTESIAN_POINT('',(1.089673570659,-0.2,0.25));
#3349 = DIRECTION('',(-1.110223024625E-16,1.,0.));
#3350 = DIRECTION('',(2.22044604925E-15,2.465190328815E-31,-1.));
#3351 = ORIENTED_EDGE('',*,*,#3352,.T.);
#3352 = EDGE_CURVE('',#3344,#3353,#3355,.T.);
#3353 = VERTEX_POINT('',#3354);
#3354 = CARTESIAN_POINT('',(0.946201938253,-0.2,0.518412044417));
#3355 = LINE('',#3356,#3357);
#3356 = CARTESIAN_POINT('',(0.991192795358,-0.2,0.232635182233));
#3357 = VECTOR('',#3358,1.);
#3358 = DIRECTION('',(-0.155518033909,-1.726597019897E-17,0.987833053268
    ));
#3359 = ORIENTED_EDGE('',*,*,#3360,.T.);
#3360 = EDGE_CURVE('',#3353,#2508,#3361,.T.);
#3361 = CIRCLE('',#3362,0.25);
#3362 = AXIS2_PLACEMENT_3D('',#3363,#3364,#3365);
#3363 = CARTESIAN_POINT('',(0.7,-0.2,0.475));
#3364 = DIRECTION('',(1.110223024625E-16,-1.,0.));
#3365 = DIRECTION('',(0.984807753012,1.093356242223E-16,0.173648177667)
  );
#3366 = PLANE('',#3367);
#3367 = AXIS2_PLACEMENT_3D('',#3368,#3369,#3370);
#3368 = CARTESIAN_POINT('',(0.931323080229,-0.2,0.33452717391));
#3369 = DIRECTION('',(1.110223024625E-16,-1.,0.));
#3370 = DIRECTION('',(0.,0.,1.));
#3371 = ADVANCED_FACE('',(#3372),#3383,.T.);
#3372 = FACE_BOUND('',#3373,.T.);
#3373 = EDGE_LOOP('',(#3374,#3375,#3376,#3377));
#3374 = ORIENTED_EDGE('',*,*,#3101,.T.);
#3375 = ORIENTED_EDGE('',*,*,#2608,.T.);
#3376 = ORIENTED_EDGE('',*,*,#3193,.F.);
#3377 = ORIENTED_EDGE('',*,*,#3378,.F.);
#3378 = EDGE_CURVE('',#3094,#3186,#3379,.T.);
#3379 = LINE('',#3380,#3381);
#3380 = CARTESIAN_POINT('',(-0.946201938253,0.75,0.518412044417));
#3381 = VECTOR('',#3382,1.);
#3382 = DIRECTION('',(1.144237745222E-17,1.,0.));
#3383 = CYLINDRICAL_SURFACE('',#3384,0.25);
#3384 = AXIS2_PLACEMENT_3D('',#3385,#3386,#3387);
#3385 = CARTESIAN_POINT('',(-0.7,0.75,0.475));
#3386 = DIRECTION('',(-1.144237745222E-17,-1.,0.));
#3387 = DIRECTION('',(-0.984807753012,1.126854202784E-17,0.173648177667)
  );
#3388 = ADVANCED_FACE('',(#3389),#3400,.F.);
#3389 = FACE_BOUND('',#3390,.F.);
#3390 = EDGE_LOOP('',(#3391,#3392,#3398,#3399));
#3391 = ORIENTED_EDGE('',*,*,#2819,.F.);
#3392 = ORIENTED_EDGE('',*,*,#3393,.T.);
#3393 = EDGE_CURVE('',#2322,#2377,#3394,.T.);
#3394 = LINE('',#3395,#3396);
#3395 = CARTESIAN_POINT('',(-0.7,-1.15,0.725));
#3396 = VECTOR('',#3397,1.);
#3397 = DIRECTION('',(1.144237745222E-17,1.,0.));
#3398 = ORIENTED_EDGE('',*,*,#3027,.T.);
#3399 = ORIENTED_EDGE('',*,*,#2639,.F.);
#3400 = PLANE('',#3401);
#3401 = AXIS2_PLACEMENT_3D('',#3402,#3403,#3404);
#3402 = CARTESIAN_POINT('',(-0.7,-1.15,0.725));
#3403 = DIRECTION('',(0.,0.,-1.));
#3404 = DIRECTION('',(1.,-1.144237745222E-17,0.));
#3405 = ADVANCED_FACE('',(#3406,#3435),#3446,.T.);
#3406 = FACE_BOUND('',#3407,.T.);
#3407 = EDGE_LOOP('',(#3408,#3409,#3410,#3411,#3419,#3427,#3433,#3434));
#3408 = ORIENTED_EDGE('',*,*,#2714,.F.);
#3409 = ORIENTED_EDGE('',*,*,#2691,.F.);
#3410 = ORIENTED_EDGE('',*,*,#2662,.F.);
#3411 = ORIENTED_EDGE('',*,*,#3412,.F.);
#3412 = EDGE_CURVE('',#3413,#2663,#3415,.T.);
#3413 = VERTEX_POINT('',#3414);
#3414 = CARTESIAN_POINT('',(-0.559121551758,-1.408243103516,1.2));
#3415 = LINE('',#3416,#3417);
#3416 = CARTESIAN_POINT('',(-0.559121551758,-1.408243103516,1.2));
#3417 = VECTOR('',#3418,1.);
#3418 = DIRECTION('',(-0.707106781187,0.707106781187,0.));
#3419 = ORIENTED_EDGE('',*,*,#3420,.F.);
#3420 = EDGE_CURVE('',#3421,#3413,#3423,.T.);
#3421 = VERTEX_POINT('',#3422);
#3422 = CARTESIAN_POINT('',(0.559121551758,-1.408243103516,1.2));
#3423 = LINE('',#3424,#3425);
#3424 = CARTESIAN_POINT('',(0.559121551758,-1.408243103516,1.2));
#3425 = VECTOR('',#3426,1.);
#3426 = DIRECTION('',(-1.,-1.110223024625E-16,0.));
#3427 = ORIENTED_EDGE('',*,*,#3428,.F.);
#3428 = EDGE_CURVE('',#2770,#3421,#3429,.T.);
#3429 = LINE('',#3430,#3431);
#3430 = CARTESIAN_POINT('',(0.608243103516,-1.359121551758,1.2));
#3431 = VECTOR('',#3432,1.);
#3432 = DIRECTION('',(-0.707106781187,-0.707106781187,0.));
#3433 = ORIENTED_EDGE('',*,*,#2776,.F.);
#3434 = ORIENTED_EDGE('',*,*,#2737,.F.);
#3435 = FACE_BOUND('',#3436,.T.);
#3436 = EDGE_LOOP('',(#3437));
#3437 = ORIENTED_EDGE('',*,*,#3438,.T.);
#3438 = EDGE_CURVE('',#3439,#3439,#3441,.T.);
#3439 = VERTEX_POINT('',#3440);
#3440 = CARTESIAN_POINT('',(-0.428243103516,1.178243103516,1.2));
#3441 = CIRCLE('',#3442,5.E-02);
#3442 = AXIS2_PLACEMENT_3D('',#3443,#3444,#3445);
#3443 = CARTESIAN_POINT('',(-0.428243103516,1.228243103516,1.2));
#3444 = DIRECTION('',(0.,-0.,-1.));
#3445 = DIRECTION('',(1.110223024625E-16,-1.,0.));
#3446 = PLANE('',#3447);
#3447 = AXIS2_PLACEMENT_3D('',#3448,#3449,#3450);
#3448 = CARTESIAN_POINT('',(-0.559121551758,1.408243103516,1.2));
#3449 = DIRECTION('',(0.,0.,1.));
#3450 = DIRECTION('',(0.369013679242,-0.929423963825,0.));
#3451 = ADVANCED_FACE('',(#3452),#3462,.F.);
#3452 = FACE_BOUND('',#3453,.F.);
#3453 = EDGE_LOOP('',(#3454,#3455,#3456,#3457));
#3454 = ORIENTED_EDGE('',*,*,#2826,.T.);
#3455 = ORIENTED_EDGE('',*,*,#2670,.T.);
#3456 = ORIENTED_EDGE('',*,*,#3412,.F.);
#3457 = ORIENTED_EDGE('',*,*,#3458,.F.);
#3458 = EDGE_CURVE('',#2827,#3413,#3459,.T.);
#3459 = B_SPLINE_CURVE_WITH_KNOTS('',1,(#3460,#3461),.UNSPECIFIED.,.F.,
  .F.,(2,2),(0.,1.),.PIECEWISE_BEZIER_KNOTS.);
#3460 = CARTESIAN_POINT('',(-0.5925,-1.475,0.725));
#3461 = CARTESIAN_POINT('',(-0.559121551758,-1.408243103516,1.2));
#3462 = B_SPLINE_SURFACE_WITH_KNOTS('',1,1,(
    (#3463,#3464)
    ,(#3465,#3466
    )),.UNSPECIFIED.,.F.,.F.,.F.,(2,2),(2,2),(0.,0.116672618896),(0.,1.)
  ,.PIECEWISE_BEZIER_KNOTS.);
#3463 = CARTESIAN_POINT('',(-0.5925,-1.475,0.725));
#3464 = CARTESIAN_POINT('',(-0.559121551758,-1.408243103516,1.2));
#3465 = CARTESIAN_POINT('',(-0.675,-1.3925,0.725));
#3466 = CARTESIAN_POINT('',(-0.608243103516,-1.359121551758,1.2));
#3467 = ADVANCED_FACE('',(#3468),#3478,.F.);
#3468 = FACE_BOUND('',#3469,.F.);
#3469 = EDGE_LOOP('',(#3470,#3471,#3476,#3477));
#3470 = ORIENTED_EDGE('',*,*,#2842,.T.);
#3471 = ORIENTED_EDGE('',*,*,#3472,.T.);
#3472 = EDGE_CURVE('',#2835,#3421,#3473,.T.);
#3473 = B_SPLINE_CURVE_WITH_KNOTS('',1,(#3474,#3475),.UNSPECIFIED.,.F.,
  .F.,(2,2),(0.,1.),.PIECEWISE_BEZIER_KNOTS.);
#3474 = CARTESIAN_POINT('',(0.5925,-1.475,0.725));
#3475 = CARTESIAN_POINT('',(0.559121551758,-1.408243103516,1.2));
#3476 = ORIENTED_EDGE('',*,*,#3428,.F.);
#3477 = ORIENTED_EDGE('',*,*,#2769,.F.);
#3478 = B_SPLINE_SURFACE_WITH_KNOTS('',1,1,(
    (#3479,#3480)
    ,(#3481,#3482
    )),.UNSPECIFIED.,.F.,.F.,.F.,(2,2),(2,2),(0.,0.116672618896),(0.,1.)
  ,.PIECEWISE_BEZIER_KNOTS.);
#3479 = CARTESIAN_POINT('',(0.675,-1.3925,0.725));
#3480 = CARTESIAN_POINT('',(0.608243103516,-1.359121551758,1.2));
#3481 = CARTESIAN_POINT('',(0.5925,-1.475,0.725));
#3482 = CARTESIAN_POINT('',(0.559121551758,-1.408243103516,1.2));
#3483 = ADVANCED_FACE('',(#3484),#3495,.T.);
#3484 = FACE_BOUND('',#3485,.T.);
#3485 = EDGE_LOOP('',(#3486,#3487,#3488,#3489));
#3486 = ORIENTED_EDGE('',*,*,#3268,.T.);
#3487 = ORIENTED_EDGE('',*,*,#2792,.T.);
#3488 = ORIENTED_EDGE('',*,*,#3360,.F.);
#3489 = ORIENTED_EDGE('',*,*,#3490,.F.);
#3490 = EDGE_CURVE('',#3261,#3353,#3491,.T.);
#3491 = LINE('',#3492,#3493);
#3492 = CARTESIAN_POINT('',(0.946201938253,0.2,0.518412044417));
#3493 = VECTOR('',#3494,1.);
#3494 = DIRECTION('',(1.110223024625E-16,-1.,0.));
#3495 = CYLINDRICAL_SURFACE('',#3496,0.25);
#3496 = AXIS2_PLACEMENT_3D('',#3497,#3498,#3499);
#3497 = CARTESIAN_POINT('',(0.7,0.2,0.475));
#3498 = DIRECTION('',(-1.110223024625E-16,1.,0.));
#3499 = DIRECTION('',(0.984807753012,1.093356242223E-16,0.173648177667)
  );
#3500 = ADVANCED_FACE('',(#3501),#3507,.F.);
#3501 = FACE_BOUND('',#3502,.F.);
#3502 = EDGE_LOOP('',(#3503,#3504,#3505,#3506));
#3503 = ORIENTED_EDGE('',*,*,#2834,.T.);
#3504 = ORIENTED_EDGE('',*,*,#3458,.T.);
#3505 = ORIENTED_EDGE('',*,*,#3420,.F.);
#3506 = ORIENTED_EDGE('',*,*,#3472,.F.);
#3507 = B_SPLINE_SURFACE_WITH_KNOTS('',1,1,(
    (#3508,#3509)
    ,(#3510,#3511
    )),.UNSPECIFIED.,.F.,.F.,.F.,(2,2),(2,2),(0.,1.185),(0.,1.),
  .PIECEWISE_BEZIER_KNOTS.);
#3508 = CARTESIAN_POINT('',(0.5925,-1.475,0.725));
#3509 = CARTESIAN_POINT('',(0.559121551758,-1.408243103516,1.2));
#3510 = CARTESIAN_POINT('',(-0.5925,-1.475,0.725));
#3511 = CARTESIAN_POINT('',(-0.559121551758,-1.408243103516,1.2));
#3512 = ADVANCED_FACE('',(#3513),#3524,.T.);
#3513 = FACE_BOUND('',#3514,.T.);
#3514 = EDGE_LOOP('',(#3515,#3516,#3517,#3518));
#3515 = ORIENTED_EDGE('',*,*,#2917,.T.);
#3516 = ORIENTED_EDGE('',*,*,#3393,.T.);
#3517 = ORIENTED_EDGE('',*,*,#3009,.F.);
#3518 = ORIENTED_EDGE('',*,*,#3519,.F.);
#3519 = EDGE_CURVE('',#2910,#3002,#3520,.T.);
#3520 = LINE('',#3521,#3522);
#3521 = CARTESIAN_POINT('',(-0.946201938253,-1.15,0.518412044417));
#3522 = VECTOR('',#3523,1.);
#3523 = DIRECTION('',(1.144237745222E-17,1.,0.));
#3524 = CYLINDRICAL_SURFACE('',#3525,0.25);
#3525 = AXIS2_PLACEMENT_3D('',#3526,#3527,#3528);
#3526 = CARTESIAN_POINT('',(-0.7,-1.15,0.475));
#3527 = DIRECTION('',(-1.144237745222E-17,-1.,0.));
#3528 = DIRECTION('',(-0.984807753012,1.126854202784E-17,0.173648177667)
  );
#3529 = ADVANCED_FACE('',(#3530),#3541,.F.);
#3530 = FACE_BOUND('',#3531,.F.);
#3531 = EDGE_LOOP('',(#3532,#3538,#3539,#3540));
#3532 = ORIENTED_EDGE('',*,*,#3533,.T.);
#3533 = EDGE_CURVE('',#2901,#2993,#3534,.T.);
#3534 = LINE('',#3535,#3536);
#3535 = CARTESIAN_POINT('',(-0.991192795358,-1.15,0.232635182233));
#3536 = VECTOR('',#3537,1.);
#3537 = DIRECTION('',(1.144237745222E-17,1.,0.));
#3538 = ORIENTED_EDGE('',*,*,#3001,.T.);
#3539 = ORIENTED_EDGE('',*,*,#3519,.F.);
#3540 = ORIENTED_EDGE('',*,*,#2909,.F.);
#3541 = PLANE('',#3542);
#3542 = AXIS2_PLACEMENT_3D('',#3543,#3544,#3545);
#3543 = CARTESIAN_POINT('',(-0.991192795358,-1.15,0.232635182233));
#3544 = DIRECTION('',(0.987833053268,-1.130315865527E-17,-0.155518033909
    ));
#3545 = DIRECTION('',(0.155518033909,-1.779496044609E-18,0.987833053268)
  );
#3546 = ADVANCED_FACE('',(#3547),#3558,.F.);
#3547 = FACE_BOUND('',#3548,.F.);
#3548 = EDGE_LOOP('',(#3549,#3555,#3556,#3557));
#3549 = ORIENTED_EDGE('',*,*,#3550,.T.);
#3550 = EDGE_CURVE('',#2893,#2985,#3551,.T.);
#3551 = LINE('',#3552,#3553);
#3552 = CARTESIAN_POINT('',(-1.089673570659,-1.15,0.15));
#3553 = VECTOR('',#3554,1.);
#3554 = DIRECTION('',(1.144237745222E-17,1.,0.));
#3555 = ORIENTED_EDGE('',*,*,#2992,.T.);
#3556 = ORIENTED_EDGE('',*,*,#3533,.F.);
#3557 = ORIENTED_EDGE('',*,*,#2900,.F.);
#3558 = CYLINDRICAL_SURFACE('',#3559,0.1);
#3559 = AXIS2_PLACEMENT_3D('',#3560,#3561,#3562);
#3560 = CARTESIAN_POINT('',(-1.089673570659,-1.15,0.25));
#3561 = DIRECTION('',(-1.144237745222E-17,-1.,0.));
#3562 = DIRECTION('',(-2.22044604925E-15,2.540718180781E-32,-1.));
#3563 = ADVANCED_FACE('',(#3564),#3575,.F.);
#3564 = FACE_BOUND('',#3565,.F.);
#3565 = EDGE_LOOP('',(#3566,#3572,#3573,#3574));
#3566 = ORIENTED_EDGE('',*,*,#3567,.T.);
#3567 = EDGE_CURVE('',#2885,#2977,#3568,.T.);
#3568 = LINE('',#3569,#3570);
#3569 = CARTESIAN_POINT('',(-1.25,-1.15,0.15));
#3570 = VECTOR('',#3571,1.);
#3571 = DIRECTION('',(1.144237745222E-17,1.,0.));
#3572 = ORIENTED_EDGE('',*,*,#2984,.T.);
#3573 = ORIENTED_EDGE('',*,*,#3550,.F.);
#3574 = ORIENTED_EDGE('',*,*,#2892,.F.);
#3575 = PLANE('',#3576);
#3576 = AXIS2_PLACEMENT_3D('',#3577,#3578,#3579);
#3577 = CARTESIAN_POINT('',(-1.25,-1.15,0.15));
#3578 = DIRECTION('',(0.,0.,-1.));
#3579 = DIRECTION('',(1.,-1.144237745222E-17,0.));
#3580 = ADVANCED_FACE('',(#3581),#3592,.F.);
#3581 = FACE_BOUND('',#3582,.F.);
#3582 = EDGE_LOOP('',(#3583,#3589,#3590,#3591));
#3583 = ORIENTED_EDGE('',*,*,#3584,.T.);
#3584 = EDGE_CURVE('',#2877,#2969,#3585,.T.);
#3585 = LINE('',#3586,#3587);
#3586 = CARTESIAN_POINT('',(-1.25,-1.15,5.551115123126E-17));
#3587 = VECTOR('',#3588,1.);
#3588 = DIRECTION('',(1.144237745222E-17,1.,0.));
#3589 = ORIENTED_EDGE('',*,*,#2976,.T.);
#3590 = ORIENTED_EDGE('',*,*,#3567,.F.);
#3591 = ORIENTED_EDGE('',*,*,#2884,.F.);
#3592 = PLANE('',#3593);
#3593 = AXIS2_PLACEMENT_3D('',#3594,#3595,#3596);
#3594 = CARTESIAN_POINT('',(-1.25,-1.15,5.551115123126E-17));
#3595 = DIRECTION('',(1.,-1.144237745222E-17,0.));
#3596 = DIRECTION('',(0.,0.,1.));
#3597 = ADVANCED_FACE('',(#3598),#3609,.F.);
#3598 = FACE_BOUND('',#3599,.F.);
#3599 = EDGE_LOOP('',(#3600,#3606,#3607,#3608));
#3600 = ORIENTED_EDGE('',*,*,#3601,.T.);
#3601 = EDGE_CURVE('',#2868,#2960,#3602,.T.);
#3602 = LINE('',#3603,#3604);
#3603 = CARTESIAN_POINT('',(-1.089673570659,-1.15,5.551115123126E-17));
#3604 = VECTOR('',#3605,1.);
#3605 = DIRECTION('',(1.144237745222E-17,1.,0.));
#3606 = ORIENTED_EDGE('',*,*,#2968,.T.);
#3607 = ORIENTED_EDGE('',*,*,#3584,.F.);
#3608 = ORIENTED_EDGE('',*,*,#2876,.F.);
#3609 = PLANE('',#3610);
#3610 = AXIS2_PLACEMENT_3D('',#3611,#3612,#3613);
#3611 = CARTESIAN_POINT('',(-1.089673570659,-1.15,5.551115123126E-17));
#3612 = DIRECTION('',(0.,0.,1.));
#3613 = DIRECTION('',(-1.,1.144237745222E-17,0.));
#3614 = ADVANCED_FACE('',(#3615),#3621,.T.);
#3615 = FACE_BOUND('',#3616,.T.);
#3616 = EDGE_LOOP('',(#3617,#3618,#3619,#3620));
#3617 = ORIENTED_EDGE('',*,*,#2867,.T.);
#3618 = ORIENTED_EDGE('',*,*,#3601,.T.);
#3619 = ORIENTED_EDGE('',*,*,#2959,.F.);
#3620 = ORIENTED_EDGE('',*,*,#2941,.F.);
#3621 = CYLINDRICAL_SURFACE('',#3622,0.25);
#3622 = AXIS2_PLACEMENT_3D('',#3623,#3624,#3625);
#3623 = CARTESIAN_POINT('',(-1.089673570659,-1.15,0.25));
#3624 = DIRECTION('',(-1.144237745222E-17,-1.,0.));
#3625 = DIRECTION('',(0.984807753012,-1.126854202784E-17,-0.173648177667
    ));
#3626 = ADVANCED_FACE('',(#3627),#3638,.F.);
#3627 = FACE_BOUND('',#3628,.F.);
#3628 = EDGE_LOOP('',(#3629,#3635,#3636,#3637));
#3629 = ORIENTED_EDGE('',*,*,#3630,.T.);
#3630 = EDGE_CURVE('',#3085,#3177,#3631,.T.);
#3631 = LINE('',#3632,#3633);
#3632 = CARTESIAN_POINT('',(-0.991192795358,0.75,0.232635182233));
#3633 = VECTOR('',#3634,1.);
#3634 = DIRECTION('',(1.144237745222E-17,1.,0.));
#3635 = ORIENTED_EDGE('',*,*,#3185,.T.);
#3636 = ORIENTED_EDGE('',*,*,#3378,.F.);
#3637 = ORIENTED_EDGE('',*,*,#3093,.F.);
#3638 = PLANE('',#3639);
#3639 = AXIS2_PLACEMENT_3D('',#3640,#3641,#3642);
#3640 = CARTESIAN_POINT('',(-0.991192795358,0.75,0.232635182233));
#3641 = DIRECTION('',(0.987833053268,-1.130315865527E-17,-0.155518033909
    ));
#3642 = DIRECTION('',(0.155518033909,-1.779496044609E-18,0.987833053268)
  );
#3643 = ADVANCED_FACE('',(#3644),#3655,.F.);
#3644 = FACE_BOUND('',#3645,.F.);
#3645 = EDGE_LOOP('',(#3646,#3652,#3653,#3654));
#3646 = ORIENTED_EDGE('',*,*,#3647,.T.);
#3647 = EDGE_CURVE('',#3077,#3169,#3648,.T.);
#3648 = LINE('',#3649,#3650);
#3649 = CARTESIAN_POINT('',(-1.089673570659,0.75,0.15));
#3650 = VECTOR('',#3651,1.);
#3651 = DIRECTION('',(1.144237745222E-17,1.,0.));
#3652 = ORIENTED_EDGE('',*,*,#3176,.T.);
#3653 = ORIENTED_EDGE('',*,*,#3630,.F.);
#3654 = ORIENTED_EDGE('',*,*,#3084,.F.);
#3655 = CYLINDRICAL_SURFACE('',#3656,0.1);
#3656 = AXIS2_PLACEMENT_3D('',#3657,#3658,#3659);
#3657 = CARTESIAN_POINT('',(-1.089673570659,0.75,0.25));
#3658 = DIRECTION('',(-1.144237745222E-17,-1.,0.));
#3659 = DIRECTION('',(-2.22044604925E-15,2.540718180781E-32,-1.));
#3660 = ADVANCED_FACE('',(#3661),#3672,.F.);
#3661 = FACE_BOUND('',#3662,.F.);
#3662 = EDGE_LOOP('',(#3663,#3669,#3670,#3671));
#3663 = ORIENTED_EDGE('',*,*,#3664,.T.);
#3664 = EDGE_CURVE('',#3069,#3161,#3665,.T.);
#3665 = LINE('',#3666,#3667);
#3666 = CARTESIAN_POINT('',(-1.25,0.75,0.15));
#3667 = VECTOR('',#3668,1.);
#3668 = DIRECTION('',(1.144237745222E-17,1.,0.));
#3669 = ORIENTED_EDGE('',*,*,#3168,.T.);
#3670 = ORIENTED_EDGE('',*,*,#3647,.F.);
#3671 = ORIENTED_EDGE('',*,*,#3076,.F.);
#3672 = PLANE('',#3673);
#3673 = AXIS2_PLACEMENT_3D('',#3674,#3675,#3676);
#3674 = CARTESIAN_POINT('',(-1.25,0.75,0.15));
#3675 = DIRECTION('',(0.,0.,-1.));
#3676 = DIRECTION('',(1.,-1.144237745222E-17,0.));
#3677 = ADVANCED_FACE('',(#3678),#3689,.F.);
#3678 = FACE_BOUND('',#3679,.F.);
#3679 = EDGE_LOOP('',(#3680,#3686,#3687,#3688));
#3680 = ORIENTED_EDGE('',*,*,#3681,.T.);
#3681 = EDGE_CURVE('',#3061,#3153,#3682,.T.);
#3682 = LINE('',#3683,#3684);
#3683 = CARTESIAN_POINT('',(-1.25,0.75,5.551115123126E-17));
#3684 = VECTOR('',#3685,1.);
#3685 = DIRECTION('',(1.144237745222E-17,1.,0.));
#3686 = ORIENTED_EDGE('',*,*,#3160,.T.);
#3687 = ORIENTED_EDGE('',*,*,#3664,.F.);
#3688 = ORIENTED_EDGE('',*,*,#3068,.F.);
#3689 = PLANE('',#3690);
#3690 = AXIS2_PLACEMENT_3D('',#3691,#3692,#3693);
#3691 = CARTESIAN_POINT('',(-1.25,0.75,5.551115123126E-17));
#3692 = DIRECTION('',(1.,-1.144237745222E-17,0.));
#3693 = DIRECTION('',(0.,0.,1.));
#3694 = ADVANCED_FACE('',(#3695),#3706,.F.);
#3695 = FACE_BOUND('',#3696,.F.);
#3696 = EDGE_LOOP('',(#3697,#3703,#3704,#3705));
#3697 = ORIENTED_EDGE('',*,*,#3698,.T.);
#3698 = EDGE_CURVE('',#3052,#3144,#3699,.T.);
#3699 = LINE('',#3700,#3701);
#3700 = CARTESIAN_POINT('',(-1.089673570659,0.75,5.551115123126E-17));
#3701 = VECTOR('',#3702,1.);
#3702 = DIRECTION('',(1.144237745222E-17,1.,0.));
#3703 = ORIENTED_EDGE('',*,*,#3152,.T.);
#3704 = ORIENTED_EDGE('',*,*,#3681,.F.);
#3705 = ORIENTED_EDGE('',*,*,#3060,.F.);
#3706 = PLANE('',#3707);
#3707 = AXIS2_PLACEMENT_3D('',#3708,#3709,#3710);
#3708 = CARTESIAN_POINT('',(-1.089673570659,0.75,5.551115123126E-17));
#3709 = DIRECTION('',(0.,0.,1.));
#3710 = DIRECTION('',(-1.,1.144237745222E-17,0.));
#3711 = ADVANCED_FACE('',(#3712),#3718,.T.);
#3712 = FACE_BOUND('',#3713,.T.);
#3713 = EDGE_LOOP('',(#3714,#3715,#3716,#3717));
#3714 = ORIENTED_EDGE('',*,*,#3051,.T.);
#3715 = ORIENTED_EDGE('',*,*,#3698,.T.);
#3716 = ORIENTED_EDGE('',*,*,#3143,.F.);
#3717 = ORIENTED_EDGE('',*,*,#3125,.F.);
#3718 = CYLINDRICAL_SURFACE('',#3719,0.25);
#3719 = AXIS2_PLACEMENT_3D('',#3720,#3721,#3722);
#3720 = CARTESIAN_POINT('',(-1.089673570659,0.75,0.25));
#3721 = DIRECTION('',(-1.144237745222E-17,-1.,0.));
#3722 = DIRECTION('',(0.984807753012,-1.126854202784E-17,-0.173648177667
    ));
#3723 = ADVANCED_FACE('',(#3724),#3735,.F.);
#3724 = FACE_BOUND('',#3725,.F.);
#3725 = EDGE_LOOP('',(#3726,#3732,#3733,#3734));
#3726 = ORIENTED_EDGE('',*,*,#3727,.T.);
#3727 = EDGE_CURVE('',#3252,#3344,#3728,.T.);
#3728 = LINE('',#3729,#3730);
#3729 = CARTESIAN_POINT('',(0.991192795358,0.2,0.232635182233));
#3730 = VECTOR('',#3731,1.);
#3731 = DIRECTION('',(1.110223024625E-16,-1.,0.));
#3732 = ORIENTED_EDGE('',*,*,#3352,.T.);
#3733 = ORIENTED_EDGE('',*,*,#3490,.F.);
#3734 = ORIENTED_EDGE('',*,*,#3260,.F.);
#3735 = PLANE('',#3736);
#3736 = AXIS2_PLACEMENT_3D('',#3737,#3738,#3739);
#3737 = CARTESIAN_POINT('',(0.991192795358,0.2,0.232635182233));
#3738 = DIRECTION('',(-0.987833053268,-1.096715000224E-16,
    -0.155518033909));
#3739 = DIRECTION('',(-0.155518033909,-1.726597019897E-17,0.987833053268
    ));
#3740 = ADVANCED_FACE('',(#3741),#3752,.F.);
#3741 = FACE_BOUND('',#3742,.F.);
#3742 = EDGE_LOOP('',(#3743,#3749,#3750,#3751));
#3743 = ORIENTED_EDGE('',*,*,#3744,.T.);
#3744 = EDGE_CURVE('',#3244,#3336,#3745,.T.);
#3745 = LINE('',#3746,#3747);
#3746 = CARTESIAN_POINT('',(1.089673570659,0.2,0.15));
#3747 = VECTOR('',#3748,1.);
#3748 = DIRECTION('',(1.110223024625E-16,-1.,0.));
#3749 = ORIENTED_EDGE('',*,*,#3343,.T.);
#3750 = ORIENTED_EDGE('',*,*,#3727,.F.);
#3751 = ORIENTED_EDGE('',*,*,#3251,.F.);
#3752 = CYLINDRICAL_SURFACE('',#3753,0.1);
#3753 = AXIS2_PLACEMENT_3D('',#3754,#3755,#3756);
#3754 = CARTESIAN_POINT('',(1.089673570659,0.2,0.25));
#3755 = DIRECTION('',(-1.110223024625E-16,1.,0.));
#3756 = DIRECTION('',(2.22044604925E-15,2.465190328815E-31,-1.));
#3757 = ADVANCED_FACE('',(#3758),#3769,.F.);
#3758 = FACE_BOUND('',#3759,.F.);
#3759 = EDGE_LOOP('',(#3760,#3766,#3767,#3768));
#3760 = ORIENTED_EDGE('',*,*,#3761,.T.);
#3761 = EDGE_CURVE('',#3236,#3328,#3762,.T.);
#3762 = LINE('',#3763,#3764);
#3763 = CARTESIAN_POINT('',(1.25,0.2,0.15));
#3764 = VECTOR('',#3765,1.);
#3765 = DIRECTION('',(1.110223024625E-16,-1.,0.));
#3766 = ORIENTED_EDGE('',*,*,#3335,.T.);
#3767 = ORIENTED_EDGE('',*,*,#3744,.F.);
#3768 = ORIENTED_EDGE('',*,*,#3243,.F.);
#3769 = PLANE('',#3770);
#3770 = AXIS2_PLACEMENT_3D('',#3771,#3772,#3773);
#3771 = CARTESIAN_POINT('',(1.25,0.2,0.15));
#3772 = DIRECTION('',(0.,0.,-1.));
#3773 = DIRECTION('',(-1.,-1.110223024625E-16,-0.));
#3774 = ADVANCED_FACE('',(#3775),#3786,.F.);
#3775 = FACE_BOUND('',#3776,.F.);
#3776 = EDGE_LOOP('',(#3777,#3783,#3784,#3785));
#3777 = ORIENTED_EDGE('',*,*,#3778,.T.);
#3778 = EDGE_CURVE('',#3228,#3320,#3779,.T.);
#3779 = LINE('',#3780,#3781);
#3780 = CARTESIAN_POINT('',(1.25,0.2,5.551115123126E-17));
#3781 = VECTOR('',#3782,1.);
#3782 = DIRECTION('',(1.110223024625E-16,-1.,0.));
#3783 = ORIENTED_EDGE('',*,*,#3327,.T.);
#3784 = ORIENTED_EDGE('',*,*,#3761,.F.);
#3785 = ORIENTED_EDGE('',*,*,#3235,.F.);
#3786 = PLANE('',#3787);
#3787 = AXIS2_PLACEMENT_3D('',#3788,#3789,#3790);
#3788 = CARTESIAN_POINT('',(1.25,0.2,5.551115123126E-17));
#3789 = DIRECTION('',(-1.,-1.110223024625E-16,0.));
#3790 = DIRECTION('',(0.,0.,1.));
#3791 = ADVANCED_FACE('',(#3792),#3803,.F.);
#3792 = FACE_BOUND('',#3793,.F.);
#3793 = EDGE_LOOP('',(#3794,#3800,#3801,#3802));
#3794 = ORIENTED_EDGE('',*,*,#3795,.T.);
#3795 = EDGE_CURVE('',#3219,#3311,#3796,.T.);
#3796 = LINE('',#3797,#3798);
#3797 = CARTESIAN_POINT('',(1.089673570659,0.2,5.551115123126E-17));
#3798 = VECTOR('',#3799,1.);
#3799 = DIRECTION('',(1.110223024625E-16,-1.,0.));
#3800 = ORIENTED_EDGE('',*,*,#3319,.T.);
#3801 = ORIENTED_EDGE('',*,*,#3778,.F.);
#3802 = ORIENTED_EDGE('',*,*,#3227,.F.);
#3803 = PLANE('',#3804);
#3804 = AXIS2_PLACEMENT_3D('',#3805,#3806,#3807);
#3805 = CARTESIAN_POINT('',(1.089673570659,0.2,5.551115123126E-17));
#3806 = DIRECTION('',(0.,0.,1.));
#3807 = DIRECTION('',(1.,1.110223024625E-16,-0.));
#3808 = ADVANCED_FACE('',(#3809),#3815,.T.);
#3809 = FACE_BOUND('',#3810,.T.);
#3810 = EDGE_LOOP('',(#3811,#3812,#3813,#3814));
#3811 = ORIENTED_EDGE('',*,*,#3218,.T.);
#3812 = ORIENTED_EDGE('',*,*,#3795,.T.);
#3813 = ORIENTED_EDGE('',*,*,#3310,.F.);
#3814 = ORIENTED_EDGE('',*,*,#3292,.F.);
#3815 = CYLINDRICAL_SURFACE('',#3816,0.25);
#3816 = AXIS2_PLACEMENT_3D('',#3817,#3818,#3819);
#3817 = CARTESIAN_POINT('',(1.089673570659,0.2,0.25));
#3818 = DIRECTION('',(-1.110223024625E-16,1.,0.));
#3819 = DIRECTION('',(-0.984807753012,-1.093356242223E-16,
    -0.173648177667));
#3820 = ADVANCED_FACE('',(#3821),#3824,.F.);
#3821 = FACE_BOUND('',#3822,.T.);
#3822 = EDGE_LOOP('',(#3823));
#3823 = ORIENTED_EDGE('',*,*,#3438,.F.);
#3824 = PLANE('',#3825);
#3825 = AXIS2_PLACEMENT_3D('',#3826,#3827,#3828);
#3826 = CARTESIAN_POINT('',(-0.428243103516,1.228243103516,1.2));
#3827 = DIRECTION('',(0.,0.,-1.));
#3828 = DIRECTION('',(1.110223024625E-16,-1.,0.));
#3829 = ( GEOMETRIC_REPRESENTATION_CONTEXT(3) 
GLOBAL_UNCERTAINTY_ASSIGNED_CONTEXT((#3833)) 
GLOBAL_UNIT_ASSIGNED_CONTEXT((#3830,#3831,#3832)) REPRESENTATION_CONTEXT
('Context #1','3D Context with UNIT and UNCERTAINTY') );
#3830 = ( LENGTH_UNIT() NAMED_UNIT(*) SI_UNIT(.MILLI.,.METRE.) );
#3831 = ( NAMED_UNIT(*) PLANE_ANGLE_UNIT() SI_UNIT($,.RADIAN.) );
#3832 = ( NAMED_UNIT(*) SI_UNIT($,.STERADIAN.) SOLID_ANGLE_UNIT() );
#3833 = UNCERTAINTY_MEASURE_WITH_UNIT(LENGTH_MEASURE(1.E-07),#3830,
  'distance_accuracy_value','confusion accuracy');
#3834 = CONTEXT_DEPENDENT_SHAPE_REPRESENTATION(#3835,#3837);
#3835 = ( REPRESENTATION_RELATIONSHIP('','',#1846,#1823) 
REPRESENTATION_RELATIONSHIP_WITH_TRANSFORMATION(#3836) 
SHAPE_REPRESENTATION_RELATIONSHIP() );
#3836 = ITEM_DEFINED_TRANSFORMATION('','',#11,#1824);
#3837 = PRODUCT_DEFINITION_SHAPE('Placement','Placement of an item',
  #3838);
#3838 = NEXT_ASSEMBLY_USAGE_OCCURRENCE('8','=>[0:1:1:7]','',#1818,#1841,
  $);
#3839 = PRODUCT_RELATED_PRODUCT_CATEGORY('part',$,(#1843));
#3840 = CONTEXT_DEPENDENT_SHAPE_REPRESENTATION(#3841,#3843);
#3841 = ( REPRESENTATION_RELATIONSHIP('','',#912,#10) 
REPRESENTATION_RELATIONSHIP_WITH_TRANSFORMATION(#3842) 
SHAPE_REPRESENTATION_RELATIONSHIP() );
#3842 = ITEM_DEFINED_TRANSFORMATION('','',#11,#39);
#3843 = PRODUCT_DEFINITION_SHAPE('Placement','Placement of an item',
  #3844);
#3844 = NEXT_ASSEMBLY_USAGE_OCCURRENCE('10','C3','',#5,#907,$);
#3845 = CONTEXT_DEPENDENT_SHAPE_REPRESENTATION(#3846,#3848);
#3846 = ( REPRESENTATION_RELATIONSHIP('','',#912,#10) 
REPRESENTATION_RELATIONSHIP_WITH_TRANSFORMATION(#3847) 
SHAPE_REPRESENTATION_RELATIONSHIP() );
#3847 = ITEM_DEFINED_TRANSFORMATION('','',#11,#43);
#3848 = PRODUCT_DEFINITION_SHAPE('Placement','Placement of an item',
  #3849);
#3849 = NEXT_ASSEMBLY_USAGE_OCCURRENCE('11','C7','',#5,#907,$);
#3850 = CONTEXT_DEPENDENT_SHAPE_REPRESENTATION(#3851,#3853);
#3851 = ( REPRESENTATION_RELATIONSHIP('','',#912,#10) 
REPRESENTATION_RELATIONSHIP_WITH_TRANSFORMATION(#3852) 
SHAPE_REPRESENTATION_RELATIONSHIP() );
#3852 = ITEM_DEFINED_TRANSFORMATION('','',#11,#47);
#3853 = PRODUCT_DEFINITION_SHAPE('Placement','Placement of an item',
  #3854);
#3854 = NEXT_ASSEMBLY_USAGE_OCCURRENCE('12','C2','',#5,#907,$);
#3855 = CONTEXT_DEPENDENT_SHAPE_REPRESENTATION(#3856,#3858);
#3856 = ( REPRESENTATION_RELATIONSHIP('','',#912,#10) 
REPRESENTATION_RELATIONSHIP_WITH_TRANSFORMATION(#3857) 
SHAPE_REPRESENTATION_RELATIONSHIP() );
#3857 = ITEM_DEFINED_TRANSFORMATION('','',#11,#51);
#3858 = PRODUCT_DEFINITION_SHAPE('Placement','Placement of an item',
  #3859);
#3859 = NEXT_ASSEMBLY_USAGE_OCCURRENCE('13','C9','',#5,#907,$);
#3860 = CONTEXT_DEPENDENT_SHAPE_REPRESENTATION(#3861,#3863);
#3861 = ( REPRESENTATION_RELATIONSHIP('','',#912,#10) 
REPRESENTATION_RELATIONSHIP_WITH_TRANSFORMATION(#3862) 
SHAPE_REPRESENTATION_RELATIONSHIP() );
#3862 = ITEM_DEFINED_TRANSFORMATION('','',#11,#55);
#3863 = PRODUCT_DEFINITION_SHAPE('Placement','Placement of an item',
  #3864);
#3864 = NEXT_ASSEMBLY_USAGE_OCCURRENCE('14','C5','',#5,#907,$);
#3865 = CONTEXT_DEPENDENT_SHAPE_REPRESENTATION(#3866,#3868);
#3866 = ( REPRESENTATION_RELATIONSHIP('','',#912,#10) 
REPRESENTATION_RELATIONSHIP_WITH_TRANSFORMATION(#3867) 
SHAPE_REPRESENTATION_RELATIONSHIP() );
#3867 = ITEM_DEFINED_TRANSFORMATION('','',#11,#59);
#3868 = PRODUCT_DEFINITION_SHAPE('Placement','Placement of an item',
  #3869);
#3869 = NEXT_ASSEMBLY_USAGE_OCCURRENCE('15','C6','',#5,#907,$);
#3870 = SHAPE_DEFINITION_REPRESENTATION(#3871,#3877);
#3871 = PRODUCT_DEFINITION_SHAPE('','',#3872);
#3872 = PRODUCT_DEFINITION('design','',#3873,#3876);
#3873 = PRODUCT_DEFINITION_FORMATION('','',#3874);
#3874 = PRODUCT('DIY_Mouse_PCB','DIY_Mouse_PCB','',(#3875));
#3875 = PRODUCT_CONTEXT('',#2,'mechanical');
#3876 = PRODUCT_DEFINITION_CONTEXT('part definition',#2,'design');
#3877 = ADVANCED_BREP_SHAPE_REPRESENTATION('',(#11,#3878),#6550);
#3878 = MANIFOLD_SOLID_BREP('',#3879);
#3879 = CLOSED_SHELL('',(#3880,#3920,#3951,#3982,#4699,#5416,#5428,#5445
    ,#5462,#5479,#5496,#5513,#5530,#5547,#5564,#5581,#5598,#5615,#5632,
    #5649,#5666,#5683,#5700,#5717,#5734,#5751,#5768,#5785,#5802,#5819,
    #5836,#5853,#5870,#5887,#5904,#5921,#5938,#5955,#5972,#5989,#6006,
    #6023,#6040,#6057,#6074,#6091,#6108,#6125,#6142,#6164,#6181,#6198,
    #6210,#6227,#6244,#6261,#6278,#6295,#6317,#6334,#6351,#6363,#6380,
    #6397,#6414,#6436,#6453,#6470,#6482,#6499,#6516,#6533));
#3880 = ADVANCED_FACE('',(#3881),#3915,.T.);
#3881 = FACE_BOUND('',#3882,.T.);
#3882 = EDGE_LOOP('',(#3883,#3893,#3901,#3909));
#3883 = ORIENTED_EDGE('',*,*,#3884,.T.);
#3884 = EDGE_CURVE('',#3885,#3887,#3889,.T.);
#3885 = VERTEX_POINT('',#3886);
#3886 = CARTESIAN_POINT('',(170.5,-145.25,0.));
#3887 = VERTEX_POINT('',#3888);
#3888 = CARTESIAN_POINT('',(170.5,-145.25,1.51));
#3889 = LINE('',#3890,#3891);
#3890 = CARTESIAN_POINT('',(170.5,-145.25,0.));
#3891 = VECTOR('',#3892,1.);
#3892 = DIRECTION('',(0.,0.,1.));
#3893 = ORIENTED_EDGE('',*,*,#3894,.T.);
#3894 = EDGE_CURVE('',#3887,#3895,#3897,.T.);
#3895 = VERTEX_POINT('',#3896);
#3896 = CARTESIAN_POINT('',(110.5,-145.25,1.51));
#3897 = LINE('',#3898,#3899);
#3898 = CARTESIAN_POINT('',(170.5,-145.25,1.51));
#3899 = VECTOR('',#3900,1.);
#3900 = DIRECTION('',(-1.,0.,0.));
#3901 = ORIENTED_EDGE('',*,*,#3902,.F.);
#3902 = EDGE_CURVE('',#3903,#3895,#3905,.T.);
#3903 = VERTEX_POINT('',#3904);
#3904 = CARTESIAN_POINT('',(110.5,-145.25,0.));
#3905 = LINE('',#3906,#3907);
#3906 = CARTESIAN_POINT('',(110.5,-145.25,0.));
#3907 = VECTOR('',#3908,1.);
#3908 = DIRECTION('',(0.,0.,1.));
#3909 = ORIENTED_EDGE('',*,*,#3910,.F.);
#3910 = EDGE_CURVE('',#3885,#3903,#3911,.T.);
#3911 = LINE('',#3912,#3913);
#3912 = CARTESIAN_POINT('',(170.5,-145.25,0.));
#3913 = VECTOR('',#3914,1.);
#3914 = DIRECTION('',(-1.,0.,0.));
#3915 = PLANE('',#3916);
#3916 = AXIS2_PLACEMENT_3D('',#3917,#3918,#3919);
#3917 = CARTESIAN_POINT('',(170.5,-145.25,0.));
#3918 = DIRECTION('',(0.,-1.,0.));
#3919 = DIRECTION('',(-1.,0.,0.));
#3920 = ADVANCED_FACE('',(#3921),#3946,.T.);
#3921 = FACE_BOUND('',#3922,.T.);
#3922 = EDGE_LOOP('',(#3923,#3933,#3939,#3940));
#3923 = ORIENTED_EDGE('',*,*,#3924,.T.);
#3924 = EDGE_CURVE('',#3925,#3927,#3929,.T.);
#3925 = VERTEX_POINT('',#3926);
#3926 = CARTESIAN_POINT('',(170.5,-40.25,0.));
#3927 = VERTEX_POINT('',#3928);
#3928 = CARTESIAN_POINT('',(170.5,-40.25,1.51));
#3929 = LINE('',#3930,#3931);
#3930 = CARTESIAN_POINT('',(170.5,-40.25,0.));
#3931 = VECTOR('',#3932,1.);
#3932 = DIRECTION('',(0.,0.,1.));
#3933 = ORIENTED_EDGE('',*,*,#3934,.T.);
#3934 = EDGE_CURVE('',#3927,#3887,#3935,.T.);
#3935 = LINE('',#3936,#3937);
#3936 = CARTESIAN_POINT('',(170.5,-40.25,1.51));
#3937 = VECTOR('',#3938,1.);
#3938 = DIRECTION('',(0.,-1.,0.));
#3939 = ORIENTED_EDGE('',*,*,#3884,.F.);
#3940 = ORIENTED_EDGE('',*,*,#3941,.F.);
#3941 = EDGE_CURVE('',#3925,#3885,#3942,.T.);
#3942 = LINE('',#3943,#3944);
#3943 = CARTESIAN_POINT('',(170.5,-40.25,0.));
#3944 = VECTOR('',#3945,1.);
#3945 = DIRECTION('',(0.,-1.,0.));
#3946 = PLANE('',#3947);
#3947 = AXIS2_PLACEMENT_3D('',#3948,#3949,#3950);
#3948 = CARTESIAN_POINT('',(170.5,-40.25,0.));
#3949 = DIRECTION('',(1.,0.,-0.));
#3950 = DIRECTION('',(0.,-1.,0.));
#3951 = ADVANCED_FACE('',(#3952),#3977,.T.);
#3952 = FACE_BOUND('',#3953,.T.);
#3953 = EDGE_LOOP('',(#3954,#3955,#3963,#3971));
#3954 = ORIENTED_EDGE('',*,*,#3902,.T.);
#3955 = ORIENTED_EDGE('',*,*,#3956,.T.);
#3956 = EDGE_CURVE('',#3895,#3957,#3959,.T.);
#3957 = VERTEX_POINT('',#3958);
#3958 = CARTESIAN_POINT('',(110.5,-40.25,1.51));
#3959 = LINE('',#3960,#3961);
#3960 = CARTESIAN_POINT('',(110.5,-145.25,1.51));
#3961 = VECTOR('',#3962,1.);
#3962 = DIRECTION('',(0.,1.,0.));
#3963 = ORIENTED_EDGE('',*,*,#3964,.F.);
#3964 = EDGE_CURVE('',#3965,#3957,#3967,.T.);
#3965 = VERTEX_POINT('',#3966);
#3966 = CARTESIAN_POINT('',(110.5,-40.25,0.));
#3967 = LINE('',#3968,#3969);
#3968 = CARTESIAN_POINT('',(110.5,-40.25,0.));
#3969 = VECTOR('',#3970,1.);
#3970 = DIRECTION('',(0.,0.,1.));
#3971 = ORIENTED_EDGE('',*,*,#3972,.F.);
#3972 = EDGE_CURVE('',#3903,#3965,#3973,.T.);
#3973 = LINE('',#3974,#3975);
#3974 = CARTESIAN_POINT('',(110.5,-145.25,0.));
#3975 = VECTOR('',#3976,1.);
#3976 = DIRECTION('',(0.,1.,0.));
#3977 = PLANE('',#3978);
#3978 = AXIS2_PLACEMENT_3D('',#3979,#3980,#3981);
#3979 = CARTESIAN_POINT('',(110.5,-145.25,0.));
#3980 = DIRECTION('',(-1.,0.,0.));
#3981 = DIRECTION('',(0.,1.,0.));
#3982 = ADVANCED_FACE('',(#3983,#3994,#4005,#4016,#4027,#4038,#4049,
    #4060,#4071,#4082,#4093,#4104,#4115,#4126,#4137,#4148,#4159,#4170,
    #4181,#4192,#4203,#4214,#4225,#4236,#4247,#4258,#4269,#4280,#4291,
    #4302,#4313,#4324,#4335,#4346,#4357,#4368,#4379,#4390,#4401,#4412,
    #4423,#4434,#4445,#4456,#4490,#4501,#4512,#4523,#4534,#4545,#4581,
    #4592,#4603,#4614,#4650,#4661,#4672,#4683),#4694,.F.);
#3983 = FACE_BOUND('',#3984,.F.);
#3984 = EDGE_LOOP('',(#3985,#3986,#3987,#3993));
#3985 = ORIENTED_EDGE('',*,*,#3910,.F.);
#3986 = ORIENTED_EDGE('',*,*,#3941,.F.);
#3987 = ORIENTED_EDGE('',*,*,#3988,.F.);
#3988 = EDGE_CURVE('',#3965,#3925,#3989,.T.);
#3989 = LINE('',#3990,#3991);
#3990 = CARTESIAN_POINT('',(110.5,-40.25,0.));
#3991 = VECTOR('',#3992,1.);
#3992 = DIRECTION('',(1.,0.,0.));
#3993 = ORIENTED_EDGE('',*,*,#3972,.F.);
#3994 = FACE_BOUND('',#3995,.F.);
#3995 = EDGE_LOOP('',(#3996));
#3996 = ORIENTED_EDGE('',*,*,#3997,.T.);
#3997 = EDGE_CURVE('',#3998,#3998,#4000,.T.);
#3998 = VERTEX_POINT('',#3999);
#3999 = CARTESIAN_POINT('',(132.88,-137.458,0.));
#4000 = CIRCLE('',#4001,0.508);
#4001 = AXIS2_PLACEMENT_3D('',#4002,#4003,#4004);
#4002 = CARTESIAN_POINT('',(132.88,-136.95,0.));
#4003 = DIRECTION('',(-0.,0.,-1.));
#4004 = DIRECTION('',(-0.,-1.,0.));
#4005 = FACE_BOUND('',#4006,.F.);
#4006 = EDGE_LOOP('',(#4007));
#4007 = ORIENTED_EDGE('',*,*,#4008,.T.);
#4008 = EDGE_CURVE('',#4009,#4009,#4011,.T.);
#4009 = VERTEX_POINT('',#4010);
#4010 = CARTESIAN_POINT('',(132.88,-134.918,0.));
#4011 = CIRCLE('',#4012,0.508);
#4012 = AXIS2_PLACEMENT_3D('',#4013,#4014,#4015);
#4013 = CARTESIAN_POINT('',(132.88,-134.41,0.));
#4014 = DIRECTION('',(-0.,0.,-1.));
#4015 = DIRECTION('',(-0.,-1.,0.));
#4016 = FACE_BOUND('',#4017,.F.);
#4017 = EDGE_LOOP('',(#4018));
#4018 = ORIENTED_EDGE('',*,*,#4019,.T.);
#4019 = EDGE_CURVE('',#4020,#4020,#4022,.T.);
#4020 = VERTEX_POINT('',#4021);
#4021 = CARTESIAN_POINT('',(132.88,-132.378,0.));
#4022 = CIRCLE('',#4023,0.508);
#4023 = AXIS2_PLACEMENT_3D('',#4024,#4025,#4026);
#4024 = CARTESIAN_POINT('',(132.88,-131.87,0.));
#4025 = DIRECTION('',(-0.,0.,-1.));
#4026 = DIRECTION('',(-0.,-1.,0.));
#4027 = FACE_BOUND('',#4028,.F.);
#4028 = EDGE_LOOP('',(#4029));
#4029 = ORIENTED_EDGE('',*,*,#4030,.T.);
#4030 = EDGE_CURVE('',#4031,#4031,#4033,.T.);
#4031 = VERTEX_POINT('',#4032);
#4032 = CARTESIAN_POINT('',(132.88,-129.838,0.));
#4033 = CIRCLE('',#4034,0.508);
#4034 = AXIS2_PLACEMENT_3D('',#4035,#4036,#4037);
#4035 = CARTESIAN_POINT('',(132.88,-129.33,0.));
#4036 = DIRECTION('',(-0.,0.,-1.));
#4037 = DIRECTION('',(-0.,-1.,0.));
#4038 = FACE_BOUND('',#4039,.F.);
#4039 = EDGE_LOOP('',(#4040));
#4040 = ORIENTED_EDGE('',*,*,#4041,.T.);
#4041 = EDGE_CURVE('',#4042,#4042,#4044,.T.);
#4042 = VERTEX_POINT('',#4043);
#4043 = CARTESIAN_POINT('',(132.88,-127.298,0.));
#4044 = CIRCLE('',#4045,0.508);
#4045 = AXIS2_PLACEMENT_3D('',#4046,#4047,#4048);
#4046 = CARTESIAN_POINT('',(132.88,-126.79,0.));
#4047 = DIRECTION('',(-0.,0.,-1.));
#4048 = DIRECTION('',(-0.,-1.,0.));
#4049 = FACE_BOUND('',#4050,.F.);
#4050 = EDGE_LOOP('',(#4051));
#4051 = ORIENTED_EDGE('',*,*,#4052,.T.);
#4052 = EDGE_CURVE('',#4053,#4053,#4055,.T.);
#4053 = VERTEX_POINT('',#4054);
#4054 = CARTESIAN_POINT('',(132.88,-124.758,0.));
#4055 = CIRCLE('',#4056,0.508);
#4056 = AXIS2_PLACEMENT_3D('',#4057,#4058,#4059);
#4057 = CARTESIAN_POINT('',(132.88,-124.25,0.));
#4058 = DIRECTION('',(-0.,0.,-1.));
#4059 = DIRECTION('',(-0.,-1.,0.));
#4060 = FACE_BOUND('',#4061,.F.);
#4061 = EDGE_LOOP('',(#4062));
#4062 = ORIENTED_EDGE('',*,*,#4063,.T.);
#4063 = EDGE_CURVE('',#4064,#4064,#4066,.T.);
#4064 = VERTEX_POINT('',#4065);
#4065 = CARTESIAN_POINT('',(132.88,-122.218,0.));
#4066 = CIRCLE('',#4067,0.508);
#4067 = AXIS2_PLACEMENT_3D('',#4068,#4069,#4070);
#4068 = CARTESIAN_POINT('',(132.88,-121.71,0.));
#4069 = DIRECTION('',(-0.,0.,-1.));
#4070 = DIRECTION('',(-0.,-1.,0.));
#4071 = FACE_BOUND('',#4072,.F.);
#4072 = EDGE_LOOP('',(#4073));
#4073 = ORIENTED_EDGE('',*,*,#4074,.T.);
#4074 = EDGE_CURVE('',#4075,#4075,#4077,.T.);
#4075 = VERTEX_POINT('',#4076);
#4076 = CARTESIAN_POINT('',(132.88,-119.678,0.));
#4077 = CIRCLE('',#4078,0.508);
#4078 = AXIS2_PLACEMENT_3D('',#4079,#4080,#4081);
#4079 = CARTESIAN_POINT('',(132.88,-119.17,0.));
#4080 = DIRECTION('',(-0.,0.,-1.));
#4081 = DIRECTION('',(-0.,-1.,0.));
#4082 = FACE_BOUND('',#4083,.F.);
#4083 = EDGE_LOOP('',(#4084));
#4084 = ORIENTED_EDGE('',*,*,#4085,.T.);
#4085 = EDGE_CURVE('',#4086,#4086,#4088,.T.);
#4086 = VERTEX_POINT('',#4087);
#4087 = CARTESIAN_POINT('',(132.88,-117.138,0.));
#4088 = CIRCLE('',#4089,0.508);
#4089 = AXIS2_PLACEMENT_3D('',#4090,#4091,#4092);
#4090 = CARTESIAN_POINT('',(132.88,-116.63,0.));
#4091 = DIRECTION('',(-0.,0.,-1.));
#4092 = DIRECTION('',(-0.,-1.,0.));
#4093 = FACE_BOUND('',#4094,.F.);
#4094 = EDGE_LOOP('',(#4095));
#4095 = ORIENTED_EDGE('',*,*,#4096,.T.);
#4096 = EDGE_CURVE('',#4097,#4097,#4099,.T.);
#4097 = VERTEX_POINT('',#4098);
#4098 = CARTESIAN_POINT('',(132.88,-114.598,0.));
#4099 = CIRCLE('',#4100,0.508);
#4100 = AXIS2_PLACEMENT_3D('',#4101,#4102,#4103);
#4101 = CARTESIAN_POINT('',(132.88,-114.09,0.));
#4102 = DIRECTION('',(-0.,0.,-1.));
#4103 = DIRECTION('',(-0.,-1.,0.));
#4104 = FACE_BOUND('',#4105,.F.);
#4105 = EDGE_LOOP('',(#4106));
#4106 = ORIENTED_EDGE('',*,*,#4107,.T.);
#4107 = EDGE_CURVE('',#4108,#4108,#4110,.T.);
#4108 = VERTEX_POINT('',#4109);
#4109 = CARTESIAN_POINT('',(132.88,-112.058,0.));
#4110 = CIRCLE('',#4111,0.508);
#4111 = AXIS2_PLACEMENT_3D('',#4112,#4113,#4114);
#4112 = CARTESIAN_POINT('',(132.88,-111.55,0.));
#4113 = DIRECTION('',(-0.,0.,-1.));
#4114 = DIRECTION('',(-0.,-1.,0.));
#4115 = FACE_BOUND('',#4116,.F.);
#4116 = EDGE_LOOP('',(#4117));
#4117 = ORIENTED_EDGE('',*,*,#4118,.T.);
#4118 = EDGE_CURVE('',#4119,#4119,#4121,.T.);
#4119 = VERTEX_POINT('',#4120);
#4120 = CARTESIAN_POINT('',(132.88,-109.518,0.));
#4121 = CIRCLE('',#4122,0.508);
#4122 = AXIS2_PLACEMENT_3D('',#4123,#4124,#4125);
#4123 = CARTESIAN_POINT('',(132.88,-109.01,0.));
#4124 = DIRECTION('',(-0.,0.,-1.));
#4125 = DIRECTION('',(-0.,-1.,0.));
#4126 = FACE_BOUND('',#4127,.F.);
#4127 = EDGE_LOOP('',(#4128));
#4128 = ORIENTED_EDGE('',*,*,#4129,.T.);
#4129 = EDGE_CURVE('',#4130,#4130,#4132,.T.);
#4130 = VERTEX_POINT('',#4131);
#4131 = CARTESIAN_POINT('',(135.15,-96.385,0.));
#4132 = CIRCLE('',#4133,0.35);
#4133 = AXIS2_PLACEMENT_3D('',#4134,#4135,#4136);
#4134 = CARTESIAN_POINT('',(135.15,-96.035,0.));
#4135 = DIRECTION('',(-0.,0.,-1.));
#4136 = DIRECTION('',(-0.,-1.,0.));
#4137 = FACE_BOUND('',#4138,.F.);
#4138 = EDGE_LOOP('',(#4139));
#4139 = ORIENTED_EDGE('',*,*,#4140,.T.);
#4140 = EDGE_CURVE('',#4141,#4141,#4143,.T.);
#4141 = VERTEX_POINT('',#4142);
#4142 = CARTESIAN_POINT('',(135.15,-94.605,0.));
#4143 = CIRCLE('',#4144,0.35);
#4144 = AXIS2_PLACEMENT_3D('',#4145,#4146,#4147);
#4145 = CARTESIAN_POINT('',(135.15,-94.255,0.));
#4146 = DIRECTION('',(-0.,0.,-1.));
#4147 = DIRECTION('',(-0.,-1.,0.));
#4148 = FACE_BOUND('',#4149,.F.);
#4149 = EDGE_LOOP('',(#4150));
#4150 = ORIENTED_EDGE('',*,*,#4151,.T.);
#4151 = EDGE_CURVE('',#4152,#4152,#4154,.T.);
#4152 = VERTEX_POINT('',#4153);
#4153 = CARTESIAN_POINT('',(140.5,-138.35,0.));
#4154 = CIRCLE('',#4155,1.1);
#4155 = AXIS2_PLACEMENT_3D('',#4156,#4157,#4158);
#4156 = CARTESIAN_POINT('',(140.5,-137.25,0.));
#4157 = DIRECTION('',(-0.,0.,-1.));
#4158 = DIRECTION('',(-0.,-1.,0.));
#4159 = FACE_BOUND('',#4160,.F.);
#4160 = EDGE_LOOP('',(#4161));
#4161 = ORIENTED_EDGE('',*,*,#4162,.T.);
#4162 = EDGE_CURVE('',#4163,#4163,#4165,.T.);
#4163 = VERTEX_POINT('',#4164);
#4164 = CARTESIAN_POINT('',(148.12,-137.458,0.));
#4165 = CIRCLE('',#4166,0.508);
#4166 = AXIS2_PLACEMENT_3D('',#4167,#4168,#4169);
#4167 = CARTESIAN_POINT('',(148.12,-136.95,0.));
#4168 = DIRECTION('',(-0.,0.,-1.));
#4169 = DIRECTION('',(-0.,-1.,0.));
#4170 = FACE_BOUND('',#4171,.F.);
#4171 = EDGE_LOOP('',(#4172));
#4172 = ORIENTED_EDGE('',*,*,#4173,.T.);
#4173 = EDGE_CURVE('',#4174,#4174,#4176,.T.);
#4174 = VERTEX_POINT('',#4175);
#4175 = CARTESIAN_POINT('',(148.12,-134.918,0.));
#4176 = CIRCLE('',#4177,0.508);
#4177 = AXIS2_PLACEMENT_3D('',#4178,#4179,#4180);
#4178 = CARTESIAN_POINT('',(148.12,-134.41,0.));
#4179 = DIRECTION('',(-0.,0.,-1.));
#4180 = DIRECTION('',(-0.,-1.,0.));
#4181 = FACE_BOUND('',#4182,.F.);
#4182 = EDGE_LOOP('',(#4183));
#4183 = ORIENTED_EDGE('',*,*,#4184,.T.);
#4184 = EDGE_CURVE('',#4185,#4185,#4187,.T.);
#4185 = VERTEX_POINT('',#4186);
#4186 = CARTESIAN_POINT('',(148.12,-132.378,0.));
#4187 = CIRCLE('',#4188,0.508);
#4188 = AXIS2_PLACEMENT_3D('',#4189,#4190,#4191);
#4189 = CARTESIAN_POINT('',(148.12,-131.87,0.));
#4190 = DIRECTION('',(-0.,0.,-1.));
#4191 = DIRECTION('',(-0.,-1.,0.));
#4192 = FACE_BOUND('',#4193,.F.);
#4193 = EDGE_LOOP('',(#4194));
#4194 = ORIENTED_EDGE('',*,*,#4195,.T.);
#4195 = EDGE_CURVE('',#4196,#4196,#4198,.T.);
#4196 = VERTEX_POINT('',#4197);
#4197 = CARTESIAN_POINT('',(148.12,-129.838,0.));
#4198 = CIRCLE('',#4199,0.508);
#4199 = AXIS2_PLACEMENT_3D('',#4200,#4201,#4202);
#4200 = CARTESIAN_POINT('',(148.12,-129.33,0.));
#4201 = DIRECTION('',(-0.,0.,-1.));
#4202 = DIRECTION('',(-0.,-1.,0.));
#4203 = FACE_BOUND('',#4204,.F.);
#4204 = EDGE_LOOP('',(#4205));
#4205 = ORIENTED_EDGE('',*,*,#4206,.T.);
#4206 = EDGE_CURVE('',#4207,#4207,#4209,.T.);
#4207 = VERTEX_POINT('',#4208);
#4208 = CARTESIAN_POINT('',(148.12,-127.298,0.));
#4209 = CIRCLE('',#4210,0.508);
#4210 = AXIS2_PLACEMENT_3D('',#4211,#4212,#4213);
#4211 = CARTESIAN_POINT('',(148.12,-126.79,0.));
#4212 = DIRECTION('',(-0.,0.,-1.));
#4213 = DIRECTION('',(-0.,-1.,0.));
#4214 = FACE_BOUND('',#4215,.F.);
#4215 = EDGE_LOOP('',(#4216));
#4216 = ORIENTED_EDGE('',*,*,#4217,.T.);
#4217 = EDGE_CURVE('',#4218,#4218,#4220,.T.);
#4218 = VERTEX_POINT('',#4219);
#4219 = CARTESIAN_POINT('',(148.12,-124.758,0.));
#4220 = CIRCLE('',#4221,0.508);
#4221 = AXIS2_PLACEMENT_3D('',#4222,#4223,#4224);
#4222 = CARTESIAN_POINT('',(148.12,-124.25,0.));
#4223 = DIRECTION('',(-0.,0.,-1.));
#4224 = DIRECTION('',(-0.,-1.,0.));
#4225 = FACE_BOUND('',#4226,.F.);
#4226 = EDGE_LOOP('',(#4227));
#4227 = ORIENTED_EDGE('',*,*,#4228,.T.);
#4228 = EDGE_CURVE('',#4229,#4229,#4231,.T.);
#4229 = VERTEX_POINT('',#4230);
#4230 = CARTESIAN_POINT('',(148.12,-122.218,0.));
#4231 = CIRCLE('',#4232,0.508);
#4232 = AXIS2_PLACEMENT_3D('',#4233,#4234,#4235);
#4233 = CARTESIAN_POINT('',(148.12,-121.71,0.));
#4234 = DIRECTION('',(-0.,0.,-1.));
#4235 = DIRECTION('',(-0.,-1.,0.));
#4236 = FACE_BOUND('',#4237,.F.);
#4237 = EDGE_LOOP('',(#4238));
#4238 = ORIENTED_EDGE('',*,*,#4239,.T.);
#4239 = EDGE_CURVE('',#4240,#4240,#4242,.T.);
#4240 = VERTEX_POINT('',#4241);
#4241 = CARTESIAN_POINT('',(148.12,-119.678,0.));
#4242 = CIRCLE('',#4243,0.508);
#4243 = AXIS2_PLACEMENT_3D('',#4244,#4245,#4246);
#4244 = CARTESIAN_POINT('',(148.12,-119.17,0.));
#4245 = DIRECTION('',(-0.,0.,-1.));
#4246 = DIRECTION('',(-0.,-1.,0.));
#4247 = FACE_BOUND('',#4248,.F.);
#4248 = EDGE_LOOP('',(#4249));
#4249 = ORIENTED_EDGE('',*,*,#4250,.T.);
#4250 = EDGE_CURVE('',#4251,#4251,#4253,.T.);
#4251 = VERTEX_POINT('',#4252);
#4252 = CARTESIAN_POINT('',(148.12,-117.138,0.));
#4253 = CIRCLE('',#4254,0.508);
#4254 = AXIS2_PLACEMENT_3D('',#4255,#4256,#4257);
#4255 = CARTESIAN_POINT('',(148.12,-116.63,0.));
#4256 = DIRECTION('',(-0.,0.,-1.));
#4257 = DIRECTION('',(-0.,-1.,0.));
#4258 = FACE_BOUND('',#4259,.F.);
#4259 = EDGE_LOOP('',(#4260));
#4260 = ORIENTED_EDGE('',*,*,#4261,.T.);
#4261 = EDGE_CURVE('',#4262,#4262,#4264,.T.);
#4262 = VERTEX_POINT('',#4263);
#4263 = CARTESIAN_POINT('',(148.12,-114.598,0.));
#4264 = CIRCLE('',#4265,0.508);
#4265 = AXIS2_PLACEMENT_3D('',#4266,#4267,#4268);
#4266 = CARTESIAN_POINT('',(148.12,-114.09,0.));
#4267 = DIRECTION('',(-0.,0.,-1.));
#4268 = DIRECTION('',(-0.,-1.,0.));
#4269 = FACE_BOUND('',#4270,.F.);
#4270 = EDGE_LOOP('',(#4271));
#4271 = ORIENTED_EDGE('',*,*,#4272,.T.);
#4272 = EDGE_CURVE('',#4273,#4273,#4275,.T.);
#4273 = VERTEX_POINT('',#4274);
#4274 = CARTESIAN_POINT('',(148.12,-112.058,0.));
#4275 = CIRCLE('',#4276,0.508);
#4276 = AXIS2_PLACEMENT_3D('',#4277,#4278,#4279);
#4277 = CARTESIAN_POINT('',(148.12,-111.55,0.));
#4278 = DIRECTION('',(-0.,0.,-1.));
#4279 = DIRECTION('',(-0.,-1.,0.));
#4280 = FACE_BOUND('',#4281,.F.);
#4281 = EDGE_LOOP('',(#4282));
#4282 = ORIENTED_EDGE('',*,*,#4283,.T.);
#4283 = EDGE_CURVE('',#4284,#4284,#4286,.T.);
#4284 = VERTEX_POINT('',#4285);
#4285 = CARTESIAN_POINT('',(148.12,-109.518,0.));
#4286 = CIRCLE('',#4287,0.508);
#4287 = AXIS2_PLACEMENT_3D('',#4288,#4289,#4290);
#4288 = CARTESIAN_POINT('',(148.12,-109.01,0.));
#4289 = DIRECTION('',(-0.,0.,-1.));
#4290 = DIRECTION('',(-0.,-1.,0.));
#4291 = FACE_BOUND('',#4292,.F.);
#4292 = EDGE_LOOP('',(#4293));
#4293 = ORIENTED_EDGE('',*,*,#4294,.T.);
#4294 = EDGE_CURVE('',#4295,#4295,#4297,.T.);
#4295 = VERTEX_POINT('',#4296);
#4296 = CARTESIAN_POINT('',(145.85,-97.275,0.));
#4297 = CIRCLE('',#4298,0.35);
#4298 = AXIS2_PLACEMENT_3D('',#4299,#4300,#4301);
#4299 = CARTESIAN_POINT('',(145.85,-96.925,0.));
#4300 = DIRECTION('',(-0.,0.,-1.));
#4301 = DIRECTION('',(-0.,-1.,0.));
#4302 = FACE_BOUND('',#4303,.F.);
#4303 = EDGE_LOOP('',(#4304));
#4304 = ORIENTED_EDGE('',*,*,#4305,.T.);
#4305 = EDGE_CURVE('',#4306,#4306,#4308,.T.);
#4306 = VERTEX_POINT('',#4307);
#4307 = CARTESIAN_POINT('',(145.85,-95.495,0.));
#4308 = CIRCLE('',#4309,0.35);
#4309 = AXIS2_PLACEMENT_3D('',#4310,#4311,#4312);
#4310 = CARTESIAN_POINT('',(145.85,-95.145,0.));
#4311 = DIRECTION('',(-0.,0.,-1.));
#4312 = DIRECTION('',(-0.,-1.,0.));
#4313 = FACE_BOUND('',#4314,.F.);
#4314 = EDGE_LOOP('',(#4315));
#4315 = ORIENTED_EDGE('',*,*,#4316,.T.);
#4316 = EDGE_CURVE('',#4317,#4317,#4319,.T.);
#4317 = VERTEX_POINT('',#4318);
#4318 = CARTESIAN_POINT('',(145.85,-93.715,0.));
#4319 = CIRCLE('',#4320,0.35);
#4320 = AXIS2_PLACEMENT_3D('',#4321,#4322,#4323);
#4321 = CARTESIAN_POINT('',(145.85,-93.365,0.));
#4322 = DIRECTION('',(-0.,0.,-1.));
#4323 = DIRECTION('',(-0.,-1.,0.));
#4324 = FACE_BOUND('',#4325,.F.);
#4325 = EDGE_LOOP('',(#4326));
#4326 = ORIENTED_EDGE('',*,*,#4327,.T.);
#4327 = EDGE_CURVE('',#4328,#4328,#4330,.T.);
#4328 = VERTEX_POINT('',#4329);
#4329 = CARTESIAN_POINT('',(135.15,-92.825,0.));
#4330 = CIRCLE('',#4331,0.35);
#4331 = AXIS2_PLACEMENT_3D('',#4332,#4333,#4334);
#4332 = CARTESIAN_POINT('',(135.15,-92.475,0.));
#4333 = DIRECTION('',(-0.,0.,-1.));
#4334 = DIRECTION('',(-0.,-1.,0.));
#4335 = FACE_BOUND('',#4336,.F.);
#4336 = EDGE_LOOP('',(#4337));
#4337 = ORIENTED_EDGE('',*,*,#4338,.T.);
#4338 = EDGE_CURVE('',#4339,#4339,#4341,.T.);
#4339 = VERTEX_POINT('',#4340);
#4340 = CARTESIAN_POINT('',(135.15,-91.045,0.));
#4341 = CIRCLE('',#4342,0.35);
#4342 = AXIS2_PLACEMENT_3D('',#4343,#4344,#4345);
#4343 = CARTESIAN_POINT('',(135.15,-90.695,0.));
#4344 = DIRECTION('',(-0.,0.,-1.));
#4345 = DIRECTION('',(-0.,-1.,0.));
#4346 = FACE_BOUND('',#4347,.F.);
#4347 = EDGE_LOOP('',(#4348));
#4348 = ORIENTED_EDGE('',*,*,#4349,.T.);
#4349 = EDGE_CURVE('',#4350,#4350,#4352,.T.);
#4350 = VERTEX_POINT('',#4351);
#4351 = CARTESIAN_POINT('',(135.15,-89.265,0.));
#4352 = CIRCLE('',#4353,0.35);
#4353 = AXIS2_PLACEMENT_3D('',#4354,#4355,#4356);
#4354 = CARTESIAN_POINT('',(135.15,-88.915,0.));
#4355 = DIRECTION('',(-0.,0.,-1.));
#4356 = DIRECTION('',(-0.,-1.,0.));
#4357 = FACE_BOUND('',#4358,.F.);
#4358 = EDGE_LOOP('',(#4359));
#4359 = ORIENTED_EDGE('',*,*,#4360,.T.);
#4360 = EDGE_CURVE('',#4361,#4361,#4363,.T.);
#4361 = VERTEX_POINT('',#4362);
#4362 = CARTESIAN_POINT('',(135.15,-87.485,0.));
#4363 = CIRCLE('',#4364,0.35);
#4364 = AXIS2_PLACEMENT_3D('',#4365,#4366,#4367);
#4365 = CARTESIAN_POINT('',(135.15,-87.135,0.));
#4366 = DIRECTION('',(-0.,0.,-1.));
#4367 = DIRECTION('',(-0.,-1.,0.));
#4368 = FACE_BOUND('',#4369,.F.);
#4369 = EDGE_LOOP('',(#4370));
#4370 = ORIENTED_EDGE('',*,*,#4371,.T.);
#4371 = EDGE_CURVE('',#4372,#4372,#4374,.T.);
#4372 = VERTEX_POINT('',#4373);
#4373 = CARTESIAN_POINT('',(135.15,-85.705,0.));
#4374 = CIRCLE('',#4375,0.35);
#4375 = AXIS2_PLACEMENT_3D('',#4376,#4377,#4378);
#4376 = CARTESIAN_POINT('',(135.15,-85.355,0.));
#4377 = DIRECTION('',(-0.,0.,-1.));
#4378 = DIRECTION('',(-0.,-1.,0.));
#4379 = FACE_BOUND('',#4380,.F.);
#4380 = EDGE_LOOP('',(#4381));
#4381 = ORIENTED_EDGE('',*,*,#4382,.T.);
#4382 = EDGE_CURVE('',#4383,#4383,#4385,.T.);
#4383 = VERTEX_POINT('',#4384);
#4384 = CARTESIAN_POINT('',(135.15,-83.925,0.));
#4385 = CIRCLE('',#4386,0.35);
#4386 = AXIS2_PLACEMENT_3D('',#4387,#4388,#4389);
#4387 = CARTESIAN_POINT('',(135.15,-83.575,0.));
#4388 = DIRECTION('',(-0.,0.,-1.));
#4389 = DIRECTION('',(-0.,-1.,0.));
#4390 = FACE_BOUND('',#4391,.F.);
#4391 = EDGE_LOOP('',(#4392));
#4392 = ORIENTED_EDGE('',*,*,#4393,.T.);
#4393 = EDGE_CURVE('',#4394,#4394,#4396,.T.);
#4394 = VERTEX_POINT('',#4395);
#4395 = CARTESIAN_POINT('',(123.5,-64.08,0.));
#4396 = CIRCLE('',#4397,0.75);
#4397 = AXIS2_PLACEMENT_3D('',#4398,#4399,#4400);
#4398 = CARTESIAN_POINT('',(123.5,-63.33,0.));
#4399 = DIRECTION('',(-0.,0.,-1.));
#4400 = DIRECTION('',(-0.,-1.,0.));
#4401 = FACE_BOUND('',#4402,.F.);
#4402 = EDGE_LOOP('',(#4403));
#4403 = ORIENTED_EDGE('',*,*,#4404,.T.);
#4404 = EDGE_CURVE('',#4405,#4405,#4407,.T.);
#4405 = VERTEX_POINT('',#4406);
#4406 = CARTESIAN_POINT('',(118.5,-49.35,0.));
#4407 = CIRCLE('',#4408,1.1);
#4408 = AXIS2_PLACEMENT_3D('',#4409,#4410,#4411);
#4409 = CARTESIAN_POINT('',(118.5,-48.25,0.));
#4410 = DIRECTION('',(-0.,0.,-1.));
#4411 = DIRECTION('',(-0.,-1.,0.));
#4412 = FACE_BOUND('',#4413,.F.);
#4413 = EDGE_LOOP('',(#4414));
#4414 = ORIENTED_EDGE('',*,*,#4415,.T.);
#4415 = EDGE_CURVE('',#4416,#4416,#4418,.T.);
#4416 = VERTEX_POINT('',#4417);
#4417 = CARTESIAN_POINT('',(123.5,-59.,0.));
#4418 = CIRCLE('',#4419,0.75);
#4419 = AXIS2_PLACEMENT_3D('',#4420,#4421,#4422);
#4420 = CARTESIAN_POINT('',(123.5,-58.25,0.));
#4421 = DIRECTION('',(-0.,0.,-1.));
#4422 = DIRECTION('',(-0.,-1.,0.));
#4423 = FACE_BOUND('',#4424,.F.);
#4424 = EDGE_LOOP('',(#4425));
#4425 = ORIENTED_EDGE('',*,*,#4426,.T.);
#4426 = EDGE_CURVE('',#4427,#4427,#4429,.T.);
#4427 = VERTEX_POINT('',#4428);
#4428 = CARTESIAN_POINT('',(123.5,-53.92,0.));
#4429 = CIRCLE('',#4430,0.75);
#4430 = AXIS2_PLACEMENT_3D('',#4431,#4432,#4433);
#4431 = CARTESIAN_POINT('',(123.5,-53.17,0.));
#4432 = DIRECTION('',(-0.,0.,-1.));
#4433 = DIRECTION('',(-0.,-1.,0.));
#4434 = FACE_BOUND('',#4435,.F.);
#4435 = EDGE_LOOP('',(#4436));
#4436 = ORIENTED_EDGE('',*,*,#4437,.T.);
#4437 = EDGE_CURVE('',#4438,#4438,#4440,.T.);
#4438 = VERTEX_POINT('',#4439);
#4439 = CARTESIAN_POINT('',(133.55,-65.65,0.));
#4440 = CIRCLE('',#4441,0.5);
#4441 = AXIS2_PLACEMENT_3D('',#4442,#4443,#4444);
#4442 = CARTESIAN_POINT('',(133.55,-65.15,0.));
#4443 = DIRECTION('',(-0.,0.,-1.));
#4444 = DIRECTION('',(-0.,-1.,0.));
#4445 = FACE_BOUND('',#4446,.F.);
#4446 = EDGE_LOOP('',(#4447));
#4447 = ORIENTED_EDGE('',*,*,#4448,.T.);
#4448 = EDGE_CURVE('',#4449,#4449,#4451,.T.);
#4449 = VERTEX_POINT('',#4450);
#4450 = CARTESIAN_POINT('',(133.55,-60.65,0.));
#4451 = CIRCLE('',#4452,0.5);
#4452 = AXIS2_PLACEMENT_3D('',#4453,#4454,#4455);
#4453 = CARTESIAN_POINT('',(133.55,-60.15,0.));
#4454 = DIRECTION('',(-0.,0.,-1.));
#4455 = DIRECTION('',(-0.,-1.,0.));
#4456 = FACE_BOUND('',#4457,.F.);
#4457 = EDGE_LOOP('',(#4458,#4468,#4476,#4484));
#4458 = ORIENTED_EDGE('',*,*,#4459,.F.);
#4459 = EDGE_CURVE('',#4460,#4462,#4464,.T.);
#4460 = VERTEX_POINT('',#4461);
#4461 = CARTESIAN_POINT('',(136.055,-98.1875,0.));
#4462 = VERTEX_POINT('',#4463);
#4463 = CARTESIAN_POINT('',(144.945,-98.1875,0.));
#4464 = LINE('',#4465,#4466);
#4465 = CARTESIAN_POINT('',(136.055,-98.1875,0.));
#4466 = VECTOR('',#4467,1.);
#4467 = DIRECTION('',(1.,0.,0.));
#4468 = ORIENTED_EDGE('',*,*,#4469,.F.);
#4469 = EDGE_CURVE('',#4470,#4460,#4472,.T.);
#4470 = VERTEX_POINT('',#4471);
#4471 = CARTESIAN_POINT('',(136.055,-82.3125,0.));
#4472 = LINE('',#4473,#4474);
#4473 = CARTESIAN_POINT('',(136.055,-82.3125,0.));
#4474 = VECTOR('',#4475,1.);
#4475 = DIRECTION('',(0.,-1.,0.));
#4476 = ORIENTED_EDGE('',*,*,#4477,.F.);
#4477 = EDGE_CURVE('',#4478,#4470,#4480,.T.);
#4478 = VERTEX_POINT('',#4479);
#4479 = CARTESIAN_POINT('',(144.945,-82.3125,0.));
#4480 = LINE('',#4481,#4482);
#4481 = CARTESIAN_POINT('',(144.945,-82.3125,0.));
#4482 = VECTOR('',#4483,1.);
#4483 = DIRECTION('',(-1.,0.,0.));
#4484 = ORIENTED_EDGE('',*,*,#4485,.F.);
#4485 = EDGE_CURVE('',#4462,#4478,#4486,.T.);
#4486 = LINE('',#4487,#4488);
#4487 = CARTESIAN_POINT('',(144.945,-98.1875,0.));
#4488 = VECTOR('',#4489,1.);
#4489 = DIRECTION('',(0.,1.,0.));
#4490 = FACE_BOUND('',#4491,.F.);
#4491 = EDGE_LOOP('',(#4492));
#4492 = ORIENTED_EDGE('',*,*,#4493,.T.);
#4493 = EDGE_CURVE('',#4494,#4494,#4496,.T.);
#4494 = VERTEX_POINT('',#4495);
#4495 = CARTESIAN_POINT('',(145.85,-91.935,0.));
#4496 = CIRCLE('',#4497,0.35);
#4497 = AXIS2_PLACEMENT_3D('',#4498,#4499,#4500);
#4498 = CARTESIAN_POINT('',(145.85,-91.585,0.));
#4499 = DIRECTION('',(-0.,0.,-1.));
#4500 = DIRECTION('',(-0.,-1.,0.));
#4501 = FACE_BOUND('',#4502,.F.);
#4502 = EDGE_LOOP('',(#4503));
#4503 = ORIENTED_EDGE('',*,*,#4504,.T.);
#4504 = EDGE_CURVE('',#4505,#4505,#4507,.T.);
#4505 = VERTEX_POINT('',#4506);
#4506 = CARTESIAN_POINT('',(145.85,-90.155,0.));
#4507 = CIRCLE('',#4508,0.35);
#4508 = AXIS2_PLACEMENT_3D('',#4509,#4510,#4511);
#4509 = CARTESIAN_POINT('',(145.85,-89.805,0.));
#4510 = DIRECTION('',(-0.,0.,-1.));
#4511 = DIRECTION('',(-0.,-1.,0.));
#4512 = FACE_BOUND('',#4513,.F.);
#4513 = EDGE_LOOP('',(#4514));
#4514 = ORIENTED_EDGE('',*,*,#4515,.T.);
#4515 = EDGE_CURVE('',#4516,#4516,#4518,.T.);
#4516 = VERTEX_POINT('',#4517);
#4517 = CARTESIAN_POINT('',(145.85,-88.375,0.));
#4518 = CIRCLE('',#4519,0.35);
#4519 = AXIS2_PLACEMENT_3D('',#4520,#4521,#4522);
#4520 = CARTESIAN_POINT('',(145.85,-88.025,0.));
#4521 = DIRECTION('',(-0.,0.,-1.));
#4522 = DIRECTION('',(-0.,-1.,0.));
#4523 = FACE_BOUND('',#4524,.F.);
#4524 = EDGE_LOOP('',(#4525));
#4525 = ORIENTED_EDGE('',*,*,#4526,.T.);
#4526 = EDGE_CURVE('',#4527,#4527,#4529,.T.);
#4527 = VERTEX_POINT('',#4528);
#4528 = CARTESIAN_POINT('',(145.85,-86.595,0.));
#4529 = CIRCLE('',#4530,0.35);
#4530 = AXIS2_PLACEMENT_3D('',#4531,#4532,#4533);
#4531 = CARTESIAN_POINT('',(145.85,-86.245,0.));
#4532 = DIRECTION('',(-0.,0.,-1.));
#4533 = DIRECTION('',(-0.,-1.,0.));
#4534 = FACE_BOUND('',#4535,.F.);
#4535 = EDGE_LOOP('',(#4536));
#4536 = ORIENTED_EDGE('',*,*,#4537,.T.);
#4537 = EDGE_CURVE('',#4538,#4538,#4540,.T.);
#4538 = VERTEX_POINT('',#4539);
#4539 = CARTESIAN_POINT('',(145.85,-84.815,0.));
#4540 = CIRCLE('',#4541,0.35);
#4541 = AXIS2_PLACEMENT_3D('',#4542,#4543,#4544);
#4542 = CARTESIAN_POINT('',(145.85,-84.465,0.));
#4543 = DIRECTION('',(-0.,0.,-1.));
#4544 = DIRECTION('',(-0.,-1.,0.));
#4545 = FACE_BOUND('',#4546,.F.);
#4546 = EDGE_LOOP('',(#4547,#4558,#4566,#4575));
#4547 = ORIENTED_EDGE('',*,*,#4548,.T.);
#4548 = EDGE_CURVE('',#4549,#4551,#4553,.T.);
#4549 = VERTEX_POINT('',#4550);
#4550 = CARTESIAN_POINT('',(139.9,-69.,0.));
#4551 = VERTEX_POINT('',#4552);
#4552 = CARTESIAN_POINT('',(139.9,-67.5,0.));
#4553 = CIRCLE('',#4554,0.75);
#4554 = AXIS2_PLACEMENT_3D('',#4555,#4556,#4557);
#4555 = CARTESIAN_POINT('',(139.9,-68.25,0.));
#4556 = DIRECTION('',(-0.,0.,-1.));
#4557 = DIRECTION('',(0.,1.,0.));
#4558 = ORIENTED_EDGE('',*,*,#4559,.T.);
#4559 = EDGE_CURVE('',#4551,#4560,#4562,.T.);
#4560 = VERTEX_POINT('',#4561);
#4561 = CARTESIAN_POINT('',(141.2,-67.5,0.));
#4562 = LINE('',#4563,#4564);
#4563 = CARTESIAN_POINT('',(70.6,-67.5,0.));
#4564 = VECTOR('',#4565,1.);
#4565 = DIRECTION('',(1.,0.,-0.));
#4566 = ORIENTED_EDGE('',*,*,#4567,.T.);
#4567 = EDGE_CURVE('',#4560,#4568,#4570,.T.);
#4568 = VERTEX_POINT('',#4569);
#4569 = CARTESIAN_POINT('',(141.2,-69.,0.));
#4570 = CIRCLE('',#4571,0.75);
#4571 = AXIS2_PLACEMENT_3D('',#4572,#4573,#4574);
#4572 = CARTESIAN_POINT('',(141.2,-68.25,0.));
#4573 = DIRECTION('',(-0.,0.,-1.));
#4574 = DIRECTION('',(-0.,-1.,0.));
#4575 = ORIENTED_EDGE('',*,*,#4576,.T.);
#4576 = EDGE_CURVE('',#4568,#4549,#4577,.T.);
#4577 = LINE('',#4578,#4579);
#4578 = CARTESIAN_POINT('',(69.95,-69.,0.));
#4579 = VECTOR('',#4580,1.);
#4580 = DIRECTION('',(-1.,0.,0.));
#4581 = FACE_BOUND('',#4582,.F.);
#4582 = EDGE_LOOP('',(#4583));
#4583 = ORIENTED_EDGE('',*,*,#4584,.T.);
#4584 = EDGE_CURVE('',#4585,#4585,#4587,.T.);
#4585 = VERTEX_POINT('',#4586);
#4586 = CARTESIAN_POINT('',(148.05,-65.65,0.));
#4587 = CIRCLE('',#4588,0.5);
#4588 = AXIS2_PLACEMENT_3D('',#4589,#4590,#4591);
#4589 = CARTESIAN_POINT('',(148.05,-65.15,0.));
#4590 = DIRECTION('',(-0.,0.,-1.));
#4591 = DIRECTION('',(-0.,-1.,0.));
#4592 = FACE_BOUND('',#4593,.F.);
#4593 = EDGE_LOOP('',(#4594));
#4594 = ORIENTED_EDGE('',*,*,#4595,.T.);
#4595 = EDGE_CURVE('',#4596,#4596,#4598,.T.);
#4596 = VERTEX_POINT('',#4597);
#4597 = CARTESIAN_POINT('',(148.05,-63.15,0.));
#4598 = CIRCLE('',#4599,0.5);
#4599 = AXIS2_PLACEMENT_3D('',#4600,#4601,#4602);
#4600 = CARTESIAN_POINT('',(148.05,-62.65,0.));
#4601 = DIRECTION('',(-0.,0.,-1.));
#4602 = DIRECTION('',(-0.,-1.,0.));
#4603 = FACE_BOUND('',#4604,.F.);
#4604 = EDGE_LOOP('',(#4605));
#4605 = ORIENTED_EDGE('',*,*,#4606,.T.);
#4606 = EDGE_CURVE('',#4607,#4607,#4609,.T.);
#4607 = VERTEX_POINT('',#4608);
#4608 = CARTESIAN_POINT('',(148.05,-60.65,0.));
#4609 = CIRCLE('',#4610,0.5);
#4610 = AXIS2_PLACEMENT_3D('',#4611,#4612,#4613);
#4611 = CARTESIAN_POINT('',(148.05,-60.15,0.));
#4612 = DIRECTION('',(-0.,0.,-1.));
#4613 = DIRECTION('',(-0.,-1.,0.));
#4614 = FACE_BOUND('',#4615,.F.);
#4615 = EDGE_LOOP('',(#4616,#4627,#4635,#4644));
#4616 = ORIENTED_EDGE('',*,*,#4617,.T.);
#4617 = EDGE_CURVE('',#4618,#4620,#4622,.T.);
#4618 = VERTEX_POINT('',#4619);
#4619 = CARTESIAN_POINT('',(139.9,-57.8,0.));
#4620 = VERTEX_POINT('',#4621);
#4621 = CARTESIAN_POINT('',(139.9,-56.3,0.));
#4622 = CIRCLE('',#4623,0.75);
#4623 = AXIS2_PLACEMENT_3D('',#4624,#4625,#4626);
#4624 = CARTESIAN_POINT('',(139.9,-57.05,0.));
#4625 = DIRECTION('',(-0.,0.,-1.));
#4626 = DIRECTION('',(0.,1.,0.));
#4627 = ORIENTED_EDGE('',*,*,#4628,.T.);
#4628 = EDGE_CURVE('',#4620,#4629,#4631,.T.);
#4629 = VERTEX_POINT('',#4630);
#4630 = CARTESIAN_POINT('',(141.2,-56.3,0.));
#4631 = LINE('',#4632,#4633);
#4632 = CARTESIAN_POINT('',(70.6,-56.3,0.));
#4633 = VECTOR('',#4634,1.);
#4634 = DIRECTION('',(1.,0.,-0.));
#4635 = ORIENTED_EDGE('',*,*,#4636,.T.);
#4636 = EDGE_CURVE('',#4629,#4637,#4639,.T.);
#4637 = VERTEX_POINT('',#4638);
#4638 = CARTESIAN_POINT('',(141.2,-57.8,0.));
#4639 = CIRCLE('',#4640,0.75);
#4640 = AXIS2_PLACEMENT_3D('',#4641,#4642,#4643);
#4641 = CARTESIAN_POINT('',(141.2,-57.05,0.));
#4642 = DIRECTION('',(-0.,0.,-1.));
#4643 = DIRECTION('',(-0.,-1.,0.));
#4644 = ORIENTED_EDGE('',*,*,#4645,.T.);
#4645 = EDGE_CURVE('',#4637,#4618,#4646,.T.);
#4646 = LINE('',#4647,#4648);
#4647 = CARTESIAN_POINT('',(69.95,-57.8,0.));
#4648 = VECTOR('',#4649,1.);
#4649 = DIRECTION('',(-1.,0.,0.));
#4650 = FACE_BOUND('',#4651,.F.);
#4651 = EDGE_LOOP('',(#4652));
#4652 = ORIENTED_EDGE('',*,*,#4653,.T.);
#4653 = EDGE_CURVE('',#4654,#4654,#4656,.T.);
#4654 = VERTEX_POINT('',#4655);
#4655 = CARTESIAN_POINT('',(158.5,-64.08,0.));
#4656 = CIRCLE('',#4657,0.75);
#4657 = AXIS2_PLACEMENT_3D('',#4658,#4659,#4660);
#4658 = CARTESIAN_POINT('',(158.5,-63.33,0.));
#4659 = DIRECTION('',(-0.,0.,-1.));
#4660 = DIRECTION('',(-0.,-1.,0.));
#4661 = FACE_BOUND('',#4662,.F.);
#4662 = EDGE_LOOP('',(#4663));
#4663 = ORIENTED_EDGE('',*,*,#4664,.T.);
#4664 = EDGE_CURVE('',#4665,#4665,#4667,.T.);
#4665 = VERTEX_POINT('',#4666);
#4666 = CARTESIAN_POINT('',(158.5,-59.,0.));
#4667 = CIRCLE('',#4668,0.75);
#4668 = AXIS2_PLACEMENT_3D('',#4669,#4670,#4671);
#4669 = CARTESIAN_POINT('',(158.5,-58.25,0.));
#4670 = DIRECTION('',(-0.,0.,-1.));
#4671 = DIRECTION('',(-0.,-1.,0.));
#4672 = FACE_BOUND('',#4673,.F.);
#4673 = EDGE_LOOP('',(#4674));
#4674 = ORIENTED_EDGE('',*,*,#4675,.T.);
#4675 = EDGE_CURVE('',#4676,#4676,#4678,.T.);
#4676 = VERTEX_POINT('',#4677);
#4677 = CARTESIAN_POINT('',(158.5,-53.92,0.));
#4678 = CIRCLE('',#4679,0.75);
#4679 = AXIS2_PLACEMENT_3D('',#4680,#4681,#4682);
#4680 = CARTESIAN_POINT('',(158.5,-53.17,0.));
#4681 = DIRECTION('',(-0.,0.,-1.));
#4682 = DIRECTION('',(-0.,-1.,0.));
#4683 = FACE_BOUND('',#4684,.F.);
#4684 = EDGE_LOOP('',(#4685));
#4685 = ORIENTED_EDGE('',*,*,#4686,.T.);
#4686 = EDGE_CURVE('',#4687,#4687,#4689,.T.);
#4687 = VERTEX_POINT('',#4688);
#4688 = CARTESIAN_POINT('',(162.5,-49.35,0.));
#4689 = CIRCLE('',#4690,1.1);
#4690 = AXIS2_PLACEMENT_3D('',#4691,#4692,#4693);
#4691 = CARTESIAN_POINT('',(162.5,-48.25,0.));
#4692 = DIRECTION('',(-0.,0.,-1.));
#4693 = DIRECTION('',(-0.,-1.,0.));
#4694 = PLANE('',#4695);
#4695 = AXIS2_PLACEMENT_3D('',#4696,#4697,#4698);
#4696 = CARTESIAN_POINT('',(0.,0.,0.));
#4697 = DIRECTION('',(0.,0.,1.));
#4698 = DIRECTION('',(1.,0.,-0.));
#4699 = ADVANCED_FACE('',(#4700,#4711,#4722,#4733,#4744,#4755,#4766,
    #4777,#4788,#4799,#4810,#4821,#4832,#4843,#4854,#4865,#4876,#4887,
    #4898,#4909,#4920,#4931,#4942,#4953,#4964,#4975,#4986,#4997,#5008,
    #5019,#5030,#5041,#5052,#5063,#5074,#5085,#5096,#5107,#5118,#5129,
    #5140,#5151,#5162,#5173,#5207,#5218,#5229,#5240,#5251,#5262,#5298,
    #5309,#5320,#5331,#5367,#5378,#5389,#5400),#5411,.T.);
#4700 = FACE_BOUND('',#4701,.T.);
#4701 = EDGE_LOOP('',(#4702,#4703,#4704,#4710));
#4702 = ORIENTED_EDGE('',*,*,#3894,.F.);
#4703 = ORIENTED_EDGE('',*,*,#3934,.F.);
#4704 = ORIENTED_EDGE('',*,*,#4705,.F.);
#4705 = EDGE_CURVE('',#3957,#3927,#4706,.T.);
#4706 = LINE('',#4707,#4708);
#4707 = CARTESIAN_POINT('',(110.5,-40.25,1.51));
#4708 = VECTOR('',#4709,1.);
#4709 = DIRECTION('',(1.,0.,0.));
#4710 = ORIENTED_EDGE('',*,*,#3956,.F.);
#4711 = FACE_BOUND('',#4712,.T.);
#4712 = EDGE_LOOP('',(#4713));
#4713 = ORIENTED_EDGE('',*,*,#4714,.T.);
#4714 = EDGE_CURVE('',#4715,#4715,#4717,.T.);
#4715 = VERTEX_POINT('',#4716);
#4716 = CARTESIAN_POINT('',(132.88,-137.458,1.51));
#4717 = CIRCLE('',#4718,0.508);
#4718 = AXIS2_PLACEMENT_3D('',#4719,#4720,#4721);
#4719 = CARTESIAN_POINT('',(132.88,-136.95,1.51));
#4720 = DIRECTION('',(-0.,0.,-1.));
#4721 = DIRECTION('',(-0.,-1.,0.));
#4722 = FACE_BOUND('',#4723,.T.);
#4723 = EDGE_LOOP('',(#4724));
#4724 = ORIENTED_EDGE('',*,*,#4725,.T.);
#4725 = EDGE_CURVE('',#4726,#4726,#4728,.T.);
#4726 = VERTEX_POINT('',#4727);
#4727 = CARTESIAN_POINT('',(132.88,-134.918,1.51));
#4728 = CIRCLE('',#4729,0.508);
#4729 = AXIS2_PLACEMENT_3D('',#4730,#4731,#4732);
#4730 = CARTESIAN_POINT('',(132.88,-134.41,1.51));
#4731 = DIRECTION('',(-0.,0.,-1.));
#4732 = DIRECTION('',(-0.,-1.,0.));
#4733 = FACE_BOUND('',#4734,.T.);
#4734 = EDGE_LOOP('',(#4735));
#4735 = ORIENTED_EDGE('',*,*,#4736,.T.);
#4736 = EDGE_CURVE('',#4737,#4737,#4739,.T.);
#4737 = VERTEX_POINT('',#4738);
#4738 = CARTESIAN_POINT('',(132.88,-132.378,1.51));
#4739 = CIRCLE('',#4740,0.508);
#4740 = AXIS2_PLACEMENT_3D('',#4741,#4742,#4743);
#4741 = CARTESIAN_POINT('',(132.88,-131.87,1.51));
#4742 = DIRECTION('',(-0.,0.,-1.));
#4743 = DIRECTION('',(-0.,-1.,0.));
#4744 = FACE_BOUND('',#4745,.T.);
#4745 = EDGE_LOOP('',(#4746));
#4746 = ORIENTED_EDGE('',*,*,#4747,.T.);
#4747 = EDGE_CURVE('',#4748,#4748,#4750,.T.);
#4748 = VERTEX_POINT('',#4749);
#4749 = CARTESIAN_POINT('',(132.88,-129.838,1.51));
#4750 = CIRCLE('',#4751,0.508);
#4751 = AXIS2_PLACEMENT_3D('',#4752,#4753,#4754);
#4752 = CARTESIAN_POINT('',(132.88,-129.33,1.51));
#4753 = DIRECTION('',(-0.,0.,-1.));
#4754 = DIRECTION('',(-0.,-1.,0.));
#4755 = FACE_BOUND('',#4756,.T.);
#4756 = EDGE_LOOP('',(#4757));
#4757 = ORIENTED_EDGE('',*,*,#4758,.T.);
#4758 = EDGE_CURVE('',#4759,#4759,#4761,.T.);
#4759 = VERTEX_POINT('',#4760);
#4760 = CARTESIAN_POINT('',(132.88,-127.298,1.51));
#4761 = CIRCLE('',#4762,0.508);
#4762 = AXIS2_PLACEMENT_3D('',#4763,#4764,#4765);
#4763 = CARTESIAN_POINT('',(132.88,-126.79,1.51));
#4764 = DIRECTION('',(-0.,0.,-1.));
#4765 = DIRECTION('',(-0.,-1.,0.));
#4766 = FACE_BOUND('',#4767,.T.);
#4767 = EDGE_LOOP('',(#4768));
#4768 = ORIENTED_EDGE('',*,*,#4769,.T.);
#4769 = EDGE_CURVE('',#4770,#4770,#4772,.T.);
#4770 = VERTEX_POINT('',#4771);
#4771 = CARTESIAN_POINT('',(132.88,-124.758,1.51));
#4772 = CIRCLE('',#4773,0.508);
#4773 = AXIS2_PLACEMENT_3D('',#4774,#4775,#4776);
#4774 = CARTESIAN_POINT('',(132.88,-124.25,1.51));
#4775 = DIRECTION('',(-0.,0.,-1.));
#4776 = DIRECTION('',(-0.,-1.,0.));
#4777 = FACE_BOUND('',#4778,.T.);
#4778 = EDGE_LOOP('',(#4779));
#4779 = ORIENTED_EDGE('',*,*,#4780,.T.);
#4780 = EDGE_CURVE('',#4781,#4781,#4783,.T.);
#4781 = VERTEX_POINT('',#4782);
#4782 = CARTESIAN_POINT('',(132.88,-122.218,1.51));
#4783 = CIRCLE('',#4784,0.508);
#4784 = AXIS2_PLACEMENT_3D('',#4785,#4786,#4787);
#4785 = CARTESIAN_POINT('',(132.88,-121.71,1.51));
#4786 = DIRECTION('',(-0.,0.,-1.));
#4787 = DIRECTION('',(-0.,-1.,0.));
#4788 = FACE_BOUND('',#4789,.T.);
#4789 = EDGE_LOOP('',(#4790));
#4790 = ORIENTED_EDGE('',*,*,#4791,.T.);
#4791 = EDGE_CURVE('',#4792,#4792,#4794,.T.);
#4792 = VERTEX_POINT('',#4793);
#4793 = CARTESIAN_POINT('',(132.88,-119.678,1.51));
#4794 = CIRCLE('',#4795,0.508);
#4795 = AXIS2_PLACEMENT_3D('',#4796,#4797,#4798);
#4796 = CARTESIAN_POINT('',(132.88,-119.17,1.51));
#4797 = DIRECTION('',(-0.,0.,-1.));
#4798 = DIRECTION('',(-0.,-1.,0.));
#4799 = FACE_BOUND('',#4800,.T.);
#4800 = EDGE_LOOP('',(#4801));
#4801 = ORIENTED_EDGE('',*,*,#4802,.T.);
#4802 = EDGE_CURVE('',#4803,#4803,#4805,.T.);
#4803 = VERTEX_POINT('',#4804);
#4804 = CARTESIAN_POINT('',(132.88,-117.138,1.51));
#4805 = CIRCLE('',#4806,0.508);
#4806 = AXIS2_PLACEMENT_3D('',#4807,#4808,#4809);
#4807 = CARTESIAN_POINT('',(132.88,-116.63,1.51));
#4808 = DIRECTION('',(-0.,0.,-1.));
#4809 = DIRECTION('',(-0.,-1.,0.));
#4810 = FACE_BOUND('',#4811,.T.);
#4811 = EDGE_LOOP('',(#4812));
#4812 = ORIENTED_EDGE('',*,*,#4813,.T.);
#4813 = EDGE_CURVE('',#4814,#4814,#4816,.T.);
#4814 = VERTEX_POINT('',#4815);
#4815 = CARTESIAN_POINT('',(132.88,-114.598,1.51));
#4816 = CIRCLE('',#4817,0.508);
#4817 = AXIS2_PLACEMENT_3D('',#4818,#4819,#4820);
#4818 = CARTESIAN_POINT('',(132.88,-114.09,1.51));
#4819 = DIRECTION('',(-0.,0.,-1.));
#4820 = DIRECTION('',(-0.,-1.,0.));
#4821 = FACE_BOUND('',#4822,.T.);
#4822 = EDGE_LOOP('',(#4823));
#4823 = ORIENTED_EDGE('',*,*,#4824,.T.);
#4824 = EDGE_CURVE('',#4825,#4825,#4827,.T.);
#4825 = VERTEX_POINT('',#4826);
#4826 = CARTESIAN_POINT('',(132.88,-112.058,1.51));
#4827 = CIRCLE('',#4828,0.508);
#4828 = AXIS2_PLACEMENT_3D('',#4829,#4830,#4831);
#4829 = CARTESIAN_POINT('',(132.88,-111.55,1.51));
#4830 = DIRECTION('',(-0.,0.,-1.));
#4831 = DIRECTION('',(-0.,-1.,0.));
#4832 = FACE_BOUND('',#4833,.T.);
#4833 = EDGE_LOOP('',(#4834));
#4834 = ORIENTED_EDGE('',*,*,#4835,.T.);
#4835 = EDGE_CURVE('',#4836,#4836,#4838,.T.);
#4836 = VERTEX_POINT('',#4837);
#4837 = CARTESIAN_POINT('',(132.88,-109.518,1.51));
#4838 = CIRCLE('',#4839,0.508);
#4839 = AXIS2_PLACEMENT_3D('',#4840,#4841,#4842);
#4840 = CARTESIAN_POINT('',(132.88,-109.01,1.51));
#4841 = DIRECTION('',(-0.,0.,-1.));
#4842 = DIRECTION('',(-0.,-1.,0.));
#4843 = FACE_BOUND('',#4844,.T.);
#4844 = EDGE_LOOP('',(#4845));
#4845 = ORIENTED_EDGE('',*,*,#4846,.T.);
#4846 = EDGE_CURVE('',#4847,#4847,#4849,.T.);
#4847 = VERTEX_POINT('',#4848);
#4848 = CARTESIAN_POINT('',(135.15,-96.385,1.51));
#4849 = CIRCLE('',#4850,0.35);
#4850 = AXIS2_PLACEMENT_3D('',#4851,#4852,#4853);
#4851 = CARTESIAN_POINT('',(135.15,-96.035,1.51));
#4852 = DIRECTION('',(-0.,0.,-1.));
#4853 = DIRECTION('',(-0.,-1.,0.));
#4854 = FACE_BOUND('',#4855,.T.);
#4855 = EDGE_LOOP('',(#4856));
#4856 = ORIENTED_EDGE('',*,*,#4857,.T.);
#4857 = EDGE_CURVE('',#4858,#4858,#4860,.T.);
#4858 = VERTEX_POINT('',#4859);
#4859 = CARTESIAN_POINT('',(135.15,-94.605,1.51));
#4860 = CIRCLE('',#4861,0.35);
#4861 = AXIS2_PLACEMENT_3D('',#4862,#4863,#4864);
#4862 = CARTESIAN_POINT('',(135.15,-94.255,1.51));
#4863 = DIRECTION('',(-0.,0.,-1.));
#4864 = DIRECTION('',(-0.,-1.,0.));
#4865 = FACE_BOUND('',#4866,.T.);
#4866 = EDGE_LOOP('',(#4867));
#4867 = ORIENTED_EDGE('',*,*,#4868,.T.);
#4868 = EDGE_CURVE('',#4869,#4869,#4871,.T.);
#4869 = VERTEX_POINT('',#4870);
#4870 = CARTESIAN_POINT('',(140.5,-138.35,1.51));
#4871 = CIRCLE('',#4872,1.1);
#4872 = AXIS2_PLACEMENT_3D('',#4873,#4874,#4875);
#4873 = CARTESIAN_POINT('',(140.5,-137.25,1.51));
#4874 = DIRECTION('',(-0.,0.,-1.));
#4875 = DIRECTION('',(-0.,-1.,0.));
#4876 = FACE_BOUND('',#4877,.T.);
#4877 = EDGE_LOOP('',(#4878));
#4878 = ORIENTED_EDGE('',*,*,#4879,.T.);
#4879 = EDGE_CURVE('',#4880,#4880,#4882,.T.);
#4880 = VERTEX_POINT('',#4881);
#4881 = CARTESIAN_POINT('',(148.12,-137.458,1.51));
#4882 = CIRCLE('',#4883,0.508);
#4883 = AXIS2_PLACEMENT_3D('',#4884,#4885,#4886);
#4884 = CARTESIAN_POINT('',(148.12,-136.95,1.51));
#4885 = DIRECTION('',(-0.,0.,-1.));
#4886 = DIRECTION('',(-0.,-1.,0.));
#4887 = FACE_BOUND('',#4888,.T.);
#4888 = EDGE_LOOP('',(#4889));
#4889 = ORIENTED_EDGE('',*,*,#4890,.T.);
#4890 = EDGE_CURVE('',#4891,#4891,#4893,.T.);
#4891 = VERTEX_POINT('',#4892);
#4892 = CARTESIAN_POINT('',(148.12,-134.918,1.51));
#4893 = CIRCLE('',#4894,0.508);
#4894 = AXIS2_PLACEMENT_3D('',#4895,#4896,#4897);
#4895 = CARTESIAN_POINT('',(148.12,-134.41,1.51));
#4896 = DIRECTION('',(-0.,0.,-1.));
#4897 = DIRECTION('',(-0.,-1.,0.));
#4898 = FACE_BOUND('',#4899,.T.);
#4899 = EDGE_LOOP('',(#4900));
#4900 = ORIENTED_EDGE('',*,*,#4901,.T.);
#4901 = EDGE_CURVE('',#4902,#4902,#4904,.T.);
#4902 = VERTEX_POINT('',#4903);
#4903 = CARTESIAN_POINT('',(148.12,-132.378,1.51));
#4904 = CIRCLE('',#4905,0.508);
#4905 = AXIS2_PLACEMENT_3D('',#4906,#4907,#4908);
#4906 = CARTESIAN_POINT('',(148.12,-131.87,1.51));
#4907 = DIRECTION('',(-0.,0.,-1.));
#4908 = DIRECTION('',(-0.,-1.,0.));
#4909 = FACE_BOUND('',#4910,.T.);
#4910 = EDGE_LOOP('',(#4911));
#4911 = ORIENTED_EDGE('',*,*,#4912,.T.);
#4912 = EDGE_CURVE('',#4913,#4913,#4915,.T.);
#4913 = VERTEX_POINT('',#4914);
#4914 = CARTESIAN_POINT('',(148.12,-129.838,1.51));
#4915 = CIRCLE('',#4916,0.508);
#4916 = AXIS2_PLACEMENT_3D('',#4917,#4918,#4919);
#4917 = CARTESIAN_POINT('',(148.12,-129.33,1.51));
#4918 = DIRECTION('',(-0.,0.,-1.));
#4919 = DIRECTION('',(-0.,-1.,0.));
#4920 = FACE_BOUND('',#4921,.T.);
#4921 = EDGE_LOOP('',(#4922));
#4922 = ORIENTED_EDGE('',*,*,#4923,.T.);
#4923 = EDGE_CURVE('',#4924,#4924,#4926,.T.);
#4924 = VERTEX_POINT('',#4925);
#4925 = CARTESIAN_POINT('',(148.12,-127.298,1.51));
#4926 = CIRCLE('',#4927,0.508);
#4927 = AXIS2_PLACEMENT_3D('',#4928,#4929,#4930);
#4928 = CARTESIAN_POINT('',(148.12,-126.79,1.51));
#4929 = DIRECTION('',(-0.,0.,-1.));
#4930 = DIRECTION('',(-0.,-1.,0.));
#4931 = FACE_BOUND('',#4932,.T.);
#4932 = EDGE_LOOP('',(#4933));
#4933 = ORIENTED_EDGE('',*,*,#4934,.T.);
#4934 = EDGE_CURVE('',#4935,#4935,#4937,.T.);
#4935 = VERTEX_POINT('',#4936);
#4936 = CARTESIAN_POINT('',(148.12,-124.758,1.51));
#4937 = CIRCLE('',#4938,0.508);
#4938 = AXIS2_PLACEMENT_3D('',#4939,#4940,#4941);
#4939 = CARTESIAN_POINT('',(148.12,-124.25,1.51));
#4940 = DIRECTION('',(-0.,0.,-1.));
#4941 = DIRECTION('',(-0.,-1.,0.));
#4942 = FACE_BOUND('',#4943,.T.);
#4943 = EDGE_LOOP('',(#4944));
#4944 = ORIENTED_EDGE('',*,*,#4945,.T.);
#4945 = EDGE_CURVE('',#4946,#4946,#4948,.T.);
#4946 = VERTEX_POINT('',#4947);
#4947 = CARTESIAN_POINT('',(148.12,-122.218,1.51));
#4948 = CIRCLE('',#4949,0.508);
#4949 = AXIS2_PLACEMENT_3D('',#4950,#4951,#4952);
#4950 = CARTESIAN_POINT('',(148.12,-121.71,1.51));
#4951 = DIRECTION('',(-0.,0.,-1.));
#4952 = DIRECTION('',(-0.,-1.,0.));
#4953 = FACE_BOUND('',#4954,.T.);
#4954 = EDGE_LOOP('',(#4955));
#4955 = ORIENTED_EDGE('',*,*,#4956,.T.);
#4956 = EDGE_CURVE('',#4957,#4957,#4959,.T.);
#4957 = VERTEX_POINT('',#4958);
#4958 = CARTESIAN_POINT('',(148.12,-119.678,1.51));
#4959 = CIRCLE('',#4960,0.508);
#4960 = AXIS2_PLACEMENT_3D('',#4961,#4962,#4963);
#4961 = CARTESIAN_POINT('',(148.12,-119.17,1.51));
#4962 = DIRECTION('',(-0.,0.,-1.));
#4963 = DIRECTION('',(-0.,-1.,0.));
#4964 = FACE_BOUND('',#4965,.T.);
#4965 = EDGE_LOOP('',(#4966));
#4966 = ORIENTED_EDGE('',*,*,#4967,.T.);
#4967 = EDGE_CURVE('',#4968,#4968,#4970,.T.);
#4968 = VERTEX_POINT('',#4969);
#4969 = CARTESIAN_POINT('',(148.12,-117.138,1.51));
#4970 = CIRCLE('',#4971,0.508);
#4971 = AXIS2_PLACEMENT_3D('',#4972,#4973,#4974);
#4972 = CARTESIAN_POINT('',(148.12,-116.63,1.51));
#4973 = DIRECTION('',(-0.,0.,-1.));
#4974 = DIRECTION('',(-0.,-1.,0.));
#4975 = FACE_BOUND('',#4976,.T.);
#4976 = EDGE_LOOP('',(#4977));
#4977 = ORIENTED_EDGE('',*,*,#4978,.T.);
#4978 = EDGE_CURVE('',#4979,#4979,#4981,.T.);
#4979 = VERTEX_POINT('',#4980);
#4980 = CARTESIAN_POINT('',(148.12,-114.598,1.51));
#4981 = CIRCLE('',#4982,0.508);
#4982 = AXIS2_PLACEMENT_3D('',#4983,#4984,#4985);
#4983 = CARTESIAN_POINT('',(148.12,-114.09,1.51));
#4984 = DIRECTION('',(-0.,0.,-1.));
#4985 = DIRECTION('',(-0.,-1.,0.));
#4986 = FACE_BOUND('',#4987,.T.);
#4987 = EDGE_LOOP('',(#4988));
#4988 = ORIENTED_EDGE('',*,*,#4989,.T.);
#4989 = EDGE_CURVE('',#4990,#4990,#4992,.T.);
#4990 = VERTEX_POINT('',#4991);
#4991 = CARTESIAN_POINT('',(148.12,-112.058,1.51));
#4992 = CIRCLE('',#4993,0.508);
#4993 = AXIS2_PLACEMENT_3D('',#4994,#4995,#4996);
#4994 = CARTESIAN_POINT('',(148.12,-111.55,1.51));
#4995 = DIRECTION('',(-0.,0.,-1.));
#4996 = DIRECTION('',(-0.,-1.,0.));
#4997 = FACE_BOUND('',#4998,.T.);
#4998 = EDGE_LOOP('',(#4999));
#4999 = ORIENTED_EDGE('',*,*,#5000,.T.);
#5000 = EDGE_CURVE('',#5001,#5001,#5003,.T.);
#5001 = VERTEX_POINT('',#5002);
#5002 = CARTESIAN_POINT('',(148.12,-109.518,1.51));
#5003 = CIRCLE('',#5004,0.508);
#5004 = AXIS2_PLACEMENT_3D('',#5005,#5006,#5007);
#5005 = CARTESIAN_POINT('',(148.12,-109.01,1.51));
#5006 = DIRECTION('',(-0.,0.,-1.));
#5007 = DIRECTION('',(-0.,-1.,0.));
#5008 = FACE_BOUND('',#5009,.T.);
#5009 = EDGE_LOOP('',(#5010));
#5010 = ORIENTED_EDGE('',*,*,#5011,.T.);
#5011 = EDGE_CURVE('',#5012,#5012,#5014,.T.);
#5012 = VERTEX_POINT('',#5013);
#5013 = CARTESIAN_POINT('',(145.85,-97.275,1.51));
#5014 = CIRCLE('',#5015,0.35);
#5015 = AXIS2_PLACEMENT_3D('',#5016,#5017,#5018);
#5016 = CARTESIAN_POINT('',(145.85,-96.925,1.51));
#5017 = DIRECTION('',(-0.,0.,-1.));
#5018 = DIRECTION('',(-0.,-1.,0.));
#5019 = FACE_BOUND('',#5020,.T.);
#5020 = EDGE_LOOP('',(#5021));
#5021 = ORIENTED_EDGE('',*,*,#5022,.T.);
#5022 = EDGE_CURVE('',#5023,#5023,#5025,.T.);
#5023 = VERTEX_POINT('',#5024);
#5024 = CARTESIAN_POINT('',(145.85,-95.495,1.51));
#5025 = CIRCLE('',#5026,0.35);
#5026 = AXIS2_PLACEMENT_3D('',#5027,#5028,#5029);
#5027 = CARTESIAN_POINT('',(145.85,-95.145,1.51));
#5028 = DIRECTION('',(-0.,0.,-1.));
#5029 = DIRECTION('',(-0.,-1.,0.));
#5030 = FACE_BOUND('',#5031,.T.);
#5031 = EDGE_LOOP('',(#5032));
#5032 = ORIENTED_EDGE('',*,*,#5033,.T.);
#5033 = EDGE_CURVE('',#5034,#5034,#5036,.T.);
#5034 = VERTEX_POINT('',#5035);
#5035 = CARTESIAN_POINT('',(145.85,-93.715,1.51));
#5036 = CIRCLE('',#5037,0.35);
#5037 = AXIS2_PLACEMENT_3D('',#5038,#5039,#5040);
#5038 = CARTESIAN_POINT('',(145.85,-93.365,1.51));
#5039 = DIRECTION('',(-0.,0.,-1.));
#5040 = DIRECTION('',(-0.,-1.,0.));
#5041 = FACE_BOUND('',#5042,.T.);
#5042 = EDGE_LOOP('',(#5043));
#5043 = ORIENTED_EDGE('',*,*,#5044,.T.);
#5044 = EDGE_CURVE('',#5045,#5045,#5047,.T.);
#5045 = VERTEX_POINT('',#5046);
#5046 = CARTESIAN_POINT('',(135.15,-92.825,1.51));
#5047 = CIRCLE('',#5048,0.35);
#5048 = AXIS2_PLACEMENT_3D('',#5049,#5050,#5051);
#5049 = CARTESIAN_POINT('',(135.15,-92.475,1.51));
#5050 = DIRECTION('',(-0.,0.,-1.));
#5051 = DIRECTION('',(-0.,-1.,0.));
#5052 = FACE_BOUND('',#5053,.T.);
#5053 = EDGE_LOOP('',(#5054));
#5054 = ORIENTED_EDGE('',*,*,#5055,.T.);
#5055 = EDGE_CURVE('',#5056,#5056,#5058,.T.);
#5056 = VERTEX_POINT('',#5057);
#5057 = CARTESIAN_POINT('',(135.15,-91.045,1.51));
#5058 = CIRCLE('',#5059,0.35);
#5059 = AXIS2_PLACEMENT_3D('',#5060,#5061,#5062);
#5060 = CARTESIAN_POINT('',(135.15,-90.695,1.51));
#5061 = DIRECTION('',(-0.,0.,-1.));
#5062 = DIRECTION('',(-0.,-1.,0.));
#5063 = FACE_BOUND('',#5064,.T.);
#5064 = EDGE_LOOP('',(#5065));
#5065 = ORIENTED_EDGE('',*,*,#5066,.T.);
#5066 = EDGE_CURVE('',#5067,#5067,#5069,.T.);
#5067 = VERTEX_POINT('',#5068);
#5068 = CARTESIAN_POINT('',(135.15,-89.265,1.51));
#5069 = CIRCLE('',#5070,0.35);
#5070 = AXIS2_PLACEMENT_3D('',#5071,#5072,#5073);
#5071 = CARTESIAN_POINT('',(135.15,-88.915,1.51));
#5072 = DIRECTION('',(-0.,0.,-1.));
#5073 = DIRECTION('',(-0.,-1.,0.));
#5074 = FACE_BOUND('',#5075,.T.);
#5075 = EDGE_LOOP('',(#5076));
#5076 = ORIENTED_EDGE('',*,*,#5077,.T.);
#5077 = EDGE_CURVE('',#5078,#5078,#5080,.T.);
#5078 = VERTEX_POINT('',#5079);
#5079 = CARTESIAN_POINT('',(135.15,-87.485,1.51));
#5080 = CIRCLE('',#5081,0.35);
#5081 = AXIS2_PLACEMENT_3D('',#5082,#5083,#5084);
#5082 = CARTESIAN_POINT('',(135.15,-87.135,1.51));
#5083 = DIRECTION('',(-0.,0.,-1.));
#5084 = DIRECTION('',(-0.,-1.,0.));
#5085 = FACE_BOUND('',#5086,.T.);
#5086 = EDGE_LOOP('',(#5087));
#5087 = ORIENTED_EDGE('',*,*,#5088,.T.);
#5088 = EDGE_CURVE('',#5089,#5089,#5091,.T.);
#5089 = VERTEX_POINT('',#5090);
#5090 = CARTESIAN_POINT('',(135.15,-85.705,1.51));
#5091 = CIRCLE('',#5092,0.35);
#5092 = AXIS2_PLACEMENT_3D('',#5093,#5094,#5095);
#5093 = CARTESIAN_POINT('',(135.15,-85.355,1.51));
#5094 = DIRECTION('',(-0.,0.,-1.));
#5095 = DIRECTION('',(-0.,-1.,0.));
#5096 = FACE_BOUND('',#5097,.T.);
#5097 = EDGE_LOOP('',(#5098));
#5098 = ORIENTED_EDGE('',*,*,#5099,.T.);
#5099 = EDGE_CURVE('',#5100,#5100,#5102,.T.);
#5100 = VERTEX_POINT('',#5101);
#5101 = CARTESIAN_POINT('',(135.15,-83.925,1.51));
#5102 = CIRCLE('',#5103,0.35);
#5103 = AXIS2_PLACEMENT_3D('',#5104,#5105,#5106);
#5104 = CARTESIAN_POINT('',(135.15,-83.575,1.51));
#5105 = DIRECTION('',(-0.,0.,-1.));
#5106 = DIRECTION('',(-0.,-1.,0.));
#5107 = FACE_BOUND('',#5108,.T.);
#5108 = EDGE_LOOP('',(#5109));
#5109 = ORIENTED_EDGE('',*,*,#5110,.T.);
#5110 = EDGE_CURVE('',#5111,#5111,#5113,.T.);
#5111 = VERTEX_POINT('',#5112);
#5112 = CARTESIAN_POINT('',(123.5,-64.08,1.51));
#5113 = CIRCLE('',#5114,0.75);
#5114 = AXIS2_PLACEMENT_3D('',#5115,#5116,#5117);
#5115 = CARTESIAN_POINT('',(123.5,-63.33,1.51));
#5116 = DIRECTION('',(-0.,0.,-1.));
#5117 = DIRECTION('',(-0.,-1.,0.));
#5118 = FACE_BOUND('',#5119,.T.);
#5119 = EDGE_LOOP('',(#5120));
#5120 = ORIENTED_EDGE('',*,*,#5121,.T.);
#5121 = EDGE_CURVE('',#5122,#5122,#5124,.T.);
#5122 = VERTEX_POINT('',#5123);
#5123 = CARTESIAN_POINT('',(118.5,-49.35,1.51));
#5124 = CIRCLE('',#5125,1.1);
#5125 = AXIS2_PLACEMENT_3D('',#5126,#5127,#5128);
#5126 = CARTESIAN_POINT('',(118.5,-48.25,1.51));
#5127 = DIRECTION('',(-0.,0.,-1.));
#5128 = DIRECTION('',(-0.,-1.,0.));
#5129 = FACE_BOUND('',#5130,.T.);
#5130 = EDGE_LOOP('',(#5131));
#5131 = ORIENTED_EDGE('',*,*,#5132,.T.);
#5132 = EDGE_CURVE('',#5133,#5133,#5135,.T.);
#5133 = VERTEX_POINT('',#5134);
#5134 = CARTESIAN_POINT('',(123.5,-59.,1.51));
#5135 = CIRCLE('',#5136,0.75);
#5136 = AXIS2_PLACEMENT_3D('',#5137,#5138,#5139);
#5137 = CARTESIAN_POINT('',(123.5,-58.25,1.51));
#5138 = DIRECTION('',(-0.,0.,-1.));
#5139 = DIRECTION('',(-0.,-1.,0.));
#5140 = FACE_BOUND('',#5141,.T.);
#5141 = EDGE_LOOP('',(#5142));
#5142 = ORIENTED_EDGE('',*,*,#5143,.T.);
#5143 = EDGE_CURVE('',#5144,#5144,#5146,.T.);
#5144 = VERTEX_POINT('',#5145);
#5145 = CARTESIAN_POINT('',(123.5,-53.92,1.51));
#5146 = CIRCLE('',#5147,0.75);
#5147 = AXIS2_PLACEMENT_3D('',#5148,#5149,#5150);
#5148 = CARTESIAN_POINT('',(123.5,-53.17,1.51));
#5149 = DIRECTION('',(-0.,0.,-1.));
#5150 = DIRECTION('',(-0.,-1.,0.));
#5151 = FACE_BOUND('',#5152,.T.);
#5152 = EDGE_LOOP('',(#5153));
#5153 = ORIENTED_EDGE('',*,*,#5154,.T.);
#5154 = EDGE_CURVE('',#5155,#5155,#5157,.T.);
#5155 = VERTEX_POINT('',#5156);
#5156 = CARTESIAN_POINT('',(133.55,-65.65,1.51));
#5157 = CIRCLE('',#5158,0.5);
#5158 = AXIS2_PLACEMENT_3D('',#5159,#5160,#5161);
#5159 = CARTESIAN_POINT('',(133.55,-65.15,1.51));
#5160 = DIRECTION('',(-0.,0.,-1.));
#5161 = DIRECTION('',(-0.,-1.,0.));
#5162 = FACE_BOUND('',#5163,.T.);
#5163 = EDGE_LOOP('',(#5164));
#5164 = ORIENTED_EDGE('',*,*,#5165,.T.);
#5165 = EDGE_CURVE('',#5166,#5166,#5168,.T.);
#5166 = VERTEX_POINT('',#5167);
#5167 = CARTESIAN_POINT('',(133.55,-60.65,1.51));
#5168 = CIRCLE('',#5169,0.5);
#5169 = AXIS2_PLACEMENT_3D('',#5170,#5171,#5172);
#5170 = CARTESIAN_POINT('',(133.55,-60.15,1.51));
#5171 = DIRECTION('',(-0.,0.,-1.));
#5172 = DIRECTION('',(-0.,-1.,0.));
#5173 = FACE_BOUND('',#5174,.T.);
#5174 = EDGE_LOOP('',(#5175,#5185,#5193,#5201));
#5175 = ORIENTED_EDGE('',*,*,#5176,.F.);
#5176 = EDGE_CURVE('',#5177,#5179,#5181,.T.);
#5177 = VERTEX_POINT('',#5178);
#5178 = CARTESIAN_POINT('',(136.055,-98.1875,1.51));
#5179 = VERTEX_POINT('',#5180);
#5180 = CARTESIAN_POINT('',(144.945,-98.1875,1.51));
#5181 = LINE('',#5182,#5183);
#5182 = CARTESIAN_POINT('',(136.055,-98.1875,1.51));
#5183 = VECTOR('',#5184,1.);
#5184 = DIRECTION('',(1.,0.,0.));
#5185 = ORIENTED_EDGE('',*,*,#5186,.F.);
#5186 = EDGE_CURVE('',#5187,#5177,#5189,.T.);
#5187 = VERTEX_POINT('',#5188);
#5188 = CARTESIAN_POINT('',(136.055,-82.3125,1.51));
#5189 = LINE('',#5190,#5191);
#5190 = CARTESIAN_POINT('',(136.055,-82.3125,1.51));
#5191 = VECTOR('',#5192,1.);
#5192 = DIRECTION('',(0.,-1.,0.));
#5193 = ORIENTED_EDGE('',*,*,#5194,.F.);
#5194 = EDGE_CURVE('',#5195,#5187,#5197,.T.);
#5195 = VERTEX_POINT('',#5196);
#5196 = CARTESIAN_POINT('',(144.945,-82.3125,1.51));
#5197 = LINE('',#5198,#5199);
#5198 = CARTESIAN_POINT('',(144.945,-82.3125,1.51));
#5199 = VECTOR('',#5200,1.);
#5200 = DIRECTION('',(-1.,0.,0.));
#5201 = ORIENTED_EDGE('',*,*,#5202,.F.);
#5202 = EDGE_CURVE('',#5179,#5195,#5203,.T.);
#5203 = LINE('',#5204,#5205);
#5204 = CARTESIAN_POINT('',(144.945,-98.1875,1.51));
#5205 = VECTOR('',#5206,1.);
#5206 = DIRECTION('',(0.,1.,0.));
#5207 = FACE_BOUND('',#5208,.T.);
#5208 = EDGE_LOOP('',(#5209));
#5209 = ORIENTED_EDGE('',*,*,#5210,.T.);
#5210 = EDGE_CURVE('',#5211,#5211,#5213,.T.);
#5211 = VERTEX_POINT('',#5212);
#5212 = CARTESIAN_POINT('',(145.85,-91.935,1.51));
#5213 = CIRCLE('',#5214,0.35);
#5214 = AXIS2_PLACEMENT_3D('',#5215,#5216,#5217);
#5215 = CARTESIAN_POINT('',(145.85,-91.585,1.51));
#5216 = DIRECTION('',(-0.,0.,-1.));
#5217 = DIRECTION('',(-0.,-1.,0.));
#5218 = FACE_BOUND('',#5219,.T.);
#5219 = EDGE_LOOP('',(#5220));
#5220 = ORIENTED_EDGE('',*,*,#5221,.T.);
#5221 = EDGE_CURVE('',#5222,#5222,#5224,.T.);
#5222 = VERTEX_POINT('',#5223);
#5223 = CARTESIAN_POINT('',(145.85,-90.155,1.51));
#5224 = CIRCLE('',#5225,0.35);
#5225 = AXIS2_PLACEMENT_3D('',#5226,#5227,#5228);
#5226 = CARTESIAN_POINT('',(145.85,-89.805,1.51));
#5227 = DIRECTION('',(-0.,0.,-1.));
#5228 = DIRECTION('',(-0.,-1.,0.));
#5229 = FACE_BOUND('',#5230,.T.);
#5230 = EDGE_LOOP('',(#5231));
#5231 = ORIENTED_EDGE('',*,*,#5232,.T.);
#5232 = EDGE_CURVE('',#5233,#5233,#5235,.T.);
#5233 = VERTEX_POINT('',#5234);
#5234 = CARTESIAN_POINT('',(145.85,-88.375,1.51));
#5235 = CIRCLE('',#5236,0.35);
#5236 = AXIS2_PLACEMENT_3D('',#5237,#5238,#5239);
#5237 = CARTESIAN_POINT('',(145.85,-88.025,1.51));
#5238 = DIRECTION('',(-0.,0.,-1.));
#5239 = DIRECTION('',(-0.,-1.,0.));
#5240 = FACE_BOUND('',#5241,.T.);
#5241 = EDGE_LOOP('',(#5242));
#5242 = ORIENTED_EDGE('',*,*,#5243,.T.);
#5243 = EDGE_CURVE('',#5244,#5244,#5246,.T.);
#5244 = VERTEX_POINT('',#5245);
#5245 = CARTESIAN_POINT('',(145.85,-86.595,1.51));
#5246 = CIRCLE('',#5247,0.35);
#5247 = AXIS2_PLACEMENT_3D('',#5248,#5249,#5250);
#5248 = CARTESIAN_POINT('',(145.85,-86.245,1.51));
#5249 = DIRECTION('',(-0.,0.,-1.));
#5250 = DIRECTION('',(-0.,-1.,0.));
#5251 = FACE_BOUND('',#5252,.T.);
#5252 = EDGE_LOOP('',(#5253));
#5253 = ORIENTED_EDGE('',*,*,#5254,.T.);
#5254 = EDGE_CURVE('',#5255,#5255,#5257,.T.);
#5255 = VERTEX_POINT('',#5256);
#5256 = CARTESIAN_POINT('',(145.85,-84.815,1.51));
#5257 = CIRCLE('',#5258,0.35);
#5258 = AXIS2_PLACEMENT_3D('',#5259,#5260,#5261);
#5259 = CARTESIAN_POINT('',(145.85,-84.465,1.51));
#5260 = DIRECTION('',(-0.,0.,-1.));
#5261 = DIRECTION('',(-0.,-1.,0.));
#5262 = FACE_BOUND('',#5263,.T.);
#5263 = EDGE_LOOP('',(#5264,#5275,#5283,#5292));
#5264 = ORIENTED_EDGE('',*,*,#5265,.T.);
#5265 = EDGE_CURVE('',#5266,#5268,#5270,.T.);
#5266 = VERTEX_POINT('',#5267);
#5267 = CARTESIAN_POINT('',(139.9,-69.,1.51));
#5268 = VERTEX_POINT('',#5269);
#5269 = CARTESIAN_POINT('',(139.9,-67.5,1.51));
#5270 = CIRCLE('',#5271,0.75);
#5271 = AXIS2_PLACEMENT_3D('',#5272,#5273,#5274);
#5272 = CARTESIAN_POINT('',(139.9,-68.25,1.51));
#5273 = DIRECTION('',(-0.,0.,-1.));
#5274 = DIRECTION('',(0.,1.,0.));
#5275 = ORIENTED_EDGE('',*,*,#5276,.T.);
#5276 = EDGE_CURVE('',#5268,#5277,#5279,.T.);
#5277 = VERTEX_POINT('',#5278);
#5278 = CARTESIAN_POINT('',(141.2,-67.5,1.51));
#5279 = LINE('',#5280,#5281);
#5280 = CARTESIAN_POINT('',(70.6,-67.5,1.51));
#5281 = VECTOR('',#5282,1.);
#5282 = DIRECTION('',(1.,0.,-0.));
#5283 = ORIENTED_EDGE('',*,*,#5284,.T.);
#5284 = EDGE_CURVE('',#5277,#5285,#5287,.T.);
#5285 = VERTEX_POINT('',#5286);
#5286 = CARTESIAN_POINT('',(141.2,-69.,1.51));
#5287 = CIRCLE('',#5288,0.75);
#5288 = AXIS2_PLACEMENT_3D('',#5289,#5290,#5291);
#5289 = CARTESIAN_POINT('',(141.2,-68.25,1.51));
#5290 = DIRECTION('',(-0.,0.,-1.));
#5291 = DIRECTION('',(-0.,-1.,0.));
#5292 = ORIENTED_EDGE('',*,*,#5293,.T.);
#5293 = EDGE_CURVE('',#5285,#5266,#5294,.T.);
#5294 = LINE('',#5295,#5296);
#5295 = CARTESIAN_POINT('',(69.95,-69.,1.51));
#5296 = VECTOR('',#5297,1.);
#5297 = DIRECTION('',(-1.,0.,0.));
#5298 = FACE_BOUND('',#5299,.T.);
#5299 = EDGE_LOOP('',(#5300));
#5300 = ORIENTED_EDGE('',*,*,#5301,.T.);
#5301 = EDGE_CURVE('',#5302,#5302,#5304,.T.);
#5302 = VERTEX_POINT('',#5303);
#5303 = CARTESIAN_POINT('',(148.05,-65.65,1.51));
#5304 = CIRCLE('',#5305,0.5);
#5305 = AXIS2_PLACEMENT_3D('',#5306,#5307,#5308);
#5306 = CARTESIAN_POINT('',(148.05,-65.15,1.51));
#5307 = DIRECTION('',(-0.,0.,-1.));
#5308 = DIRECTION('',(-0.,-1.,0.));
#5309 = FACE_BOUND('',#5310,.T.);
#5310 = EDGE_LOOP('',(#5311));
#5311 = ORIENTED_EDGE('',*,*,#5312,.T.);
#5312 = EDGE_CURVE('',#5313,#5313,#5315,.T.);
#5313 = VERTEX_POINT('',#5314);
#5314 = CARTESIAN_POINT('',(148.05,-63.15,1.51));
#5315 = CIRCLE('',#5316,0.5);
#5316 = AXIS2_PLACEMENT_3D('',#5317,#5318,#5319);
#5317 = CARTESIAN_POINT('',(148.05,-62.65,1.51));
#5318 = DIRECTION('',(-0.,0.,-1.));
#5319 = DIRECTION('',(-0.,-1.,0.));
#5320 = FACE_BOUND('',#5321,.T.);
#5321 = EDGE_LOOP('',(#5322));
#5322 = ORIENTED_EDGE('',*,*,#5323,.T.);
#5323 = EDGE_CURVE('',#5324,#5324,#5326,.T.);
#5324 = VERTEX_POINT('',#5325);
#5325 = CARTESIAN_POINT('',(148.05,-60.65,1.51));
#5326 = CIRCLE('',#5327,0.5);
#5327 = AXIS2_PLACEMENT_3D('',#5328,#5329,#5330);
#5328 = CARTESIAN_POINT('',(148.05,-60.15,1.51));
#5329 = DIRECTION('',(-0.,0.,-1.));
#5330 = DIRECTION('',(-0.,-1.,0.));
#5331 = FACE_BOUND('',#5332,.T.);
#5332 = EDGE_LOOP('',(#5333,#5344,#5352,#5361));
#5333 = ORIENTED_EDGE('',*,*,#5334,.T.);
#5334 = EDGE_CURVE('',#5335,#5337,#5339,.T.);
#5335 = VERTEX_POINT('',#5336);
#5336 = CARTESIAN_POINT('',(139.9,-57.8,1.51));
#5337 = VERTEX_POINT('',#5338);
#5338 = CARTESIAN_POINT('',(139.9,-56.3,1.51));
#5339 = CIRCLE('',#5340,0.75);
#5340 = AXIS2_PLACEMENT_3D('',#5341,#5342,#5343);
#5341 = CARTESIAN_POINT('',(139.9,-57.05,1.51));
#5342 = DIRECTION('',(-0.,0.,-1.));
#5343 = DIRECTION('',(0.,1.,0.));
#5344 = ORIENTED_EDGE('',*,*,#5345,.T.);
#5345 = EDGE_CURVE('',#5337,#5346,#5348,.T.);
#5346 = VERTEX_POINT('',#5347);
#5347 = CARTESIAN_POINT('',(141.2,-56.3,1.51));
#5348 = LINE('',#5349,#5350);
#5349 = CARTESIAN_POINT('',(70.6,-56.3,1.51));
#5350 = VECTOR('',#5351,1.);
#5351 = DIRECTION('',(1.,0.,-0.));
#5352 = ORIENTED_EDGE('',*,*,#5353,.T.);
#5353 = EDGE_CURVE('',#5346,#5354,#5356,.T.);
#5354 = VERTEX_POINT('',#5355);
#5355 = CARTESIAN_POINT('',(141.2,-57.8,1.51));
#5356 = CIRCLE('',#5357,0.75);
#5357 = AXIS2_PLACEMENT_3D('',#5358,#5359,#5360);
#5358 = CARTESIAN_POINT('',(141.2,-57.05,1.51));
#5359 = DIRECTION('',(-0.,0.,-1.));
#5360 = DIRECTION('',(-0.,-1.,0.));
#5361 = ORIENTED_EDGE('',*,*,#5362,.T.);
#5362 = EDGE_CURVE('',#5354,#5335,#5363,.T.);
#5363 = LINE('',#5364,#5365);
#5364 = CARTESIAN_POINT('',(69.95,-57.8,1.51));
#5365 = VECTOR('',#5366,1.);
#5366 = DIRECTION('',(-1.,0.,0.));
#5367 = FACE_BOUND('',#5368,.T.);
#5368 = EDGE_LOOP('',(#5369));
#5369 = ORIENTED_EDGE('',*,*,#5370,.T.);
#5370 = EDGE_CURVE('',#5371,#5371,#5373,.T.);
#5371 = VERTEX_POINT('',#5372);
#5372 = CARTESIAN_POINT('',(158.5,-64.08,1.51));
#5373 = CIRCLE('',#5374,0.75);
#5374 = AXIS2_PLACEMENT_3D('',#5375,#5376,#5377);
#5375 = CARTESIAN_POINT('',(158.5,-63.33,1.51));
#5376 = DIRECTION('',(-0.,0.,-1.));
#5377 = DIRECTION('',(-0.,-1.,0.));
#5378 = FACE_BOUND('',#5379,.T.);
#5379 = EDGE_LOOP('',(#5380));
#5380 = ORIENTED_EDGE('',*,*,#5381,.T.);
#5381 = EDGE_CURVE('',#5382,#5382,#5384,.T.);
#5382 = VERTEX_POINT('',#5383);
#5383 = CARTESIAN_POINT('',(158.5,-59.,1.51));
#5384 = CIRCLE('',#5385,0.75);
#5385 = AXIS2_PLACEMENT_3D('',#5386,#5387,#5388);
#5386 = CARTESIAN_POINT('',(158.5,-58.25,1.51));
#5387 = DIRECTION('',(-0.,0.,-1.));
#5388 = DIRECTION('',(-0.,-1.,0.));
#5389 = FACE_BOUND('',#5390,.T.);
#5390 = EDGE_LOOP('',(#5391));
#5391 = ORIENTED_EDGE('',*,*,#5392,.T.);
#5392 = EDGE_CURVE('',#5393,#5393,#5395,.T.);
#5393 = VERTEX_POINT('',#5394);
#5394 = CARTESIAN_POINT('',(158.5,-53.92,1.51));
#5395 = CIRCLE('',#5396,0.75);
#5396 = AXIS2_PLACEMENT_3D('',#5397,#5398,#5399);
#5397 = CARTESIAN_POINT('',(158.5,-53.17,1.51));
#5398 = DIRECTION('',(-0.,0.,-1.));
#5399 = DIRECTION('',(-0.,-1.,0.));
#5400 = FACE_BOUND('',#5401,.T.);
#5401 = EDGE_LOOP('',(#5402));
#5402 = ORIENTED_EDGE('',*,*,#5403,.T.);
#5403 = EDGE_CURVE('',#5404,#5404,#5406,.T.);
#5404 = VERTEX_POINT('',#5405);
#5405 = CARTESIAN_POINT('',(162.5,-49.35,1.51));
#5406 = CIRCLE('',#5407,1.1);
#5407 = AXIS2_PLACEMENT_3D('',#5408,#5409,#5410);
#5408 = CARTESIAN_POINT('',(162.5,-48.25,1.51));
#5409 = DIRECTION('',(-0.,0.,-1.));
#5410 = DIRECTION('',(-0.,-1.,0.));
#5411 = PLANE('',#5412);
#5412 = AXIS2_PLACEMENT_3D('',#5413,#5414,#5415);
#5413 = CARTESIAN_POINT('',(0.,0.,1.51));
#5414 = DIRECTION('',(0.,0.,1.));
#5415 = DIRECTION('',(1.,0.,-0.));
#5416 = ADVANCED_FACE('',(#5417),#5423,.T.);
#5417 = FACE_BOUND('',#5418,.T.);
#5418 = EDGE_LOOP('',(#5419,#5420,#5421,#5422));
#5419 = ORIENTED_EDGE('',*,*,#3964,.T.);
#5420 = ORIENTED_EDGE('',*,*,#4705,.T.);
#5421 = ORIENTED_EDGE('',*,*,#3924,.F.);
#5422 = ORIENTED_EDGE('',*,*,#3988,.F.);
#5423 = PLANE('',#5424);
#5424 = AXIS2_PLACEMENT_3D('',#5425,#5426,#5427);
#5425 = CARTESIAN_POINT('',(110.5,-40.25,0.));
#5426 = DIRECTION('',(0.,1.,0.));
#5427 = DIRECTION('',(1.,0.,0.));
#5428 = ADVANCED_FACE('',(#5429),#5440,.F.);
#5429 = FACE_BOUND('',#5430,.T.);
#5430 = EDGE_LOOP('',(#5431,#5432,#5438,#5439));
#5431 = ORIENTED_EDGE('',*,*,#3997,.T.);
#5432 = ORIENTED_EDGE('',*,*,#5433,.T.);
#5433 = EDGE_CURVE('',#3998,#4715,#5434,.T.);
#5434 = LINE('',#5435,#5436);
#5435 = CARTESIAN_POINT('',(132.88,-137.458,-4.6E-02));
#5436 = VECTOR('',#5437,1.);
#5437 = DIRECTION('',(0.,0.,1.));
#5438 = ORIENTED_EDGE('',*,*,#4714,.F.);
#5439 = ORIENTED_EDGE('',*,*,#5433,.F.);
#5440 = CYLINDRICAL_SURFACE('',#5441,0.508);
#5441 = AXIS2_PLACEMENT_3D('',#5442,#5443,#5444);
#5442 = CARTESIAN_POINT('',(132.88,-136.95,-4.6E-02));
#5443 = DIRECTION('',(-0.,-0.,-1.));
#5444 = DIRECTION('',(-0.,-1.,0.));
#5445 = ADVANCED_FACE('',(#5446),#5457,.F.);
#5446 = FACE_BOUND('',#5447,.T.);
#5447 = EDGE_LOOP('',(#5448,#5449,#5455,#5456));
#5448 = ORIENTED_EDGE('',*,*,#4008,.T.);
#5449 = ORIENTED_EDGE('',*,*,#5450,.T.);
#5450 = EDGE_CURVE('',#4009,#4726,#5451,.T.);
#5451 = LINE('',#5452,#5453);
#5452 = CARTESIAN_POINT('',(132.88,-134.918,-4.6E-02));
#5453 = VECTOR('',#5454,1.);
#5454 = DIRECTION('',(0.,0.,1.));
#5455 = ORIENTED_EDGE('',*,*,#4725,.F.);
#5456 = ORIENTED_EDGE('',*,*,#5450,.F.);
#5457 = CYLINDRICAL_SURFACE('',#5458,0.508);
#5458 = AXIS2_PLACEMENT_3D('',#5459,#5460,#5461);
#5459 = CARTESIAN_POINT('',(132.88,-134.41,-4.6E-02));
#5460 = DIRECTION('',(-0.,-0.,-1.));
#5461 = DIRECTION('',(-0.,-1.,0.));
#5462 = ADVANCED_FACE('',(#5463),#5474,.F.);
#5463 = FACE_BOUND('',#5464,.T.);
#5464 = EDGE_LOOP('',(#5465,#5466,#5472,#5473));
#5465 = ORIENTED_EDGE('',*,*,#4019,.T.);
#5466 = ORIENTED_EDGE('',*,*,#5467,.T.);
#5467 = EDGE_CURVE('',#4020,#4737,#5468,.T.);
#5468 = LINE('',#5469,#5470);
#5469 = CARTESIAN_POINT('',(132.88,-132.378,-4.6E-02));
#5470 = VECTOR('',#5471,1.);
#5471 = DIRECTION('',(0.,0.,1.));
#5472 = ORIENTED_EDGE('',*,*,#4736,.F.);
#5473 = ORIENTED_EDGE('',*,*,#5467,.F.);
#5474 = CYLINDRICAL_SURFACE('',#5475,0.508);
#5475 = AXIS2_PLACEMENT_3D('',#5476,#5477,#5478);
#5476 = CARTESIAN_POINT('',(132.88,-131.87,-4.6E-02));
#5477 = DIRECTION('',(-0.,-0.,-1.));
#5478 = DIRECTION('',(-0.,-1.,0.));
#5479 = ADVANCED_FACE('',(#5480),#5491,.F.);
#5480 = FACE_BOUND('',#5481,.T.);
#5481 = EDGE_LOOP('',(#5482,#5483,#5489,#5490));
#5482 = ORIENTED_EDGE('',*,*,#4030,.T.);
#5483 = ORIENTED_EDGE('',*,*,#5484,.T.);
#5484 = EDGE_CURVE('',#4031,#4748,#5485,.T.);
#5485 = LINE('',#5486,#5487);
#5486 = CARTESIAN_POINT('',(132.88,-129.838,-4.6E-02));
#5487 = VECTOR('',#5488,1.);
#5488 = DIRECTION('',(0.,0.,1.));
#5489 = ORIENTED_EDGE('',*,*,#4747,.F.);
#5490 = ORIENTED_EDGE('',*,*,#5484,.F.);
#5491 = CYLINDRICAL_SURFACE('',#5492,0.508);
#5492 = AXIS2_PLACEMENT_3D('',#5493,#5494,#5495);
#5493 = CARTESIAN_POINT('',(132.88,-129.33,-4.6E-02));
#5494 = DIRECTION('',(-0.,-0.,-1.));
#5495 = DIRECTION('',(-0.,-1.,0.));
#5496 = ADVANCED_FACE('',(#5497),#5508,.F.);
#5497 = FACE_BOUND('',#5498,.T.);
#5498 = EDGE_LOOP('',(#5499,#5500,#5506,#5507));
#5499 = ORIENTED_EDGE('',*,*,#4041,.T.);
#5500 = ORIENTED_EDGE('',*,*,#5501,.T.);
#5501 = EDGE_CURVE('',#4042,#4759,#5502,.T.);
#5502 = LINE('',#5503,#5504);
#5503 = CARTESIAN_POINT('',(132.88,-127.298,-4.6E-02));
#5504 = VECTOR('',#5505,1.);
#5505 = DIRECTION('',(0.,0.,1.));
#5506 = ORIENTED_EDGE('',*,*,#4758,.F.);
#5507 = ORIENTED_EDGE('',*,*,#5501,.F.);
#5508 = CYLINDRICAL_SURFACE('',#5509,0.508);
#5509 = AXIS2_PLACEMENT_3D('',#5510,#5511,#5512);
#5510 = CARTESIAN_POINT('',(132.88,-126.79,-4.6E-02));
#5511 = DIRECTION('',(-0.,-0.,-1.));
#5512 = DIRECTION('',(-0.,-1.,0.));
#5513 = ADVANCED_FACE('',(#5514),#5525,.F.);
#5514 = FACE_BOUND('',#5515,.T.);
#5515 = EDGE_LOOP('',(#5516,#5517,#5523,#5524));
#5516 = ORIENTED_EDGE('',*,*,#4052,.T.);
#5517 = ORIENTED_EDGE('',*,*,#5518,.T.);
#5518 = EDGE_CURVE('',#4053,#4770,#5519,.T.);
#5519 = LINE('',#5520,#5521);
#5520 = CARTESIAN_POINT('',(132.88,-124.758,-4.6E-02));
#5521 = VECTOR('',#5522,1.);
#5522 = DIRECTION('',(0.,0.,1.));
#5523 = ORIENTED_EDGE('',*,*,#4769,.F.);
#5524 = ORIENTED_EDGE('',*,*,#5518,.F.);
#5525 = CYLINDRICAL_SURFACE('',#5526,0.508);
#5526 = AXIS2_PLACEMENT_3D('',#5527,#5528,#5529);
#5527 = CARTESIAN_POINT('',(132.88,-124.25,-4.6E-02));
#5528 = DIRECTION('',(-0.,-0.,-1.));
#5529 = DIRECTION('',(-0.,-1.,0.));
#5530 = ADVANCED_FACE('',(#5531),#5542,.F.);
#5531 = FACE_BOUND('',#5532,.T.);
#5532 = EDGE_LOOP('',(#5533,#5534,#5540,#5541));
#5533 = ORIENTED_EDGE('',*,*,#4063,.T.);
#5534 = ORIENTED_EDGE('',*,*,#5535,.T.);
#5535 = EDGE_CURVE('',#4064,#4781,#5536,.T.);
#5536 = LINE('',#5537,#5538);
#5537 = CARTESIAN_POINT('',(132.88,-122.218,-4.6E-02));
#5538 = VECTOR('',#5539,1.);
#5539 = DIRECTION('',(0.,0.,1.));
#5540 = ORIENTED_EDGE('',*,*,#4780,.F.);
#5541 = ORIENTED_EDGE('',*,*,#5535,.F.);
#5542 = CYLINDRICAL_SURFACE('',#5543,0.508);
#5543 = AXIS2_PLACEMENT_3D('',#5544,#5545,#5546);
#5544 = CARTESIAN_POINT('',(132.88,-121.71,-4.6E-02));
#5545 = DIRECTION('',(-0.,-0.,-1.));
#5546 = DIRECTION('',(-0.,-1.,0.));
#5547 = ADVANCED_FACE('',(#5548),#5559,.F.);
#5548 = FACE_BOUND('',#5549,.T.);
#5549 = EDGE_LOOP('',(#5550,#5551,#5557,#5558));
#5550 = ORIENTED_EDGE('',*,*,#4074,.T.);
#5551 = ORIENTED_EDGE('',*,*,#5552,.T.);
#5552 = EDGE_CURVE('',#4075,#4792,#5553,.T.);
#5553 = LINE('',#5554,#5555);
#5554 = CARTESIAN_POINT('',(132.88,-119.678,-4.6E-02));
#5555 = VECTOR('',#5556,1.);
#5556 = DIRECTION('',(0.,0.,1.));
#5557 = ORIENTED_EDGE('',*,*,#4791,.F.);
#5558 = ORIENTED_EDGE('',*,*,#5552,.F.);
#5559 = CYLINDRICAL_SURFACE('',#5560,0.508);
#5560 = AXIS2_PLACEMENT_3D('',#5561,#5562,#5563);
#5561 = CARTESIAN_POINT('',(132.88,-119.17,-4.6E-02));
#5562 = DIRECTION('',(-0.,-0.,-1.));
#5563 = DIRECTION('',(-0.,-1.,0.));
#5564 = ADVANCED_FACE('',(#5565),#5576,.F.);
#5565 = FACE_BOUND('',#5566,.T.);
#5566 = EDGE_LOOP('',(#5567,#5568,#5574,#5575));
#5567 = ORIENTED_EDGE('',*,*,#4085,.T.);
#5568 = ORIENTED_EDGE('',*,*,#5569,.T.);
#5569 = EDGE_CURVE('',#4086,#4803,#5570,.T.);
#5570 = LINE('',#5571,#5572);
#5571 = CARTESIAN_POINT('',(132.88,-117.138,-4.6E-02));
#5572 = VECTOR('',#5573,1.);
#5573 = DIRECTION('',(0.,0.,1.));
#5574 = ORIENTED_EDGE('',*,*,#4802,.F.);
#5575 = ORIENTED_EDGE('',*,*,#5569,.F.);
#5576 = CYLINDRICAL_SURFACE('',#5577,0.508);
#5577 = AXIS2_PLACEMENT_3D('',#5578,#5579,#5580);
#5578 = CARTESIAN_POINT('',(132.88,-116.63,-4.6E-02));
#5579 = DIRECTION('',(-0.,-0.,-1.));
#5580 = DIRECTION('',(-0.,-1.,0.));
#5581 = ADVANCED_FACE('',(#5582),#5593,.F.);
#5582 = FACE_BOUND('',#5583,.T.);
#5583 = EDGE_LOOP('',(#5584,#5585,#5591,#5592));
#5584 = ORIENTED_EDGE('',*,*,#4096,.T.);
#5585 = ORIENTED_EDGE('',*,*,#5586,.T.);
#5586 = EDGE_CURVE('',#4097,#4814,#5587,.T.);
#5587 = LINE('',#5588,#5589);
#5588 = CARTESIAN_POINT('',(132.88,-114.598,-4.6E-02));
#5589 = VECTOR('',#5590,1.);
#5590 = DIRECTION('',(0.,0.,1.));
#5591 = ORIENTED_EDGE('',*,*,#4813,.F.);
#5592 = ORIENTED_EDGE('',*,*,#5586,.F.);
#5593 = CYLINDRICAL_SURFACE('',#5594,0.508);
#5594 = AXIS2_PLACEMENT_3D('',#5595,#5596,#5597);
#5595 = CARTESIAN_POINT('',(132.88,-114.09,-4.6E-02));
#5596 = DIRECTION('',(-0.,-0.,-1.));
#5597 = DIRECTION('',(-0.,-1.,0.));
#5598 = ADVANCED_FACE('',(#5599),#5610,.F.);
#5599 = FACE_BOUND('',#5600,.T.);
#5600 = EDGE_LOOP('',(#5601,#5602,#5608,#5609));
#5601 = ORIENTED_EDGE('',*,*,#4107,.T.);
#5602 = ORIENTED_EDGE('',*,*,#5603,.T.);
#5603 = EDGE_CURVE('',#4108,#4825,#5604,.T.);
#5604 = LINE('',#5605,#5606);
#5605 = CARTESIAN_POINT('',(132.88,-112.058,-4.6E-02));
#5606 = VECTOR('',#5607,1.);
#5607 = DIRECTION('',(0.,0.,1.));
#5608 = ORIENTED_EDGE('',*,*,#4824,.F.);
#5609 = ORIENTED_EDGE('',*,*,#5603,.F.);
#5610 = CYLINDRICAL_SURFACE('',#5611,0.508);
#5611 = AXIS2_PLACEMENT_3D('',#5612,#5613,#5614);
#5612 = CARTESIAN_POINT('',(132.88,-111.55,-4.6E-02));
#5613 = DIRECTION('',(-0.,-0.,-1.));
#5614 = DIRECTION('',(-0.,-1.,0.));
#5615 = ADVANCED_FACE('',(#5616),#5627,.F.);
#5616 = FACE_BOUND('',#5617,.T.);
#5617 = EDGE_LOOP('',(#5618,#5619,#5625,#5626));
#5618 = ORIENTED_EDGE('',*,*,#4118,.T.);
#5619 = ORIENTED_EDGE('',*,*,#5620,.T.);
#5620 = EDGE_CURVE('',#4119,#4836,#5621,.T.);
#5621 = LINE('',#5622,#5623);
#5622 = CARTESIAN_POINT('',(132.88,-109.518,-4.6E-02));
#5623 = VECTOR('',#5624,1.);
#5624 = DIRECTION('',(0.,0.,1.));
#5625 = ORIENTED_EDGE('',*,*,#4835,.F.);
#5626 = ORIENTED_EDGE('',*,*,#5620,.F.);
#5627 = CYLINDRICAL_SURFACE('',#5628,0.508);
#5628 = AXIS2_PLACEMENT_3D('',#5629,#5630,#5631);
#5629 = CARTESIAN_POINT('',(132.88,-109.01,-4.6E-02));
#5630 = DIRECTION('',(-0.,-0.,-1.));
#5631 = DIRECTION('',(-0.,-1.,0.));
#5632 = ADVANCED_FACE('',(#5633),#5644,.F.);
#5633 = FACE_BOUND('',#5634,.T.);
#5634 = EDGE_LOOP('',(#5635,#5636,#5642,#5643));
#5635 = ORIENTED_EDGE('',*,*,#4129,.T.);
#5636 = ORIENTED_EDGE('',*,*,#5637,.T.);
#5637 = EDGE_CURVE('',#4130,#4847,#5638,.T.);
#5638 = LINE('',#5639,#5640);
#5639 = CARTESIAN_POINT('',(135.15,-96.385,-4.6E-02));
#5640 = VECTOR('',#5641,1.);
#5641 = DIRECTION('',(0.,0.,1.));
#5642 = ORIENTED_EDGE('',*,*,#4846,.F.);
#5643 = ORIENTED_EDGE('',*,*,#5637,.F.);
#5644 = CYLINDRICAL_SURFACE('',#5645,0.35);
#5645 = AXIS2_PLACEMENT_3D('',#5646,#5647,#5648);
#5646 = CARTESIAN_POINT('',(135.15,-96.035,-4.6E-02));
#5647 = DIRECTION('',(-0.,-0.,-1.));
#5648 = DIRECTION('',(-0.,-1.,0.));
#5649 = ADVANCED_FACE('',(#5650),#5661,.F.);
#5650 = FACE_BOUND('',#5651,.T.);
#5651 = EDGE_LOOP('',(#5652,#5653,#5659,#5660));
#5652 = ORIENTED_EDGE('',*,*,#4140,.T.);
#5653 = ORIENTED_EDGE('',*,*,#5654,.T.);
#5654 = EDGE_CURVE('',#4141,#4858,#5655,.T.);
#5655 = LINE('',#5656,#5657);
#5656 = CARTESIAN_POINT('',(135.15,-94.605,-4.6E-02));
#5657 = VECTOR('',#5658,1.);
#5658 = DIRECTION('',(0.,0.,1.));
#5659 = ORIENTED_EDGE('',*,*,#4857,.F.);
#5660 = ORIENTED_EDGE('',*,*,#5654,.F.);
#5661 = CYLINDRICAL_SURFACE('',#5662,0.35);
#5662 = AXIS2_PLACEMENT_3D('',#5663,#5664,#5665);
#5663 = CARTESIAN_POINT('',(135.15,-94.255,-4.6E-02));
#5664 = DIRECTION('',(-0.,-0.,-1.));
#5665 = DIRECTION('',(-0.,-1.,0.));
#5666 = ADVANCED_FACE('',(#5667),#5678,.F.);
#5667 = FACE_BOUND('',#5668,.T.);
#5668 = EDGE_LOOP('',(#5669,#5670,#5676,#5677));
#5669 = ORIENTED_EDGE('',*,*,#4151,.T.);
#5670 = ORIENTED_EDGE('',*,*,#5671,.T.);
#5671 = EDGE_CURVE('',#4152,#4869,#5672,.T.);
#5672 = LINE('',#5673,#5674);
#5673 = CARTESIAN_POINT('',(140.5,-138.35,-4.6E-02));
#5674 = VECTOR('',#5675,1.);
#5675 = DIRECTION('',(0.,0.,1.));
#5676 = ORIENTED_EDGE('',*,*,#4868,.F.);
#5677 = ORIENTED_EDGE('',*,*,#5671,.F.);
#5678 = CYLINDRICAL_SURFACE('',#5679,1.1);
#5679 = AXIS2_PLACEMENT_3D('',#5680,#5681,#5682);
#5680 = CARTESIAN_POINT('',(140.5,-137.25,-4.6E-02));
#5681 = DIRECTION('',(-0.,-0.,-1.));
#5682 = DIRECTION('',(-0.,-1.,0.));
#5683 = ADVANCED_FACE('',(#5684),#5695,.F.);
#5684 = FACE_BOUND('',#5685,.T.);
#5685 = EDGE_LOOP('',(#5686,#5687,#5693,#5694));
#5686 = ORIENTED_EDGE('',*,*,#4162,.T.);
#5687 = ORIENTED_EDGE('',*,*,#5688,.T.);
#5688 = EDGE_CURVE('',#4163,#4880,#5689,.T.);
#5689 = LINE('',#5690,#5691);
#5690 = CARTESIAN_POINT('',(148.12,-137.458,-4.6E-02));
#5691 = VECTOR('',#5692,1.);
#5692 = DIRECTION('',(0.,0.,1.));
#5693 = ORIENTED_EDGE('',*,*,#4879,.F.);
#5694 = ORIENTED_EDGE('',*,*,#5688,.F.);
#5695 = CYLINDRICAL_SURFACE('',#5696,0.508);
#5696 = AXIS2_PLACEMENT_3D('',#5697,#5698,#5699);
#5697 = CARTESIAN_POINT('',(148.12,-136.95,-4.6E-02));
#5698 = DIRECTION('',(-0.,-0.,-1.));
#5699 = DIRECTION('',(-0.,-1.,0.));
#5700 = ADVANCED_FACE('',(#5701),#5712,.F.);
#5701 = FACE_BOUND('',#5702,.T.);
#5702 = EDGE_LOOP('',(#5703,#5704,#5710,#5711));
#5703 = ORIENTED_EDGE('',*,*,#4173,.T.);
#5704 = ORIENTED_EDGE('',*,*,#5705,.T.);
#5705 = EDGE_CURVE('',#4174,#4891,#5706,.T.);
#5706 = LINE('',#5707,#5708);
#5707 = CARTESIAN_POINT('',(148.12,-134.918,-4.6E-02));
#5708 = VECTOR('',#5709,1.);
#5709 = DIRECTION('',(0.,0.,1.));
#5710 = ORIENTED_EDGE('',*,*,#4890,.F.);
#5711 = ORIENTED_EDGE('',*,*,#5705,.F.);
#5712 = CYLINDRICAL_SURFACE('',#5713,0.508);
#5713 = AXIS2_PLACEMENT_3D('',#5714,#5715,#5716);
#5714 = CARTESIAN_POINT('',(148.12,-134.41,-4.6E-02));
#5715 = DIRECTION('',(-0.,-0.,-1.));
#5716 = DIRECTION('',(-0.,-1.,0.));
#5717 = ADVANCED_FACE('',(#5718),#5729,.F.);
#5718 = FACE_BOUND('',#5719,.T.);
#5719 = EDGE_LOOP('',(#5720,#5721,#5727,#5728));
#5720 = ORIENTED_EDGE('',*,*,#4184,.T.);
#5721 = ORIENTED_EDGE('',*,*,#5722,.T.);
#5722 = EDGE_CURVE('',#4185,#4902,#5723,.T.);
#5723 = LINE('',#5724,#5725);
#5724 = CARTESIAN_POINT('',(148.12,-132.378,-4.6E-02));
#5725 = VECTOR('',#5726,1.);
#5726 = DIRECTION('',(0.,0.,1.));
#5727 = ORIENTED_EDGE('',*,*,#4901,.F.);
#5728 = ORIENTED_EDGE('',*,*,#5722,.F.);
#5729 = CYLINDRICAL_SURFACE('',#5730,0.508);
#5730 = AXIS2_PLACEMENT_3D('',#5731,#5732,#5733);
#5731 = CARTESIAN_POINT('',(148.12,-131.87,-4.6E-02));
#5732 = DIRECTION('',(-0.,-0.,-1.));
#5733 = DIRECTION('',(-0.,-1.,0.));
#5734 = ADVANCED_FACE('',(#5735),#5746,.F.);
#5735 = FACE_BOUND('',#5736,.T.);
#5736 = EDGE_LOOP('',(#5737,#5738,#5744,#5745));
#5737 = ORIENTED_EDGE('',*,*,#4195,.T.);
#5738 = ORIENTED_EDGE('',*,*,#5739,.T.);
#5739 = EDGE_CURVE('',#4196,#4913,#5740,.T.);
#5740 = LINE('',#5741,#5742);
#5741 = CARTESIAN_POINT('',(148.12,-129.838,-4.6E-02));
#5742 = VECTOR('',#5743,1.);
#5743 = DIRECTION('',(0.,0.,1.));
#5744 = ORIENTED_EDGE('',*,*,#4912,.F.);
#5745 = ORIENTED_EDGE('',*,*,#5739,.F.);
#5746 = CYLINDRICAL_SURFACE('',#5747,0.508);
#5747 = AXIS2_PLACEMENT_3D('',#5748,#5749,#5750);
#5748 = CARTESIAN_POINT('',(148.12,-129.33,-4.6E-02));
#5749 = DIRECTION('',(-0.,-0.,-1.));
#5750 = DIRECTION('',(-0.,-1.,0.));
#5751 = ADVANCED_FACE('',(#5752),#5763,.F.);
#5752 = FACE_BOUND('',#5753,.T.);
#5753 = EDGE_LOOP('',(#5754,#5755,#5761,#5762));
#5754 = ORIENTED_EDGE('',*,*,#4206,.T.);
#5755 = ORIENTED_EDGE('',*,*,#5756,.T.);
#5756 = EDGE_CURVE('',#4207,#4924,#5757,.T.);
#5757 = LINE('',#5758,#5759);
#5758 = CARTESIAN_POINT('',(148.12,-127.298,-4.6E-02));
#5759 = VECTOR('',#5760,1.);
#5760 = DIRECTION('',(0.,0.,1.));
#5761 = ORIENTED_EDGE('',*,*,#4923,.F.);
#5762 = ORIENTED_EDGE('',*,*,#5756,.F.);
#5763 = CYLINDRICAL_SURFACE('',#5764,0.508);
#5764 = AXIS2_PLACEMENT_3D('',#5765,#5766,#5767);
#5765 = CARTESIAN_POINT('',(148.12,-126.79,-4.6E-02));
#5766 = DIRECTION('',(-0.,-0.,-1.));
#5767 = DIRECTION('',(-0.,-1.,0.));
#5768 = ADVANCED_FACE('',(#5769),#5780,.F.);
#5769 = FACE_BOUND('',#5770,.T.);
#5770 = EDGE_LOOP('',(#5771,#5772,#5778,#5779));
#5771 = ORIENTED_EDGE('',*,*,#4217,.T.);
#5772 = ORIENTED_EDGE('',*,*,#5773,.T.);
#5773 = EDGE_CURVE('',#4218,#4935,#5774,.T.);
#5774 = LINE('',#5775,#5776);
#5775 = CARTESIAN_POINT('',(148.12,-124.758,-4.6E-02));
#5776 = VECTOR('',#5777,1.);
#5777 = DIRECTION('',(0.,0.,1.));
#5778 = ORIENTED_EDGE('',*,*,#4934,.F.);
#5779 = ORIENTED_EDGE('',*,*,#5773,.F.);
#5780 = CYLINDRICAL_SURFACE('',#5781,0.508);
#5781 = AXIS2_PLACEMENT_3D('',#5782,#5783,#5784);
#5782 = CARTESIAN_POINT('',(148.12,-124.25,-4.6E-02));
#5783 = DIRECTION('',(-0.,-0.,-1.));
#5784 = DIRECTION('',(-0.,-1.,0.));
#5785 = ADVANCED_FACE('',(#5786),#5797,.F.);
#5786 = FACE_BOUND('',#5787,.T.);
#5787 = EDGE_LOOP('',(#5788,#5789,#5795,#5796));
#5788 = ORIENTED_EDGE('',*,*,#4228,.T.);
#5789 = ORIENTED_EDGE('',*,*,#5790,.T.);
#5790 = EDGE_CURVE('',#4229,#4946,#5791,.T.);
#5791 = LINE('',#5792,#5793);
#5792 = CARTESIAN_POINT('',(148.12,-122.218,-4.6E-02));
#5793 = VECTOR('',#5794,1.);
#5794 = DIRECTION('',(0.,0.,1.));
#5795 = ORIENTED_EDGE('',*,*,#4945,.F.);
#5796 = ORIENTED_EDGE('',*,*,#5790,.F.);
#5797 = CYLINDRICAL_SURFACE('',#5798,0.508);
#5798 = AXIS2_PLACEMENT_3D('',#5799,#5800,#5801);
#5799 = CARTESIAN_POINT('',(148.12,-121.71,-4.6E-02));
#5800 = DIRECTION('',(-0.,-0.,-1.));
#5801 = DIRECTION('',(-0.,-1.,0.));
#5802 = ADVANCED_FACE('',(#5803),#5814,.F.);
#5803 = FACE_BOUND('',#5804,.T.);
#5804 = EDGE_LOOP('',(#5805,#5806,#5812,#5813));
#5805 = ORIENTED_EDGE('',*,*,#4239,.T.);
#5806 = ORIENTED_EDGE('',*,*,#5807,.T.);
#5807 = EDGE_CURVE('',#4240,#4957,#5808,.T.);
#5808 = LINE('',#5809,#5810);
#5809 = CARTESIAN_POINT('',(148.12,-119.678,-4.6E-02));
#5810 = VECTOR('',#5811,1.);
#5811 = DIRECTION('',(0.,0.,1.));
#5812 = ORIENTED_EDGE('',*,*,#4956,.F.);
#5813 = ORIENTED_EDGE('',*,*,#5807,.F.);
#5814 = CYLINDRICAL_SURFACE('',#5815,0.508);
#5815 = AXIS2_PLACEMENT_3D('',#5816,#5817,#5818);
#5816 = CARTESIAN_POINT('',(148.12,-119.17,-4.6E-02));
#5817 = DIRECTION('',(-0.,-0.,-1.));
#5818 = DIRECTION('',(-0.,-1.,0.));
#5819 = ADVANCED_FACE('',(#5820),#5831,.F.);
#5820 = FACE_BOUND('',#5821,.T.);
#5821 = EDGE_LOOP('',(#5822,#5823,#5829,#5830));
#5822 = ORIENTED_EDGE('',*,*,#4250,.T.);
#5823 = ORIENTED_EDGE('',*,*,#5824,.T.);
#5824 = EDGE_CURVE('',#4251,#4968,#5825,.T.);
#5825 = LINE('',#5826,#5827);
#5826 = CARTESIAN_POINT('',(148.12,-117.138,-4.6E-02));
#5827 = VECTOR('',#5828,1.);
#5828 = DIRECTION('',(0.,0.,1.));
#5829 = ORIENTED_EDGE('',*,*,#4967,.F.);
#5830 = ORIENTED_EDGE('',*,*,#5824,.F.);
#5831 = CYLINDRICAL_SURFACE('',#5832,0.508);
#5832 = AXIS2_PLACEMENT_3D('',#5833,#5834,#5835);
#5833 = CARTESIAN_POINT('',(148.12,-116.63,-4.6E-02));
#5834 = DIRECTION('',(-0.,-0.,-1.));
#5835 = DIRECTION('',(-0.,-1.,0.));
#5836 = ADVANCED_FACE('',(#5837),#5848,.F.);
#5837 = FACE_BOUND('',#5838,.T.);
#5838 = EDGE_LOOP('',(#5839,#5840,#5846,#5847));
#5839 = ORIENTED_EDGE('',*,*,#4261,.T.);
#5840 = ORIENTED_EDGE('',*,*,#5841,.T.);
#5841 = EDGE_CURVE('',#4262,#4979,#5842,.T.);
#5842 = LINE('',#5843,#5844);
#5843 = CARTESIAN_POINT('',(148.12,-114.598,-4.6E-02));
#5844 = VECTOR('',#5845,1.);
#5845 = DIRECTION('',(0.,0.,1.));
#5846 = ORIENTED_EDGE('',*,*,#4978,.F.);
#5847 = ORIENTED_EDGE('',*,*,#5841,.F.);
#5848 = CYLINDRICAL_SURFACE('',#5849,0.508);
#5849 = AXIS2_PLACEMENT_3D('',#5850,#5851,#5852);
#5850 = CARTESIAN_POINT('',(148.12,-114.09,-4.6E-02));
#5851 = DIRECTION('',(-0.,-0.,-1.));
#5852 = DIRECTION('',(-0.,-1.,0.));
#5853 = ADVANCED_FACE('',(#5854),#5865,.F.);
#5854 = FACE_BOUND('',#5855,.T.);
#5855 = EDGE_LOOP('',(#5856,#5857,#5863,#5864));
#5856 = ORIENTED_EDGE('',*,*,#4272,.T.);
#5857 = ORIENTED_EDGE('',*,*,#5858,.T.);
#5858 = EDGE_CURVE('',#4273,#4990,#5859,.T.);
#5859 = LINE('',#5860,#5861);
#5860 = CARTESIAN_POINT('',(148.12,-112.058,-4.6E-02));
#5861 = VECTOR('',#5862,1.);
#5862 = DIRECTION('',(0.,0.,1.));
#5863 = ORIENTED_EDGE('',*,*,#4989,.F.);
#5864 = ORIENTED_EDGE('',*,*,#5858,.F.);
#5865 = CYLINDRICAL_SURFACE('',#5866,0.508);
#5866 = AXIS2_PLACEMENT_3D('',#5867,#5868,#5869);
#5867 = CARTESIAN_POINT('',(148.12,-111.55,-4.6E-02));
#5868 = DIRECTION('',(-0.,-0.,-1.));
#5869 = DIRECTION('',(-0.,-1.,0.));
#5870 = ADVANCED_FACE('',(#5871),#5882,.F.);
#5871 = FACE_BOUND('',#5872,.T.);
#5872 = EDGE_LOOP('',(#5873,#5874,#5880,#5881));
#5873 = ORIENTED_EDGE('',*,*,#4283,.T.);
#5874 = ORIENTED_EDGE('',*,*,#5875,.T.);
#5875 = EDGE_CURVE('',#4284,#5001,#5876,.T.);
#5876 = LINE('',#5877,#5878);
#5877 = CARTESIAN_POINT('',(148.12,-109.518,-4.6E-02));
#5878 = VECTOR('',#5879,1.);
#5879 = DIRECTION('',(0.,0.,1.));
#5880 = ORIENTED_EDGE('',*,*,#5000,.F.);
#5881 = ORIENTED_EDGE('',*,*,#5875,.F.);
#5882 = CYLINDRICAL_SURFACE('',#5883,0.508);
#5883 = AXIS2_PLACEMENT_3D('',#5884,#5885,#5886);
#5884 = CARTESIAN_POINT('',(148.12,-109.01,-4.6E-02));
#5885 = DIRECTION('',(-0.,-0.,-1.));
#5886 = DIRECTION('',(-0.,-1.,0.));
#5887 = ADVANCED_FACE('',(#5888),#5899,.F.);
#5888 = FACE_BOUND('',#5889,.T.);
#5889 = EDGE_LOOP('',(#5890,#5891,#5897,#5898));
#5890 = ORIENTED_EDGE('',*,*,#4294,.T.);
#5891 = ORIENTED_EDGE('',*,*,#5892,.T.);
#5892 = EDGE_CURVE('',#4295,#5012,#5893,.T.);
#5893 = LINE('',#5894,#5895);
#5894 = CARTESIAN_POINT('',(145.85,-97.275,-4.6E-02));
#5895 = VECTOR('',#5896,1.);
#5896 = DIRECTION('',(0.,0.,1.));
#5897 = ORIENTED_EDGE('',*,*,#5011,.F.);
#5898 = ORIENTED_EDGE('',*,*,#5892,.F.);
#5899 = CYLINDRICAL_SURFACE('',#5900,0.35);
#5900 = AXIS2_PLACEMENT_3D('',#5901,#5902,#5903);
#5901 = CARTESIAN_POINT('',(145.85,-96.925,-4.6E-02));
#5902 = DIRECTION('',(-0.,-0.,-1.));
#5903 = DIRECTION('',(-0.,-1.,0.));
#5904 = ADVANCED_FACE('',(#5905),#5916,.F.);
#5905 = FACE_BOUND('',#5906,.T.);
#5906 = EDGE_LOOP('',(#5907,#5908,#5914,#5915));
#5907 = ORIENTED_EDGE('',*,*,#4305,.T.);
#5908 = ORIENTED_EDGE('',*,*,#5909,.T.);
#5909 = EDGE_CURVE('',#4306,#5023,#5910,.T.);
#5910 = LINE('',#5911,#5912);
#5911 = CARTESIAN_POINT('',(145.85,-95.495,-4.6E-02));
#5912 = VECTOR('',#5913,1.);
#5913 = DIRECTION('',(0.,0.,1.));
#5914 = ORIENTED_EDGE('',*,*,#5022,.F.);
#5915 = ORIENTED_EDGE('',*,*,#5909,.F.);
#5916 = CYLINDRICAL_SURFACE('',#5917,0.35);
#5917 = AXIS2_PLACEMENT_3D('',#5918,#5919,#5920);
#5918 = CARTESIAN_POINT('',(145.85,-95.145,-4.6E-02));
#5919 = DIRECTION('',(-0.,-0.,-1.));
#5920 = DIRECTION('',(-0.,-1.,0.));
#5921 = ADVANCED_FACE('',(#5922),#5933,.F.);
#5922 = FACE_BOUND('',#5923,.T.);
#5923 = EDGE_LOOP('',(#5924,#5925,#5931,#5932));
#5924 = ORIENTED_EDGE('',*,*,#4316,.T.);
#5925 = ORIENTED_EDGE('',*,*,#5926,.T.);
#5926 = EDGE_CURVE('',#4317,#5034,#5927,.T.);
#5927 = LINE('',#5928,#5929);
#5928 = CARTESIAN_POINT('',(145.85,-93.715,-4.6E-02));
#5929 = VECTOR('',#5930,1.);
#5930 = DIRECTION('',(0.,0.,1.));
#5931 = ORIENTED_EDGE('',*,*,#5033,.F.);
#5932 = ORIENTED_EDGE('',*,*,#5926,.F.);
#5933 = CYLINDRICAL_SURFACE('',#5934,0.35);
#5934 = AXIS2_PLACEMENT_3D('',#5935,#5936,#5937);
#5935 = CARTESIAN_POINT('',(145.85,-93.365,-4.6E-02));
#5936 = DIRECTION('',(-0.,-0.,-1.));
#5937 = DIRECTION('',(-0.,-1.,0.));
#5938 = ADVANCED_FACE('',(#5939),#5950,.F.);
#5939 = FACE_BOUND('',#5940,.T.);
#5940 = EDGE_LOOP('',(#5941,#5942,#5948,#5949));
#5941 = ORIENTED_EDGE('',*,*,#4327,.T.);
#5942 = ORIENTED_EDGE('',*,*,#5943,.T.);
#5943 = EDGE_CURVE('',#4328,#5045,#5944,.T.);
#5944 = LINE('',#5945,#5946);
#5945 = CARTESIAN_POINT('',(135.15,-92.825,-4.6E-02));
#5946 = VECTOR('',#5947,1.);
#5947 = DIRECTION('',(0.,0.,1.));
#5948 = ORIENTED_EDGE('',*,*,#5044,.F.);
#5949 = ORIENTED_EDGE('',*,*,#5943,.F.);
#5950 = CYLINDRICAL_SURFACE('',#5951,0.35);
#5951 = AXIS2_PLACEMENT_3D('',#5952,#5953,#5954);
#5952 = CARTESIAN_POINT('',(135.15,-92.475,-4.6E-02));
#5953 = DIRECTION('',(-0.,-0.,-1.));
#5954 = DIRECTION('',(-0.,-1.,0.));
#5955 = ADVANCED_FACE('',(#5956),#5967,.F.);
#5956 = FACE_BOUND('',#5957,.T.);
#5957 = EDGE_LOOP('',(#5958,#5959,#5965,#5966));
#5958 = ORIENTED_EDGE('',*,*,#4338,.T.);
#5959 = ORIENTED_EDGE('',*,*,#5960,.T.);
#5960 = EDGE_CURVE('',#4339,#5056,#5961,.T.);
#5961 = LINE('',#5962,#5963);
#5962 = CARTESIAN_POINT('',(135.15,-91.045,-4.6E-02));
#5963 = VECTOR('',#5964,1.);
#5964 = DIRECTION('',(0.,0.,1.));
#5965 = ORIENTED_EDGE('',*,*,#5055,.F.);
#5966 = ORIENTED_EDGE('',*,*,#5960,.F.);
#5967 = CYLINDRICAL_SURFACE('',#5968,0.35);
#5968 = AXIS2_PLACEMENT_3D('',#5969,#5970,#5971);
#5969 = CARTESIAN_POINT('',(135.15,-90.695,-4.6E-02));
#5970 = DIRECTION('',(-0.,-0.,-1.));
#5971 = DIRECTION('',(-0.,-1.,0.));
#5972 = ADVANCED_FACE('',(#5973),#5984,.F.);
#5973 = FACE_BOUND('',#5974,.T.);
#5974 = EDGE_LOOP('',(#5975,#5976,#5982,#5983));
#5975 = ORIENTED_EDGE('',*,*,#4349,.T.);
#5976 = ORIENTED_EDGE('',*,*,#5977,.T.);
#5977 = EDGE_CURVE('',#4350,#5067,#5978,.T.);
#5978 = LINE('',#5979,#5980);
#5979 = CARTESIAN_POINT('',(135.15,-89.265,-4.6E-02));
#5980 = VECTOR('',#5981,1.);
#5981 = DIRECTION('',(0.,0.,1.));
#5982 = ORIENTED_EDGE('',*,*,#5066,.F.);
#5983 = ORIENTED_EDGE('',*,*,#5977,.F.);
#5984 = CYLINDRICAL_SURFACE('',#5985,0.35);
#5985 = AXIS2_PLACEMENT_3D('',#5986,#5987,#5988);
#5986 = CARTESIAN_POINT('',(135.15,-88.915,-4.6E-02));
#5987 = DIRECTION('',(-0.,-0.,-1.));
#5988 = DIRECTION('',(-0.,-1.,0.));
#5989 = ADVANCED_FACE('',(#5990),#6001,.F.);
#5990 = FACE_BOUND('',#5991,.T.);
#5991 = EDGE_LOOP('',(#5992,#5993,#5999,#6000));
#5992 = ORIENTED_EDGE('',*,*,#4360,.T.);
#5993 = ORIENTED_EDGE('',*,*,#5994,.T.);
#5994 = EDGE_CURVE('',#4361,#5078,#5995,.T.);
#5995 = LINE('',#5996,#5997);
#5996 = CARTESIAN_POINT('',(135.15,-87.485,-4.6E-02));
#5997 = VECTOR('',#5998,1.);
#5998 = DIRECTION('',(0.,0.,1.));
#5999 = ORIENTED_EDGE('',*,*,#5077,.F.);
#6000 = ORIENTED_EDGE('',*,*,#5994,.F.);
#6001 = CYLINDRICAL_SURFACE('',#6002,0.35);
#6002 = AXIS2_PLACEMENT_3D('',#6003,#6004,#6005);
#6003 = CARTESIAN_POINT('',(135.15,-87.135,-4.6E-02));
#6004 = DIRECTION('',(-0.,-0.,-1.));
#6005 = DIRECTION('',(-0.,-1.,0.));
#6006 = ADVANCED_FACE('',(#6007),#6018,.F.);
#6007 = FACE_BOUND('',#6008,.T.);
#6008 = EDGE_LOOP('',(#6009,#6010,#6016,#6017));
#6009 = ORIENTED_EDGE('',*,*,#4371,.T.);
#6010 = ORIENTED_EDGE('',*,*,#6011,.T.);
#6011 = EDGE_CURVE('',#4372,#5089,#6012,.T.);
#6012 = LINE('',#6013,#6014);
#6013 = CARTESIAN_POINT('',(135.15,-85.705,-4.6E-02));
#6014 = VECTOR('',#6015,1.);
#6015 = DIRECTION('',(0.,0.,1.));
#6016 = ORIENTED_EDGE('',*,*,#5088,.F.);
#6017 = ORIENTED_EDGE('',*,*,#6011,.F.);
#6018 = CYLINDRICAL_SURFACE('',#6019,0.35);
#6019 = AXIS2_PLACEMENT_3D('',#6020,#6021,#6022);
#6020 = CARTESIAN_POINT('',(135.15,-85.355,-4.6E-02));
#6021 = DIRECTION('',(-0.,-0.,-1.));
#6022 = DIRECTION('',(-0.,-1.,0.));
#6023 = ADVANCED_FACE('',(#6024),#6035,.F.);
#6024 = FACE_BOUND('',#6025,.T.);
#6025 = EDGE_LOOP('',(#6026,#6027,#6033,#6034));
#6026 = ORIENTED_EDGE('',*,*,#4382,.T.);
#6027 = ORIENTED_EDGE('',*,*,#6028,.T.);
#6028 = EDGE_CURVE('',#4383,#5100,#6029,.T.);
#6029 = LINE('',#6030,#6031);
#6030 = CARTESIAN_POINT('',(135.15,-83.925,-4.6E-02));
#6031 = VECTOR('',#6032,1.);
#6032 = DIRECTION('',(0.,0.,1.));
#6033 = ORIENTED_EDGE('',*,*,#5099,.F.);
#6034 = ORIENTED_EDGE('',*,*,#6028,.F.);
#6035 = CYLINDRICAL_SURFACE('',#6036,0.35);
#6036 = AXIS2_PLACEMENT_3D('',#6037,#6038,#6039);
#6037 = CARTESIAN_POINT('',(135.15,-83.575,-4.6E-02));
#6038 = DIRECTION('',(-0.,-0.,-1.));
#6039 = DIRECTION('',(-0.,-1.,0.));
#6040 = ADVANCED_FACE('',(#6041),#6052,.F.);
#6041 = FACE_BOUND('',#6042,.T.);
#6042 = EDGE_LOOP('',(#6043,#6044,#6050,#6051));
#6043 = ORIENTED_EDGE('',*,*,#4393,.T.);
#6044 = ORIENTED_EDGE('',*,*,#6045,.T.);
#6045 = EDGE_CURVE('',#4394,#5111,#6046,.T.);
#6046 = LINE('',#6047,#6048);
#6047 = CARTESIAN_POINT('',(123.5,-64.08,-4.6E-02));
#6048 = VECTOR('',#6049,1.);
#6049 = DIRECTION('',(0.,0.,1.));
#6050 = ORIENTED_EDGE('',*,*,#5110,.F.);
#6051 = ORIENTED_EDGE('',*,*,#6045,.F.);
#6052 = CYLINDRICAL_SURFACE('',#6053,0.75);
#6053 = AXIS2_PLACEMENT_3D('',#6054,#6055,#6056);
#6054 = CARTESIAN_POINT('',(123.5,-63.33,-4.6E-02));
#6055 = DIRECTION('',(-0.,-0.,-1.));
#6056 = DIRECTION('',(-0.,-1.,0.));
#6057 = ADVANCED_FACE('',(#6058),#6069,.F.);
#6058 = FACE_BOUND('',#6059,.T.);
#6059 = EDGE_LOOP('',(#6060,#6061,#6067,#6068));
#6060 = ORIENTED_EDGE('',*,*,#4404,.T.);
#6061 = ORIENTED_EDGE('',*,*,#6062,.T.);
#6062 = EDGE_CURVE('',#4405,#5122,#6063,.T.);
#6063 = LINE('',#6064,#6065);
#6064 = CARTESIAN_POINT('',(118.5,-49.35,-4.6E-02));
#6065 = VECTOR('',#6066,1.);
#6066 = DIRECTION('',(0.,0.,1.));
#6067 = ORIENTED_EDGE('',*,*,#5121,.F.);
#6068 = ORIENTED_EDGE('',*,*,#6062,.F.);
#6069 = CYLINDRICAL_SURFACE('',#6070,1.1);
#6070 = AXIS2_PLACEMENT_3D('',#6071,#6072,#6073);
#6071 = CARTESIAN_POINT('',(118.5,-48.25,-4.6E-02));
#6072 = DIRECTION('',(-0.,-0.,-1.));
#6073 = DIRECTION('',(-0.,-1.,0.));
#6074 = ADVANCED_FACE('',(#6075),#6086,.F.);
#6075 = FACE_BOUND('',#6076,.T.);
#6076 = EDGE_LOOP('',(#6077,#6078,#6084,#6085));
#6077 = ORIENTED_EDGE('',*,*,#4415,.T.);
#6078 = ORIENTED_EDGE('',*,*,#6079,.T.);
#6079 = EDGE_CURVE('',#4416,#5133,#6080,.T.);
#6080 = LINE('',#6081,#6082);
#6081 = CARTESIAN_POINT('',(123.5,-59.,-4.6E-02));
#6082 = VECTOR('',#6083,1.);
#6083 = DIRECTION('',(0.,0.,1.));
#6084 = ORIENTED_EDGE('',*,*,#5132,.F.);
#6085 = ORIENTED_EDGE('',*,*,#6079,.F.);
#6086 = CYLINDRICAL_SURFACE('',#6087,0.75);
#6087 = AXIS2_PLACEMENT_3D('',#6088,#6089,#6090);
#6088 = CARTESIAN_POINT('',(123.5,-58.25,-4.6E-02));
#6089 = DIRECTION('',(-0.,-0.,-1.));
#6090 = DIRECTION('',(-0.,-1.,0.));
#6091 = ADVANCED_FACE('',(#6092),#6103,.F.);
#6092 = FACE_BOUND('',#6093,.T.);
#6093 = EDGE_LOOP('',(#6094,#6095,#6101,#6102));
#6094 = ORIENTED_EDGE('',*,*,#4426,.T.);
#6095 = ORIENTED_EDGE('',*,*,#6096,.T.);
#6096 = EDGE_CURVE('',#4427,#5144,#6097,.T.);
#6097 = LINE('',#6098,#6099);
#6098 = CARTESIAN_POINT('',(123.5,-53.92,-4.6E-02));
#6099 = VECTOR('',#6100,1.);
#6100 = DIRECTION('',(0.,0.,1.));
#6101 = ORIENTED_EDGE('',*,*,#5143,.F.);
#6102 = ORIENTED_EDGE('',*,*,#6096,.F.);
#6103 = CYLINDRICAL_SURFACE('',#6104,0.75);
#6104 = AXIS2_PLACEMENT_3D('',#6105,#6106,#6107);
#6105 = CARTESIAN_POINT('',(123.5,-53.17,-4.6E-02));
#6106 = DIRECTION('',(-0.,-0.,-1.));
#6107 = DIRECTION('',(-0.,-1.,0.));
#6108 = ADVANCED_FACE('',(#6109),#6120,.F.);
#6109 = FACE_BOUND('',#6110,.T.);
#6110 = EDGE_LOOP('',(#6111,#6112,#6118,#6119));
#6111 = ORIENTED_EDGE('',*,*,#4437,.T.);
#6112 = ORIENTED_EDGE('',*,*,#6113,.T.);
#6113 = EDGE_CURVE('',#4438,#5155,#6114,.T.);
#6114 = LINE('',#6115,#6116);
#6115 = CARTESIAN_POINT('',(133.55,-65.65,-4.6E-02));
#6116 = VECTOR('',#6117,1.);
#6117 = DIRECTION('',(0.,0.,1.));
#6118 = ORIENTED_EDGE('',*,*,#5154,.F.);
#6119 = ORIENTED_EDGE('',*,*,#6113,.F.);
#6120 = CYLINDRICAL_SURFACE('',#6121,0.5);
#6121 = AXIS2_PLACEMENT_3D('',#6122,#6123,#6124);
#6122 = CARTESIAN_POINT('',(133.55,-65.15,-4.6E-02));
#6123 = DIRECTION('',(-0.,-0.,-1.));
#6124 = DIRECTION('',(-0.,-1.,0.));
#6125 = ADVANCED_FACE('',(#6126),#6137,.F.);
#6126 = FACE_BOUND('',#6127,.T.);
#6127 = EDGE_LOOP('',(#6128,#6129,#6135,#6136));
#6128 = ORIENTED_EDGE('',*,*,#4448,.T.);
#6129 = ORIENTED_EDGE('',*,*,#6130,.T.);
#6130 = EDGE_CURVE('',#4449,#5166,#6131,.T.);
#6131 = LINE('',#6132,#6133);
#6132 = CARTESIAN_POINT('',(133.55,-60.65,-4.6E-02));
#6133 = VECTOR('',#6134,1.);
#6134 = DIRECTION('',(0.,0.,1.));
#6135 = ORIENTED_EDGE('',*,*,#5165,.F.);
#6136 = ORIENTED_EDGE('',*,*,#6130,.F.);
#6137 = CYLINDRICAL_SURFACE('',#6138,0.5);
#6138 = AXIS2_PLACEMENT_3D('',#6139,#6140,#6141);
#6139 = CARTESIAN_POINT('',(133.55,-60.15,-4.6E-02));
#6140 = DIRECTION('',(-0.,-0.,-1.));
#6141 = DIRECTION('',(-0.,-1.,0.));
#6142 = ADVANCED_FACE('',(#6143),#6159,.T.);
#6143 = FACE_BOUND('',#6144,.T.);
#6144 = EDGE_LOOP('',(#6145,#6151,#6152,#6158));
#6145 = ORIENTED_EDGE('',*,*,#6146,.T.);
#6146 = EDGE_CURVE('',#4460,#5177,#6147,.T.);
#6147 = LINE('',#6148,#6149);
#6148 = CARTESIAN_POINT('',(136.055,-98.1875,0.));
#6149 = VECTOR('',#6150,1.);
#6150 = DIRECTION('',(0.,0.,1.));
#6151 = ORIENTED_EDGE('',*,*,#5176,.T.);
#6152 = ORIENTED_EDGE('',*,*,#6153,.F.);
#6153 = EDGE_CURVE('',#4462,#5179,#6154,.T.);
#6154 = LINE('',#6155,#6156);
#6155 = CARTESIAN_POINT('',(144.945,-98.1875,0.));
#6156 = VECTOR('',#6157,1.);
#6157 = DIRECTION('',(0.,0.,1.));
#6158 = ORIENTED_EDGE('',*,*,#4459,.F.);
#6159 = PLANE('',#6160);
#6160 = AXIS2_PLACEMENT_3D('',#6161,#6162,#6163);
#6161 = CARTESIAN_POINT('',(136.055,-98.1875,0.));
#6162 = DIRECTION('',(0.,1.,0.));
#6163 = DIRECTION('',(1.,0.,0.));
#6164 = ADVANCED_FACE('',(#6165),#6176,.T.);
#6165 = FACE_BOUND('',#6166,.T.);
#6166 = EDGE_LOOP('',(#6167,#6173,#6174,#6175));
#6167 = ORIENTED_EDGE('',*,*,#6168,.T.);
#6168 = EDGE_CURVE('',#4470,#5187,#6169,.T.);
#6169 = LINE('',#6170,#6171);
#6170 = CARTESIAN_POINT('',(136.055,-82.3125,0.));
#6171 = VECTOR('',#6172,1.);
#6172 = DIRECTION('',(0.,0.,1.));
#6173 = ORIENTED_EDGE('',*,*,#5186,.T.);
#6174 = ORIENTED_EDGE('',*,*,#6146,.F.);
#6175 = ORIENTED_EDGE('',*,*,#4469,.F.);
#6176 = PLANE('',#6177);
#6177 = AXIS2_PLACEMENT_3D('',#6178,#6179,#6180);
#6178 = CARTESIAN_POINT('',(136.055,-82.3125,0.));
#6179 = DIRECTION('',(1.,0.,-0.));
#6180 = DIRECTION('',(0.,-1.,0.));
#6181 = ADVANCED_FACE('',(#6182),#6193,.T.);
#6182 = FACE_BOUND('',#6183,.T.);
#6183 = EDGE_LOOP('',(#6184,#6185,#6186,#6192));
#6184 = ORIENTED_EDGE('',*,*,#6153,.T.);
#6185 = ORIENTED_EDGE('',*,*,#5202,.T.);
#6186 = ORIENTED_EDGE('',*,*,#6187,.F.);
#6187 = EDGE_CURVE('',#4478,#5195,#6188,.T.);
#6188 = LINE('',#6189,#6190);
#6189 = CARTESIAN_POINT('',(144.945,-82.3125,0.));
#6190 = VECTOR('',#6191,1.);
#6191 = DIRECTION('',(0.,0.,1.));
#6192 = ORIENTED_EDGE('',*,*,#4485,.F.);
#6193 = PLANE('',#6194);
#6194 = AXIS2_PLACEMENT_3D('',#6195,#6196,#6197);
#6195 = CARTESIAN_POINT('',(144.945,-98.1875,0.));
#6196 = DIRECTION('',(-1.,0.,0.));
#6197 = DIRECTION('',(0.,1.,0.));
#6198 = ADVANCED_FACE('',(#6199),#6205,.T.);
#6199 = FACE_BOUND('',#6200,.T.);
#6200 = EDGE_LOOP('',(#6201,#6202,#6203,#6204));
#6201 = ORIENTED_EDGE('',*,*,#6187,.T.);
#6202 = ORIENTED_EDGE('',*,*,#5194,.T.);
#6203 = ORIENTED_EDGE('',*,*,#6168,.F.);
#6204 = ORIENTED_EDGE('',*,*,#4477,.F.);
#6205 = PLANE('',#6206);
#6206 = AXIS2_PLACEMENT_3D('',#6207,#6208,#6209);
#6207 = CARTESIAN_POINT('',(144.945,-82.3125,0.));
#6208 = DIRECTION('',(0.,-1.,0.));
#6209 = DIRECTION('',(-1.,0.,0.));
#6210 = ADVANCED_FACE('',(#6211),#6222,.F.);
#6211 = FACE_BOUND('',#6212,.T.);
#6212 = EDGE_LOOP('',(#6213,#6214,#6220,#6221));
#6213 = ORIENTED_EDGE('',*,*,#4493,.T.);
#6214 = ORIENTED_EDGE('',*,*,#6215,.T.);
#6215 = EDGE_CURVE('',#4494,#5211,#6216,.T.);
#6216 = LINE('',#6217,#6218);
#6217 = CARTESIAN_POINT('',(145.85,-91.935,-4.6E-02));
#6218 = VECTOR('',#6219,1.);
#6219 = DIRECTION('',(0.,0.,1.));
#6220 = ORIENTED_EDGE('',*,*,#5210,.F.);
#6221 = ORIENTED_EDGE('',*,*,#6215,.F.);
#6222 = CYLINDRICAL_SURFACE('',#6223,0.35);
#6223 = AXIS2_PLACEMENT_3D('',#6224,#6225,#6226);
#6224 = CARTESIAN_POINT('',(145.85,-91.585,-4.6E-02));
#6225 = DIRECTION('',(-0.,-0.,-1.));
#6226 = DIRECTION('',(-0.,-1.,0.));
#6227 = ADVANCED_FACE('',(#6228),#6239,.F.);
#6228 = FACE_BOUND('',#6229,.T.);
#6229 = EDGE_LOOP('',(#6230,#6231,#6237,#6238));
#6230 = ORIENTED_EDGE('',*,*,#4504,.T.);
#6231 = ORIENTED_EDGE('',*,*,#6232,.T.);
#6232 = EDGE_CURVE('',#4505,#5222,#6233,.T.);
#6233 = LINE('',#6234,#6235);
#6234 = CARTESIAN_POINT('',(145.85,-90.155,-4.6E-02));
#6235 = VECTOR('',#6236,1.);
#6236 = DIRECTION('',(0.,0.,1.));
#6237 = ORIENTED_EDGE('',*,*,#5221,.F.);
#6238 = ORIENTED_EDGE('',*,*,#6232,.F.);
#6239 = CYLINDRICAL_SURFACE('',#6240,0.35);
#6240 = AXIS2_PLACEMENT_3D('',#6241,#6242,#6243);
#6241 = CARTESIAN_POINT('',(145.85,-89.805,-4.6E-02));
#6242 = DIRECTION('',(-0.,-0.,-1.));
#6243 = DIRECTION('',(-0.,-1.,0.));
#6244 = ADVANCED_FACE('',(#6245),#6256,.F.);
#6245 = FACE_BOUND('',#6246,.T.);
#6246 = EDGE_LOOP('',(#6247,#6248,#6254,#6255));
#6247 = ORIENTED_EDGE('',*,*,#4515,.T.);
#6248 = ORIENTED_EDGE('',*,*,#6249,.T.);
#6249 = EDGE_CURVE('',#4516,#5233,#6250,.T.);
#6250 = LINE('',#6251,#6252);
#6251 = CARTESIAN_POINT('',(145.85,-88.375,-4.6E-02));
#6252 = VECTOR('',#6253,1.);
#6253 = DIRECTION('',(0.,0.,1.));
#6254 = ORIENTED_EDGE('',*,*,#5232,.F.);
#6255 = ORIENTED_EDGE('',*,*,#6249,.F.);
#6256 = CYLINDRICAL_SURFACE('',#6257,0.35);
#6257 = AXIS2_PLACEMENT_3D('',#6258,#6259,#6260);
#6258 = CARTESIAN_POINT('',(145.85,-88.025,-4.6E-02));
#6259 = DIRECTION('',(-0.,-0.,-1.));
#6260 = DIRECTION('',(-0.,-1.,0.));
#6261 = ADVANCED_FACE('',(#6262),#6273,.F.);
#6262 = FACE_BOUND('',#6263,.T.);
#6263 = EDGE_LOOP('',(#6264,#6265,#6271,#6272));
#6264 = ORIENTED_EDGE('',*,*,#4526,.T.);
#6265 = ORIENTED_EDGE('',*,*,#6266,.T.);
#6266 = EDGE_CURVE('',#4527,#5244,#6267,.T.);
#6267 = LINE('',#6268,#6269);
#6268 = CARTESIAN_POINT('',(145.85,-86.595,-4.6E-02));
#6269 = VECTOR('',#6270,1.);
#6270 = DIRECTION('',(0.,0.,1.));
#6271 = ORIENTED_EDGE('',*,*,#5243,.F.);
#6272 = ORIENTED_EDGE('',*,*,#6266,.F.);
#6273 = CYLINDRICAL_SURFACE('',#6274,0.35);
#6274 = AXIS2_PLACEMENT_3D('',#6275,#6276,#6277);
#6275 = CARTESIAN_POINT('',(145.85,-86.245,-4.6E-02));
#6276 = DIRECTION('',(-0.,-0.,-1.));
#6277 = DIRECTION('',(-0.,-1.,0.));
#6278 = ADVANCED_FACE('',(#6279),#6290,.F.);
#6279 = FACE_BOUND('',#6280,.T.);
#6280 = EDGE_LOOP('',(#6281,#6282,#6288,#6289));
#6281 = ORIENTED_EDGE('',*,*,#4537,.T.);
#6282 = ORIENTED_EDGE('',*,*,#6283,.T.);
#6283 = EDGE_CURVE('',#4538,#5255,#6284,.T.);
#6284 = LINE('',#6285,#6286);
#6285 = CARTESIAN_POINT('',(145.85,-84.815,-4.6E-02));
#6286 = VECTOR('',#6287,1.);
#6287 = DIRECTION('',(0.,0.,1.));
#6288 = ORIENTED_EDGE('',*,*,#5254,.F.);
#6289 = ORIENTED_EDGE('',*,*,#6283,.F.);
#6290 = CYLINDRICAL_SURFACE('',#6291,0.35);
#6291 = AXIS2_PLACEMENT_3D('',#6292,#6293,#6294);
#6292 = CARTESIAN_POINT('',(145.85,-84.465,-4.6E-02));
#6293 = DIRECTION('',(-0.,-0.,-1.));
#6294 = DIRECTION('',(-0.,-1.,0.));
#6295 = ADVANCED_FACE('',(#6296),#6312,.F.);
#6296 = FACE_BOUND('',#6297,.T.);
#6297 = EDGE_LOOP('',(#6298,#6299,#6305,#6306));
#6298 = ORIENTED_EDGE('',*,*,#4548,.T.);
#6299 = ORIENTED_EDGE('',*,*,#6300,.T.);
#6300 = EDGE_CURVE('',#4551,#5268,#6301,.T.);
#6301 = LINE('',#6302,#6303);
#6302 = CARTESIAN_POINT('',(139.9,-67.5,-4.6E-02));
#6303 = VECTOR('',#6304,1.);
#6304 = DIRECTION('',(0.,0.,1.));
#6305 = ORIENTED_EDGE('',*,*,#5265,.F.);
#6306 = ORIENTED_EDGE('',*,*,#6307,.F.);
#6307 = EDGE_CURVE('',#4549,#5266,#6308,.T.);
#6308 = LINE('',#6309,#6310);
#6309 = CARTESIAN_POINT('',(139.9,-69.,-4.6E-02));
#6310 = VECTOR('',#6311,1.);
#6311 = DIRECTION('',(0.,0.,1.));
#6312 = CYLINDRICAL_SURFACE('',#6313,0.75);
#6313 = AXIS2_PLACEMENT_3D('',#6314,#6315,#6316);
#6314 = CARTESIAN_POINT('',(139.9,-68.25,-4.6E-02));
#6315 = DIRECTION('',(-0.,0.,-1.));
#6316 = DIRECTION('',(0.,1.,0.));
#6317 = ADVANCED_FACE('',(#6318),#6329,.T.);
#6318 = FACE_BOUND('',#6319,.T.);
#6319 = EDGE_LOOP('',(#6320,#6321,#6322,#6323));
#6320 = ORIENTED_EDGE('',*,*,#4576,.T.);
#6321 = ORIENTED_EDGE('',*,*,#6307,.T.);
#6322 = ORIENTED_EDGE('',*,*,#5293,.F.);
#6323 = ORIENTED_EDGE('',*,*,#6324,.F.);
#6324 = EDGE_CURVE('',#4568,#5285,#6325,.T.);
#6325 = LINE('',#6326,#6327);
#6326 = CARTESIAN_POINT('',(141.2,-69.,-4.6E-02));
#6327 = VECTOR('',#6328,1.);
#6328 = DIRECTION('',(0.,0.,1.));
#6329 = PLANE('',#6330);
#6330 = AXIS2_PLACEMENT_3D('',#6331,#6332,#6333);
#6331 = CARTESIAN_POINT('',(139.9,-69.,-4.6E-02));
#6332 = DIRECTION('',(0.,1.,0.));
#6333 = DIRECTION('',(1.,0.,0.));
#6334 = ADVANCED_FACE('',(#6335),#6346,.F.);
#6335 = FACE_BOUND('',#6336,.T.);
#6336 = EDGE_LOOP('',(#6337,#6338,#6339,#6340));
#6337 = ORIENTED_EDGE('',*,*,#4567,.T.);
#6338 = ORIENTED_EDGE('',*,*,#6324,.T.);
#6339 = ORIENTED_EDGE('',*,*,#5284,.F.);
#6340 = ORIENTED_EDGE('',*,*,#6341,.F.);
#6341 = EDGE_CURVE('',#4560,#5277,#6342,.T.);
#6342 = LINE('',#6343,#6344);
#6343 = CARTESIAN_POINT('',(141.2,-67.5,-4.6E-02));
#6344 = VECTOR('',#6345,1.);
#6345 = DIRECTION('',(0.,0.,1.));
#6346 = CYLINDRICAL_SURFACE('',#6347,0.75);
#6347 = AXIS2_PLACEMENT_3D('',#6348,#6349,#6350);
#6348 = CARTESIAN_POINT('',(141.2,-68.25,-4.6E-02));
#6349 = DIRECTION('',(-0.,-0.,-1.));
#6350 = DIRECTION('',(-0.,-1.,0.));
#6351 = ADVANCED_FACE('',(#6352),#6358,.T.);
#6352 = FACE_BOUND('',#6353,.T.);
#6353 = EDGE_LOOP('',(#6354,#6355,#6356,#6357));
#6354 = ORIENTED_EDGE('',*,*,#4559,.T.);
#6355 = ORIENTED_EDGE('',*,*,#6341,.T.);
#6356 = ORIENTED_EDGE('',*,*,#5276,.F.);
#6357 = ORIENTED_EDGE('',*,*,#6300,.F.);
#6358 = PLANE('',#6359);
#6359 = AXIS2_PLACEMENT_3D('',#6360,#6361,#6362);
#6360 = CARTESIAN_POINT('',(141.2,-67.5,-4.6E-02));
#6361 = DIRECTION('',(0.,-1.,0.));
#6362 = DIRECTION('',(-1.,0.,0.));
#6363 = ADVANCED_FACE('',(#6364),#6375,.F.);
#6364 = FACE_BOUND('',#6365,.T.);
#6365 = EDGE_LOOP('',(#6366,#6367,#6373,#6374));
#6366 = ORIENTED_EDGE('',*,*,#4584,.T.);
#6367 = ORIENTED_EDGE('',*,*,#6368,.T.);
#6368 = EDGE_CURVE('',#4585,#5302,#6369,.T.);
#6369 = LINE('',#6370,#6371);
#6370 = CARTESIAN_POINT('',(148.05,-65.65,-4.6E-02));
#6371 = VECTOR('',#6372,1.);
#6372 = DIRECTION('',(0.,0.,1.));
#6373 = ORIENTED_EDGE('',*,*,#5301,.F.);
#6374 = ORIENTED_EDGE('',*,*,#6368,.F.);
#6375 = CYLINDRICAL_SURFACE('',#6376,0.5);
#6376 = AXIS2_PLACEMENT_3D('',#6377,#6378,#6379);
#6377 = CARTESIAN_POINT('',(148.05,-65.15,-4.6E-02));
#6378 = DIRECTION('',(-0.,-0.,-1.));
#6379 = DIRECTION('',(-0.,-1.,0.));
#6380 = ADVANCED_FACE('',(#6381),#6392,.F.);
#6381 = FACE_BOUND('',#6382,.T.);
#6382 = EDGE_LOOP('',(#6383,#6384,#6390,#6391));
#6383 = ORIENTED_EDGE('',*,*,#4595,.T.);
#6384 = ORIENTED_EDGE('',*,*,#6385,.T.);
#6385 = EDGE_CURVE('',#4596,#5313,#6386,.T.);
#6386 = LINE('',#6387,#6388);
#6387 = CARTESIAN_POINT('',(148.05,-63.15,-4.6E-02));
#6388 = VECTOR('',#6389,1.);
#6389 = DIRECTION('',(0.,0.,1.));
#6390 = ORIENTED_EDGE('',*,*,#5312,.F.);
#6391 = ORIENTED_EDGE('',*,*,#6385,.F.);
#6392 = CYLINDRICAL_SURFACE('',#6393,0.5);
#6393 = AXIS2_PLACEMENT_3D('',#6394,#6395,#6396);
#6394 = CARTESIAN_POINT('',(148.05,-62.65,-4.6E-02));
#6395 = DIRECTION('',(-0.,-0.,-1.));
#6396 = DIRECTION('',(-0.,-1.,0.));
#6397 = ADVANCED_FACE('',(#6398),#6409,.F.);
#6398 = FACE_BOUND('',#6399,.T.);
#6399 = EDGE_LOOP('',(#6400,#6401,#6407,#6408));
#6400 = ORIENTED_EDGE('',*,*,#4606,.T.);
#6401 = ORIENTED_EDGE('',*,*,#6402,.T.);
#6402 = EDGE_CURVE('',#4607,#5324,#6403,.T.);
#6403 = LINE('',#6404,#6405);
#6404 = CARTESIAN_POINT('',(148.05,-60.65,-4.6E-02));
#6405 = VECTOR('',#6406,1.);
#6406 = DIRECTION('',(0.,0.,1.));
#6407 = ORIENTED_EDGE('',*,*,#5323,.F.);
#6408 = ORIENTED_EDGE('',*,*,#6402,.F.);
#6409 = CYLINDRICAL_SURFACE('',#6410,0.5);
#6410 = AXIS2_PLACEMENT_3D('',#6411,#6412,#6413);
#6411 = CARTESIAN_POINT('',(148.05,-60.15,-4.6E-02));
#6412 = DIRECTION('',(-0.,-0.,-1.));
#6413 = DIRECTION('',(-0.,-1.,0.));
#6414 = ADVANCED_FACE('',(#6415),#6431,.F.);
#6415 = FACE_BOUND('',#6416,.T.);
#6416 = EDGE_LOOP('',(#6417,#6418,#6424,#6425));
#6417 = ORIENTED_EDGE('',*,*,#4617,.T.);
#6418 = ORIENTED_EDGE('',*,*,#6419,.T.);
#6419 = EDGE_CURVE('',#4620,#5337,#6420,.T.);
#6420 = LINE('',#6421,#6422);
#6421 = CARTESIAN_POINT('',(139.9,-56.3,-4.6E-02));
#6422 = VECTOR('',#6423,1.);
#6423 = DIRECTION('',(0.,0.,1.));
#6424 = ORIENTED_EDGE('',*,*,#5334,.F.);
#6425 = ORIENTED_EDGE('',*,*,#6426,.F.);
#6426 = EDGE_CURVE('',#4618,#5335,#6427,.T.);
#6427 = LINE('',#6428,#6429);
#6428 = CARTESIAN_POINT('',(139.9,-57.8,-4.6E-02));
#6429 = VECTOR('',#6430,1.);
#6430 = DIRECTION('',(0.,0.,1.));
#6431 = CYLINDRICAL_SURFACE('',#6432,0.75);
#6432 = AXIS2_PLACEMENT_3D('',#6433,#6434,#6435);
#6433 = CARTESIAN_POINT('',(139.9,-57.05,-4.6E-02));
#6434 = DIRECTION('',(-0.,0.,-1.));
#6435 = DIRECTION('',(0.,1.,0.));
#6436 = ADVANCED_FACE('',(#6437),#6448,.T.);
#6437 = FACE_BOUND('',#6438,.T.);
#6438 = EDGE_LOOP('',(#6439,#6440,#6441,#6442));
#6439 = ORIENTED_EDGE('',*,*,#4645,.T.);
#6440 = ORIENTED_EDGE('',*,*,#6426,.T.);
#6441 = ORIENTED_EDGE('',*,*,#5362,.F.);
#6442 = ORIENTED_EDGE('',*,*,#6443,.F.);
#6443 = EDGE_CURVE('',#4637,#5354,#6444,.T.);
#6444 = LINE('',#6445,#6446);
#6445 = CARTESIAN_POINT('',(141.2,-57.8,-4.6E-02));
#6446 = VECTOR('',#6447,1.);
#6447 = DIRECTION('',(0.,0.,1.));
#6448 = PLANE('',#6449);
#6449 = AXIS2_PLACEMENT_3D('',#6450,#6451,#6452);
#6450 = CARTESIAN_POINT('',(139.9,-57.8,-4.6E-02));
#6451 = DIRECTION('',(0.,1.,0.));
#6452 = DIRECTION('',(1.,0.,0.));
#6453 = ADVANCED_FACE('',(#6454),#6465,.F.);
#6454 = FACE_BOUND('',#6455,.T.);
#6455 = EDGE_LOOP('',(#6456,#6457,#6458,#6459));
#6456 = ORIENTED_EDGE('',*,*,#4636,.T.);
#6457 = ORIENTED_EDGE('',*,*,#6443,.T.);
#6458 = ORIENTED_EDGE('',*,*,#5353,.F.);
#6459 = ORIENTED_EDGE('',*,*,#6460,.F.);
#6460 = EDGE_CURVE('',#4629,#5346,#6461,.T.);
#6461 = LINE('',#6462,#6463);
#6462 = CARTESIAN_POINT('',(141.2,-56.3,-4.6E-02));
#6463 = VECTOR('',#6464,1.);
#6464 = DIRECTION('',(0.,0.,1.));
#6465 = CYLINDRICAL_SURFACE('',#6466,0.75);
#6466 = AXIS2_PLACEMENT_3D('',#6467,#6468,#6469);
#6467 = CARTESIAN_POINT('',(141.2,-57.05,-4.6E-02));
#6468 = DIRECTION('',(-0.,-0.,-1.));
#6469 = DIRECTION('',(-0.,-1.,0.));
#6470 = ADVANCED_FACE('',(#6471),#6477,.T.);
#6471 = FACE_BOUND('',#6472,.T.);
#6472 = EDGE_LOOP('',(#6473,#6474,#6475,#6476));
#6473 = ORIENTED_EDGE('',*,*,#4628,.T.);
#6474 = ORIENTED_EDGE('',*,*,#6460,.T.);
#6475 = ORIENTED_EDGE('',*,*,#5345,.F.);
#6476 = ORIENTED_EDGE('',*,*,#6419,.F.);
#6477 = PLANE('',#6478);
#6478 = AXIS2_PLACEMENT_3D('',#6479,#6480,#6481);
#6479 = CARTESIAN_POINT('',(141.2,-56.3,-4.6E-02));
#6480 = DIRECTION('',(0.,-1.,0.));
#6481 = DIRECTION('',(-1.,0.,0.));
#6482 = ADVANCED_FACE('',(#6483),#6494,.F.);
#6483 = FACE_BOUND('',#6484,.T.);
#6484 = EDGE_LOOP('',(#6485,#6486,#6492,#6493));
#6485 = ORIENTED_EDGE('',*,*,#4653,.T.);
#6486 = ORIENTED_EDGE('',*,*,#6487,.T.);
#6487 = EDGE_CURVE('',#4654,#5371,#6488,.T.);
#6488 = LINE('',#6489,#6490);
#6489 = CARTESIAN_POINT('',(158.5,-64.08,-4.6E-02));
#6490 = VECTOR('',#6491,1.);
#6491 = DIRECTION('',(0.,0.,1.));
#6492 = ORIENTED_EDGE('',*,*,#5370,.F.);
#6493 = ORIENTED_EDGE('',*,*,#6487,.F.);
#6494 = CYLINDRICAL_SURFACE('',#6495,0.75);
#6495 = AXIS2_PLACEMENT_3D('',#6496,#6497,#6498);
#6496 = CARTESIAN_POINT('',(158.5,-63.33,-4.6E-02));
#6497 = DIRECTION('',(-0.,-0.,-1.));
#6498 = DIRECTION('',(-0.,-1.,0.));
#6499 = ADVANCED_FACE('',(#6500),#6511,.F.);
#6500 = FACE_BOUND('',#6501,.T.);
#6501 = EDGE_LOOP('',(#6502,#6503,#6509,#6510));
#6502 = ORIENTED_EDGE('',*,*,#4664,.T.);
#6503 = ORIENTED_EDGE('',*,*,#6504,.T.);
#6504 = EDGE_CURVE('',#4665,#5382,#6505,.T.);
#6505 = LINE('',#6506,#6507);
#6506 = CARTESIAN_POINT('',(158.5,-59.,-4.6E-02));
#6507 = VECTOR('',#6508,1.);
#6508 = DIRECTION('',(0.,0.,1.));
#6509 = ORIENTED_EDGE('',*,*,#5381,.F.);
#6510 = ORIENTED_EDGE('',*,*,#6504,.F.);
#6511 = CYLINDRICAL_SURFACE('',#6512,0.75);
#6512 = AXIS2_PLACEMENT_3D('',#6513,#6514,#6515);
#6513 = CARTESIAN_POINT('',(158.5,-58.25,-4.6E-02));
#6514 = DIRECTION('',(-0.,-0.,-1.));
#6515 = DIRECTION('',(-0.,-1.,0.));
#6516 = ADVANCED_FACE('',(#6517),#6528,.F.);
#6517 = FACE_BOUND('',#6518,.T.);
#6518 = EDGE_LOOP('',(#6519,#6520,#6526,#6527));
#6519 = ORIENTED_EDGE('',*,*,#4675,.T.);
#6520 = ORIENTED_EDGE('',*,*,#6521,.T.);
#6521 = EDGE_CURVE('',#4676,#5393,#6522,.T.);
#6522 = LINE('',#6523,#6524);
#6523 = CARTESIAN_POINT('',(158.5,-53.92,-4.6E-02));
#6524 = VECTOR('',#6525,1.);
#6525 = DIRECTION('',(0.,0.,1.));
#6526 = ORIENTED_EDGE('',*,*,#5392,.F.);
#6527 = ORIENTED_EDGE('',*,*,#6521,.F.);
#6528 = CYLINDRICAL_SURFACE('',#6529,0.75);
#6529 = AXIS2_PLACEMENT_3D('',#6530,#6531,#6532);
#6530 = CARTESIAN_POINT('',(158.5,-53.17,-4.6E-02));
#6531 = DIRECTION('',(-0.,-0.,-1.));
#6532 = DIRECTION('',(-0.,-1.,0.));
#6533 = ADVANCED_FACE('',(#6534),#6545,.F.);
#6534 = FACE_BOUND('',#6535,.T.);
#6535 = EDGE_LOOP('',(#6536,#6537,#6543,#6544));
#6536 = ORIENTED_EDGE('',*,*,#4686,.T.);
#6537 = ORIENTED_EDGE('',*,*,#6538,.T.);
#6538 = EDGE_CURVE('',#4687,#5404,#6539,.T.);
#6539 = LINE('',#6540,#6541);
#6540 = CARTESIAN_POINT('',(162.5,-49.35,-4.6E-02));
#6541 = VECTOR('',#6542,1.);
#6542 = DIRECTION('',(0.,0.,1.));
#6543 = ORIENTED_EDGE('',*,*,#5403,.F.);
#6544 = ORIENTED_EDGE('',*,*,#6538,.F.);
#6545 = CYLINDRICAL_SURFACE('',#6546,1.1);
#6546 = AXIS2_PLACEMENT_3D('',#6547,#6548,#6549);
#6547 = CARTESIAN_POINT('',(162.5,-48.25,-4.6E-02));
#6548 = DIRECTION('',(-0.,-0.,-1.));
#6549 = DIRECTION('',(-0.,-1.,0.));
#6550 = ( GEOMETRIC_REPRESENTATION_CONTEXT(3) 
GLOBAL_UNCERTAINTY_ASSIGNED_CONTEXT((#6554)) 
GLOBAL_UNIT_ASSIGNED_CONTEXT((#6551,#6552,#6553)) REPRESENTATION_CONTEXT
('Context #1','3D Context with UNIT and UNCERTAINTY') );
#6551 = ( LENGTH_UNIT() NAMED_UNIT(*) SI_UNIT(.MILLI.,.METRE.) );
#6552 = ( NAMED_UNIT(*) PLANE_ANGLE_UNIT() SI_UNIT($,.RADIAN.) );
#6553 = ( NAMED_UNIT(*) SI_UNIT($,.STERADIAN.) SOLID_ANGLE_UNIT() );
#6554 = UNCERTAINTY_MEASURE_WITH_UNIT(LENGTH_MEASURE(1.E-07),#6551,
  'distance_accuracy_value','confusion accuracy');
#6555 = CONTEXT_DEPENDENT_SHAPE_REPRESENTATION(#6556,#6558);
#6556 = ( REPRESENTATION_RELATIONSHIP('','',#3877,#10) 
REPRESENTATION_RELATIONSHIP_WITH_TRANSFORMATION(#6557) 
SHAPE_REPRESENTATION_RELATIONSHIP() );
#6557 = ITEM_DEFINED_TRANSFORMATION('','',#11,#63);
#6558 = PRODUCT_DEFINITION_SHAPE('Placement','Placement of an item',
  #6559);
#6559 = NEXT_ASSEMBLY_USAGE_OCCURRENCE('16','=>[0:1:1:8]','',#5,#3872,$
  );
#6560 = PRODUCT_RELATED_PRODUCT_CATEGORY('part',$,(#3874));
#6561 = MECHANICAL_DESIGN_GEOMETRIC_PRESENTATION_REPRESENTATION('',(
    #6562,#6570,#6577,#6584,#6591,#6598,#6605,#6612,#6620,#6627,#6634,
    #6641,#6648,#6655,#6663,#6670,#6677,#6684,#6691,#6698,#6705,#6712,
    #6719,#6726,#6733,#6740),#894);
#6562 = STYLED_ITEM('color',(#6563),#106);
#6563 = PRESENTATION_STYLE_ASSIGNMENT((#6564));
#6564 = SURFACE_STYLE_USAGE(.BOTH.,#6565);
#6565 = SURFACE_SIDE_STYLE('',(#6566));
#6566 = SURFACE_STYLE_FILL_AREA(#6567);
#6567 = FILL_AREA_STYLE('',(#6568));
#6568 = FILL_AREA_STYLE_COLOUR('',#6569);
#6569 = COLOUR_RGB('',0.823999987314,0.819999987296,0.781000009244);
#6570 = STYLED_ITEM('color',(#6571),#146);
#6571 = PRESENTATION_STYLE_ASSIGNMENT((#6572));
#6572 = SURFACE_STYLE_USAGE(.BOTH.,#6573);
#6573 = SURFACE_SIDE_STYLE('',(#6574));
#6574 = SURFACE_STYLE_FILL_AREA(#6575);
#6575 = FILL_AREA_STYLE('',(#6576));
#6576 = FILL_AREA_STYLE_COLOUR('',#6569);
#6577 = STYLED_ITEM('color',(#6578),#229);
#6578 = PRESENTATION_STYLE_ASSIGNMENT((#6579));
#6579 = SURFACE_STYLE_USAGE(.BOTH.,#6580);
#6580 = SURFACE_SIDE_STYLE('',(#6581));
#6581 = SURFACE_STYLE_FILL_AREA(#6582);
#6582 = FILL_AREA_STYLE('',(#6583));
#6583 = FILL_AREA_STYLE_COLOUR('',#6569);
#6584 = STYLED_ITEM('color',(#6585),#254);
#6585 = PRESENTATION_STYLE_ASSIGNMENT((#6586));
#6586 = SURFACE_STYLE_USAGE(.BOTH.,#6587);
#6587 = SURFACE_SIDE_STYLE('',(#6588));
#6588 = SURFACE_STYLE_FILL_AREA(#6589);
#6589 = FILL_AREA_STYLE('',(#6590));
#6590 = FILL_AREA_STYLE_COLOUR('',#6569);
#6591 = STYLED_ITEM('color',(#6592),#279);
#6592 = PRESENTATION_STYLE_ASSIGNMENT((#6593));
#6593 = SURFACE_STYLE_USAGE(.BOTH.,#6594);
#6594 = SURFACE_SIDE_STYLE('',(#6595));
#6595 = SURFACE_STYLE_FILL_AREA(#6596);
#6596 = FILL_AREA_STYLE('',(#6597));
#6597 = FILL_AREA_STYLE_COLOUR('',#6569);
#6598 = STYLED_ITEM('color',(#6599),#346);
#6599 = PRESENTATION_STYLE_ASSIGNMENT((#6600));
#6600 = SURFACE_STYLE_USAGE(.BOTH.,#6601);
#6601 = SURFACE_SIDE_STYLE('',(#6602));
#6602 = SURFACE_STYLE_FILL_AREA(#6603);
#6603 = FILL_AREA_STYLE('',(#6604));
#6604 = FILL_AREA_STYLE_COLOUR('',#6569);
#6605 = STYLED_ITEM('color',(#6606),#363);
#6606 = PRESENTATION_STYLE_ASSIGNMENT((#6607));
#6607 = SURFACE_STYLE_USAGE(.BOTH.,#6608);
#6608 = SURFACE_SIDE_STYLE('',(#6609));
#6609 = SURFACE_STYLE_FILL_AREA(#6610);
#6610 = FILL_AREA_STYLE('',(#6611));
#6611 = FILL_AREA_STYLE_COLOUR('',#6569);
#6612 = STYLED_ITEM('color',(#6613),#380);
#6613 = PRESENTATION_STYLE_ASSIGNMENT((#6614));
#6614 = SURFACE_STYLE_USAGE(.BOTH.,#6615);
#6615 = SURFACE_SIDE_STYLE('',(#6616));
#6616 = SURFACE_STYLE_FILL_AREA(#6617);
#6617 = FILL_AREA_STYLE('',(#6618));
#6618 = FILL_AREA_STYLE_COLOUR('',#6619);
#6619 = COLOUR_RGB('',0.894999966383,0.890999961016,0.813000030345);
#6620 = STYLED_ITEM('color',(#6621),#429);
#6621 = PRESENTATION_STYLE_ASSIGNMENT((#6622));
#6622 = SURFACE_STYLE_USAGE(.BOTH.,#6623);
#6623 = SURFACE_SIDE_STYLE('',(#6624));
#6624 = SURFACE_STYLE_FILL_AREA(#6625);
#6625 = FILL_AREA_STYLE('',(#6626));
#6626 = FILL_AREA_STYLE_COLOUR('',#6569);
#6627 = STYLED_ITEM('color',(#6628),#446);
#6628 = PRESENTATION_STYLE_ASSIGNMENT((#6629));
#6629 = SURFACE_STYLE_USAGE(.BOTH.,#6630);
#6630 = SURFACE_SIDE_STYLE('',(#6631));
#6631 = SURFACE_STYLE_FILL_AREA(#6632);
#6632 = FILL_AREA_STYLE('',(#6633));
#6633 = FILL_AREA_STYLE_COLOUR('',#6569);
#6634 = STYLED_ITEM('color',(#6635),#463);
#6635 = PRESENTATION_STYLE_ASSIGNMENT((#6636));
#6636 = SURFACE_STYLE_USAGE(.BOTH.,#6637);
#6637 = SURFACE_SIDE_STYLE('',(#6638));
#6638 = SURFACE_STYLE_FILL_AREA(#6639);
#6639 = FILL_AREA_STYLE('',(#6640));
#6640 = FILL_AREA_STYLE_COLOUR('',#6619);
#6641 = STYLED_ITEM('color',(#6642),#512);
#6642 = PRESENTATION_STYLE_ASSIGNMENT((#6643));
#6643 = SURFACE_STYLE_USAGE(.BOTH.,#6644);
#6644 = SURFACE_SIDE_STYLE('',(#6645));
#6645 = SURFACE_STYLE_FILL_AREA(#6646);
#6646 = FILL_AREA_STYLE('',(#6647));
#6647 = FILL_AREA_STYLE_COLOUR('',#6619);
#6648 = STYLED_ITEM('color',(#6649),#529);
#6649 = PRESENTATION_STYLE_ASSIGNMENT((#6650));
#6650 = SURFACE_STYLE_USAGE(.BOTH.,#6651);
#6651 = SURFACE_SIDE_STYLE('',(#6652));
#6652 = SURFACE_STYLE_FILL_AREA(#6653);
#6653 = FILL_AREA_STYLE('',(#6654));
#6654 = FILL_AREA_STYLE_COLOUR('',#6569);
#6655 = STYLED_ITEM('color',(#6656),#598);
#6656 = PRESENTATION_STYLE_ASSIGNMENT((#6657));
#6657 = SURFACE_STYLE_USAGE(.BOTH.,#6658);
#6658 = SURFACE_SIDE_STYLE('',(#6659));
#6659 = SURFACE_STYLE_FILL_AREA(#6660);
#6660 = FILL_AREA_STYLE('',(#6661));
#6661 = FILL_AREA_STYLE_COLOUR('',#6662);
#6662 = COLOUR_RGB('',8.200000279077E-02,8.600000121357E-02,
  9.399999706163E-02);
#6663 = STYLED_ITEM('color',(#6664),#629);
#6664 = PRESENTATION_STYLE_ASSIGNMENT((#6665));
#6665 = SURFACE_STYLE_USAGE(.BOTH.,#6666);
#6666 = SURFACE_SIDE_STYLE('',(#6667));
#6667 = SURFACE_STYLE_FILL_AREA(#6668);
#6668 = FILL_AREA_STYLE('',(#6669));
#6669 = FILL_AREA_STYLE_COLOUR('',#6662);
#6670 = STYLED_ITEM('color',(#6671),#653);
#6671 = PRESENTATION_STYLE_ASSIGNMENT((#6672));
#6672 = SURFACE_STYLE_USAGE(.BOTH.,#6673);
#6673 = SURFACE_SIDE_STYLE('',(#6674));
#6674 = SURFACE_STYLE_FILL_AREA(#6675);
#6675 = FILL_AREA_STYLE('',(#6676));
#6676 = FILL_AREA_STYLE_COLOUR('',#6569);
#6677 = STYLED_ITEM('color',(#6678),#722);
#6678 = PRESENTATION_STYLE_ASSIGNMENT((#6679));
#6679 = SURFACE_STYLE_USAGE(.BOTH.,#6680);
#6680 = SURFACE_SIDE_STYLE('',(#6681));
#6681 = SURFACE_STYLE_FILL_AREA(#6682);
#6682 = FILL_AREA_STYLE('',(#6683));
#6683 = FILL_AREA_STYLE_COLOUR('',#6662);
#6684 = STYLED_ITEM('color',(#6685),#746);
#6685 = PRESENTATION_STYLE_ASSIGNMENT((#6686));
#6686 = SURFACE_STYLE_USAGE(.BOTH.,#6687);
#6687 = SURFACE_SIDE_STYLE('',(#6688));
#6688 = SURFACE_STYLE_FILL_AREA(#6689);
#6689 = FILL_AREA_STYLE('',(#6690));
#6690 = FILL_AREA_STYLE_COLOUR('',#6569);
#6691 = STYLED_ITEM('color',(#6692),#763);
#6692 = PRESENTATION_STYLE_ASSIGNMENT((#6693));
#6693 = SURFACE_STYLE_USAGE(.BOTH.,#6694);
#6694 = SURFACE_SIDE_STYLE('',(#6695));
#6695 = SURFACE_STYLE_FILL_AREA(#6696);
#6696 = FILL_AREA_STYLE('',(#6697));
#6697 = FILL_AREA_STYLE_COLOUR('',#6569);
#6698 = STYLED_ITEM('color',(#6699),#780);
#6699 = PRESENTATION_STYLE_ASSIGNMENT((#6700));
#6700 = SURFACE_STYLE_USAGE(.BOTH.,#6701);
#6701 = SURFACE_SIDE_STYLE('',(#6702));
#6702 = SURFACE_STYLE_FILL_AREA(#6703);
#6703 = FILL_AREA_STYLE('',(#6704));
#6704 = FILL_AREA_STYLE_COLOUR('',#6569);
#6705 = STYLED_ITEM('color',(#6706),#797);
#6706 = PRESENTATION_STYLE_ASSIGNMENT((#6707));
#6707 = SURFACE_STYLE_USAGE(.BOTH.,#6708);
#6708 = SURFACE_SIDE_STYLE('',(#6709));
#6709 = SURFACE_STYLE_FILL_AREA(#6710);
#6710 = FILL_AREA_STYLE('',(#6711));
#6711 = FILL_AREA_STYLE_COLOUR('',#6569);
#6712 = STYLED_ITEM('color',(#6713),#814);
#6713 = PRESENTATION_STYLE_ASSIGNMENT((#6714));
#6714 = SURFACE_STYLE_USAGE(.BOTH.,#6715);
#6715 = SURFACE_SIDE_STYLE('',(#6716));
#6716 = SURFACE_STYLE_FILL_AREA(#6717);
#6717 = FILL_AREA_STYLE('',(#6718));
#6718 = FILL_AREA_STYLE_COLOUR('',#6569);
#6719 = STYLED_ITEM('color',(#6720),#831);
#6720 = PRESENTATION_STYLE_ASSIGNMENT((#6721));
#6721 = SURFACE_STYLE_USAGE(.BOTH.,#6722);
#6722 = SURFACE_SIDE_STYLE('',(#6723));
#6723 = SURFACE_STYLE_FILL_AREA(#6724);
#6724 = FILL_AREA_STYLE('',(#6725));
#6725 = FILL_AREA_STYLE_COLOUR('',#6569);
#6726 = STYLED_ITEM('color',(#6727),#848);
#6727 = PRESENTATION_STYLE_ASSIGNMENT((#6728));
#6728 = SURFACE_STYLE_USAGE(.BOTH.,#6729);
#6729 = SURFACE_SIDE_STYLE('',(#6730));
#6730 = SURFACE_STYLE_FILL_AREA(#6731);
#6731 = FILL_AREA_STYLE('',(#6732));
#6732 = FILL_AREA_STYLE_COLOUR('',#6569);
#6733 = STYLED_ITEM('color',(#6734),#865);
#6734 = PRESENTATION_STYLE_ASSIGNMENT((#6735));
#6735 = SURFACE_STYLE_USAGE(.BOTH.,#6736);
#6736 = SURFACE_SIDE_STYLE('',(#6737));
#6737 = SURFACE_STYLE_FILL_AREA(#6738);
#6738 = FILL_AREA_STYLE('',(#6739));
#6739 = FILL_AREA_STYLE_COLOUR('',#6662);
#6740 = STYLED_ITEM('color',(#6741),#882);
#6741 = PRESENTATION_STYLE_ASSIGNMENT((#6742));
#6742 = SURFACE_STYLE_USAGE(.BOTH.,#6743);
#6743 = SURFACE_SIDE_STYLE('',(#6744));
#6744 = SURFACE_STYLE_FILL_AREA(#6745);
#6745 = FILL_AREA_STYLE('',(#6746));
#6746 = FILL_AREA_STYLE_COLOUR('',#6662);
#6747 = MECHANICAL_DESIGN_GEOMETRIC_PRESENTATION_REPRESENTATION('',(
    #6748,#6755,#6762,#6769,#6776,#6783,#6790,#6797,#6804,#6811,#6818,
    #6826,#6833,#6840,#6847,#6854,#6861,#6868,#6875,#6882,#6889,#6896,
    #6903,#6910,#6917,#6924,#6931,#6938),#1790);
#6748 = STYLED_ITEM('color',(#6749),#938);
#6749 = PRESENTATION_STYLE_ASSIGNMENT((#6750));
#6750 = SURFACE_STYLE_USAGE(.BOTH.,#6751);
#6751 = SURFACE_SIDE_STYLE('',(#6752));
#6752 = SURFACE_STYLE_FILL_AREA(#6753);
#6753 = FILL_AREA_STYLE('',(#6754));
#6754 = FILL_AREA_STYLE_COLOUR('',#6569);
#6755 = STYLED_ITEM('color',(#6756),#1014);
#6756 = PRESENTATION_STYLE_ASSIGNMENT((#6757));
#6757 = SURFACE_STYLE_USAGE(.BOTH.,#6758);
#6758 = SURFACE_SIDE_STYLE('',(#6759));
#6759 = SURFACE_STYLE_FILL_AREA(#6760);
#6760 = FILL_AREA_STYLE('',(#6761));
#6761 = FILL_AREA_STYLE_COLOUR('',#6569);
#6762 = STYLED_ITEM('color',(#6763),#1045);
#6763 = PRESENTATION_STYLE_ASSIGNMENT((#6764));
#6764 = SURFACE_STYLE_USAGE(.BOTH.,#6765);
#6765 = SURFACE_SIDE_STYLE('',(#6766));
#6766 = SURFACE_STYLE_FILL_AREA(#6767);
#6767 = FILL_AREA_STYLE('',(#6768));
#6768 = FILL_AREA_STYLE_COLOUR('',#6569);
#6769 = STYLED_ITEM('color',(#6770),#1070);
#6770 = PRESENTATION_STYLE_ASSIGNMENT((#6771));
#6771 = SURFACE_STYLE_USAGE(.BOTH.,#6772);
#6772 = SURFACE_SIDE_STYLE('',(#6773));
#6773 = SURFACE_STYLE_FILL_AREA(#6774);
#6774 = FILL_AREA_STYLE('',(#6775));
#6775 = FILL_AREA_STYLE_COLOUR('',#6569);
#6776 = STYLED_ITEM('color',(#6777),#1095);
#6777 = PRESENTATION_STYLE_ASSIGNMENT((#6778));
#6778 = SURFACE_STYLE_USAGE(.BOTH.,#6779);
#6779 = SURFACE_SIDE_STYLE('',(#6780));
#6780 = SURFACE_STYLE_FILL_AREA(#6781);
#6781 = FILL_AREA_STYLE('',(#6782));
#6782 = FILL_AREA_STYLE_COLOUR('',#6569);
#6783 = STYLED_ITEM('color',(#6784),#1119);
#6784 = PRESENTATION_STYLE_ASSIGNMENT((#6785));
#6785 = SURFACE_STYLE_USAGE(.BOTH.,#6786);
#6786 = SURFACE_SIDE_STYLE('',(#6787));
#6787 = SURFACE_STYLE_FILL_AREA(#6788);
#6788 = FILL_AREA_STYLE('',(#6789));
#6789 = FILL_AREA_STYLE_COLOUR('',#6569);
#6790 = STYLED_ITEM('color',(#6791),#1143);
#6791 = PRESENTATION_STYLE_ASSIGNMENT((#6792));
#6792 = SURFACE_STYLE_USAGE(.BOTH.,#6793);
#6793 = SURFACE_SIDE_STYLE('',(#6794));
#6794 = SURFACE_STYLE_FILL_AREA(#6795);
#6795 = FILL_AREA_STYLE('',(#6796));
#6796 = FILL_AREA_STYLE_COLOUR('',#6569);
#6797 = STYLED_ITEM('color',(#6798),#1168);
#6798 = PRESENTATION_STYLE_ASSIGNMENT((#6799));
#6799 = SURFACE_STYLE_USAGE(.BOTH.,#6800);
#6800 = SURFACE_SIDE_STYLE('',(#6801));
#6801 = SURFACE_STYLE_FILL_AREA(#6802);
#6802 = FILL_AREA_STYLE('',(#6803));
#6803 = FILL_AREA_STYLE_COLOUR('',#6569);
#6804 = STYLED_ITEM('color',(#6805),#1193);
#6805 = PRESENTATION_STYLE_ASSIGNMENT((#6806));
#6806 = SURFACE_STYLE_USAGE(.BOTH.,#6807);
#6807 = SURFACE_SIDE_STYLE('',(#6808));
#6808 = SURFACE_STYLE_FILL_AREA(#6809);
#6809 = FILL_AREA_STYLE('',(#6810));
#6810 = FILL_AREA_STYLE_COLOUR('',#6569);
#6811 = STYLED_ITEM('color',(#6812),#1210);
#6812 = PRESENTATION_STYLE_ASSIGNMENT((#6813));
#6813 = SURFACE_STYLE_USAGE(.BOTH.,#6814);
#6814 = SURFACE_SIDE_STYLE('',(#6815));
#6815 = SURFACE_STYLE_FILL_AREA(#6816);
#6816 = FILL_AREA_STYLE('',(#6817));
#6817 = FILL_AREA_STYLE_COLOUR('',#6569);
#6818 = STYLED_ITEM('color',(#6819),#1296);
#6819 = PRESENTATION_STYLE_ASSIGNMENT((#6820));
#6820 = SURFACE_STYLE_USAGE(.BOTH.,#6821);
#6821 = SURFACE_SIDE_STYLE('',(#6822));
#6822 = SURFACE_STYLE_FILL_AREA(#6823);
#6823 = FILL_AREA_STYLE('',(#6824));
#6824 = FILL_AREA_STYLE_COLOUR('',#6825);
#6825 = COLOUR_RGB('',0.379000005575,0.270000008848,0.214999999939);
#6826 = STYLED_ITEM('color',(#6827),#1328);
#6827 = PRESENTATION_STYLE_ASSIGNMENT((#6828));
#6828 = SURFACE_STYLE_USAGE(.BOTH.,#6829);
#6829 = SURFACE_SIDE_STYLE('',(#6830));
#6830 = SURFACE_STYLE_FILL_AREA(#6831);
#6831 = FILL_AREA_STYLE('',(#6832));
#6832 = FILL_AREA_STYLE_COLOUR('',#6825);
#6833 = STYLED_ITEM('color',(#6834),#1352);
#6834 = PRESENTATION_STYLE_ASSIGNMENT((#6835));
#6835 = SURFACE_STYLE_USAGE(.BOTH.,#6836);
#6836 = SURFACE_SIDE_STYLE('',(#6837));
#6837 = SURFACE_STYLE_FILL_AREA(#6838);
#6838 = FILL_AREA_STYLE('',(#6839));
#6839 = FILL_AREA_STYLE_COLOUR('',#6825);
#6840 = STYLED_ITEM('color',(#6841),#1377);
#6841 = PRESENTATION_STYLE_ASSIGNMENT((#6842));
#6842 = SURFACE_STYLE_USAGE(.BOTH.,#6843);
#6843 = SURFACE_SIDE_STYLE('',(#6844));
#6844 = SURFACE_STYLE_FILL_AREA(#6845);
#6845 = FILL_AREA_STYLE('',(#6846));
#6846 = FILL_AREA_STYLE_COLOUR('',#6825);
#6847 = STYLED_ITEM('color',(#6848),#1401);
#6848 = PRESENTATION_STYLE_ASSIGNMENT((#6849));
#6849 = SURFACE_STYLE_USAGE(.BOTH.,#6850);
#6850 = SURFACE_SIDE_STYLE('',(#6851));
#6851 = SURFACE_STYLE_FILL_AREA(#6852);
#6852 = FILL_AREA_STYLE('',(#6853));
#6853 = FILL_AREA_STYLE_COLOUR('',#6825);
#6854 = STYLED_ITEM('color',(#6855),#1426);
#6855 = PRESENTATION_STYLE_ASSIGNMENT((#6856));
#6856 = SURFACE_STYLE_USAGE(.BOTH.,#6857);
#6857 = SURFACE_SIDE_STYLE('',(#6858));
#6858 = SURFACE_STYLE_FILL_AREA(#6859);
#6859 = FILL_AREA_STYLE('',(#6860));
#6860 = FILL_AREA_STYLE_COLOUR('',#6825);
#6861 = STYLED_ITEM('color',(#6862),#1450);
#6862 = PRESENTATION_STYLE_ASSIGNMENT((#6863));
#6863 = SURFACE_STYLE_USAGE(.BOTH.,#6864);
#6864 = SURFACE_SIDE_STYLE('',(#6865));
#6865 = SURFACE_STYLE_FILL_AREA(#6866);
#6866 = FILL_AREA_STYLE('',(#6867));
#6867 = FILL_AREA_STYLE_COLOUR('',#6825);
#6868 = STYLED_ITEM('color',(#6869),#1475);
#6869 = PRESENTATION_STYLE_ASSIGNMENT((#6870));
#6870 = SURFACE_STYLE_USAGE(.BOTH.,#6871);
#6871 = SURFACE_SIDE_STYLE('',(#6872));
#6872 = SURFACE_STYLE_FILL_AREA(#6873);
#6873 = FILL_AREA_STYLE('',(#6874));
#6874 = FILL_AREA_STYLE_COLOUR('',#6825);
#6875 = STYLED_ITEM('color',(#6876),#1492);
#6876 = PRESENTATION_STYLE_ASSIGNMENT((#6877));
#6877 = SURFACE_STYLE_USAGE(.BOTH.,#6878);
#6878 = SURFACE_SIDE_STYLE('',(#6879));
#6879 = SURFACE_STYLE_FILL_AREA(#6880);
#6880 = FILL_AREA_STYLE('',(#6881));
#6881 = FILL_AREA_STYLE_COLOUR('',#6569);
#6882 = STYLED_ITEM('color',(#6883),#1578);
#6883 = PRESENTATION_STYLE_ASSIGNMENT((#6884));
#6884 = SURFACE_STYLE_USAGE(.BOTH.,#6885);
#6885 = SURFACE_SIDE_STYLE('',(#6886));
#6886 = SURFACE_STYLE_FILL_AREA(#6887);
#6887 = FILL_AREA_STYLE('',(#6888));
#6888 = FILL_AREA_STYLE_COLOUR('',#6569);
#6889 = STYLED_ITEM('color',(#6890),#1609);
#6890 = PRESENTATION_STYLE_ASSIGNMENT((#6891));
#6891 = SURFACE_STYLE_USAGE(.BOTH.,#6892);
#6892 = SURFACE_SIDE_STYLE('',(#6893));
#6893 = SURFACE_STYLE_FILL_AREA(#6894);
#6894 = FILL_AREA_STYLE('',(#6895));
#6895 = FILL_AREA_STYLE_COLOUR('',#6569);
#6896 = STYLED_ITEM('color',(#6897),#1634);
#6897 = PRESENTATION_STYLE_ASSIGNMENT((#6898));
#6898 = SURFACE_STYLE_USAGE(.BOTH.,#6899);
#6899 = SURFACE_SIDE_STYLE('',(#6900));
#6900 = SURFACE_STYLE_FILL_AREA(#6901);
#6901 = FILL_AREA_STYLE('',(#6902));
#6902 = FILL_AREA_STYLE_COLOUR('',#6569);
#6903 = STYLED_ITEM('color',(#6904),#1659);
#6904 = PRESENTATION_STYLE_ASSIGNMENT((#6905));
#6905 = SURFACE_STYLE_USAGE(.BOTH.,#6906);
#6906 = SURFACE_SIDE_STYLE('',(#6907));
#6907 = SURFACE_STYLE_FILL_AREA(#6908);
#6908 = FILL_AREA_STYLE('',(#6909));
#6909 = FILL_AREA_STYLE_COLOUR('',#6569);
#6910 = STYLED_ITEM('color',(#6911),#1683);
#6911 = PRESENTATION_STYLE_ASSIGNMENT((#6912));
#6912 = SURFACE_STYLE_USAGE(.BOTH.,#6913);
#6913 = SURFACE_SIDE_STYLE('',(#6914));
#6914 = SURFACE_STYLE_FILL_AREA(#6915);
#6915 = FILL_AREA_STYLE('',(#6916));
#6916 = FILL_AREA_STYLE_COLOUR('',#6569);
#6917 = STYLED_ITEM('color',(#6918),#1707);
#6918 = PRESENTATION_STYLE_ASSIGNMENT((#6919));
#6919 = SURFACE_STYLE_USAGE(.BOTH.,#6920);
#6920 = SURFACE_SIDE_STYLE('',(#6921));
#6921 = SURFACE_STYLE_FILL_AREA(#6922);
#6922 = FILL_AREA_STYLE('',(#6923));
#6923 = FILL_AREA_STYLE_COLOUR('',#6569);
#6924 = STYLED_ITEM('color',(#6925),#1732);
#6925 = PRESENTATION_STYLE_ASSIGNMENT((#6926));
#6926 = SURFACE_STYLE_USAGE(.BOTH.,#6927);
#6927 = SURFACE_SIDE_STYLE('',(#6928));
#6928 = SURFACE_STYLE_FILL_AREA(#6929);
#6929 = FILL_AREA_STYLE('',(#6930));
#6930 = FILL_AREA_STYLE_COLOUR('',#6569);
#6931 = STYLED_ITEM('color',(#6932),#1757);
#6932 = PRESENTATION_STYLE_ASSIGNMENT((#6933));
#6933 = SURFACE_STYLE_USAGE(.BOTH.,#6934);
#6934 = SURFACE_SIDE_STYLE('',(#6935));
#6935 = SURFACE_STYLE_FILL_AREA(#6936);
#6936 = FILL_AREA_STYLE('',(#6937));
#6937 = FILL_AREA_STYLE_COLOUR('',#6569);
#6938 = STYLED_ITEM('color',(#6939),#1774);
#6939 = PRESENTATION_STYLE_ASSIGNMENT((#6940));
#6940 = SURFACE_STYLE_USAGE(.BOTH.,#6941);
#6941 = SURFACE_SIDE_STYLE('',(#6942));
#6942 = SURFACE_STYLE_FILL_AREA(#6943);
#6943 = FILL_AREA_STYLE('',(#6944));
#6944 = FILL_AREA_STYLE_COLOUR('',#6569);
#6945 = MECHANICAL_DESIGN_GEOMETRIC_PRESENTATION_REPRESENTATION('',(
    #6946),#6550);
#6946 = STYLED_ITEM('color',(#6947),#3878);
#6947 = PRESENTATION_STYLE_ASSIGNMENT((#6948));
#6948 = SURFACE_STYLE_USAGE(.BOTH.,#6949);
#6949 = SURFACE_SIDE_STYLE('',(#6950));
#6950 = SURFACE_STYLE_FILL_AREA(#6951);
#6951 = FILL_AREA_STYLE('',(#6952));
#6952 = FILL_AREA_STYLE_COLOUR('',#6953);
#6953 = COLOUR_RGB('',0.313304153717,0.484529207832,0.410020903123);
#6954 = MECHANICAL_DESIGN_GEOMETRIC_PRESENTATION_REPRESENTATION('',(
    #6955,#6965,#6974,#6983,#6992,#7001,#7010,#7019,#7028,#7037,#7046,
    #7055,#7064,#7073,#7082,#7091,#7100,#7109,#7118,#7127,#7136,#7145,
    #7154,#7163,#7172,#7181,#7190,#7199,#7208,#7217,#7226,#7235,#7244,
    #7253,#7262,#7271,#7280,#7289,#7298,#7307,#7316,#7325,#7334,#7343,
    #7352,#7361,#7370,#7379,#7388,#7397,#7406,#7415,#7424,#7433,#7442,
    #7451,#7460,#7469,#7478,#7487,#7496,#7505,#7514,#7523,#7532,#7541,
    #7550,#7559,#7568),#3829);
#6955 = STYLED_ITEM('color',(#6956),#1849);
#6956 = PRESENTATION_STYLE_ASSIGNMENT((#6957,#6963));
#6957 = SURFACE_STYLE_USAGE(.BOTH.,#6958);
#6958 = SURFACE_SIDE_STYLE('',(#6959));
#6959 = SURFACE_STYLE_FILL_AREA(#6960);
#6960 = FILL_AREA_STYLE('',(#6961));
#6961 = FILL_AREA_STYLE_COLOUR('',#6962);
#6962 = COLOUR_RGB('',0.147999998088,0.145000001626,0.145000001626);
#6963 = CURVE_STYLE('',#6964,POSITIVE_LENGTH_MEASURE(0.1),#6962);
#6964 = DRAUGHTING_PRE_DEFINED_CURVE_FONT('continuous');
#6965 = STYLED_ITEM('color',(#6966),#1887);
#6966 = PRESENTATION_STYLE_ASSIGNMENT((#6967,#6972));
#6967 = SURFACE_STYLE_USAGE(.BOTH.,#6968);
#6968 = SURFACE_SIDE_STYLE('',(#6969));
#6969 = SURFACE_STYLE_FILL_AREA(#6970);
#6970 = FILL_AREA_STYLE('',(#6971));
#6971 = FILL_AREA_STYLE_COLOUR('',#6962);
#6972 = CURVE_STYLE('',#6973,POSITIVE_LENGTH_MEASURE(0.1),#6962);
#6973 = DRAUGHTING_PRE_DEFINED_CURVE_FONT('continuous');
#6974 = STYLED_ITEM('color',(#6975),#1950);
#6975 = PRESENTATION_STYLE_ASSIGNMENT((#6976,#6981));
#6976 = SURFACE_STYLE_USAGE(.BOTH.,#6977);
#6977 = SURFACE_SIDE_STYLE('',(#6978));
#6978 = SURFACE_STYLE_FILL_AREA(#6979);
#6979 = FILL_AREA_STYLE('',(#6980));
#6980 = FILL_AREA_STYLE_COLOUR('',#6962);
#6981 = CURVE_STYLE('',#6982,POSITIVE_LENGTH_MEASURE(0.1),#6962);
#6982 = DRAUGHTING_PRE_DEFINED_CURVE_FONT('continuous');
#6983 = STYLED_ITEM('color',(#6984),#1973);
#6984 = PRESENTATION_STYLE_ASSIGNMENT((#6985,#6990));
#6985 = SURFACE_STYLE_USAGE(.BOTH.,#6986);
#6986 = SURFACE_SIDE_STYLE('',(#6987));
#6987 = SURFACE_STYLE_FILL_AREA(#6988);
#6988 = FILL_AREA_STYLE('',(#6989));
#6989 = FILL_AREA_STYLE_COLOUR('',#6962);
#6990 = CURVE_STYLE('',#6991,POSITIVE_LENGTH_MEASURE(0.1),#6962);
#6991 = DRAUGHTING_PRE_DEFINED_CURVE_FONT('continuous');
#6992 = STYLED_ITEM('color',(#6993),#2002);
#6993 = PRESENTATION_STYLE_ASSIGNMENT((#6994,#6999));
#6994 = SURFACE_STYLE_USAGE(.BOTH.,#6995);
#6995 = SURFACE_SIDE_STYLE('',(#6996));
#6996 = SURFACE_STYLE_FILL_AREA(#6997);
#6997 = FILL_AREA_STYLE('',(#6998));
#6998 = FILL_AREA_STYLE_COLOUR('',#6962);
#6999 = CURVE_STYLE('',#7000,POSITIVE_LENGTH_MEASURE(0.1),#6962);
#7000 = DRAUGHTING_PRE_DEFINED_CURVE_FONT('continuous');
#7001 = STYLED_ITEM('color',(#7002),#2025);
#7002 = PRESENTATION_STYLE_ASSIGNMENT((#7003,#7008));
#7003 = SURFACE_STYLE_USAGE(.BOTH.,#7004);
#7004 = SURFACE_SIDE_STYLE('',(#7005));
#7005 = SURFACE_STYLE_FILL_AREA(#7006);
#7006 = FILL_AREA_STYLE('',(#7007));
#7007 = FILL_AREA_STYLE_COLOUR('',#6962);
#7008 = CURVE_STYLE('',#7009,POSITIVE_LENGTH_MEASURE(0.1),#6962);
#7009 = DRAUGHTING_PRE_DEFINED_CURVE_FONT('continuous');
#7010 = STYLED_ITEM('color',(#7011),#2080);
#7011 = PRESENTATION_STYLE_ASSIGNMENT((#7012,#7017));
#7012 = SURFACE_STYLE_USAGE(.BOTH.,#7013);
#7013 = SURFACE_SIDE_STYLE('',(#7014));
#7014 = SURFACE_STYLE_FILL_AREA(#7015);
#7015 = FILL_AREA_STYLE('',(#7016));
#7016 = FILL_AREA_STYLE_COLOUR('',#6962);
#7017 = CURVE_STYLE('',#7018,POSITIVE_LENGTH_MEASURE(0.1),#6962);
#7018 = DRAUGHTING_PRE_DEFINED_CURVE_FONT('continuous');
#7019 = STYLED_ITEM('color',(#7020),#2119);
#7020 = PRESENTATION_STYLE_ASSIGNMENT((#7021,#7026));
#7021 = SURFACE_STYLE_USAGE(.BOTH.,#7022);
#7022 = SURFACE_SIDE_STYLE('',(#7023));
#7023 = SURFACE_STYLE_FILL_AREA(#7024);
#7024 = FILL_AREA_STYLE('',(#7025));
#7025 = FILL_AREA_STYLE_COLOUR('',#6962);
#7026 = CURVE_STYLE('',#7027,POSITIVE_LENGTH_MEASURE(0.1),#6962);
#7027 = DRAUGHTING_PRE_DEFINED_CURVE_FONT('continuous');
#7028 = STYLED_ITEM('color',(#7029),#2142);
#7029 = PRESENTATION_STYLE_ASSIGNMENT((#7030,#7035));
#7030 = SURFACE_STYLE_USAGE(.BOTH.,#7031);
#7031 = SURFACE_SIDE_STYLE('',(#7032));
#7032 = SURFACE_STYLE_FILL_AREA(#7033);
#7033 = FILL_AREA_STYLE('',(#7034));
#7034 = FILL_AREA_STYLE_COLOUR('',#6962);
#7035 = CURVE_STYLE('',#7036,POSITIVE_LENGTH_MEASURE(0.1),#6962);
#7036 = DRAUGHTING_PRE_DEFINED_CURVE_FONT('continuous');
#7037 = STYLED_ITEM('color',(#7038),#2165);
#7038 = PRESENTATION_STYLE_ASSIGNMENT((#7039,#7044));
#7039 = SURFACE_STYLE_USAGE(.BOTH.,#7040);
#7040 = SURFACE_SIDE_STYLE('',(#7041));
#7041 = SURFACE_STYLE_FILL_AREA(#7042);
#7042 = FILL_AREA_STYLE('',(#7043));
#7043 = FILL_AREA_STYLE_COLOUR('',#6962);
#7044 = CURVE_STYLE('',#7045,POSITIVE_LENGTH_MEASURE(0.1),#6962);
#7045 = DRAUGHTING_PRE_DEFINED_CURVE_FONT('continuous');
#7046 = STYLED_ITEM('color',(#7047),#2182);
#7047 = PRESENTATION_STYLE_ASSIGNMENT((#7048,#7053));
#7048 = SURFACE_STYLE_USAGE(.BOTH.,#7049);
#7049 = SURFACE_SIDE_STYLE('',(#7050));
#7050 = SURFACE_STYLE_FILL_AREA(#7051);
#7051 = FILL_AREA_STYLE('',(#7052));
#7052 = FILL_AREA_STYLE_COLOUR('',#6962);
#7053 = CURVE_STYLE('',#7054,POSITIVE_LENGTH_MEASURE(0.1),#6962);
#7054 = DRAUGHTING_PRE_DEFINED_CURVE_FONT('continuous');
#7055 = STYLED_ITEM('color',(#7056),#2205);
#7056 = PRESENTATION_STYLE_ASSIGNMENT((#7057,#7062));
#7057 = SURFACE_STYLE_USAGE(.BOTH.,#7058);
#7058 = SURFACE_SIDE_STYLE('',(#7059));
#7059 = SURFACE_STYLE_FILL_AREA(#7060);
#7060 = FILL_AREA_STYLE('',(#7061));
#7061 = FILL_AREA_STYLE_COLOUR('',#6962);
#7062 = CURVE_STYLE('',#7063,POSITIVE_LENGTH_MEASURE(0.1),#6962);
#7063 = DRAUGHTING_PRE_DEFINED_CURVE_FONT('continuous');
#7064 = STYLED_ITEM('color',(#7065),#2293);
#7065 = PRESENTATION_STYLE_ASSIGNMENT((#7066,#7071));
#7066 = SURFACE_STYLE_USAGE(.BOTH.,#7067);
#7067 = SURFACE_SIDE_STYLE('',(#7068));
#7068 = SURFACE_STYLE_FILL_AREA(#7069);
#7069 = FILL_AREA_STYLE('',(#7070));
#7070 = FILL_AREA_STYLE_COLOUR('',#6962);
#7071 = CURVE_STYLE('',#7072,POSITIVE_LENGTH_MEASURE(0.1),#6962);
#7072 = DRAUGHTING_PRE_DEFINED_CURVE_FONT('continuous');
#7073 = STYLED_ITEM('color',(#7074),#2309);
#7074 = PRESENTATION_STYLE_ASSIGNMENT((#7075,#7080));
#7075 = SURFACE_STYLE_USAGE(.BOTH.,#7076);
#7076 = SURFACE_SIDE_STYLE('',(#7077));
#7077 = SURFACE_STYLE_FILL_AREA(#7078);
#7078 = FILL_AREA_STYLE('',(#7079));
#7079 = FILL_AREA_STYLE_COLOUR('',#6962);
#7080 = CURVE_STYLE('',#7081,POSITIVE_LENGTH_MEASURE(0.1),#6962);
#7081 = DRAUGHTING_PRE_DEFINED_CURVE_FONT('continuous');
#7082 = STYLED_ITEM('color',(#7083),#2339);
#7083 = PRESENTATION_STYLE_ASSIGNMENT((#7084,#7089));
#7084 = SURFACE_STYLE_USAGE(.BOTH.,#7085);
#7085 = SURFACE_SIDE_STYLE('',(#7086));
#7086 = SURFACE_STYLE_FILL_AREA(#7087);
#7087 = FILL_AREA_STYLE('',(#7088));
#7088 = FILL_AREA_STYLE_COLOUR('',#6569);
#7089 = CURVE_STYLE('',#7090,POSITIVE_LENGTH_MEASURE(0.1),#6569);
#7090 = DRAUGHTING_PRE_DEFINED_CURVE_FONT('continuous');
#7091 = STYLED_ITEM('color',(#7092),#2372);
#7092 = PRESENTATION_STYLE_ASSIGNMENT((#7093,#7098));
#7093 = SURFACE_STYLE_USAGE(.BOTH.,#7094);
#7094 = SURFACE_SIDE_STYLE('',(#7095));
#7095 = SURFACE_STYLE_FILL_AREA(#7096);
#7096 = FILL_AREA_STYLE('',(#7097));
#7097 = FILL_AREA_STYLE_COLOUR('',#6962);
#7098 = CURVE_STYLE('',#7099,POSITIVE_LENGTH_MEASURE(0.1),#6962);
#7099 = DRAUGHTING_PRE_DEFINED_CURVE_FONT('continuous');
#7100 = STYLED_ITEM('color',(#7101),#2403);
#7101 = PRESENTATION_STYLE_ASSIGNMENT((#7102,#7107));
#7102 = SURFACE_STYLE_USAGE(.BOTH.,#7103);
#7103 = SURFACE_SIDE_STYLE('',(#7104));
#7104 = SURFACE_STYLE_FILL_AREA(#7105);
#7105 = FILL_AREA_STYLE('',(#7106));
#7106 = FILL_AREA_STYLE_COLOUR('',#6569);
#7107 = CURVE_STYLE('',#7108,POSITIVE_LENGTH_MEASURE(0.1),#6569);
#7108 = DRAUGHTING_PRE_DEFINED_CURVE_FONT('continuous');
#7109 = STYLED_ITEM('color',(#7110),#2436);
#7110 = PRESENTATION_STYLE_ASSIGNMENT((#7111,#7116));
#7111 = SURFACE_STYLE_USAGE(.BOTH.,#7112);
#7112 = SURFACE_SIDE_STYLE('',(#7113));
#7113 = SURFACE_STYLE_FILL_AREA(#7114);
#7114 = FILL_AREA_STYLE('',(#7115));
#7115 = FILL_AREA_STYLE_COLOUR('',#6962);
#7116 = CURVE_STYLE('',#7117,POSITIVE_LENGTH_MEASURE(0.1),#6962);
#7117 = DRAUGHTING_PRE_DEFINED_CURVE_FONT('continuous');
#7118 = STYLED_ITEM('color',(#7119),#2453);
#7119 = PRESENTATION_STYLE_ASSIGNMENT((#7120,#7125));
#7120 = SURFACE_STYLE_USAGE(.BOTH.,#7121);
#7121 = SURFACE_SIDE_STYLE('',(#7122));
#7122 = SURFACE_STYLE_FILL_AREA(#7123);
#7123 = FILL_AREA_STYLE('',(#7124));
#7124 = FILL_AREA_STYLE_COLOUR('',#6962);
#7125 = CURVE_STYLE('',#7126,POSITIVE_LENGTH_MEASURE(0.1),#6962);
#7126 = DRAUGHTING_PRE_DEFINED_CURVE_FONT('continuous');
#7127 = STYLED_ITEM('color',(#7128),#2470);
#7128 = PRESENTATION_STYLE_ASSIGNMENT((#7129,#7134));
#7129 = SURFACE_STYLE_USAGE(.BOTH.,#7130);
#7130 = SURFACE_SIDE_STYLE('',(#7131));
#7131 = SURFACE_STYLE_FILL_AREA(#7132);
#7132 = FILL_AREA_STYLE('',(#7133));
#7133 = FILL_AREA_STYLE_COLOUR('',#6569);
#7134 = CURVE_STYLE('',#7135,POSITIVE_LENGTH_MEASURE(0.1),#6569);
#7135 = DRAUGHTING_PRE_DEFINED_CURVE_FONT('continuous');
#7136 = STYLED_ITEM('color',(#7137),#2503);
#7137 = PRESENTATION_STYLE_ASSIGNMENT((#7138,#7143));
#7138 = SURFACE_STYLE_USAGE(.BOTH.,#7139);
#7139 = SURFACE_SIDE_STYLE('',(#7140));
#7140 = SURFACE_STYLE_FILL_AREA(#7141);
#7141 = FILL_AREA_STYLE('',(#7142));
#7142 = FILL_AREA_STYLE_COLOUR('',#6962);
#7143 = CURVE_STYLE('',#7144,POSITIVE_LENGTH_MEASURE(0.1),#6962);
#7144 = DRAUGHTING_PRE_DEFINED_CURVE_FONT('continuous');
#7145 = STYLED_ITEM('color',(#7146),#2533);
#7146 = PRESENTATION_STYLE_ASSIGNMENT((#7147,#7152));
#7147 = SURFACE_STYLE_USAGE(.BOTH.,#7148);
#7148 = SURFACE_SIDE_STYLE('',(#7149));
#7149 = SURFACE_STYLE_FILL_AREA(#7150);
#7150 = FILL_AREA_STYLE('',(#7151));
#7151 = FILL_AREA_STYLE_COLOUR('',#6962);
#7152 = CURVE_STYLE('',#7153,POSITIVE_LENGTH_MEASURE(0.1),#6962);
#7153 = DRAUGHTING_PRE_DEFINED_CURVE_FONT('continuous');
#7154 = STYLED_ITEM('color',(#7155),#2556);
#7155 = PRESENTATION_STYLE_ASSIGNMENT((#7156,#7161));
#7156 = SURFACE_STYLE_USAGE(.BOTH.,#7157);
#7157 = SURFACE_SIDE_STYLE('',(#7158));
#7158 = SURFACE_STYLE_FILL_AREA(#7159);
#7159 = FILL_AREA_STYLE('',(#7160));
#7160 = FILL_AREA_STYLE_COLOUR('',#6962);
#7161 = CURVE_STYLE('',#7162,POSITIVE_LENGTH_MEASURE(0.1),#6962);
#7162 = DRAUGHTING_PRE_DEFINED_CURVE_FONT('continuous');
#7163 = STYLED_ITEM('color',(#7164),#2579);
#7164 = PRESENTATION_STYLE_ASSIGNMENT((#7165,#7170));
#7165 = SURFACE_STYLE_USAGE(.BOTH.,#7166);
#7166 = SURFACE_SIDE_STYLE('',(#7167));
#7167 = SURFACE_STYLE_FILL_AREA(#7168);
#7168 = FILL_AREA_STYLE('',(#7169));
#7169 = FILL_AREA_STYLE_COLOUR('',#6962);
#7170 = CURVE_STYLE('',#7171,POSITIVE_LENGTH_MEASURE(0.1),#6962);
#7171 = DRAUGHTING_PRE_DEFINED_CURVE_FONT('continuous');
#7172 = STYLED_ITEM('color',(#7173),#2596);
#7173 = PRESENTATION_STYLE_ASSIGNMENT((#7174,#7179));
#7174 = SURFACE_STYLE_USAGE(.BOTH.,#7175);
#7175 = SURFACE_SIDE_STYLE('',(#7176));
#7176 = SURFACE_STYLE_FILL_AREA(#7177);
#7177 = FILL_AREA_STYLE('',(#7178));
#7178 = FILL_AREA_STYLE_COLOUR('',#6569);
#7179 = CURVE_STYLE('',#7180,POSITIVE_LENGTH_MEASURE(0.1),#6569);
#7180 = DRAUGHTING_PRE_DEFINED_CURVE_FONT('continuous');
#7181 = STYLED_ITEM('color',(#7182),#2625);
#7182 = PRESENTATION_STYLE_ASSIGNMENT((#7183,#7188));
#7183 = SURFACE_STYLE_USAGE(.BOTH.,#7184);
#7184 = SURFACE_SIDE_STYLE('',(#7185));
#7185 = SURFACE_STYLE_FILL_AREA(#7186);
#7186 = FILL_AREA_STYLE('',(#7187));
#7187 = FILL_AREA_STYLE_COLOUR('',#6962);
#7188 = CURVE_STYLE('',#7189,POSITIVE_LENGTH_MEASURE(0.1),#6962);
#7189 = DRAUGHTING_PRE_DEFINED_CURVE_FONT('continuous');
#7190 = STYLED_ITEM('color',(#7191),#2679);
#7191 = PRESENTATION_STYLE_ASSIGNMENT((#7192,#7197));
#7192 = SURFACE_STYLE_USAGE(.BOTH.,#7193);
#7193 = SURFACE_SIDE_STYLE('',(#7194));
#7194 = SURFACE_STYLE_FILL_AREA(#7195);
#7195 = FILL_AREA_STYLE('',(#7196));
#7196 = FILL_AREA_STYLE_COLOUR('',#6962);
#7197 = CURVE_STYLE('',#7198,POSITIVE_LENGTH_MEASURE(0.1),#6962);
#7198 = DRAUGHTING_PRE_DEFINED_CURVE_FONT('continuous');
#7199 = STYLED_ITEM('color',(#7200),#2702);
#7200 = PRESENTATION_STYLE_ASSIGNMENT((#7201,#7206));
#7201 = SURFACE_STYLE_USAGE(.BOTH.,#7202);
#7202 = SURFACE_SIDE_STYLE('',(#7203));
#7203 = SURFACE_STYLE_FILL_AREA(#7204);
#7204 = FILL_AREA_STYLE('',(#7205));
#7205 = FILL_AREA_STYLE_COLOUR('',#6962);
#7206 = CURVE_STYLE('',#7207,POSITIVE_LENGTH_MEASURE(0.1),#6962);
#7207 = DRAUGHTING_PRE_DEFINED_CURVE_FONT('continuous');
#7208 = STYLED_ITEM('color',(#7209),#2725);
#7209 = PRESENTATION_STYLE_ASSIGNMENT((#7210,#7215));
#7210 = SURFACE_STYLE_USAGE(.BOTH.,#7211);
#7211 = SURFACE_SIDE_STYLE('',(#7212));
#7212 = SURFACE_STYLE_FILL_AREA(#7213);
#7213 = FILL_AREA_STYLE('',(#7214));
#7214 = FILL_AREA_STYLE_COLOUR('',#6962);
#7215 = CURVE_STYLE('',#7216,POSITIVE_LENGTH_MEASURE(0.1),#6962);
#7216 = DRAUGHTING_PRE_DEFINED_CURVE_FONT('continuous');
#7217 = STYLED_ITEM('color',(#7218),#2748);
#7218 = PRESENTATION_STYLE_ASSIGNMENT((#7219,#7224));
#7219 = SURFACE_STYLE_USAGE(.BOTH.,#7220);
#7220 = SURFACE_SIDE_STYLE('',(#7221));
#7221 = SURFACE_STYLE_FILL_AREA(#7222);
#7222 = FILL_AREA_STYLE('',(#7223));
#7223 = FILL_AREA_STYLE_COLOUR('',#6962);
#7224 = CURVE_STYLE('',#7225,POSITIVE_LENGTH_MEASURE(0.1),#6962);
#7225 = DRAUGHTING_PRE_DEFINED_CURVE_FONT('continuous');
#7226 = STYLED_ITEM('color',(#7227),#2787);
#7227 = PRESENTATION_STYLE_ASSIGNMENT((#7228,#7233));
#7228 = SURFACE_STYLE_USAGE(.BOTH.,#7229);
#7229 = SURFACE_SIDE_STYLE('',(#7230));
#7230 = SURFACE_STYLE_FILL_AREA(#7231);
#7231 = FILL_AREA_STYLE('',(#7232));
#7232 = FILL_AREA_STYLE_COLOUR('',#6569);
#7233 = CURVE_STYLE('',#7234,POSITIVE_LENGTH_MEASURE(0.1),#6569);
#7234 = DRAUGHTING_PRE_DEFINED_CURVE_FONT('continuous');
#7235 = STYLED_ITEM('color',(#7236),#2809);
#7236 = PRESENTATION_STYLE_ASSIGNMENT((#7237,#7242));
#7237 = SURFACE_STYLE_USAGE(.BOTH.,#7238);
#7238 = SURFACE_SIDE_STYLE('',(#7239));
#7239 = SURFACE_STYLE_FILL_AREA(#7240);
#7240 = FILL_AREA_STYLE('',(#7241));
#7241 = FILL_AREA_STYLE_COLOUR('',#6962);
#7242 = CURVE_STYLE('',#7243,POSITIVE_LENGTH_MEASURE(0.1),#6962);
#7243 = DRAUGHTING_PRE_DEFINED_CURVE_FONT('continuous');
#7244 = STYLED_ITEM('color',(#7245),#2853);
#7245 = PRESENTATION_STYLE_ASSIGNMENT((#7246,#7251));
#7246 = SURFACE_STYLE_USAGE(.BOTH.,#7247);
#7247 = SURFACE_SIDE_STYLE('',(#7248));
#7248 = SURFACE_STYLE_FILL_AREA(#7249);
#7249 = FILL_AREA_STYLE('',(#7250));
#7250 = FILL_AREA_STYLE_COLOUR('',#6569);
#7251 = CURVE_STYLE('',#7252,POSITIVE_LENGTH_MEASURE(0.1),#6569);
#7252 = DRAUGHTING_PRE_DEFINED_CURVE_FONT('continuous');
#7253 = STYLED_ITEM('color',(#7254),#2928);
#7254 = PRESENTATION_STYLE_ASSIGNMENT((#7255,#7260));
#7255 = SURFACE_STYLE_USAGE(.BOTH.,#7256);
#7256 = SURFACE_SIDE_STYLE('',(#7257));
#7257 = SURFACE_STYLE_FILL_AREA(#7258);
#7258 = FILL_AREA_STYLE('',(#7259));
#7259 = FILL_AREA_STYLE_COLOUR('',#6569);
#7260 = CURVE_STYLE('',#7261,POSITIVE_LENGTH_MEASURE(0.1),#6569);
#7261 = DRAUGHTING_PRE_DEFINED_CURVE_FONT('continuous');
#7262 = STYLED_ITEM('color',(#7263),#2952);
#7263 = PRESENTATION_STYLE_ASSIGNMENT((#7264,#7269));
#7264 = SURFACE_STYLE_USAGE(.BOTH.,#7265);
#7265 = SURFACE_SIDE_STYLE('',(#7266));
#7266 = SURFACE_STYLE_FILL_AREA(#7267);
#7267 = FILL_AREA_STYLE('',(#7268));
#7268 = FILL_AREA_STYLE_COLOUR('',#6569);
#7269 = CURVE_STYLE('',#7270,POSITIVE_LENGTH_MEASURE(0.1),#6569);
#7270 = DRAUGHTING_PRE_DEFINED_CURVE_FONT('continuous');
#7271 = STYLED_ITEM('color',(#7272),#3020);
#7272 = PRESENTATION_STYLE_ASSIGNMENT((#7273,#7278));
#7273 = SURFACE_STYLE_USAGE(.BOTH.,#7274);
#7274 = SURFACE_SIDE_STYLE('',(#7275));
#7275 = SURFACE_STYLE_FILL_AREA(#7276);
#7276 = FILL_AREA_STYLE('',(#7277));
#7277 = FILL_AREA_STYLE_COLOUR('',#6962);
#7278 = CURVE_STYLE('',#7279,POSITIVE_LENGTH_MEASURE(0.1),#6962);
#7279 = DRAUGHTING_PRE_DEFINED_CURVE_FONT('continuous');
#7280 = STYLED_ITEM('color',(#7281),#3037);
#7281 = PRESENTATION_STYLE_ASSIGNMENT((#7282,#7287));
#7282 = SURFACE_STYLE_USAGE(.BOTH.,#7283);
#7283 = SURFACE_SIDE_STYLE('',(#7284));
#7284 = SURFACE_STYLE_FILL_AREA(#7285);
#7285 = FILL_AREA_STYLE('',(#7286));
#7286 = FILL_AREA_STYLE_COLOUR('',#6569);
#7287 = CURVE_STYLE('',#7288,POSITIVE_LENGTH_MEASURE(0.1),#6569);
#7288 = DRAUGHTING_PRE_DEFINED_CURVE_FONT('continuous');
#7289 = STYLED_ITEM('color',(#7290),#3112);
#7290 = PRESENTATION_STYLE_ASSIGNMENT((#7291,#7296));
#7291 = SURFACE_STYLE_USAGE(.BOTH.,#7292);
#7292 = SURFACE_SIDE_STYLE('',(#7293));
#7293 = SURFACE_STYLE_FILL_AREA(#7294);
#7294 = FILL_AREA_STYLE('',(#7295));
#7295 = FILL_AREA_STYLE_COLOUR('',#6569);
#7296 = CURVE_STYLE('',#7297,POSITIVE_LENGTH_MEASURE(0.1),#6569);
#7297 = DRAUGHTING_PRE_DEFINED_CURVE_FONT('continuous');
#7298 = STYLED_ITEM('color',(#7299),#3136);
#7299 = PRESENTATION_STYLE_ASSIGNMENT((#7300,#7305));
#7300 = SURFACE_STYLE_USAGE(.BOTH.,#7301);
#7301 = SURFACE_SIDE_STYLE('',(#7302));
#7302 = SURFACE_STYLE_FILL_AREA(#7303);
#7303 = FILL_AREA_STYLE('',(#7304));
#7304 = FILL_AREA_STYLE_COLOUR('',#6569);
#7305 = CURVE_STYLE('',#7306,POSITIVE_LENGTH_MEASURE(0.1),#6569);
#7306 = DRAUGHTING_PRE_DEFINED_CURVE_FONT('continuous');
#7307 = STYLED_ITEM('color',(#7308),#3204);
#7308 = PRESENTATION_STYLE_ASSIGNMENT((#7309,#7314));
#7309 = SURFACE_STYLE_USAGE(.BOTH.,#7310);
#7310 = SURFACE_SIDE_STYLE('',(#7311));
#7311 = SURFACE_STYLE_FILL_AREA(#7312);
#7312 = FILL_AREA_STYLE('',(#7313));
#7313 = FILL_AREA_STYLE_COLOUR('',#6569);
#7314 = CURVE_STYLE('',#7315,POSITIVE_LENGTH_MEASURE(0.1),#6569);
#7315 = DRAUGHTING_PRE_DEFINED_CURVE_FONT('continuous');
#7316 = STYLED_ITEM('color',(#7317),#3279);
#7317 = PRESENTATION_STYLE_ASSIGNMENT((#7318,#7323));
#7318 = SURFACE_STYLE_USAGE(.BOTH.,#7319);
#7319 = SURFACE_SIDE_STYLE('',(#7320));
#7320 = SURFACE_STYLE_FILL_AREA(#7321);
#7321 = FILL_AREA_STYLE('',(#7322));
#7322 = FILL_AREA_STYLE_COLOUR('',#6569);
#7323 = CURVE_STYLE('',#7324,POSITIVE_LENGTH_MEASURE(0.1),#6569);
#7324 = DRAUGHTING_PRE_DEFINED_CURVE_FONT('continuous');
#7325 = STYLED_ITEM('color',(#7326),#3303);
#7326 = PRESENTATION_STYLE_ASSIGNMENT((#7327,#7332));
#7327 = SURFACE_STYLE_USAGE(.BOTH.,#7328);
#7328 = SURFACE_SIDE_STYLE('',(#7329));
#7329 = SURFACE_STYLE_FILL_AREA(#7330);
#7330 = FILL_AREA_STYLE('',(#7331));
#7331 = FILL_AREA_STYLE_COLOUR('',#6569);
#7332 = CURVE_STYLE('',#7333,POSITIVE_LENGTH_MEASURE(0.1),#6569);
#7333 = DRAUGHTING_PRE_DEFINED_CURVE_FONT('continuous');
#7334 = STYLED_ITEM('color',(#7335),#3371);
#7335 = PRESENTATION_STYLE_ASSIGNMENT((#7336,#7341));
#7336 = SURFACE_STYLE_USAGE(.BOTH.,#7337);
#7337 = SURFACE_SIDE_STYLE('',(#7338));
#7338 = SURFACE_STYLE_FILL_AREA(#7339);
#7339 = FILL_AREA_STYLE('',(#7340));
#7340 = FILL_AREA_STYLE_COLOUR('',#6569);
#7341 = CURVE_STYLE('',#7342,POSITIVE_LENGTH_MEASURE(0.1),#6569);
#7342 = DRAUGHTING_PRE_DEFINED_CURVE_FONT('continuous');
#7343 = STYLED_ITEM('color',(#7344),#3388);
#7344 = PRESENTATION_STYLE_ASSIGNMENT((#7345,#7350));
#7345 = SURFACE_STYLE_USAGE(.BOTH.,#7346);
#7346 = SURFACE_SIDE_STYLE('',(#7347));
#7347 = SURFACE_STYLE_FILL_AREA(#7348);
#7348 = FILL_AREA_STYLE('',(#7349));
#7349 = FILL_AREA_STYLE_COLOUR('',#6569);
#7350 = CURVE_STYLE('',#7351,POSITIVE_LENGTH_MEASURE(0.1),#6569);
#7351 = DRAUGHTING_PRE_DEFINED_CURVE_FONT('continuous');
#7352 = STYLED_ITEM('color',(#7353),#3405);
#7353 = PRESENTATION_STYLE_ASSIGNMENT((#7354,#7359));
#7354 = SURFACE_STYLE_USAGE(.BOTH.,#7355);
#7355 = SURFACE_SIDE_STYLE('',(#7356));
#7356 = SURFACE_STYLE_FILL_AREA(#7357);
#7357 = FILL_AREA_STYLE('',(#7358));
#7358 = FILL_AREA_STYLE_COLOUR('',#6962);
#7359 = CURVE_STYLE('',#7360,POSITIVE_LENGTH_MEASURE(0.1),#6962);
#7360 = DRAUGHTING_PRE_DEFINED_CURVE_FONT('continuous');
#7361 = STYLED_ITEM('color',(#7362),#3451);
#7362 = PRESENTATION_STYLE_ASSIGNMENT((#7363,#7368));
#7363 = SURFACE_STYLE_USAGE(.BOTH.,#7364);
#7364 = SURFACE_SIDE_STYLE('',(#7365));
#7365 = SURFACE_STYLE_FILL_AREA(#7366);
#7366 = FILL_AREA_STYLE('',(#7367));
#7367 = FILL_AREA_STYLE_COLOUR('',#6962);
#7368 = CURVE_STYLE('',#7369,POSITIVE_LENGTH_MEASURE(0.1),#6962);
#7369 = DRAUGHTING_PRE_DEFINED_CURVE_FONT('continuous');
#7370 = STYLED_ITEM('color',(#7371),#3467);
#7371 = PRESENTATION_STYLE_ASSIGNMENT((#7372,#7377));
#7372 = SURFACE_STYLE_USAGE(.BOTH.,#7373);
#7373 = SURFACE_SIDE_STYLE('',(#7374));
#7374 = SURFACE_STYLE_FILL_AREA(#7375);
#7375 = FILL_AREA_STYLE('',(#7376));
#7376 = FILL_AREA_STYLE_COLOUR('',#6962);
#7377 = CURVE_STYLE('',#7378,POSITIVE_LENGTH_MEASURE(0.1),#6962);
#7378 = DRAUGHTING_PRE_DEFINED_CURVE_FONT('continuous');
#7379 = STYLED_ITEM('color',(#7380),#3483);
#7380 = PRESENTATION_STYLE_ASSIGNMENT((#7381,#7386));
#7381 = SURFACE_STYLE_USAGE(.BOTH.,#7382);
#7382 = SURFACE_SIDE_STYLE('',(#7383));
#7383 = SURFACE_STYLE_FILL_AREA(#7384);
#7384 = FILL_AREA_STYLE('',(#7385));
#7385 = FILL_AREA_STYLE_COLOUR('',#6569);
#7386 = CURVE_STYLE('',#7387,POSITIVE_LENGTH_MEASURE(0.1),#6569);
#7387 = DRAUGHTING_PRE_DEFINED_CURVE_FONT('continuous');
#7388 = STYLED_ITEM('color',(#7389),#3500);
#7389 = PRESENTATION_STYLE_ASSIGNMENT((#7390,#7395));
#7390 = SURFACE_STYLE_USAGE(.BOTH.,#7391);
#7391 = SURFACE_SIDE_STYLE('',(#7392));
#7392 = SURFACE_STYLE_FILL_AREA(#7393);
#7393 = FILL_AREA_STYLE('',(#7394));
#7394 = FILL_AREA_STYLE_COLOUR('',#6962);
#7395 = CURVE_STYLE('',#7396,POSITIVE_LENGTH_MEASURE(0.1),#6962);
#7396 = DRAUGHTING_PRE_DEFINED_CURVE_FONT('continuous');
#7397 = STYLED_ITEM('color',(#7398),#3512);
#7398 = PRESENTATION_STYLE_ASSIGNMENT((#7399,#7404));
#7399 = SURFACE_STYLE_USAGE(.BOTH.,#7400);
#7400 = SURFACE_SIDE_STYLE('',(#7401));
#7401 = SURFACE_STYLE_FILL_AREA(#7402);
#7402 = FILL_AREA_STYLE('',(#7403));
#7403 = FILL_AREA_STYLE_COLOUR('',#6569);
#7404 = CURVE_STYLE('',#7405,POSITIVE_LENGTH_MEASURE(0.1),#6569);
#7405 = DRAUGHTING_PRE_DEFINED_CURVE_FONT('continuous');
#7406 = STYLED_ITEM('color',(#7407),#3529);
#7407 = PRESENTATION_STYLE_ASSIGNMENT((#7408,#7413));
#7408 = SURFACE_STYLE_USAGE(.BOTH.,#7409);
#7409 = SURFACE_SIDE_STYLE('',(#7410));
#7410 = SURFACE_STYLE_FILL_AREA(#7411);
#7411 = FILL_AREA_STYLE('',(#7412));
#7412 = FILL_AREA_STYLE_COLOUR('',#6569);
#7413 = CURVE_STYLE('',#7414,POSITIVE_LENGTH_MEASURE(0.1),#6569);
#7414 = DRAUGHTING_PRE_DEFINED_CURVE_FONT('continuous');
#7415 = STYLED_ITEM('color',(#7416),#3546);
#7416 = PRESENTATION_STYLE_ASSIGNMENT((#7417,#7422));
#7417 = SURFACE_STYLE_USAGE(.BOTH.,#7418);
#7418 = SURFACE_SIDE_STYLE('',(#7419));
#7419 = SURFACE_STYLE_FILL_AREA(#7420);
#7420 = FILL_AREA_STYLE('',(#7421));
#7421 = FILL_AREA_STYLE_COLOUR('',#6569);
#7422 = CURVE_STYLE('',#7423,POSITIVE_LENGTH_MEASURE(0.1),#6569);
#7423 = DRAUGHTING_PRE_DEFINED_CURVE_FONT('continuous');
#7424 = STYLED_ITEM('color',(#7425),#3563);
#7425 = PRESENTATION_STYLE_ASSIGNMENT((#7426,#7431));
#7426 = SURFACE_STYLE_USAGE(.BOTH.,#7427);
#7427 = SURFACE_SIDE_STYLE('',(#7428));
#7428 = SURFACE_STYLE_FILL_AREA(#7429);
#7429 = FILL_AREA_STYLE('',(#7430));
#7430 = FILL_AREA_STYLE_COLOUR('',#6569);
#7431 = CURVE_STYLE('',#7432,POSITIVE_LENGTH_MEASURE(0.1),#6569);
#7432 = DRAUGHTING_PRE_DEFINED_CURVE_FONT('continuous');
#7433 = STYLED_ITEM('color',(#7434),#3580);
#7434 = PRESENTATION_STYLE_ASSIGNMENT((#7435,#7440));
#7435 = SURFACE_STYLE_USAGE(.BOTH.,#7436);
#7436 = SURFACE_SIDE_STYLE('',(#7437));
#7437 = SURFACE_STYLE_FILL_AREA(#7438);
#7438 = FILL_AREA_STYLE('',(#7439));
#7439 = FILL_AREA_STYLE_COLOUR('',#6569);
#7440 = CURVE_STYLE('',#7441,POSITIVE_LENGTH_MEASURE(0.1),#6569);
#7441 = DRAUGHTING_PRE_DEFINED_CURVE_FONT('continuous');
#7442 = STYLED_ITEM('color',(#7443),#3597);
#7443 = PRESENTATION_STYLE_ASSIGNMENT((#7444,#7449));
#7444 = SURFACE_STYLE_USAGE(.BOTH.,#7445);
#7445 = SURFACE_SIDE_STYLE('',(#7446));
#7446 = SURFACE_STYLE_FILL_AREA(#7447);
#7447 = FILL_AREA_STYLE('',(#7448));
#7448 = FILL_AREA_STYLE_COLOUR('',#6569);
#7449 = CURVE_STYLE('',#7450,POSITIVE_LENGTH_MEASURE(0.1),#6569);
#7450 = DRAUGHTING_PRE_DEFINED_CURVE_FONT('continuous');
#7451 = STYLED_ITEM('color',(#7452),#3614);
#7452 = PRESENTATION_STYLE_ASSIGNMENT((#7453,#7458));
#7453 = SURFACE_STYLE_USAGE(.BOTH.,#7454);
#7454 = SURFACE_SIDE_STYLE('',(#7455));
#7455 = SURFACE_STYLE_FILL_AREA(#7456);
#7456 = FILL_AREA_STYLE('',(#7457));
#7457 = FILL_AREA_STYLE_COLOUR('',#6569);
#7458 = CURVE_STYLE('',#7459,POSITIVE_LENGTH_MEASURE(0.1),#6569);
#7459 = DRAUGHTING_PRE_DEFINED_CURVE_FONT('continuous');
#7460 = STYLED_ITEM('color',(#7461),#3626);
#7461 = PRESENTATION_STYLE_ASSIGNMENT((#7462,#7467));
#7462 = SURFACE_STYLE_USAGE(.BOTH.,#7463);
#7463 = SURFACE_SIDE_STYLE('',(#7464));
#7464 = SURFACE_STYLE_FILL_AREA(#7465);
#7465 = FILL_AREA_STYLE('',(#7466));
#7466 = FILL_AREA_STYLE_COLOUR('',#6569);
#7467 = CURVE_STYLE('',#7468,POSITIVE_LENGTH_MEASURE(0.1),#6569);
#7468 = DRAUGHTING_PRE_DEFINED_CURVE_FONT('continuous');
#7469 = STYLED_ITEM('color',(#7470),#3643);
#7470 = PRESENTATION_STYLE_ASSIGNMENT((#7471,#7476));
#7471 = SURFACE_STYLE_USAGE(.BOTH.,#7472);
#7472 = SURFACE_SIDE_STYLE('',(#7473));
#7473 = SURFACE_STYLE_FILL_AREA(#7474);
#7474 = FILL_AREA_STYLE('',(#7475));
#7475 = FILL_AREA_STYLE_COLOUR('',#6569);
#7476 = CURVE_STYLE('',#7477,POSITIVE_LENGTH_MEASURE(0.1),#6569);
#7477 = DRAUGHTING_PRE_DEFINED_CURVE_FONT('continuous');
#7478 = STYLED_ITEM('color',(#7479),#3660);
#7479 = PRESENTATION_STYLE_ASSIGNMENT((#7480,#7485));
#7480 = SURFACE_STYLE_USAGE(.BOTH.,#7481);
#7481 = SURFACE_SIDE_STYLE('',(#7482));
#7482 = SURFACE_STYLE_FILL_AREA(#7483);
#7483 = FILL_AREA_STYLE('',(#7484));
#7484 = FILL_AREA_STYLE_COLOUR('',#6569);
#7485 = CURVE_STYLE('',#7486,POSITIVE_LENGTH_MEASURE(0.1),#6569);
#7486 = DRAUGHTING_PRE_DEFINED_CURVE_FONT('continuous');
#7487 = STYLED_ITEM('color',(#7488),#3677);
#7488 = PRESENTATION_STYLE_ASSIGNMENT((#7489,#7494));
#7489 = SURFACE_STYLE_USAGE(.BOTH.,#7490);
#7490 = SURFACE_SIDE_STYLE('',(#7491));
#7491 = SURFACE_STYLE_FILL_AREA(#7492);
#7492 = FILL_AREA_STYLE('',(#7493));
#7493 = FILL_AREA_STYLE_COLOUR('',#6569);
#7494 = CURVE_STYLE('',#7495,POSITIVE_LENGTH_MEASURE(0.1),#6569);
#7495 = DRAUGHTING_PRE_DEFINED_CURVE_FONT('continuous');
#7496 = STYLED_ITEM('color',(#7497),#3694);
#7497 = PRESENTATION_STYLE_ASSIGNMENT((#7498,#7503));
#7498 = SURFACE_STYLE_USAGE(.BOTH.,#7499);
#7499 = SURFACE_SIDE_STYLE('',(#7500));
#7500 = SURFACE_STYLE_FILL_AREA(#7501);
#7501 = FILL_AREA_STYLE('',(#7502));
#7502 = FILL_AREA_STYLE_COLOUR('',#6569);
#7503 = CURVE_STYLE('',#7504,POSITIVE_LENGTH_MEASURE(0.1),#6569);
#7504 = DRAUGHTING_PRE_DEFINED_CURVE_FONT('continuous');
#7505 = STYLED_ITEM('color',(#7506),#3711);
#7506 = PRESENTATION_STYLE_ASSIGNMENT((#7507,#7512));
#7507 = SURFACE_STYLE_USAGE(.BOTH.,#7508);
#7508 = SURFACE_SIDE_STYLE('',(#7509));
#7509 = SURFACE_STYLE_FILL_AREA(#7510);
#7510 = FILL_AREA_STYLE('',(#7511));
#7511 = FILL_AREA_STYLE_COLOUR('',#6569);
#7512 = CURVE_STYLE('',#7513,POSITIVE_LENGTH_MEASURE(0.1),#6569);
#7513 = DRAUGHTING_PRE_DEFINED_CURVE_FONT('continuous');
#7514 = STYLED_ITEM('color',(#7515),#3723);
#7515 = PRESENTATION_STYLE_ASSIGNMENT((#7516,#7521));
#7516 = SURFACE_STYLE_USAGE(.BOTH.,#7517);
#7517 = SURFACE_SIDE_STYLE('',(#7518));
#7518 = SURFACE_STYLE_FILL_AREA(#7519);
#7519 = FILL_AREA_STYLE('',(#7520));
#7520 = FILL_AREA_STYLE_COLOUR('',#6569);
#7521 = CURVE_STYLE('',#7522,POSITIVE_LENGTH_MEASURE(0.1),#6569);
#7522 = DRAUGHTING_PRE_DEFINED_CURVE_FONT('continuous');
#7523 = STYLED_ITEM('color',(#7524),#3740);
#7524 = PRESENTATION_STYLE_ASSIGNMENT((#7525,#7530));
#7525 = SURFACE_STYLE_USAGE(.BOTH.,#7526);
#7526 = SURFACE_SIDE_STYLE('',(#7527));
#7527 = SURFACE_STYLE_FILL_AREA(#7528);
#7528 = FILL_AREA_STYLE('',(#7529));
#7529 = FILL_AREA_STYLE_COLOUR('',#6569);
#7530 = CURVE_STYLE('',#7531,POSITIVE_LENGTH_MEASURE(0.1),#6569);
#7531 = DRAUGHTING_PRE_DEFINED_CURVE_FONT('continuous');
#7532 = STYLED_ITEM('color',(#7533),#3757);
#7533 = PRESENTATION_STYLE_ASSIGNMENT((#7534,#7539));
#7534 = SURFACE_STYLE_USAGE(.BOTH.,#7535);
#7535 = SURFACE_SIDE_STYLE('',(#7536));
#7536 = SURFACE_STYLE_FILL_AREA(#7537);
#7537 = FILL_AREA_STYLE('',(#7538));
#7538 = FILL_AREA_STYLE_COLOUR('',#6569);
#7539 = CURVE_STYLE('',#7540,POSITIVE_LENGTH_MEASURE(0.1),#6569);
#7540 = DRAUGHTING_PRE_DEFINED_CURVE_FONT('continuous');
#7541 = STYLED_ITEM('color',(#7542),#3774);
#7542 = PRESENTATION_STYLE_ASSIGNMENT((#7543,#7548));
#7543 = SURFACE_STYLE_USAGE(.BOTH.,#7544);
#7544 = SURFACE_SIDE_STYLE('',(#7545));
#7545 = SURFACE_STYLE_FILL_AREA(#7546);
#7546 = FILL_AREA_STYLE('',(#7547));
#7547 = FILL_AREA_STYLE_COLOUR('',#6569);
#7548 = CURVE_STYLE('',#7549,POSITIVE_LENGTH_MEASURE(0.1),#6569);
#7549 = DRAUGHTING_PRE_DEFINED_CURVE_FONT('continuous');
#7550 = STYLED_ITEM('color',(#7551),#3791);
#7551 = PRESENTATION_STYLE_ASSIGNMENT((#7552,#7557));
#7552 = SURFACE_STYLE_USAGE(.BOTH.,#7553);
#7553 = SURFACE_SIDE_STYLE('',(#7554));
#7554 = SURFACE_STYLE_FILL_AREA(#7555);
#7555 = FILL_AREA_STYLE('',(#7556));
#7556 = FILL_AREA_STYLE_COLOUR('',#6569);
#7557 = CURVE_STYLE('',#7558,POSITIVE_LENGTH_MEASURE(0.1),#6569);
#7558 = DRAUGHTING_PRE_DEFINED_CURVE_FONT('continuous');
#7559 = STYLED_ITEM('color',(#7560),#3808);
#7560 = PRESENTATION_STYLE_ASSIGNMENT((#7561,#7566));
#7561 = SURFACE_STYLE_USAGE(.BOTH.,#7562);
#7562 = SURFACE_SIDE_STYLE('',(#7563));
#7563 = SURFACE_STYLE_FILL_AREA(#7564);
#7564 = FILL_AREA_STYLE('',(#7565));
#7565 = FILL_AREA_STYLE_COLOUR('',#6569);
#7566 = CURVE_STYLE('',#7567,POSITIVE_LENGTH_MEASURE(0.1),#6569);
#7567 = DRAUGHTING_PRE_DEFINED_CURVE_FONT('continuous');
#7568 = STYLED_ITEM('color',(#7569),#3820);
#7569 = PRESENTATION_STYLE_ASSIGNMENT((#7570,#7576));
#7570 = SURFACE_STYLE_USAGE(.BOTH.,#7571);
#7571 = SURFACE_SIDE_STYLE('',(#7572));
#7572 = SURFACE_STYLE_FILL_AREA(#7573);
#7573 = FILL_AREA_STYLE('',(#7574));
#7574 = FILL_AREA_STYLE_COLOUR('',#7575);
#7575 = COLOUR_RGB('',0.690999998585,0.664000007176,0.597999987832);
#7576 = CURVE_STYLE('',#7577,POSITIVE_LENGTH_MEASURE(0.1),#7575);
#7577 = DRAUGHTING_PRE_DEFINED_CURVE_FONT('continuous');
ENDSEC;
END-ISO-10303-21;
