ISO-10303-21;
HEADER;
/* Generated by software containing ST-Developer
 * from STEP Tools, Inc. (www.steptools.com) 
 */

FILE_DESCRIPTION(
/* description */ (''),
/* implementation_level */ '2;1');

FILE_NAME(
/* name */ 'Mouse Shell.step',
/* time_stamp */ '2026-08-27T10:56:38+01:00',
/* author */ (''),
/* organization */ (''),
/* preprocessor_version */ 'ST-DEVELOPER v20.1',
/* originating_system */ 'Autodesk Translation Framework v15.8.0.0',
/* authorisation */ '');

FILE_SCHEMA (('AUTOMOTIVE_DESIGN { 1 0 10303 214 3 1 1 }'));
ENDSEC;

DATA;
#10=MECHANICAL_DESIGN_GEOMETRIC_PRESENTATION_REPRESENTATION('',(#6913,#6914,
#6915,#6916,#6917,#6918,#6919,#6920,#6921,#6922,#6923,#6924,#6925,#6926,
#6927,#6928,#6929,#6930,#6931,#6932,#6933,#6934,#6935,#6936,#6937,#6938,
#6939,#6940,#6941,#6942,#6943,#6944,#6945,#6946,#6947,#6948,#6949,#6950,
#6951,#6952,#6953,#6954,#6955,#6956,#6957,#6958,#6959,#6960,#6961,#6962,
#6963,#6964,#6965,#6966,#6967,#6968,#6969,#6970,#6971,#6972,#6973,#6974,
#6975,#6976,#6977,#6978,#6979,#6980,#6981,#6982,#6983,#6984,#6985,#6986,
#6987,#6988,#6989,#6990,#6991,#6992,#6993,#6994,#6995,#6996,#6997,#6998,
#6999,#7000,#7001,#7002,#7003,#7004,#7005,#7006,#7007,#7008,#7009,#7010,
#7011,#7012,#7013,#7014,#7015,#7016,#7017,#7018,#7019,#7020,#7021,#7022,
#7023,#7024,#7025,#7026,#7027,#7028,#7029,#7030,#7031,#7032,#7033,#7034,
#7035,#7036,#7037,#7038,#7039,#7040,#7041,#7042,#7043,#7044,#7045,#7046,
#7047,#7048,#7049,#7050,#7051,#7052,#7053,#7054,#7055,#7056,#7057,#7058,
#7059,#7060,#7061,#7062),#12470);
#11=CONICAL_SURFACE('',#8076,2.245641102754,0.924952054554);
#12=CONICAL_SURFACE('',#8077,2.245641102754,0.924952054554);
#13=(
BOUNDED_CURVE()
B_SPLINE_CURVE(2,(#11532,#11533,#11534),.UNSPECIFIED.,.F.,.F.)
B_SPLINE_CURVE_WITH_KNOTS((3,3),(1.25840065556251,1.4579938532241),
 .UNSPECIFIED.)
CURVE()
GEOMETRIC_REPRESENTATION_ITEM()
RATIONAL_B_SPLINE_CURVE((7.05908692654602,7.44089679653765,7.79139673613532))
REPRESENTATION_ITEM('')
);
#14=(
BOUNDED_CURVE()
B_SPLINE_CURVE(2,(#11540,#11541,#11542),.UNSPECIFIED.,.F.,.F.)
B_SPLINE_CURVE_WITH_KNOTS((3,3),(5.92551815200891,6.12524745940223),
 .UNSPECIFIED.)
CURVE()
GEOMETRIC_REPRESENTATION_ITEM()
RATIONAL_B_SPLINE_CURVE((7.78960118972576,7.43932138724325,7.05771415324719))
REPRESENTATION_ITEM('')
);
#15=(
BOUNDED_CURVE()
B_SPLINE_CURVE(2,(#11559,#11560,#11561),.UNSPECIFIED.,.F.,.F.)
B_SPLINE_CURVE_WITH_KNOTS((3,3),(1.25839238023747,1.45799146566021),
 .UNSPECIFIED.)
CURVE()
GEOMETRIC_REPRESENTATION_ITEM()
RATIONAL_B_SPLINE_CURVE((7.05933324695008,7.4411732867628,7.79170014134582))
REPRESENTATION_ITEM('')
);
#16=(
BOUNDED_CURVE()
B_SPLINE_CURVE(2,(#11567,#11568,#11569),.UNSPECIFIED.,.F.,.F.)
B_SPLINE_CURVE_WITH_KNOTS((3,3),(5.92551030129791,6.12524709282704),
 .UNSPECIFIED.)
CURVE()
GEOMETRIC_REPRESENTATION_ITEM()
RATIONAL_B_SPLINE_CURVE((7.7898803106358,7.43957700387961,7.05794284923046))
REPRESENTATION_ITEM('')
);
#17=(
BOUNDED_CURVE()
B_SPLINE_CURVE(2,(#11586,#11587,#11588),.UNSPECIFIED.,.F.,.F.)
B_SPLINE_CURVE_WITH_KNOTS((3,3),(1.25840982155762,1.45801778878549),
 .UNSPECIFIED.)
CURVE()
GEOMETRIC_REPRESENTATION_ITEM()
RATIONAL_B_SPLINE_CURVE((7.05953887169528,7.4414019648209,7.79194838253096))
REPRESENTATION_ITEM('')
);
#18=(
BOUNDED_CURVE()
B_SPLINE_CURVE(2,(#11594,#11595,#11596),.UNSPECIFIED.,.F.,.F.)
B_SPLINE_CURVE_WITH_KNOTS((3,3),(5.92553398299094,6.12527493852863),
 .UNSPECIFIED.)
CURVE()
GEOMETRIC_REPRESENTATION_ITEM()
RATIONAL_B_SPLINE_CURVE((7.79020029019123,7.43986736488964,7.05820057336443))
REPRESENTATION_ITEM('')
);
#19=(
BOUNDED_CURVE()
B_SPLINE_CURVE(2,(#11613,#11614,#11615),.UNSPECIFIED.,.F.,.F.)
B_SPLINE_CURVE_WITH_KNOTS((3,3),(1.25845127459155,1.45807024859856),
 .UNSPECIFIED.)
CURVE()
GEOMETRIC_REPRESENTATION_ITEM()
RATIONAL_B_SPLINE_CURVE((7.05968366268406,7.44156043355497,7.79211714514032))
REPRESENTATION_ITEM('')
);
#20=(
BOUNDED_CURVE()
B_SPLINE_CURVE(2,(#11621,#11622,#11623),.UNSPECIFIED.,.F.,.F.)
B_SPLINE_CURVE_WITH_KNOTS((3,3),(5.92558688241031,6.12532827338058),
 .UNSPECIFIED.)
CURVE()
GEOMETRIC_REPRESENTATION_ITEM()
RATIONAL_B_SPLINE_CURVE((7.7905298118158,7.44016405154254,7.05846210048374))
REPRESENTATION_ITEM('')
);
#21=(
BOUNDED_CURVE()
B_SPLINE_CURVE(2,(#11641,#11642,#11643),.UNSPECIFIED.,.F.,.F.)
B_SPLINE_CURVE_WITH_KNOTS((3,3),(7.03409219883206,7.16227570790342),
 .UNSPECIFIED.)
CURVE()
GEOMETRIC_REPRESENTATION_ITEM()
RATIONAL_B_SPLINE_CURVE((11.8670352770988,10.407779884971,8.89173118285229))
REPRESENTATION_ITEM('')
);
#22=(
BOUNDED_CURVE()
B_SPLINE_CURVE(2,(#11647,#11648,#11649,#11650),.UNSPECIFIED.,.F.,.F.)
B_SPLINE_CURVE_WITH_KNOTS((3,1,3),(0.318715132991668,0.32266727359888,0.446961537692302),
 .UNSPECIFIED.)
CURVE()
GEOMETRIC_REPRESENTATION_ITEM()
RATIONAL_B_SPLINE_CURVE((8.8902434140405,8.93698692897988,10.4520554844336,
11.8670352770988))
REPRESENTATION_ITEM('')
);
#23=(
BOUNDED_CURVE()
B_SPLINE_CURVE(2,(#11668,#11669,#11670),.UNSPECIFIED.,.F.,.F.)
B_SPLINE_CURVE_WITH_KNOTS((3,3),(1.25890952746541,1.45857565034543),
 .UNSPECIFIED.)
CURVE()
GEOMETRIC_REPRESENTATION_ITEM()
RATIONAL_B_SPLINE_CURVE((7.05874773342516,7.44047247994303,7.79087599134553))
REPRESENTATION_ITEM('')
);
#24=(
BOUNDED_CURVE()
B_SPLINE_CURVE(2,(#11676,#11677,#11678),.UNSPECIFIED.,.F.,.F.)
B_SPLINE_CURVE_WITH_KNOTS((3,3),(5.92614674856222,6.1258231644695),
 .UNSPECIFIED.)
CURVE()
GEOMETRIC_REPRESENTATION_ITEM()
RATIONAL_B_SPLINE_CURVE((7.79099378583411,7.44054209657584,7.0587642894371))
REPRESENTATION_ITEM('')
);
#25=(
BOUNDED_CURVE()
B_SPLINE_CURVE(2,(#11695,#11696,#11697),.UNSPECIFIED.,.F.,.F.)
B_SPLINE_CURVE_WITH_KNOTS((3,3),(1.25891778307124,1.45857801293611),
 .UNSPECIFIED.)
CURVE()
GEOMETRIC_REPRESENTATION_ITEM()
RATIONAL_B_SPLINE_CURVE((7.05850145385239,7.44019604303194,7.79057265322689))
REPRESENTATION_ITEM('')
);
#26=(
BOUNDED_CURVE()
B_SPLINE_CURVE(2,(#11703,#11704,#11705),.UNSPECIFIED.,.F.,.F.)
B_SPLINE_CURVE_WITH_KNOTS((3,3),(5.92615457628946,6.12582351208753),
 .UNSPECIFIED.)
CURVE()
GEOMETRIC_REPRESENTATION_ITEM()
RATIONAL_B_SPLINE_CURVE((7.79071457422788,7.4402864054385,7.05853553455209))
REPRESENTATION_ITEM('')
);
#27=(
BOUNDED_CURVE()
B_SPLINE_CURVE(2,(#11722,#11723,#11724),.UNSPECIFIED.,.F.,.F.)
B_SPLINE_CURVE_WITH_KNOTS((3,3),(1.25890032523346,1.45855167088442),
 .UNSPECIFIED.)
CURVE()
GEOMETRIC_REPRESENTATION_ITEM()
RATIONAL_B_SPLINE_CURVE((7.05829590031842,7.43996745337226,7.79032451746794))
REPRESENTATION_ITEM('')
);
#28=(
BOUNDED_CURVE()
B_SPLINE_CURVE(2,(#11730,#11731,#11732),.UNSPECIFIED.,.F.,.F.)
B_SPLINE_CURVE_WITH_KNOTS((3,3),(5.92613087029822,6.12579564805161),
 .UNSPECIFIED.)
CURVE()
GEOMETRIC_REPRESENTATION_ITEM()
RATIONAL_B_SPLINE_CURVE((7.79039455774718,7.43999601751694,7.05827779165464))
REPRESENTATION_ITEM('')
);
#29=(
BOUNDED_CURVE()
B_SPLINE_CURVE(2,(#11749,#11750,#11751),.UNSPECIFIED.,.F.,.F.)
B_SPLINE_CURVE_WITH_KNOTS((3,3),(1.25885886519162,1.45849920541931),
 .UNSPECIFIED.)
CURVE()
GEOMETRIC_REPRESENTATION_ITEM()
RATIONAL_B_SPLINE_CURVE((7.05815118372186,7.4398090743564,7.79015585834994))
REPRESENTATION_ITEM('')
);
#30=(
BOUNDED_CURVE()
B_SPLINE_CURVE(2,(#11757,#11758,#11759),.UNSPECIFIED.,.F.,.F.)
B_SPLINE_CURVE_WITH_KNOTS((3,3),(5.92607795454488,6.12574230248881),
 .UNSPECIFIED.)
CURVE()
GEOMETRIC_REPRESENTATION_ITEM()
RATIONAL_B_SPLINE_CURVE((7.79006506706696,7.43969936181686,7.05801629307389))
REPRESENTATION_ITEM('')
);
#31=(
BOUNDED_CURVE()
B_SPLINE_CURVE(2,(#11777,#11778,#11779,#11780),.UNSPECIFIED.,.F.,.F.)
B_SPLINE_CURVE_WITH_KNOTS((3,1,3),(0.299651664785409,0.341929757790459,
0.420556862315035),.UNSPECIFIED.)
CURVE()
GEOMETRIC_REPRESENTATION_ITEM()
RATIONAL_B_SPLINE_CURVE((8.93478334238822,9.47119481337326,10.9863592711079,
11.9489112948258))
REPRESENTATION_ITEM('')
);
#32=(
BOUNDED_CURVE()
B_SPLINE_CURVE(2,(#11784,#11785,#11786),.UNSPECIFIED.,.F.,.F.)
B_SPLINE_CURVE_WITH_KNOTS((3,3),(7.06224790371095,7.18309380867342),
 .UNSPECIFIED.)
CURVE()
GEOMETRIC_REPRESENTATION_ITEM()
RATIONAL_B_SPLINE_CURVE((11.9489112948257,10.4695172476585,8.93628790122441))
REPRESENTATION_ITEM('')
);
#33=(
BOUNDED_CURVE()
B_SPLINE_CURVE(2,(#11929,#11930,#11931),.UNSPECIFIED.,.F.,.F.)
B_SPLINE_CURVE_WITH_KNOTS((3,3),(5.92610815007933,6.12579463652622),
 .UNSPECIFIED.)
CURVE()
GEOMETRIC_REPRESENTATION_ITEM()
RATIONAL_B_SPLINE_CURVE((7.79120484849099,7.44073805150608,7.05894165581511))
REPRESENTATION_ITEM('')
);
#34=(
BOUNDED_CURVE()
B_SPLINE_CURVE(2,(#11934,#11935,#11936),.UNSPECIFIED.,.F.,.F.)
B_SPLINE_CURVE_WITH_KNOTS((3,3),(1.25887636373646,1.45854481083622),
 .UNSPECIFIED.)
CURVE()
GEOMETRIC_REPRESENTATION_ITEM()
RATIONAL_B_SPLINE_CURVE((7.05901063727005,7.44076971209723,7.79120484849098))
REPRESENTATION_ITEM('')
);
#35=(
BOUNDED_CURVE()
B_SPLINE_CURVE(2,(#11942,#11943,#11944),.UNSPECIFIED.,.F.,.F.)
B_SPLINE_CURVE_WITH_KNOTS((3,3),(5.92604255730396,6.12574071902615),
 .UNSPECIFIED.)
CURVE()
GEOMETRIC_REPRESENTATION_ITEM()
RATIONAL_B_SPLINE_CURVE((7.79132708633472,7.44085507551028,7.05905026096679))
REPRESENTATION_ITEM('')
);
#36=(
BOUNDED_CURVE()
B_SPLINE_CURVE(2,(#11947,#11948,#11949),.UNSPECIFIED.,.F.,.F.)
B_SPLINE_CURVE_WITH_KNOTS((3,3),(1.25882153598633,1.4584885101352),
 .UNSPECIFIED.)
CURVE()
GEOMETRIC_REPRESENTATION_ITEM()
RATIONAL_B_SPLINE_CURVE((7.05926442981295,7.44105864406138,7.79152703431037))
REPRESENTATION_ITEM('')
);
#37=(
BOUNDED_CURVE()
B_SPLINE_CURVE(2,(#11955,#11956,#11957),.UNSPECIFIED.,.F.,.F.)
B_SPLINE_CURVE_WITH_KNOTS((3,3),(5.92575727564492,6.12548854764608),
 .UNSPECIFIED.)
CURVE()
GEOMETRIC_REPRESENTATION_ITEM()
RATIONAL_B_SPLINE_CURVE((7.79109065604919,7.44066243466084,7.05889627595337))
REPRESENTATION_ITEM('')
);
#38=(
BOUNDED_CURVE()
B_SPLINE_CURVE(2,(#11960,#11961,#11962),.UNSPECIFIED.,.F.,.F.)
B_SPLINE_CURVE_WITH_KNOTS((3,3),(1.25858803387635,1.45823098292771),
 .UNSPECIFIED.)
CURVE()
GEOMETRIC_REPRESENTATION_ITEM()
RATIONAL_B_SPLINE_CURVE((7.05974135532348,7.44161304088758,7.7921595014649))
REPRESENTATION_ITEM('')
);
#39=(
BOUNDED_CURVE()
B_SPLINE_CURVE(2,(#11968,#11969,#11970),.UNSPECIFIED.,.F.,.F.)
B_SPLINE_CURVE_WITH_KNOTS((3,3),(5.92585808865884,6.12557979640561),
 .UNSPECIFIED.)
CURVE()
GEOMETRIC_REPRESENTATION_ITEM()
RATIONAL_B_SPLINE_CURVE((7.79126705135998,7.44081532167742,7.05902640408724))
REPRESENTATION_ITEM('')
);
#40=(
BOUNDED_CURVE()
B_SPLINE_CURVE(2,(#11973,#11974,#11975),.UNSPECIFIED.,.F.,.F.)
B_SPLINE_CURVE_WITH_KNOTS((3,3),(1.25866995025391,1.45832351920651),
 .UNSPECIFIED.)
CURVE()
GEOMETRIC_REPRESENTATION_ITEM()
RATIONAL_B_SPLINE_CURVE((7.05964860189966,7.44150202154261,7.79202894067719))
REPRESENTATION_ITEM('')
);
#41=(
BOUNDED_CURVE()
B_SPLINE_CURVE(2,(#11981,#11982,#11983),.UNSPECIFIED.,.F.,.F.)
B_SPLINE_CURVE_WITH_KNOTS((3,3),(5.92595639120899,6.12566668963918),
 .UNSPECIFIED.)
CURVE()
GEOMETRIC_REPRESENTATION_ITEM()
RATIONAL_B_SPLINE_CURVE((7.7913485214928,7.4408817025084,7.05907946462576))
REPRESENTATION_ITEM('')
);
#42=(
BOUNDED_CURVE()
B_SPLINE_CURVE(2,(#11986,#11987,#11988),.UNSPECIFIED.,.F.,.F.)
B_SPLINE_CURVE_WITH_KNOTS((3,3),(1.25875041040614,1.45841225796108),
 .UNSPECIFIED.)
CURVE()
GEOMETRIC_REPRESENTATION_ITEM()
RATIONAL_B_SPLINE_CURVE((7.05948426108208,7.44131098508745,7.79181100218657))
REPRESENTATION_ITEM('')
);
#43=(
BOUNDED_CURVE()
B_SPLINE_CURVE(2,(#11994,#11995,#11996),.UNSPECIFIED.,.F.,.F.)
B_SPLINE_CURVE_WITH_KNOTS((3,3),(5.92590757205802,6.12558204155413),
 .UNSPECIFIED.)
CURVE()
GEOMETRIC_REPRESENTATION_ITEM()
RATIONAL_B_SPLINE_CURVE((7.78950441962569,7.43920114930516,7.0575822590699))
REPRESENTATION_ITEM('')
);
#44=(
BOUNDED_CURVE()
B_SPLINE_CURVE(2,(#11999,#12000,#12001),.UNSPECIFIED.,.F.,.F.)
B_SPLINE_CURVE_WITH_KNOTS((3,3),(1.25872212648418,1.45833850236213),
 .UNSPECIFIED.)
CURVE()
GEOMETRIC_REPRESENTATION_ITEM()
RATIONAL_B_SPLINE_CURVE((7.05809354536963,7.43975652590571,7.79011356089445))
REPRESENTATION_ITEM('')
);
#45=(
BOUNDED_CURVE()
B_SPLINE_CURVE(2,(#12007,#12008,#12009),.UNSPECIFIED.,.F.,.F.)
B_SPLINE_CURVE_WITH_KNOTS((3,3),(5.92580678202073,6.12549081174394),
 .UNSPECIFIED.)
CURVE()
GEOMETRIC_REPRESENTATION_ITEM()
RATIONAL_B_SPLINE_CURVE((7.78932811499126,7.43904833677409,7.05745218982709))
REPRESENTATION_ITEM('')
);
#46=(
BOUNDED_CURVE()
B_SPLINE_CURVE(2,(#12012,#12013,#12014),.UNSPECIFIED.,.F.,.F.)
B_SPLINE_CURVE_WITH_KNOTS((3,3),(1.25864022983313,1.45824599106318),
 .UNSPECIFIED.)
CURVE()
GEOMETRIC_REPRESENTATION_ITEM()
RATIONAL_B_SPLINE_CURVE((7.05818625795047,7.43986749192001,7.79024405456915))
REPRESENTATION_ITEM('')
);
#47=(
BOUNDED_CURVE()
B_SPLINE_CURVE(2,(#12020,#12021,#12022),.UNSPECIFIED.,.F.,.F.)
B_SPLINE_CURVE_WITH_KNOTS((3,3),(5.92570850377256,6.12540393684796),
 .UNSPECIFIED.)
CURVE()
GEOMETRIC_REPRESENTATION_ITEM()
RATIONAL_B_SPLINE_CURVE((7.78924668178926,7.43898198285962,7.05739914805655))
REPRESENTATION_ITEM('')
);
#48=(
BOUNDED_CURVE()
B_SPLINE_CURVE(2,(#12025,#12026,#12027),.UNSPECIFIED.,.F.,.F.)
B_SPLINE_CURVE_WITH_KNOTS((3,3),(1.2585597862011,1.45815727123803),
 .UNSPECIFIED.)
CURVE()
GEOMETRIC_REPRESENTATION_ITEM()
RATIONAL_B_SPLINE_CURVE((7.05835052755283,7.44005843997231,7.79046188762863))
REPRESENTATION_ITEM('')
);
#49=(
BOUNDED_CURVE()
B_SPLINE_CURVE(2,(#12033,#12034,#12035),.UNSPECIFIED.,.F.,.F.)
B_SPLINE_CURVE_WITH_KNOTS((3,3),(5.92562235401781,6.12532991817877),
 .UNSPECIFIED.)
CURVE()
GEOMETRIC_REPRESENTATION_ITEM()
RATIONAL_B_SPLINE_CURVE((7.78926808602037,7.43900857891836,7.05742832318609))
REPRESENTATION_ITEM('')
);
#50=(
BOUNDED_CURVE()
B_SPLINE_CURVE(2,(#12038,#12039,#12040),.UNSPECIFIED.,.F.,.F.)
B_SPLINE_CURVE_WITH_KNOTS((3,3),(1.25848866762141,1.45808102470908),
 .UNSPECIFIED.)
CURVE()
GEOMETRIC_REPRESENTATION_ITEM()
RATIONAL_B_SPLINE_CURVE((7.05857028444119,7.44031069129634,7.79074575203399))
REPRESENTATION_ITEM('')
);
#51=(
BOUNDED_CURVE()
B_SPLINE_CURVE(2,(#12046,#12047,#12048),.UNSPECIFIED.,.F.,.F.)
B_SPLINE_CURVE_WITH_KNOTS((3,3),(5.92555676337232,6.12527599967422),
 .UNSPECIFIED.)
CURVE()
GEOMETRIC_REPRESENTATION_ITEM()
RATIONAL_B_SPLINE_CURVE((7.78939023686865,7.43912552592722,7.05753686339687))
REPRESENTATION_ITEM('')
);
#52=(
BOUNDED_CURVE()
B_SPLINE_CURVE(2,(#12051,#12052,#12053),.UNSPECIFIED.,.F.,.F.)
B_SPLINE_CURVE_WITH_KNOTS((3,3),(1.25843383468916,1.45802471422273),
 .UNSPECIFIED.)
CURVE()
GEOMETRIC_REPRESENTATION_ITEM()
RATIONAL_B_SPLINE_CURVE((7.05882402783132,7.44059956649755,7.79106787583346))
REPRESENTATION_ITEM('')
);
#53=B_SPLINE_CURVE_WITH_KNOTS('',3,(#11523,#11524,#11525,#11526),
 .UNSPECIFIED.,.F.,.F.,(4,4),(1.32965328936367,1.3780844699711),
 .UNSPECIFIED.);
#54=B_SPLINE_CURVE_WITH_KNOTS('',3,(#11548,#11549,#11550,#11551,#11552,
#11553),.UNSPECIFIED.,.F.,.F.,(4,2,4),(1.23772603185625,1.28445324197591,
1.28532066232603),.UNSPECIFIED.);
#55=B_SPLINE_CURVE_WITH_KNOTS('',3,(#11575,#11576,#11577,#11578,#11579,
#11580),.UNSPECIFIED.,.F.,.F.,(4,2,4),(1.14285382877987,1.16767834682737,
1.1926203408021),.UNSPECIFIED.);
#56=B_SPLINE_CURVE_WITH_KNOTS('',3,(#11602,#11603,#11604,#11605,#11606,
#11607),.UNSPECIFIED.,.F.,.F.,(4,2,4),(1.05014999411606,1.05091305764428,
1.09774521699375),.UNSPECIFIED.);
#57=B_SPLINE_CURVE_WITH_KNOTS('',3,(#11629,#11630,#11631,#11632,#11633,
#11634,#11635),.UNSPECIFIED.,.F.,.F.,(4,3,4),(0.964429973733827,0.974145431759402,
1.00581834056572),.UNSPECIFIED.);
#58=B_SPLINE_CURVE_WITH_KNOTS('',3,(#11659,#11660,#11661,#11662),
 .UNSPECIFIED.,.F.,.F.,(4,4),(0.395473586101123,0.443903030705655),
 .UNSPECIFIED.);
#59=B_SPLINE_CURVE_WITH_KNOTS('',3,(#11684,#11685,#11686,#11687,#11688,
#11689),.UNSPECIFIED.,.F.,.F.,(4,2,4),(0.303546481465122,0.350331785620426,
0.351141469556698),.UNSPECIFIED.);
#60=B_SPLINE_CURVE_WITH_KNOTS('',3,(#11711,#11712,#11713,#11714,#11715,
#11716),.UNSPECIFIED.,.F.,.F.,(4,2,4),(0.208672601944566,0.233560927504007,
0.258439175632695),.UNSPECIFIED.);
#61=B_SPLINE_CURVE_WITH_KNOTS('',3,(#11738,#11739,#11740,#11741,#11742,
#11743),.UNSPECIFIED.,.F.,.F.,(4,2,4),(0.115970105049994,0.116780463752003,
0.163565316551178),.UNSPECIFIED.);
#62=B_SPLINE_CURVE_WITH_KNOTS('',3,(#11765,#11766,#11767,#11768,#11769,
#11770,#11771),.UNSPECIFIED.,.F.,.F.,(4,3,4),(0.0284200383505262,0.0381413753130419,
0.0716377693756793),.UNSPECIFIED.);
#63=B_SPLINE_CURVE_WITH_KNOTS('',3,(#11799,#11800,#11801,#11802),
 .UNSPECIFIED.,.F.,.F.,(4,4),(1.42448158454959,1.47290981733166),
 .UNSPECIFIED.);
#64=B_SPLINE_CURVE_WITH_KNOTS('',3,(#11811,#11812,#11813,#11814,#11815,
#11816),.UNSPECIFIED.,.F.,.F.,(4,2,4),(1.51724192016863,1.51801145551213,
1.56483752110267),.UNSPECIFIED.);
#65=B_SPLINE_CURVE_WITH_KNOTS('',3,(#11825,#11826,#11827,#11828,#11829,
#11830),.UNSPECIFIED.,.F.,.F.,(4,2,4),(1.60994594804517,1.63479477389981,
1.65971261384712),.UNSPECIFIED.);
#66=B_SPLINE_CURVE_WITH_KNOTS('',3,(#11839,#11840,#11841,#11842,#11843,
#11844),.UNSPECIFIED.,.F.,.F.,(4,2,4),(1.70481923774106,1.75158039878192,
1.75241438628387),.UNSPECIFIED.);
#67=B_SPLINE_CURVE_WITH_KNOTS('',3,(#11853,#11854,#11855,#11856,#11857,
#11858),.UNSPECIFIED.,.F.,.F.,(4,2,4),(0.58306119193119,0.583865078330085,
0.63065602500004),.UNSPECIFIED.);
#68=B_SPLINE_CURVE_WITH_KNOTS('',3,(#11867,#11868,#11869,#11870,#11871,
#11872),.UNSPECIFIED.,.F.,.F.,(4,2,4),(0.675763494379866,0.700627512923325,
0.725529915408049),.UNSPECIFIED.);
#69=B_SPLINE_CURVE_WITH_KNOTS('',3,(#11881,#11882,#11883,#11884,#11885,
#11886),.UNSPECIFIED.,.F.,.F.,(4,2,4),(0.770636287650778,0.817387640692262,
0.818230757081134),.UNSPECIFIED.);
#70=B_SPLINE_CURVE_WITH_KNOTS('',3,(#11895,#11896,#11897,#11898),
 .UNSPECIFIED.,.F.,.F.,(4,4),(0.490300031957202,0.538729305499127),
 .UNSPECIFIED.);
#71=B_SPLINE_CURVE_WITH_KNOTS('',3,(#11904,#11905,#11906,#11907,#11908,
#11909,#11910),.UNSPECIFIED.,.F.,.F.,(4,3,4),(1.79674700890405,1.82836810714028,
1.83808193130135),.UNSPECIFIED.);
#72=B_SPLINE_CURVE_WITH_KNOTS('',3,(#11916,#11917,#11918,#11919,#11920,
#11921,#11922),.UNSPECIFIED.,.F.,.F.,(4,3,4),(0.862562877619027,0.896006626149964,
0.905725955615681),.UNSPECIFIED.);
#73=ITEM_DEFINED_TRANSFORMATION($,$,#7505,#7600);
#74=ITEM_DEFINED_TRANSFORMATION($,$,#7791,#7834);
#75=ITEM_DEFINED_TRANSFORMATION($,$,#7836,#7889);
#76=ITEM_DEFINED_TRANSFORMATION($,$,#7790,#7890);
#77=ITEM_DEFINED_TRANSFORMATION($,$,#7835,#7891);
#78=ITEM_DEFINED_TRANSFORMATION($,$,#7504,#7892);
#79=ITEM_DEFINED_TRANSFORMATION($,$,#7601,#7893);
#80=ITEM_DEFINED_TRANSFORMATION($,$,#7835,#7894);
#81=ITEM_DEFINED_TRANSFORMATION($,$,#7835,#7895);
#82=ITEM_DEFINED_TRANSFORMATION($,$,#7790,#7896);
#83=ITEM_DEFINED_TRANSFORMATION($,$,#7835,#7897);
#84=ITEM_DEFINED_TRANSFORMATION($,$,#7835,#7898);
#85=ITEM_DEFINED_TRANSFORMATION($,$,#7835,#7899);
#86=ITEM_DEFINED_TRANSFORMATION($,$,#7835,#7900);
#87=ITEM_DEFINED_TRANSFORMATION($,$,#7835,#7901);
#88=ITEM_DEFINED_TRANSFORMATION($,$,#7835,#7902);
#89=ITEM_DEFINED_TRANSFORMATION($,$,#7503,#8175);
#90=(
REPRESENTATION_RELATIONSHIP($,$,#12513,#12512)
REPRESENTATION_RELATIONSHIP_WITH_TRANSFORMATION(#73)
SHAPE_REPRESENTATION_RELATIONSHIP()
);
#91=(
REPRESENTATION_RELATIONSHIP($,$,#12516,#12515)
REPRESENTATION_RELATIONSHIP_WITH_TRANSFORMATION(#74)
SHAPE_REPRESENTATION_RELATIONSHIP()
);
#92=(
REPRESENTATION_RELATIONSHIP($,$,#12518,#12517)
REPRESENTATION_RELATIONSHIP_WITH_TRANSFORMATION(#75)
SHAPE_REPRESENTATION_RELATIONSHIP()
);
#93=(
REPRESENTATION_RELATIONSHIP($,$,#12515,#12511)
REPRESENTATION_RELATIONSHIP_WITH_TRANSFORMATION(#76)
SHAPE_REPRESENTATION_RELATIONSHIP()
);
#94=(
REPRESENTATION_RELATIONSHIP($,$,#12517,#12511)
REPRESENTATION_RELATIONSHIP_WITH_TRANSFORMATION(#77)
SHAPE_REPRESENTATION_RELATIONSHIP()
);
#95=(
REPRESENTATION_RELATIONSHIP($,$,#12512,#12511)
REPRESENTATION_RELATIONSHIP_WITH_TRANSFORMATION(#78)
SHAPE_REPRESENTATION_RELATIONSHIP()
);
#96=(
REPRESENTATION_RELATIONSHIP($,$,#12514,#12511)
REPRESENTATION_RELATIONSHIP_WITH_TRANSFORMATION(#79)
SHAPE_REPRESENTATION_RELATIONSHIP()
);
#97=(
REPRESENTATION_RELATIONSHIP($,$,#12517,#12511)
REPRESENTATION_RELATIONSHIP_WITH_TRANSFORMATION(#80)
SHAPE_REPRESENTATION_RELATIONSHIP()
);
#98=(
REPRESENTATION_RELATIONSHIP($,$,#12517,#12511)
REPRESENTATION_RELATIONSHIP_WITH_TRANSFORMATION(#81)
SHAPE_REPRESENTATION_RELATIONSHIP()
);
#99=(
REPRESENTATION_RELATIONSHIP($,$,#12515,#12511)
REPRESENTATION_RELATIONSHIP_WITH_TRANSFORMATION(#82)
SHAPE_REPRESENTATION_RELATIONSHIP()
);
#100=(
REPRESENTATION_RELATIONSHIP($,$,#12517,#12511)
REPRESENTATION_RELATIONSHIP_WITH_TRANSFORMATION(#83)
SHAPE_REPRESENTATION_RELATIONSHIP()
);
#101=(
REPRESENTATION_RELATIONSHIP($,$,#12517,#12511)
REPRESENTATION_RELATIONSHIP_WITH_TRANSFORMATION(#84)
SHAPE_REPRESENTATION_RELATIONSHIP()
);
#102=(
REPRESENTATION_RELATIONSHIP($,$,#12517,#12511)
REPRESENTATION_RELATIONSHIP_WITH_TRANSFORMATION(#85)
SHAPE_REPRESENTATION_RELATIONSHIP()
);
#103=(
REPRESENTATION_RELATIONSHIP($,$,#12517,#12511)
REPRESENTATION_RELATIONSHIP_WITH_TRANSFORMATION(#86)
SHAPE_REPRESENTATION_RELATIONSHIP()
);
#104=(
REPRESENTATION_RELATIONSHIP($,$,#12517,#12511)
REPRESENTATION_RELATIONSHIP_WITH_TRANSFORMATION(#87)
SHAPE_REPRESENTATION_RELATIONSHIP()
);
#105=(
REPRESENTATION_RELATIONSHIP($,$,#12517,#12511)
REPRESENTATION_RELATIONSHIP_WITH_TRANSFORMATION(#88)
SHAPE_REPRESENTATION_RELATIONSHIP()
);
#106=(
REPRESENTATION_RELATIONSHIP($,$,#12511,#12510)
REPRESENTATION_RELATIONSHIP_WITH_TRANSFORMATION(#89)
SHAPE_REPRESENTATION_RELATIONSHIP()
);
#107=CONTEXT_DEPENDENT_SHAPE_REPRESENTATION(#90,#12488);
#108=CONTEXT_DEPENDENT_SHAPE_REPRESENTATION(#91,#12492);
#109=CONTEXT_DEPENDENT_SHAPE_REPRESENTATION(#92,#12495);
#110=CONTEXT_DEPENDENT_SHAPE_REPRESENTATION(#93,#12496);
#111=CONTEXT_DEPENDENT_SHAPE_REPRESENTATION(#94,#12497);
#112=CONTEXT_DEPENDENT_SHAPE_REPRESENTATION(#95,#12498);
#113=CONTEXT_DEPENDENT_SHAPE_REPRESENTATION(#96,#12499);
#114=CONTEXT_DEPENDENT_SHAPE_REPRESENTATION(#97,#12500);
#115=CONTEXT_DEPENDENT_SHAPE_REPRESENTATION(#98,#12501);
#116=CONTEXT_DEPENDENT_SHAPE_REPRESENTATION(#99,#12502);
#117=CONTEXT_DEPENDENT_SHAPE_REPRESENTATION(#100,#12503);
#118=CONTEXT_DEPENDENT_SHAPE_REPRESENTATION(#101,#12504);
#119=CONTEXT_DEPENDENT_SHAPE_REPRESENTATION(#102,#12505);
#120=CONTEXT_DEPENDENT_SHAPE_REPRESENTATION(#103,#12506);
#121=CONTEXT_DEPENDENT_SHAPE_REPRESENTATION(#104,#12507);
#122=CONTEXT_DEPENDENT_SHAPE_REPRESENTATION(#105,#12508);
#123=CONTEXT_DEPENDENT_SHAPE_REPRESENTATION(#106,#12509);
#124=NEXT_ASSEMBLY_USAGE_OCCURRENCE('SOT-23:1','SOT-23:1','SOT-23:1',#12522,
#12523,'SOT-23:1');
#125=NEXT_ASSEMBLY_USAGE_OCCURRENCE('R_0805_2012Metric:1',
'R_0805_2012Metric:1','R_0805_2012Metric:1',#12525,#12526,
'R_0805_2012Metric:1');
#126=NEXT_ASSEMBLY_USAGE_OCCURRENCE('C_0805_2012Metric:1',
'C_0805_2012Metric:1','C_0805_2012Metric:1',#12527,#12528,
'C_0805_2012Metric:1');
#127=NEXT_ASSEMBLY_USAGE_OCCURRENCE('R_0805_2012Metric (1):1',
'R_0805_2012Metric (1):1','R_0805_2012Metric (1):1',#12521,#12525,
'R_0805_2012Metric (1):1');
#128=NEXT_ASSEMBLY_USAGE_OCCURRENCE('C_0805_2012Metric (1):1',
'C_0805_2012Metric (1):1','C_0805_2012Metric (1):1',#12521,#12527,
'C_0805_2012Metric (1):1');
#129=NEXT_ASSEMBLY_USAGE_OCCURRENCE('SOT-23 (1):1','SOT-23 (1):1',
'SOT-23 (1):1',#12521,#12522,'SOT-23 (1):1');
#130=NEXT_ASSEMBLY_USAGE_OCCURRENCE('DIY_Mouse_PCB:1','DIY_Mouse_PCB:1',
'DIY_Mouse_PCB:1',#12521,#12524,'DIY_Mouse_PCB:1');
#131=NEXT_ASSEMBLY_USAGE_OCCURRENCE('C_0805_2012Metric (1):2',
'C_0805_2012Metric (1):2','C_0805_2012Metric (1):2',#12521,#12527,
'C_0805_2012Metric (1):2');
#132=NEXT_ASSEMBLY_USAGE_OCCURRENCE('C_0805_2012Metric (1):3',
'C_0805_2012Metric (1):3','C_0805_2012Metric (1):3',#12521,#12527,
'C_0805_2012Metric (1):3');
#133=NEXT_ASSEMBLY_USAGE_OCCURRENCE('R_0805_2012Metric (1):2',
'R_0805_2012Metric (1):2','R_0805_2012Metric (1):2',#12521,#12525,
'R_0805_2012Metric (1):2');
#134=NEXT_ASSEMBLY_USAGE_OCCURRENCE('C_0805_2012Metric (1):4',
'C_0805_2012Metric (1):4','C_0805_2012Metric (1):4',#12521,#12527,
'C_0805_2012Metric (1):4');
#135=NEXT_ASSEMBLY_USAGE_OCCURRENCE('C_0805_2012Metric (1):5',
'C_0805_2012Metric (1):5','C_0805_2012Metric (1):5',#12521,#12527,
'C_0805_2012Metric (1):5');
#136=NEXT_ASSEMBLY_USAGE_OCCURRENCE('C_0805_2012Metric (1):6',
'C_0805_2012Metric (1):6','C_0805_2012Metric (1):6',#12521,#12527,
'C_0805_2012Metric (1):6');
#137=NEXT_ASSEMBLY_USAGE_OCCURRENCE('C_0805_2012Metric (1):7',
'C_0805_2012Metric (1):7','C_0805_2012Metric (1):7',#12521,#12527,
'C_0805_2012Metric (1):7');
#138=NEXT_ASSEMBLY_USAGE_OCCURRENCE('C_0805_2012Metric (1):8',
'C_0805_2012Metric (1):8','C_0805_2012Metric (1):8',#12521,#12527,
'C_0805_2012Metric (1):8');
#139=NEXT_ASSEMBLY_USAGE_OCCURRENCE('C_0805_2012Metric (1):9',
'C_0805_2012Metric (1):9','C_0805_2012Metric (1):9',#12521,#12527,
'C_0805_2012Metric (1):9');
#140=NEXT_ASSEMBLY_USAGE_OCCURRENCE('DIY_Mouse:1','DIY_Mouse:1',
'DIY_Mouse:1',#12520,#12521,'DIY_Mouse:1');
#141=SHAPE_REPRESENTATION_RELATIONSHIP('SRR','None',#12513,#146);
#142=SHAPE_REPRESENTATION_RELATIONSHIP('SRR','None',#12514,#147);
#143=SHAPE_REPRESENTATION_RELATIONSHIP('SRR','None',#12516,#148);
#144=SHAPE_REPRESENTATION_RELATIONSHIP('SRR','None',#12518,#149);
#145=SHAPE_REPRESENTATION_RELATIONSHIP('SRR','None',#12510,#150);
#146=ADVANCED_BREP_SHAPE_REPRESENTATION('',(#151),#12464);
#147=ADVANCED_BREP_SHAPE_REPRESENTATION('',(#152),#12465);
#148=ADVANCED_BREP_SHAPE_REPRESENTATION('',(#153),#12467);
#149=ADVANCED_BREP_SHAPE_REPRESENTATION('',(#154),#12469);
#150=ADVANCED_BREP_SHAPE_REPRESENTATION('',(#155,#156,#157),#12461);
#151=MANIFOLD_SOLID_BREP('Body1',#7450);
#152=MANIFOLD_SOLID_BREP('Body1',#7451);
#153=MANIFOLD_SOLID_BREP('Body1',#7452);
#154=MANIFOLD_SOLID_BREP('Body1',#7453);
#155=MANIFOLD_SOLID_BREP('Body6',#7454);
#156=MANIFOLD_SOLID_BREP('Body15',#7455);
#157=MANIFOLD_SOLID_BREP('Body18',#7456);
#158=FACE_BOUND('',#1150,.T.);
#159=FACE_BOUND('',#1179,.T.);
#160=FACE_BOUND('',#1180,.T.);
#161=FACE_BOUND('',#1181,.T.);
#162=FACE_BOUND('',#1182,.T.);
#163=FACE_BOUND('',#1183,.T.);
#164=FACE_BOUND('',#1184,.T.);
#165=FACE_BOUND('',#1185,.T.);
#166=FACE_BOUND('',#1186,.T.);
#167=FACE_BOUND('',#1187,.T.);
#168=FACE_BOUND('',#1188,.T.);
#169=FACE_BOUND('',#1189,.T.);
#170=FACE_BOUND('',#1190,.T.);
#171=FACE_BOUND('',#1191,.T.);
#172=FACE_BOUND('',#1192,.T.);
#173=FACE_BOUND('',#1193,.T.);
#174=FACE_BOUND('',#1194,.T.);
#175=FACE_BOUND('',#1195,.T.);
#176=FACE_BOUND('',#1196,.T.);
#177=FACE_BOUND('',#1197,.T.);
#178=FACE_BOUND('',#1198,.T.);
#179=FACE_BOUND('',#1199,.T.);
#180=FACE_BOUND('',#1200,.T.);
#181=FACE_BOUND('',#1201,.T.);
#182=FACE_BOUND('',#1202,.T.);
#183=FACE_BOUND('',#1203,.T.);
#184=FACE_BOUND('',#1204,.T.);
#185=FACE_BOUND('',#1205,.T.);
#186=FACE_BOUND('',#1206,.T.);
#187=FACE_BOUND('',#1207,.T.);
#188=FACE_BOUND('',#1208,.T.);
#189=FACE_BOUND('',#1209,.T.);
#190=FACE_BOUND('',#1210,.T.);
#191=FACE_BOUND('',#1211,.T.);
#192=FACE_BOUND('',#1212,.T.);
#193=FACE_BOUND('',#1213,.T.);
#194=FACE_BOUND('',#1214,.T.);
#195=FACE_BOUND('',#1215,.T.);
#196=FACE_BOUND('',#1216,.T.);
#197=FACE_BOUND('',#1217,.T.);
#198=FACE_BOUND('',#1218,.T.);
#199=FACE_BOUND('',#1219,.T.);
#200=FACE_BOUND('',#1220,.T.);
#201=FACE_BOUND('',#1221,.T.);
#202=FACE_BOUND('',#1222,.T.);
#203=FACE_BOUND('',#1223,.T.);
#204=FACE_BOUND('',#1224,.T.);
#205=FACE_BOUND('',#1225,.T.);
#206=FACE_BOUND('',#1226,.T.);
#207=FACE_BOUND('',#1227,.T.);
#208=FACE_BOUND('',#1228,.T.);
#209=FACE_BOUND('',#1229,.T.);
#210=FACE_BOUND('',#1230,.T.);
#211=FACE_BOUND('',#1231,.T.);
#212=FACE_BOUND('',#1232,.T.);
#213=FACE_BOUND('',#1233,.T.);
#214=FACE_BOUND('',#1234,.T.);
#215=FACE_BOUND('',#1235,.T.);
#216=FACE_BOUND('',#1237,.T.);
#217=FACE_BOUND('',#1238,.T.);
#218=FACE_BOUND('',#1239,.T.);
#219=FACE_BOUND('',#1240,.T.);
#220=FACE_BOUND('',#1241,.T.);
#221=FACE_BOUND('',#1242,.T.);
#222=FACE_BOUND('',#1243,.T.);
#223=FACE_BOUND('',#1244,.T.);
#224=FACE_BOUND('',#1245,.T.);
#225=FACE_BOUND('',#1246,.T.);
#226=FACE_BOUND('',#1247,.T.);
#227=FACE_BOUND('',#1248,.T.);
#228=FACE_BOUND('',#1249,.T.);
#229=FACE_BOUND('',#1250,.T.);
#230=FACE_BOUND('',#1251,.T.);
#231=FACE_BOUND('',#1252,.T.);
#232=FACE_BOUND('',#1253,.T.);
#233=FACE_BOUND('',#1254,.T.);
#234=FACE_BOUND('',#1255,.T.);
#235=FACE_BOUND('',#1256,.T.);
#236=FACE_BOUND('',#1257,.T.);
#237=FACE_BOUND('',#1258,.T.);
#238=FACE_BOUND('',#1259,.T.);
#239=FACE_BOUND('',#1260,.T.);
#240=FACE_BOUND('',#1261,.T.);
#241=FACE_BOUND('',#1262,.T.);
#242=FACE_BOUND('',#1263,.T.);
#243=FACE_BOUND('',#1264,.T.);
#244=FACE_BOUND('',#1265,.T.);
#245=FACE_BOUND('',#1266,.T.);
#246=FACE_BOUND('',#1267,.T.);
#247=FACE_BOUND('',#1268,.T.);
#248=FACE_BOUND('',#1269,.T.);
#249=FACE_BOUND('',#1270,.T.);
#250=FACE_BOUND('',#1271,.T.);
#251=FACE_BOUND('',#1272,.T.);
#252=FACE_BOUND('',#1273,.T.);
#253=FACE_BOUND('',#1274,.T.);
#254=FACE_BOUND('',#1275,.T.);
#255=FACE_BOUND('',#1276,.T.);
#256=FACE_BOUND('',#1277,.T.);
#257=FACE_BOUND('',#1278,.T.);
#258=FACE_BOUND('',#1279,.T.);
#259=FACE_BOUND('',#1280,.T.);
#260=FACE_BOUND('',#1281,.T.);
#261=FACE_BOUND('',#1282,.T.);
#262=FACE_BOUND('',#1283,.T.);
#263=FACE_BOUND('',#1284,.T.);
#264=FACE_BOUND('',#1285,.T.);
#265=FACE_BOUND('',#1286,.T.);
#266=FACE_BOUND('',#1287,.T.);
#267=FACE_BOUND('',#1288,.T.);
#268=FACE_BOUND('',#1289,.T.);
#269=FACE_BOUND('',#1290,.T.);
#270=FACE_BOUND('',#1291,.T.);
#271=FACE_BOUND('',#1292,.T.);
#272=FACE_BOUND('',#1293,.T.);
#273=FACE_BOUND('',#1397,.T.);
#274=FACE_BOUND('',#1407,.T.);
#275=FACE_BOUND('',#1418,.T.);
#276=FACE_BOUND('',#1421,.T.);
#277=FACE_BOUND('',#1428,.T.);
#278=FACE_BOUND('',#1432,.T.);
#279=FACE_BOUND('',#1436,.T.);
#280=FACE_BOUND('',#1447,.T.);
#281=FACE_BOUND('',#1450,.T.);
#282=FACE_BOUND('',#1453,.T.);
#283=FACE_BOUND('',#1461,.T.);
#284=FACE_BOUND('',#1465,.T.);
#285=FACE_BOUND('',#1466,.T.);
#286=FACE_BOUND('',#1467,.T.);
#287=FACE_BOUND('',#1468,.T.);
#288=FACE_BOUND('',#1469,.T.);
#289=FACE_BOUND('',#1470,.T.);
#290=FACE_BOUND('',#1471,.T.);
#291=FACE_BOUND('',#1472,.T.);
#292=FACE_BOUND('',#1473,.T.);
#293=FACE_BOUND('',#1484,.T.);
#294=FACE_BOUND('',#1485,.T.);
#295=FACE_BOUND('',#1486,.T.);
#296=FACE_BOUND('',#1487,.T.);
#297=FACE_BOUND('',#1488,.T.);
#298=FACE_BOUND('',#1489,.T.);
#299=FACE_BOUND('',#1492,.T.);
#300=FACE_BOUND('',#1556,.T.);
#301=FACE_BOUND('',#1560,.T.);
#302=FACE_BOUND('',#1561,.T.);
#303=FACE_BOUND('',#1569,.T.);
#304=FACE_BOUND('',#1570,.T.);
#305=FACE_BOUND('',#1572,.T.);
#306=FACE_BOUND('',#1574,.T.);
#307=FACE_BOUND('',#1581,.T.);
#308=FACE_BOUND('',#1594,.T.);
#309=FACE_BOUND('',#1596,.T.);
#310=FACE_BOUND('',#1598,.T.);
#311=FACE_BOUND('',#1603,.T.);
#312=FACE_BOUND('',#1604,.T.);
#313=FACE_BOUND('',#1606,.T.);
#314=FACE_BOUND('',#1610,.T.);
#315=FACE_BOUND('',#1612,.T.);
#316=FACE_BOUND('',#1641,.T.);
#317=FACE_BOUND('',#1649,.T.);
#318=CIRCLE('',#7521,0.1);
#319=CIRCLE('',#7522,0.1);
#320=CIRCLE('',#7525,0.1);
#321=CIRCLE('',#7526,0.1);
#322=CIRCLE('',#7530,0.1);
#323=CIRCLE('',#7531,0.1);
#324=CIRCLE('',#7545,0.25);
#325=CIRCLE('',#7546,0.1);
#326=CIRCLE('',#7547,0.25);
#327=CIRCLE('',#7550,0.25);
#328=CIRCLE('',#7551,0.1);
#329=CIRCLE('',#7552,0.25);
#330=CIRCLE('',#7555,0.25);
#331=CIRCLE('',#7556,0.1);
#332=CIRCLE('',#7557,0.25);
#333=CIRCLE('',#7560,0.25);
#334=CIRCLE('',#7561,0.1);
#335=CIRCLE('',#7562,0.25);
#336=CIRCLE('',#7564,0.25);
#337=CIRCLE('',#7565,0.1);
#338=CIRCLE('',#7566,0.25);
#339=CIRCLE('',#7569,0.25);
#340=CIRCLE('',#7570,0.1);
#341=CIRCLE('',#7571,0.25);
#342=CIRCLE('',#7575,0.05);
#343=CIRCLE('',#7606,0.508);
#344=CIRCLE('',#7607,0.508);
#345=CIRCLE('',#7608,0.508);
#346=CIRCLE('',#7609,0.508);
#347=CIRCLE('',#7610,0.508);
#348=CIRCLE('',#7611,0.508);
#349=CIRCLE('',#7612,0.508);
#350=CIRCLE('',#7613,0.508);
#351=CIRCLE('',#7614,0.508);
#352=CIRCLE('',#7615,0.508);
#353=CIRCLE('',#7616,0.508);
#354=CIRCLE('',#7617,0.508);
#355=CIRCLE('',#7618,0.35);
#356=CIRCLE('',#7619,0.35);
#357=CIRCLE('',#7620,1.1);
#358=CIRCLE('',#7621,0.508);
#359=CIRCLE('',#7622,0.508);
#360=CIRCLE('',#7623,0.508);
#361=CIRCLE('',#7624,0.508);
#362=CIRCLE('',#7625,0.508);
#363=CIRCLE('',#7626,0.508);
#364=CIRCLE('',#7627,0.508);
#365=CIRCLE('',#7628,0.508);
#366=CIRCLE('',#7629,0.508);
#367=CIRCLE('',#7630,0.508);
#368=CIRCLE('',#7631,0.508);
#369=CIRCLE('',#7632,0.508);
#370=CIRCLE('',#7633,0.35);
#371=CIRCLE('',#7634,0.35);
#372=CIRCLE('',#7635,0.35);
#373=CIRCLE('',#7636,0.35);
#374=CIRCLE('',#7637,0.35);
#375=CIRCLE('',#7638,0.35);
#376=CIRCLE('',#7639,0.35);
#377=CIRCLE('',#7640,0.35);
#378=CIRCLE('',#7641,0.35);
#379=CIRCLE('',#7642,0.75);
#380=CIRCLE('',#7643,1.1);
#381=CIRCLE('',#7644,0.75);
#382=CIRCLE('',#7645,0.75);
#383=CIRCLE('',#7646,0.5);
#384=CIRCLE('',#7647,0.5);
#385=CIRCLE('',#7648,0.35);
#386=CIRCLE('',#7649,0.35);
#387=CIRCLE('',#7650,0.35);
#388=CIRCLE('',#7651,0.35);
#389=CIRCLE('',#7652,0.35);
#390=CIRCLE('',#7653,0.75);
#391=CIRCLE('',#7654,0.75);
#392=CIRCLE('',#7655,0.5);
#393=CIRCLE('',#7656,0.5);
#394=CIRCLE('',#7657,0.5);
#395=CIRCLE('',#7658,0.75);
#396=CIRCLE('',#7659,0.75);
#397=CIRCLE('',#7660,0.75);
#398=CIRCLE('',#7661,0.75);
#399=CIRCLE('',#7662,0.75);
#400=CIRCLE('',#7663,1.1);
#401=CIRCLE('',#7665,0.508);
#402=CIRCLE('',#7666,0.508);
#403=CIRCLE('',#7667,0.508);
#404=CIRCLE('',#7668,0.508);
#405=CIRCLE('',#7669,0.508);
#406=CIRCLE('',#7670,0.508);
#407=CIRCLE('',#7671,0.508);
#408=CIRCLE('',#7672,0.508);
#409=CIRCLE('',#7673,0.508);
#410=CIRCLE('',#7674,0.508);
#411=CIRCLE('',#7675,0.508);
#412=CIRCLE('',#7676,0.508);
#413=CIRCLE('',#7677,0.35);
#414=CIRCLE('',#7678,0.35);
#415=CIRCLE('',#7679,1.1);
#416=CIRCLE('',#7680,0.508);
#417=CIRCLE('',#7681,0.508);
#418=CIRCLE('',#7682,0.508);
#419=CIRCLE('',#7683,0.508);
#420=CIRCLE('',#7684,0.508);
#421=CIRCLE('',#7685,0.508);
#422=CIRCLE('',#7686,0.508);
#423=CIRCLE('',#7687,0.508);
#424=CIRCLE('',#7688,0.508);
#425=CIRCLE('',#7689,0.508);
#426=CIRCLE('',#7690,0.508);
#427=CIRCLE('',#7691,0.508);
#428=CIRCLE('',#7692,0.35);
#429=CIRCLE('',#7693,0.35);
#430=CIRCLE('',#7694,0.35);
#431=CIRCLE('',#7695,0.35);
#432=CIRCLE('',#7696,0.35);
#433=CIRCLE('',#7697,0.35);
#434=CIRCLE('',#7698,0.35);
#435=CIRCLE('',#7699,0.35);
#436=CIRCLE('',#7700,0.35);
#437=CIRCLE('',#7701,0.75);
#438=CIRCLE('',#7702,1.1);
#439=CIRCLE('',#7703,0.75);
#440=CIRCLE('',#7704,0.75);
#441=CIRCLE('',#7705,0.5);
#442=CIRCLE('',#7706,0.5);
#443=CIRCLE('',#7707,0.35);
#444=CIRCLE('',#7708,0.35);
#445=CIRCLE('',#7709,0.35);
#446=CIRCLE('',#7710,0.35);
#447=CIRCLE('',#7711,0.35);
#448=CIRCLE('',#7712,0.75);
#449=CIRCLE('',#7713,0.75);
#450=CIRCLE('',#7714,0.5);
#451=CIRCLE('',#7715,0.5);
#452=CIRCLE('',#7716,0.5);
#453=CIRCLE('',#7717,0.75);
#454=CIRCLE('',#7718,0.75);
#455=CIRCLE('',#7719,0.75);
#456=CIRCLE('',#7720,0.75);
#457=CIRCLE('',#7721,0.75);
#458=CIRCLE('',#7722,1.1);
#459=CIRCLE('',#7794,0.045);
#460=CIRCLE('',#7795,0.045);
#461=CIRCLE('',#7796,0.045);
#462=CIRCLE('',#7797,0.045);
#463=CIRCLE('',#7799,0.045);
#464=CIRCLE('',#7801,0.045);
#465=CIRCLE('',#7803,0.045);
#466=CIRCLE('',#7804,0.045);
#467=CIRCLE('',#7813,0.045);
#468=CIRCLE('',#7814,0.045);
#469=CIRCLE('',#7815,0.045);
#470=CIRCLE('',#7816,0.045);
#471=CIRCLE('',#7820,0.045);
#472=CIRCLE('',#7821,0.045);
#473=CIRCLE('',#7822,0.045);
#474=CIRCLE('',#7823,0.045);
#475=CIRCLE('',#7838,0.04);
#476=CIRCLE('',#7839,0.04);
#477=CIRCLE('',#7840,0.04);
#478=CIRCLE('',#7841,0.04);
#479=CIRCLE('',#7844,0.04);
#480=CIRCLE('',#7846,0.04);
#481=CIRCLE('',#7850,0.04);
#482=CIRCLE('',#7852,0.04);
#483=CIRCLE('',#7855,0.04);
#484=CIRCLE('',#7856,0.04);
#485=CIRCLE('',#7857,0.04);
#486=CIRCLE('',#7858,0.04);
#487=CIRCLE('',#7860,0.04);
#488=CIRCLE('',#7863,0.04);
#489=CIRCLE('',#7866,0.04);
#490=CIRCLE('',#7869,0.04);
#491=CIRCLE('',#7872,0.04);
#492=CIRCLE('',#7873,0.04);
#493=CIRCLE('',#7874,0.04);
#494=CIRCLE('',#7875,0.04);
#495=CIRCLE('',#7878,0.04);
#496=CIRCLE('',#7880,0.04);
#497=CIRCLE('',#7884,0.04);
#498=CIRCLE('',#7886,0.04);
#499=CIRCLE('',#7904,2.);
#500=CIRCLE('',#7905,1.3);
#501=CIRCLE('',#7907,2.);
#502=CIRCLE('',#7909,2.);
#503=CIRCLE('',#7910,1.3);
#504=CIRCLE('',#7912,2.);
#505=CIRCLE('',#7914,1.3);
#506=CIRCLE('',#7916,1.3);
#507=CIRCLE('',#7920,2.);
#508=CIRCLE('',#7921,1.3);
#509=CIRCLE('',#7923,2.);
#510=CIRCLE('',#7925,1.3);
#511=CIRCLE('',#7927,2.);
#512=CIRCLE('',#7928,1.3);
#513=CIRCLE('',#7930,2.);
#514=CIRCLE('',#7932,1.3);
#515=CIRCLE('',#7934,2.);
#516=CIRCLE('',#7935,1.3);
#517=CIRCLE('',#7937,2.);
#518=CIRCLE('',#7939,1.3);
#519=CIRCLE('',#7941,1.45);
#520=CIRCLE('',#7942,1.45);
#521=CIRCLE('',#7945,1.45);
#522=CIRCLE('',#7946,1.45);
#523=CIRCLE('',#7949,1.45);
#524=CIRCLE('',#7950,1.45);
#525=CIRCLE('',#7953,2.59999999999999);
#526=CIRCLE('',#7954,2.59999999999999);
#527=CIRCLE('',#7957,2.60000000000001);
#528=CIRCLE('',#7958,2.60000000000001);
#529=CIRCLE('',#7962,7.05);
#530=CIRCLE('',#7963,7.05);
#531=CIRCLE('',#7964,7.05);
#532=CIRCLE('',#7965,7.05);
#533=CIRCLE('',#7976,7.05);
#534=CIRCLE('',#7977,7.05);
#535=CIRCLE('',#7978,7.05);
#536=CIRCLE('',#7979,7.05);
#537=CIRCLE('',#7980,2.59999999999999);
#538=CIRCLE('',#7992,2.59999999999999);
#539=CIRCLE('',#7995,3.1);
#540=CIRCLE('',#7999,3.1);
#541=CIRCLE('',#8003,3.1);
#542=CIRCLE('',#8007,3.1);
#543=CIRCLE('',#8011,3.1);
#544=CIRCLE('',#8014,3.1);
#545=CIRCLE('',#8018,3.1);
#546=CIRCLE('',#8022,3.1);
#547=CIRCLE('',#8026,3.1);
#548=CIRCLE('',#8030,3.1);
#549=CIRCLE('',#8033,2.245641102754);
#550=CIRCLE('',#8035,2.245641102754);
#551=CIRCLE('',#8037,3.1);
#552=CIRCLE('',#8039,3.1);
#553=CIRCLE('',#8041,3.1);
#554=CIRCLE('',#8043,3.1);
#555=CIRCLE('',#8045,3.1);
#556=CIRCLE('',#8047,3.1);
#557=CIRCLE('',#8049,3.1);
#558=CIRCLE('',#8051,3.1);
#559=CIRCLE('',#8053,3.1);
#560=CIRCLE('',#8055,3.1);
#561=CIRCLE('',#8079,7.101);
#562=CIRCLE('',#8080,5.101);
#563=CIRCLE('',#8082,7.101);
#564=CIRCLE('',#8085,5.101);
#565=CIRCLE('',#8093,9.);
#566=CIRCLE('',#8094,9.);
#567=CIRCLE('',#8103,9.);
#568=CIRCLE('',#8104,9.);
#569=CIRCLE('',#8106,1.45);
#570=CIRCLE('',#8107,1.45);
#571=CIRCLE('',#8110,1.45);
#572=CIRCLE('',#8111,1.45);
#573=CIRCLE('',#8113,1.45);
#574=CIRCLE('',#8114,1.45);
#575=CIRCLE('',#8158,1.45);
#576=CIRCLE('',#8159,1.45);
#577=CIRCLE('',#8167,1.45);
#578=CIRCLE('',#8168,1.45);
#579=CYLINDRICAL_SURFACE('',#7520,0.1);
#580=CYLINDRICAL_SURFACE('',#7524,0.1);
#581=CYLINDRICAL_SURFACE('',#7529,0.1);
#582=CYLINDRICAL_SURFACE('',#7572,0.25);
#583=CYLINDRICAL_SURFACE('',#7578,0.25);
#584=CYLINDRICAL_SURFACE('',#7580,0.25);
#585=CYLINDRICAL_SURFACE('',#7582,0.1);
#586=CYLINDRICAL_SURFACE('',#7586,0.25);
#587=CYLINDRICAL_SURFACE('',#7588,0.1);
#588=CYLINDRICAL_SURFACE('',#7592,0.25);
#589=CYLINDRICAL_SURFACE('',#7594,0.1);
#590=CYLINDRICAL_SURFACE('',#7598,0.25);
#591=CYLINDRICAL_SURFACE('',#7724,0.508);
#592=CYLINDRICAL_SURFACE('',#7725,0.508);
#593=CYLINDRICAL_SURFACE('',#7726,0.508);
#594=CYLINDRICAL_SURFACE('',#7727,0.508);
#595=CYLINDRICAL_SURFACE('',#7728,0.508);
#596=CYLINDRICAL_SURFACE('',#7729,0.508);
#597=CYLINDRICAL_SURFACE('',#7730,0.508);
#598=CYLINDRICAL_SURFACE('',#7731,0.508);
#599=CYLINDRICAL_SURFACE('',#7732,0.508);
#600=CYLINDRICAL_SURFACE('',#7733,0.508);
#601=CYLINDRICAL_SURFACE('',#7734,0.508);
#602=CYLINDRICAL_SURFACE('',#7735,0.508);
#603=CYLINDRICAL_SURFACE('',#7736,0.35);
#604=CYLINDRICAL_SURFACE('',#7737,0.35);
#605=CYLINDRICAL_SURFACE('',#7738,1.1);
#606=CYLINDRICAL_SURFACE('',#7739,0.508);
#607=CYLINDRICAL_SURFACE('',#7740,0.508);
#608=CYLINDRICAL_SURFACE('',#7741,0.508);
#609=CYLINDRICAL_SURFACE('',#7742,0.508);
#610=CYLINDRICAL_SURFACE('',#7743,0.508);
#611=CYLINDRICAL_SURFACE('',#7744,0.508);
#612=CYLINDRICAL_SURFACE('',#7745,0.508);
#613=CYLINDRICAL_SURFACE('',#7746,0.508);
#614=CYLINDRICAL_SURFACE('',#7747,0.508);
#615=CYLINDRICAL_SURFACE('',#7748,0.508);
#616=CYLINDRICAL_SURFACE('',#7749,0.508);
#617=CYLINDRICAL_SURFACE('',#7750,0.508);
#618=CYLINDRICAL_SURFACE('',#7751,0.35);
#619=CYLINDRICAL_SURFACE('',#7752,0.35);
#620=CYLINDRICAL_SURFACE('',#7753,0.35);
#621=CYLINDRICAL_SURFACE('',#7754,0.35);
#622=CYLINDRICAL_SURFACE('',#7755,0.35);
#623=CYLINDRICAL_SURFACE('',#7756,0.35);
#624=CYLINDRICAL_SURFACE('',#7757,0.35);
#625=CYLINDRICAL_SURFACE('',#7758,0.35);
#626=CYLINDRICAL_SURFACE('',#7759,0.35);
#627=CYLINDRICAL_SURFACE('',#7760,0.75);
#628=CYLINDRICAL_SURFACE('',#7761,1.1);
#629=CYLINDRICAL_SURFACE('',#7762,0.75);
#630=CYLINDRICAL_SURFACE('',#7763,0.75);
#631=CYLINDRICAL_SURFACE('',#7764,0.5);
#632=CYLINDRICAL_SURFACE('',#7765,0.5);
#633=CYLINDRICAL_SURFACE('',#7770,0.35);
#634=CYLINDRICAL_SURFACE('',#7771,0.35);
#635=CYLINDRICAL_SURFACE('',#7772,0.35);
#636=CYLINDRICAL_SURFACE('',#7773,0.35);
#637=CYLINDRICAL_SURFACE('',#7774,0.35);
#638=CYLINDRICAL_SURFACE('',#7775,0.75);
#639=CYLINDRICAL_SURFACE('',#7777,0.75);
#640=CYLINDRICAL_SURFACE('',#7779,0.5);
#641=CYLINDRICAL_SURFACE('',#7780,0.5);
#642=CYLINDRICAL_SURFACE('',#7781,0.5);
#643=CYLINDRICAL_SURFACE('',#7782,0.75);
#644=CYLINDRICAL_SURFACE('',#7784,0.75);
#645=CYLINDRICAL_SURFACE('',#7786,0.75);
#646=CYLINDRICAL_SURFACE('',#7787,0.75);
#647=CYLINDRICAL_SURFACE('',#7788,0.75);
#648=CYLINDRICAL_SURFACE('',#7789,1.1);
#649=CYLINDRICAL_SURFACE('',#7798,0.045);
#650=CYLINDRICAL_SURFACE('',#7800,0.045);
#651=CYLINDRICAL_SURFACE('',#7806,0.045);
#652=CYLINDRICAL_SURFACE('',#7809,0.045);
#653=CYLINDRICAL_SURFACE('',#7825,0.045);
#654=CYLINDRICAL_SURFACE('',#7827,0.045);
#655=CYLINDRICAL_SURFACE('',#7829,0.045);
#656=CYLINDRICAL_SURFACE('',#7831,0.045);
#657=CYLINDRICAL_SURFACE('',#7843,0.04);
#658=CYLINDRICAL_SURFACE('',#7845,0.04);
#659=CYLINDRICAL_SURFACE('',#7849,0.04);
#660=CYLINDRICAL_SURFACE('',#7851,0.04);
#661=CYLINDRICAL_SURFACE('',#7859,0.04);
#662=CYLINDRICAL_SURFACE('',#7862,0.04);
#663=CYLINDRICAL_SURFACE('',#7865,0.04);
#664=CYLINDRICAL_SURFACE('',#7868,0.04);
#665=CYLINDRICAL_SURFACE('',#7877,0.04);
#666=CYLINDRICAL_SURFACE('',#7879,0.04);
#667=CYLINDRICAL_SURFACE('',#7883,0.04);
#668=CYLINDRICAL_SURFACE('',#7885,0.04);
#669=CYLINDRICAL_SURFACE('',#7906,2.);
#670=CYLINDRICAL_SURFACE('',#7911,2.);
#671=CYLINDRICAL_SURFACE('',#7913,1.3);
#672=CYLINDRICAL_SURFACE('',#7915,1.3);
#673=CYLINDRICAL_SURFACE('',#7922,2.);
#674=CYLINDRICAL_SURFACE('',#7924,1.3);
#675=CYLINDRICAL_SURFACE('',#7929,2.);
#676=CYLINDRICAL_SURFACE('',#7931,1.3);
#677=CYLINDRICAL_SURFACE('',#7936,2.);
#678=CYLINDRICAL_SURFACE('',#7938,1.3);
#679=CYLINDRICAL_SURFACE('',#7940,1.45);
#680=CYLINDRICAL_SURFACE('',#7944,1.45);
#681=CYLINDRICAL_SURFACE('',#7948,1.45);
#682=CYLINDRICAL_SURFACE('',#7952,2.59999999999999);
#683=CYLINDRICAL_SURFACE('',#7956,2.60000000000001);
#684=CYLINDRICAL_SURFACE('',#7981,7.05);
#685=CYLINDRICAL_SURFACE('',#7983,7.05);
#686=CYLINDRICAL_SURFACE('',#7986,7.05);
#687=CYLINDRICAL_SURFACE('',#7988,7.05);
#688=CYLINDRICAL_SURFACE('',#7991,2.59999999999999);
#689=CYLINDRICAL_SURFACE('',#7994,3.1);
#690=CYLINDRICAL_SURFACE('',#7998,3.1);
#691=CYLINDRICAL_SURFACE('',#8002,3.1);
#692=CYLINDRICAL_SURFACE('',#8006,3.1);
#693=CYLINDRICAL_SURFACE('',#8010,3.1);
#694=CYLINDRICAL_SURFACE('',#8013,3.1);
#695=CYLINDRICAL_SURFACE('',#8017,3.1);
#696=CYLINDRICAL_SURFACE('',#8021,3.1);
#697=CYLINDRICAL_SURFACE('',#8025,3.1);
#698=CYLINDRICAL_SURFACE('',#8029,3.1);
#699=CYLINDRICAL_SURFACE('',#8036,3.1);
#700=CYLINDRICAL_SURFACE('',#8038,3.1);
#701=CYLINDRICAL_SURFACE('',#8040,3.1);
#702=CYLINDRICAL_SURFACE('',#8042,3.1);
#703=CYLINDRICAL_SURFACE('',#8044,3.1);
#704=CYLINDRICAL_SURFACE('',#8046,3.1);
#705=CYLINDRICAL_SURFACE('',#8048,3.1);
#706=CYLINDRICAL_SURFACE('',#8050,3.1);
#707=CYLINDRICAL_SURFACE('',#8052,3.1);
#708=CYLINDRICAL_SURFACE('',#8054,3.1);
#709=CYLINDRICAL_SURFACE('',#8083,7.101);
#710=CYLINDRICAL_SURFACE('',#8086,5.101);
#711=CYLINDRICAL_SURFACE('',#8105,1.45);
#712=CYLINDRICAL_SURFACE('',#8109,1.45);
#713=CYLINDRICAL_SURFACE('',#8112,1.45);
#714=CYLINDRICAL_SURFACE('',#8155,9.);
#715=CYLINDRICAL_SURFACE('',#8156,9.);
#716=CYLINDRICAL_SURFACE('',#8157,1.45);
#717=CYLINDRICAL_SURFACE('',#8166,1.45);
#718=FACE_OUTER_BOUND('',#1105,.T.);
#719=FACE_OUTER_BOUND('',#1106,.T.);
#720=FACE_OUTER_BOUND('',#1107,.T.);
#721=FACE_OUTER_BOUND('',#1108,.T.);
#722=FACE_OUTER_BOUND('',#1109,.T.);
#723=FACE_OUTER_BOUND('',#1110,.T.);
#724=FACE_OUTER_BOUND('',#1111,.T.);
#725=FACE_OUTER_BOUND('',#1112,.T.);
#726=FACE_OUTER_BOUND('',#1113,.T.);
#727=FACE_OUTER_BOUND('',#1114,.T.);
#728=FACE_OUTER_BOUND('',#1115,.T.);
#729=FACE_OUTER_BOUND('',#1116,.T.);
#730=FACE_OUTER_BOUND('',#1117,.T.);
#731=FACE_OUTER_BOUND('',#1118,.T.);
#732=FACE_OUTER_BOUND('',#1119,.T.);
#733=FACE_OUTER_BOUND('',#1120,.T.);
#734=FACE_OUTER_BOUND('',#1121,.T.);
#735=FACE_OUTER_BOUND('',#1122,.T.);
#736=FACE_OUTER_BOUND('',#1123,.T.);
#737=FACE_OUTER_BOUND('',#1124,.T.);
#738=FACE_OUTER_BOUND('',#1125,.T.);
#739=FACE_OUTER_BOUND('',#1126,.T.);
#740=FACE_OUTER_BOUND('',#1127,.T.);
#741=FACE_OUTER_BOUND('',#1128,.T.);
#742=FACE_OUTER_BOUND('',#1129,.T.);
#743=FACE_OUTER_BOUND('',#1130,.T.);
#744=FACE_OUTER_BOUND('',#1131,.T.);
#745=FACE_OUTER_BOUND('',#1132,.T.);
#746=FACE_OUTER_BOUND('',#1133,.T.);
#747=FACE_OUTER_BOUND('',#1134,.T.);
#748=FACE_OUTER_BOUND('',#1135,.T.);
#749=FACE_OUTER_BOUND('',#1136,.T.);
#750=FACE_OUTER_BOUND('',#1137,.T.);
#751=FACE_OUTER_BOUND('',#1138,.T.);
#752=FACE_OUTER_BOUND('',#1139,.T.);
#753=FACE_OUTER_BOUND('',#1140,.T.);
#754=FACE_OUTER_BOUND('',#1141,.T.);
#755=FACE_OUTER_BOUND('',#1142,.T.);
#756=FACE_OUTER_BOUND('',#1143,.T.);
#757=FACE_OUTER_BOUND('',#1144,.T.);
#758=FACE_OUTER_BOUND('',#1145,.T.);
#759=FACE_OUTER_BOUND('',#1146,.T.);
#760=FACE_OUTER_BOUND('',#1147,.T.);
#761=FACE_OUTER_BOUND('',#1148,.T.);
#762=FACE_OUTER_BOUND('',#1149,.T.);
#763=FACE_OUTER_BOUND('',#1151,.T.);
#764=FACE_OUTER_BOUND('',#1152,.T.);
#765=FACE_OUTER_BOUND('',#1153,.T.);
#766=FACE_OUTER_BOUND('',#1154,.T.);
#767=FACE_OUTER_BOUND('',#1155,.T.);
#768=FACE_OUTER_BOUND('',#1156,.T.);
#769=FACE_OUTER_BOUND('',#1157,.T.);
#770=FACE_OUTER_BOUND('',#1158,.T.);
#771=FACE_OUTER_BOUND('',#1159,.T.);
#772=FACE_OUTER_BOUND('',#1160,.T.);
#773=FACE_OUTER_BOUND('',#1161,.T.);
#774=FACE_OUTER_BOUND('',#1162,.T.);
#775=FACE_OUTER_BOUND('',#1163,.T.);
#776=FACE_OUTER_BOUND('',#1164,.T.);
#777=FACE_OUTER_BOUND('',#1165,.T.);
#778=FACE_OUTER_BOUND('',#1166,.T.);
#779=FACE_OUTER_BOUND('',#1167,.T.);
#780=FACE_OUTER_BOUND('',#1168,.T.);
#781=FACE_OUTER_BOUND('',#1169,.T.);
#782=FACE_OUTER_BOUND('',#1170,.T.);
#783=FACE_OUTER_BOUND('',#1171,.T.);
#784=FACE_OUTER_BOUND('',#1172,.T.);
#785=FACE_OUTER_BOUND('',#1173,.T.);
#786=FACE_OUTER_BOUND('',#1174,.T.);
#787=FACE_OUTER_BOUND('',#1175,.T.);
#788=FACE_OUTER_BOUND('',#1176,.T.);
#789=FACE_OUTER_BOUND('',#1177,.T.);
#790=FACE_OUTER_BOUND('',#1178,.T.);
#791=FACE_OUTER_BOUND('',#1236,.T.);
#792=FACE_OUTER_BOUND('',#1294,.T.);
#793=FACE_OUTER_BOUND('',#1295,.T.);
#794=FACE_OUTER_BOUND('',#1296,.T.);
#795=FACE_OUTER_BOUND('',#1297,.T.);
#796=FACE_OUTER_BOUND('',#1298,.T.);
#797=FACE_OUTER_BOUND('',#1299,.T.);
#798=FACE_OUTER_BOUND('',#1300,.T.);
#799=FACE_OUTER_BOUND('',#1301,.T.);
#800=FACE_OUTER_BOUND('',#1302,.T.);
#801=FACE_OUTER_BOUND('',#1303,.T.);
#802=FACE_OUTER_BOUND('',#1304,.T.);
#803=FACE_OUTER_BOUND('',#1305,.T.);
#804=FACE_OUTER_BOUND('',#1306,.T.);
#805=FACE_OUTER_BOUND('',#1307,.T.);
#806=FACE_OUTER_BOUND('',#1308,.T.);
#807=FACE_OUTER_BOUND('',#1309,.T.);
#808=FACE_OUTER_BOUND('',#1310,.T.);
#809=FACE_OUTER_BOUND('',#1311,.T.);
#810=FACE_OUTER_BOUND('',#1312,.T.);
#811=FACE_OUTER_BOUND('',#1313,.T.);
#812=FACE_OUTER_BOUND('',#1314,.T.);
#813=FACE_OUTER_BOUND('',#1315,.T.);
#814=FACE_OUTER_BOUND('',#1316,.T.);
#815=FACE_OUTER_BOUND('',#1317,.T.);
#816=FACE_OUTER_BOUND('',#1318,.T.);
#817=FACE_OUTER_BOUND('',#1319,.T.);
#818=FACE_OUTER_BOUND('',#1320,.T.);
#819=FACE_OUTER_BOUND('',#1321,.T.);
#820=FACE_OUTER_BOUND('',#1322,.T.);
#821=FACE_OUTER_BOUND('',#1323,.T.);
#822=FACE_OUTER_BOUND('',#1324,.T.);
#823=FACE_OUTER_BOUND('',#1325,.T.);
#824=FACE_OUTER_BOUND('',#1326,.T.);
#825=FACE_OUTER_BOUND('',#1327,.T.);
#826=FACE_OUTER_BOUND('',#1328,.T.);
#827=FACE_OUTER_BOUND('',#1329,.T.);
#828=FACE_OUTER_BOUND('',#1330,.T.);
#829=FACE_OUTER_BOUND('',#1331,.T.);
#830=FACE_OUTER_BOUND('',#1332,.T.);
#831=FACE_OUTER_BOUND('',#1333,.T.);
#832=FACE_OUTER_BOUND('',#1334,.T.);
#833=FACE_OUTER_BOUND('',#1335,.T.);
#834=FACE_OUTER_BOUND('',#1336,.T.);
#835=FACE_OUTER_BOUND('',#1337,.T.);
#836=FACE_OUTER_BOUND('',#1338,.T.);
#837=FACE_OUTER_BOUND('',#1339,.T.);
#838=FACE_OUTER_BOUND('',#1340,.T.);
#839=FACE_OUTER_BOUND('',#1341,.T.);
#840=FACE_OUTER_BOUND('',#1342,.T.);
#841=FACE_OUTER_BOUND('',#1343,.T.);
#842=FACE_OUTER_BOUND('',#1344,.T.);
#843=FACE_OUTER_BOUND('',#1345,.T.);
#844=FACE_OUTER_BOUND('',#1346,.T.);
#845=FACE_OUTER_BOUND('',#1347,.T.);
#846=FACE_OUTER_BOUND('',#1348,.T.);
#847=FACE_OUTER_BOUND('',#1349,.T.);
#848=FACE_OUTER_BOUND('',#1350,.T.);
#849=FACE_OUTER_BOUND('',#1351,.T.);
#850=FACE_OUTER_BOUND('',#1352,.T.);
#851=FACE_OUTER_BOUND('',#1353,.T.);
#852=FACE_OUTER_BOUND('',#1354,.T.);
#853=FACE_OUTER_BOUND('',#1355,.T.);
#854=FACE_OUTER_BOUND('',#1356,.T.);
#855=FACE_OUTER_BOUND('',#1357,.T.);
#856=FACE_OUTER_BOUND('',#1358,.T.);
#857=FACE_OUTER_BOUND('',#1359,.T.);
#858=FACE_OUTER_BOUND('',#1360,.T.);
#859=FACE_OUTER_BOUND('',#1361,.T.);
#860=FACE_OUTER_BOUND('',#1362,.T.);
#861=FACE_OUTER_BOUND('',#1363,.T.);
#862=FACE_OUTER_BOUND('',#1364,.T.);
#863=FACE_OUTER_BOUND('',#1365,.T.);
#864=FACE_OUTER_BOUND('',#1366,.T.);
#865=FACE_OUTER_BOUND('',#1367,.T.);
#866=FACE_OUTER_BOUND('',#1368,.T.);
#867=FACE_OUTER_BOUND('',#1369,.T.);
#868=FACE_OUTER_BOUND('',#1370,.T.);
#869=FACE_OUTER_BOUND('',#1371,.T.);
#870=FACE_OUTER_BOUND('',#1372,.T.);
#871=FACE_OUTER_BOUND('',#1373,.T.);
#872=FACE_OUTER_BOUND('',#1374,.T.);
#873=FACE_OUTER_BOUND('',#1375,.T.);
#874=FACE_OUTER_BOUND('',#1376,.T.);
#875=FACE_OUTER_BOUND('',#1377,.T.);
#876=FACE_OUTER_BOUND('',#1378,.T.);
#877=FACE_OUTER_BOUND('',#1379,.T.);
#878=FACE_OUTER_BOUND('',#1380,.T.);
#879=FACE_OUTER_BOUND('',#1381,.T.);
#880=FACE_OUTER_BOUND('',#1382,.T.);
#881=FACE_OUTER_BOUND('',#1383,.T.);
#882=FACE_OUTER_BOUND('',#1384,.T.);
#883=FACE_OUTER_BOUND('',#1385,.T.);
#884=FACE_OUTER_BOUND('',#1386,.T.);
#885=FACE_OUTER_BOUND('',#1387,.T.);
#886=FACE_OUTER_BOUND('',#1388,.T.);
#887=FACE_OUTER_BOUND('',#1389,.T.);
#888=FACE_OUTER_BOUND('',#1390,.T.);
#889=FACE_OUTER_BOUND('',#1391,.T.);
#890=FACE_OUTER_BOUND('',#1392,.T.);
#891=FACE_OUTER_BOUND('',#1393,.T.);
#892=FACE_OUTER_BOUND('',#1394,.T.);
#893=FACE_OUTER_BOUND('',#1395,.T.);
#894=FACE_OUTER_BOUND('',#1396,.T.);
#895=FACE_OUTER_BOUND('',#1398,.T.);
#896=FACE_OUTER_BOUND('',#1399,.T.);
#897=FACE_OUTER_BOUND('',#1400,.T.);
#898=FACE_OUTER_BOUND('',#1401,.T.);
#899=FACE_OUTER_BOUND('',#1402,.T.);
#900=FACE_OUTER_BOUND('',#1403,.T.);
#901=FACE_OUTER_BOUND('',#1404,.T.);
#902=FACE_OUTER_BOUND('',#1405,.T.);
#903=FACE_OUTER_BOUND('',#1406,.T.);
#904=FACE_OUTER_BOUND('',#1408,.T.);
#905=FACE_OUTER_BOUND('',#1409,.T.);
#906=FACE_OUTER_BOUND('',#1410,.T.);
#907=FACE_OUTER_BOUND('',#1411,.T.);
#908=FACE_OUTER_BOUND('',#1412,.T.);
#909=FACE_OUTER_BOUND('',#1413,.T.);
#910=FACE_OUTER_BOUND('',#1414,.T.);
#911=FACE_OUTER_BOUND('',#1415,.T.);
#912=FACE_OUTER_BOUND('',#1416,.T.);
#913=FACE_OUTER_BOUND('',#1417,.T.);
#914=FACE_OUTER_BOUND('',#1419,.T.);
#915=FACE_OUTER_BOUND('',#1420,.T.);
#916=FACE_OUTER_BOUND('',#1422,.T.);
#917=FACE_OUTER_BOUND('',#1423,.T.);
#918=FACE_OUTER_BOUND('',#1424,.T.);
#919=FACE_OUTER_BOUND('',#1425,.T.);
#920=FACE_OUTER_BOUND('',#1426,.T.);
#921=FACE_OUTER_BOUND('',#1427,.T.);
#922=FACE_OUTER_BOUND('',#1429,.T.);
#923=FACE_OUTER_BOUND('',#1430,.T.);
#924=FACE_OUTER_BOUND('',#1431,.T.);
#925=FACE_OUTER_BOUND('',#1433,.T.);
#926=FACE_OUTER_BOUND('',#1434,.T.);
#927=FACE_OUTER_BOUND('',#1435,.T.);
#928=FACE_OUTER_BOUND('',#1437,.T.);
#929=FACE_OUTER_BOUND('',#1438,.T.);
#930=FACE_OUTER_BOUND('',#1439,.T.);
#931=FACE_OUTER_BOUND('',#1440,.T.);
#932=FACE_OUTER_BOUND('',#1441,.T.);
#933=FACE_OUTER_BOUND('',#1442,.T.);
#934=FACE_OUTER_BOUND('',#1443,.T.);
#935=FACE_OUTER_BOUND('',#1444,.T.);
#936=FACE_OUTER_BOUND('',#1445,.T.);
#937=FACE_OUTER_BOUND('',#1446,.T.);
#938=FACE_OUTER_BOUND('',#1448,.T.);
#939=FACE_OUTER_BOUND('',#1449,.T.);
#940=FACE_OUTER_BOUND('',#1451,.T.);
#941=FACE_OUTER_BOUND('',#1452,.T.);
#942=FACE_OUTER_BOUND('',#1454,.T.);
#943=FACE_OUTER_BOUND('',#1455,.T.);
#944=FACE_OUTER_BOUND('',#1456,.T.);
#945=FACE_OUTER_BOUND('',#1457,.T.);
#946=FACE_OUTER_BOUND('',#1458,.T.);
#947=FACE_OUTER_BOUND('',#1459,.T.);
#948=FACE_OUTER_BOUND('',#1460,.T.);
#949=FACE_OUTER_BOUND('',#1462,.T.);
#950=FACE_OUTER_BOUND('',#1463,.T.);
#951=FACE_OUTER_BOUND('',#1464,.T.);
#952=FACE_OUTER_BOUND('',#1474,.T.);
#953=FACE_OUTER_BOUND('',#1475,.T.);
#954=FACE_OUTER_BOUND('',#1476,.T.);
#955=FACE_OUTER_BOUND('',#1477,.T.);
#956=FACE_OUTER_BOUND('',#1478,.T.);
#957=FACE_OUTER_BOUND('',#1479,.T.);
#958=FACE_OUTER_BOUND('',#1480,.T.);
#959=FACE_OUTER_BOUND('',#1481,.T.);
#960=FACE_OUTER_BOUND('',#1482,.T.);
#961=FACE_OUTER_BOUND('',#1483,.T.);
#962=FACE_OUTER_BOUND('',#1490,.T.);
#963=FACE_OUTER_BOUND('',#1491,.T.);
#964=FACE_OUTER_BOUND('',#1493,.T.);
#965=FACE_OUTER_BOUND('',#1494,.T.);
#966=FACE_OUTER_BOUND('',#1495,.T.);
#967=FACE_OUTER_BOUND('',#1496,.T.);
#968=FACE_OUTER_BOUND('',#1497,.T.);
#969=FACE_OUTER_BOUND('',#1498,.T.);
#970=FACE_OUTER_BOUND('',#1499,.T.);
#971=FACE_OUTER_BOUND('',#1500,.T.);
#972=FACE_OUTER_BOUND('',#1501,.T.);
#973=FACE_OUTER_BOUND('',#1502,.T.);
#974=FACE_OUTER_BOUND('',#1503,.T.);
#975=FACE_OUTER_BOUND('',#1504,.T.);
#976=FACE_OUTER_BOUND('',#1505,.T.);
#977=FACE_OUTER_BOUND('',#1506,.T.);
#978=FACE_OUTER_BOUND('',#1507,.T.);
#979=FACE_OUTER_BOUND('',#1508,.T.);
#980=FACE_OUTER_BOUND('',#1509,.T.);
#981=FACE_OUTER_BOUND('',#1510,.T.);
#982=FACE_OUTER_BOUND('',#1511,.T.);
#983=FACE_OUTER_BOUND('',#1512,.T.);
#984=FACE_OUTER_BOUND('',#1513,.T.);
#985=FACE_OUTER_BOUND('',#1514,.T.);
#986=FACE_OUTER_BOUND('',#1515,.T.);
#987=FACE_OUTER_BOUND('',#1516,.T.);
#988=FACE_OUTER_BOUND('',#1517,.T.);
#989=FACE_OUTER_BOUND('',#1518,.T.);
#990=FACE_OUTER_BOUND('',#1519,.T.);
#991=FACE_OUTER_BOUND('',#1520,.T.);
#992=FACE_OUTER_BOUND('',#1521,.T.);
#993=FACE_OUTER_BOUND('',#1522,.T.);
#994=FACE_OUTER_BOUND('',#1523,.T.);
#995=FACE_OUTER_BOUND('',#1524,.T.);
#996=FACE_OUTER_BOUND('',#1525,.T.);
#997=FACE_OUTER_BOUND('',#1526,.T.);
#998=FACE_OUTER_BOUND('',#1527,.T.);
#999=FACE_OUTER_BOUND('',#1528,.T.);
#1000=FACE_OUTER_BOUND('',#1529,.T.);
#1001=FACE_OUTER_BOUND('',#1530,.T.);
#1002=FACE_OUTER_BOUND('',#1531,.T.);
#1003=FACE_OUTER_BOUND('',#1532,.T.);
#1004=FACE_OUTER_BOUND('',#1533,.T.);
#1005=FACE_OUTER_BOUND('',#1534,.T.);
#1006=FACE_OUTER_BOUND('',#1535,.T.);
#1007=FACE_OUTER_BOUND('',#1536,.T.);
#1008=FACE_OUTER_BOUND('',#1537,.T.);
#1009=FACE_OUTER_BOUND('',#1538,.T.);
#1010=FACE_OUTER_BOUND('',#1539,.T.);
#1011=FACE_OUTER_BOUND('',#1540,.T.);
#1012=FACE_OUTER_BOUND('',#1541,.T.);
#1013=FACE_OUTER_BOUND('',#1542,.T.);
#1014=FACE_OUTER_BOUND('',#1543,.T.);
#1015=FACE_OUTER_BOUND('',#1544,.T.);
#1016=FACE_OUTER_BOUND('',#1545,.T.);
#1017=FACE_OUTER_BOUND('',#1546,.T.);
#1018=FACE_OUTER_BOUND('',#1547,.T.);
#1019=FACE_OUTER_BOUND('',#1548,.T.);
#1020=FACE_OUTER_BOUND('',#1549,.T.);
#1021=FACE_OUTER_BOUND('',#1550,.T.);
#1022=FACE_OUTER_BOUND('',#1551,.T.);
#1023=FACE_OUTER_BOUND('',#1552,.T.);
#1024=FACE_OUTER_BOUND('',#1553,.T.);
#1025=FACE_OUTER_BOUND('',#1554,.T.);
#1026=FACE_OUTER_BOUND('',#1555,.T.);
#1027=FACE_OUTER_BOUND('',#1557,.T.);
#1028=FACE_OUTER_BOUND('',#1558,.T.);
#1029=FACE_OUTER_BOUND('',#1559,.T.);
#1030=FACE_OUTER_BOUND('',#1562,.T.);
#1031=FACE_OUTER_BOUND('',#1563,.T.);
#1032=FACE_OUTER_BOUND('',#1564,.T.);
#1033=FACE_OUTER_BOUND('',#1565,.T.);
#1034=FACE_OUTER_BOUND('',#1566,.T.);
#1035=FACE_OUTER_BOUND('',#1567,.T.);
#1036=FACE_OUTER_BOUND('',#1568,.T.);
#1037=FACE_OUTER_BOUND('',#1571,.T.);
#1038=FACE_OUTER_BOUND('',#1573,.T.);
#1039=FACE_OUTER_BOUND('',#1575,.T.);
#1040=FACE_OUTER_BOUND('',#1576,.T.);
#1041=FACE_OUTER_BOUND('',#1577,.T.);
#1042=FACE_OUTER_BOUND('',#1578,.T.);
#1043=FACE_OUTER_BOUND('',#1579,.T.);
#1044=FACE_OUTER_BOUND('',#1580,.T.);
#1045=FACE_OUTER_BOUND('',#1582,.T.);
#1046=FACE_OUTER_BOUND('',#1583,.T.);
#1047=FACE_OUTER_BOUND('',#1584,.T.);
#1048=FACE_OUTER_BOUND('',#1585,.T.);
#1049=FACE_OUTER_BOUND('',#1586,.T.);
#1050=FACE_OUTER_BOUND('',#1587,.T.);
#1051=FACE_OUTER_BOUND('',#1588,.T.);
#1052=FACE_OUTER_BOUND('',#1589,.T.);
#1053=FACE_OUTER_BOUND('',#1590,.T.);
#1054=FACE_OUTER_BOUND('',#1591,.T.);
#1055=FACE_OUTER_BOUND('',#1592,.T.);
#1056=FACE_OUTER_BOUND('',#1593,.T.);
#1057=FACE_OUTER_BOUND('',#1595,.T.);
#1058=FACE_OUTER_BOUND('',#1597,.T.);
#1059=FACE_OUTER_BOUND('',#1599,.T.);
#1060=FACE_OUTER_BOUND('',#1600,.T.);
#1061=FACE_OUTER_BOUND('',#1601,.T.);
#1062=FACE_OUTER_BOUND('',#1602,.T.);
#1063=FACE_OUTER_BOUND('',#1605,.T.);
#1064=FACE_OUTER_BOUND('',#1607,.T.);
#1065=FACE_OUTER_BOUND('',#1608,.T.);
#1066=FACE_OUTER_BOUND('',#1609,.T.);
#1067=FACE_OUTER_BOUND('',#1611,.T.);
#1068=FACE_OUTER_BOUND('',#1613,.T.);
#1069=FACE_OUTER_BOUND('',#1614,.T.);
#1070=FACE_OUTER_BOUND('',#1615,.T.);
#1071=FACE_OUTER_BOUND('',#1616,.T.);
#1072=FACE_OUTER_BOUND('',#1617,.T.);
#1073=FACE_OUTER_BOUND('',#1618,.T.);
#1074=FACE_OUTER_BOUND('',#1619,.T.);
#1075=FACE_OUTER_BOUND('',#1620,.T.);
#1076=FACE_OUTER_BOUND('',#1621,.T.);
#1077=FACE_OUTER_BOUND('',#1622,.T.);
#1078=FACE_OUTER_BOUND('',#1623,.T.);
#1079=FACE_OUTER_BOUND('',#1624,.T.);
#1080=FACE_OUTER_BOUND('',#1625,.T.);
#1081=FACE_OUTER_BOUND('',#1626,.T.);
#1082=FACE_OUTER_BOUND('',#1627,.T.);
#1083=FACE_OUTER_BOUND('',#1628,.T.);
#1084=FACE_OUTER_BOUND('',#1629,.T.);
#1085=FACE_OUTER_BOUND('',#1630,.T.);
#1086=FACE_OUTER_BOUND('',#1631,.T.);
#1087=FACE_OUTER_BOUND('',#1632,.T.);
#1088=FACE_OUTER_BOUND('',#1633,.T.);
#1089=FACE_OUTER_BOUND('',#1634,.T.);
#1090=FACE_OUTER_BOUND('',#1635,.T.);
#1091=FACE_OUTER_BOUND('',#1636,.T.);
#1092=FACE_OUTER_BOUND('',#1637,.T.);
#1093=FACE_OUTER_BOUND('',#1638,.T.);
#1094=FACE_OUTER_BOUND('',#1639,.T.);
#1095=FACE_OUTER_BOUND('',#1640,.T.);
#1096=FACE_OUTER_BOUND('',#1642,.T.);
#1097=FACE_OUTER_BOUND('',#1643,.T.);
#1098=FACE_OUTER_BOUND('',#1644,.T.);
#1099=FACE_OUTER_BOUND('',#1645,.T.);
#1100=FACE_OUTER_BOUND('',#1646,.T.);
#1101=FACE_OUTER_BOUND('',#1647,.T.);
#1102=FACE_OUTER_BOUND('',#1648,.T.);
#1103=FACE_OUTER_BOUND('',#1650,.T.);
#1104=FACE_OUTER_BOUND('',#1651,.T.);
#1105=EDGE_LOOP('',(#4667,#4668,#4669,#4670));
#1106=EDGE_LOOP('',(#4671,#4672,#4673,#4674,#4675,#4676,#4677,#4678));
#1107=EDGE_LOOP('',(#4679,#4680,#4681,#4682));
#1108=EDGE_LOOP('',(#4683,#4684,#4685,#4686));
#1109=EDGE_LOOP('',(#4687,#4688,#4689,#4690));
#1110=EDGE_LOOP('',(#4691,#4692,#4693,#4694,#4695,#4696,#4697,#4698));
#1111=EDGE_LOOP('',(#4699,#4700,#4701,#4702,#4703,#4704));
#1112=EDGE_LOOP('',(#4705,#4706,#4707,#4708));
#1113=EDGE_LOOP('',(#4709,#4710,#4711,#4712));
#1114=EDGE_LOOP('',(#4713,#4714,#4715,#4716));
#1115=EDGE_LOOP('',(#4717,#4718,#4719,#4720));
#1116=EDGE_LOOP('',(#4721,#4722,#4723,#4724,#4725,#4726,#4727,#4728,#4729,
#4730,#4731,#4732));
#1117=EDGE_LOOP('',(#4733,#4734,#4735,#4736));
#1118=EDGE_LOOP('',(#4737,#4738,#4739,#4740));
#1119=EDGE_LOOP('',(#4741,#4742,#4743,#4744));
#1120=EDGE_LOOP('',(#4745,#4746,#4747,#4748));
#1121=EDGE_LOOP('',(#4749,#4750,#4751,#4752));
#1122=EDGE_LOOP('',(#4753,#4754,#4755,#4756));
#1123=EDGE_LOOP('',(#4757,#4758,#4759,#4760));
#1124=EDGE_LOOP('',(#4761,#4762,#4763,#4764));
#1125=EDGE_LOOP('',(#4765,#4766,#4767,#4768));
#1126=EDGE_LOOP('',(#4769,#4770,#4771,#4772));
#1127=EDGE_LOOP('',(#4773,#4774,#4775,#4776));
#1128=EDGE_LOOP('',(#4777,#4778,#4779,#4780));
#1129=EDGE_LOOP('',(#4781,#4782,#4783,#4784));
#1130=EDGE_LOOP('',(#4785,#4786,#4787,#4788,#4789,#4790,#4791,#4792));
#1131=EDGE_LOOP('',(#4793,#4794,#4795,#4796));
#1132=EDGE_LOOP('',(#4797,#4798,#4799,#4800));
#1133=EDGE_LOOP('',(#4801,#4802,#4803,#4804));
#1134=EDGE_LOOP('',(#4805,#4806,#4807,#4808,#4809,#4810));
#1135=EDGE_LOOP('',(#4811,#4812,#4813,#4814));
#1136=EDGE_LOOP('',(#4815,#4816,#4817,#4818,#4819,#4820,#4821,#4822,#4823,
#4824,#4825,#4826));
#1137=EDGE_LOOP('',(#4827,#4828,#4829,#4830,#4831,#4832,#4833,#4834,#4835,
#4836));
#1138=EDGE_LOOP('',(#4837,#4838,#4839,#4840));
#1139=EDGE_LOOP('',(#4841,#4842,#4843,#4844,#4845,#4846,#4847,#4848,#4849,
#4850));
#1140=EDGE_LOOP('',(#4851,#4852,#4853,#4854));
#1141=EDGE_LOOP('',(#4855,#4856,#4857,#4858,#4859,#4860,#4861,#4862,#4863,
#4864));
#1142=EDGE_LOOP('',(#4865,#4866,#4867,#4868));
#1143=EDGE_LOOP('',(#4869,#4870,#4871,#4872,#4873,#4874,#4875,#4876,#4877,
#4878));
#1144=EDGE_LOOP('',(#4879,#4880,#4881,#4882,#4883,#4884,#4885,#4886,#4887,
#4888));
#1145=EDGE_LOOP('',(#4889,#4890,#4891,#4892));
#1146=EDGE_LOOP('',(#4893,#4894,#4895,#4896,#4897,#4898,#4899,#4900,#4901,
#4902));
#1147=EDGE_LOOP('',(#4903,#4904,#4905,#4906));
#1148=EDGE_LOOP('',(#4907,#4908,#4909,#4910));
#1149=EDGE_LOOP('',(#4911,#4912,#4913,#4914,#4915,#4916,#4917,#4918));
#1150=EDGE_LOOP('',(#4919));
#1151=EDGE_LOOP('',(#4920,#4921,#4922,#4923));
#1152=EDGE_LOOP('',(#4924,#4925,#4926,#4927));
#1153=EDGE_LOOP('',(#4928,#4929,#4930,#4931));
#1154=EDGE_LOOP('',(#4932,#4933,#4934,#4935));
#1155=EDGE_LOOP('',(#4936,#4937,#4938,#4939));
#1156=EDGE_LOOP('',(#4940,#4941,#4942,#4943));
#1157=EDGE_LOOP('',(#4944,#4945,#4946,#4947));
#1158=EDGE_LOOP('',(#4948,#4949,#4950,#4951));
#1159=EDGE_LOOP('',(#4952,#4953,#4954,#4955));
#1160=EDGE_LOOP('',(#4956,#4957,#4958,#4959));
#1161=EDGE_LOOP('',(#4960,#4961,#4962,#4963));
#1162=EDGE_LOOP('',(#4964,#4965,#4966,#4967));
#1163=EDGE_LOOP('',(#4968,#4969,#4970,#4971));
#1164=EDGE_LOOP('',(#4972,#4973,#4974,#4975));
#1165=EDGE_LOOP('',(#4976,#4977,#4978,#4979));
#1166=EDGE_LOOP('',(#4980,#4981,#4982,#4983));
#1167=EDGE_LOOP('',(#4984,#4985,#4986,#4987));
#1168=EDGE_LOOP('',(#4988,#4989,#4990,#4991));
#1169=EDGE_LOOP('',(#4992,#4993,#4994,#4995));
#1170=EDGE_LOOP('',(#4996,#4997,#4998,#4999));
#1171=EDGE_LOOP('',(#5000,#5001,#5002,#5003));
#1172=EDGE_LOOP('',(#5004,#5005,#5006,#5007));
#1173=EDGE_LOOP('',(#5008,#5009,#5010,#5011));
#1174=EDGE_LOOP('',(#5012));
#1175=EDGE_LOOP('',(#5013,#5014,#5015,#5016));
#1176=EDGE_LOOP('',(#5017,#5018,#5019,#5020));
#1177=EDGE_LOOP('',(#5021,#5022,#5023,#5024));
#1178=EDGE_LOOP('',(#5025,#5026,#5027,#5028));
#1179=EDGE_LOOP('',(#5029));
#1180=EDGE_LOOP('',(#5030));
#1181=EDGE_LOOP('',(#5031));
#1182=EDGE_LOOP('',(#5032));
#1183=EDGE_LOOP('',(#5033));
#1184=EDGE_LOOP('',(#5034));
#1185=EDGE_LOOP('',(#5035));
#1186=EDGE_LOOP('',(#5036));
#1187=EDGE_LOOP('',(#5037));
#1188=EDGE_LOOP('',(#5038));
#1189=EDGE_LOOP('',(#5039));
#1190=EDGE_LOOP('',(#5040));
#1191=EDGE_LOOP('',(#5041));
#1192=EDGE_LOOP('',(#5042));
#1193=EDGE_LOOP('',(#5043));
#1194=EDGE_LOOP('',(#5044));
#1195=EDGE_LOOP('',(#5045));
#1196=EDGE_LOOP('',(#5046));
#1197=EDGE_LOOP('',(#5047));
#1198=EDGE_LOOP('',(#5048));
#1199=EDGE_LOOP('',(#5049));
#1200=EDGE_LOOP('',(#5050));
#1201=EDGE_LOOP('',(#5051));
#1202=EDGE_LOOP('',(#5052));
#1203=EDGE_LOOP('',(#5053));
#1204=EDGE_LOOP('',(#5054));
#1205=EDGE_LOOP('',(#5055));
#1206=EDGE_LOOP('',(#5056));
#1207=EDGE_LOOP('',(#5057));
#1208=EDGE_LOOP('',(#5058));
#1209=EDGE_LOOP('',(#5059));
#1210=EDGE_LOOP('',(#5060));
#1211=EDGE_LOOP('',(#5061));
#1212=EDGE_LOOP('',(#5062));
#1213=EDGE_LOOP('',(#5063));
#1214=EDGE_LOOP('',(#5064));
#1215=EDGE_LOOP('',(#5065));
#1216=EDGE_LOOP('',(#5066));
#1217=EDGE_LOOP('',(#5067));
#1218=EDGE_LOOP('',(#5068));
#1219=EDGE_LOOP('',(#5069));
#1220=EDGE_LOOP('',(#5070));
#1221=EDGE_LOOP('',(#5071,#5072,#5073,#5074));
#1222=EDGE_LOOP('',(#5075));
#1223=EDGE_LOOP('',(#5076));
#1224=EDGE_LOOP('',(#5077));
#1225=EDGE_LOOP('',(#5078));
#1226=EDGE_LOOP('',(#5079));
#1227=EDGE_LOOP('',(#5080,#5081,#5082,#5083));
#1228=EDGE_LOOP('',(#5084));
#1229=EDGE_LOOP('',(#5085));
#1230=EDGE_LOOP('',(#5086));
#1231=EDGE_LOOP('',(#5087,#5088,#5089,#5090));
#1232=EDGE_LOOP('',(#5091));
#1233=EDGE_LOOP('',(#5092));
#1234=EDGE_LOOP('',(#5093));
#1235=EDGE_LOOP('',(#5094));
#1236=EDGE_LOOP('',(#5095,#5096,#5097,#5098));
#1237=EDGE_LOOP('',(#5099));
#1238=EDGE_LOOP('',(#5100));
#1239=EDGE_LOOP('',(#5101));
#1240=EDGE_LOOP('',(#5102));
#1241=EDGE_LOOP('',(#5103));
#1242=EDGE_LOOP('',(#5104));
#1243=EDGE_LOOP('',(#5105));
#1244=EDGE_LOOP('',(#5106));
#1245=EDGE_LOOP('',(#5107));
#1246=EDGE_LOOP('',(#5108));
#1247=EDGE_LOOP('',(#5109));
#1248=EDGE_LOOP('',(#5110));
#1249=EDGE_LOOP('',(#5111));
#1250=EDGE_LOOP('',(#5112));
#1251=EDGE_LOOP('',(#5113));
#1252=EDGE_LOOP('',(#5114));
#1253=EDGE_LOOP('',(#5115));
#1254=EDGE_LOOP('',(#5116));
#1255=EDGE_LOOP('',(#5117));
#1256=EDGE_LOOP('',(#5118));
#1257=EDGE_LOOP('',(#5119));
#1258=EDGE_LOOP('',(#5120));
#1259=EDGE_LOOP('',(#5121));
#1260=EDGE_LOOP('',(#5122));
#1261=EDGE_LOOP('',(#5123));
#1262=EDGE_LOOP('',(#5124));
#1263=EDGE_LOOP('',(#5125));
#1264=EDGE_LOOP('',(#5126));
#1265=EDGE_LOOP('',(#5127));
#1266=EDGE_LOOP('',(#5128));
#1267=EDGE_LOOP('',(#5129));
#1268=EDGE_LOOP('',(#5130));
#1269=EDGE_LOOP('',(#5131));
#1270=EDGE_LOOP('',(#5132));
#1271=EDGE_LOOP('',(#5133));
#1272=EDGE_LOOP('',(#5134));
#1273=EDGE_LOOP('',(#5135));
#1274=EDGE_LOOP('',(#5136));
#1275=EDGE_LOOP('',(#5137));
#1276=EDGE_LOOP('',(#5138));
#1277=EDGE_LOOP('',(#5139));
#1278=EDGE_LOOP('',(#5140));
#1279=EDGE_LOOP('',(#5141,#5142,#5143,#5144));
#1280=EDGE_LOOP('',(#5145));
#1281=EDGE_LOOP('',(#5146));
#1282=EDGE_LOOP('',(#5147));
#1283=EDGE_LOOP('',(#5148));
#1284=EDGE_LOOP('',(#5149));
#1285=EDGE_LOOP('',(#5150,#5151,#5152,#5153));
#1286=EDGE_LOOP('',(#5154));
#1287=EDGE_LOOP('',(#5155));
#1288=EDGE_LOOP('',(#5156));
#1289=EDGE_LOOP('',(#5157,#5158,#5159,#5160));
#1290=EDGE_LOOP('',(#5161));
#1291=EDGE_LOOP('',(#5162));
#1292=EDGE_LOOP('',(#5163));
#1293=EDGE_LOOP('',(#5164));
#1294=EDGE_LOOP('',(#5165,#5166,#5167,#5168));
#1295=EDGE_LOOP('',(#5169,#5170,#5171,#5172));
#1296=EDGE_LOOP('',(#5173,#5174,#5175,#5176));
#1297=EDGE_LOOP('',(#5177,#5178,#5179,#5180));
#1298=EDGE_LOOP('',(#5181,#5182,#5183,#5184));
#1299=EDGE_LOOP('',(#5185,#5186,#5187,#5188));
#1300=EDGE_LOOP('',(#5189,#5190,#5191,#5192));
#1301=EDGE_LOOP('',(#5193,#5194,#5195,#5196));
#1302=EDGE_LOOP('',(#5197,#5198,#5199,#5200));
#1303=EDGE_LOOP('',(#5201,#5202,#5203,#5204));
#1304=EDGE_LOOP('',(#5205,#5206,#5207,#5208));
#1305=EDGE_LOOP('',(#5209,#5210,#5211,#5212));
#1306=EDGE_LOOP('',(#5213,#5214,#5215,#5216));
#1307=EDGE_LOOP('',(#5217,#5218,#5219,#5220));
#1308=EDGE_LOOP('',(#5221,#5222,#5223,#5224));
#1309=EDGE_LOOP('',(#5225,#5226,#5227,#5228));
#1310=EDGE_LOOP('',(#5229,#5230,#5231,#5232));
#1311=EDGE_LOOP('',(#5233,#5234,#5235,#5236));
#1312=EDGE_LOOP('',(#5237,#5238,#5239,#5240));
#1313=EDGE_LOOP('',(#5241,#5242,#5243,#5244));
#1314=EDGE_LOOP('',(#5245,#5246,#5247,#5248));
#1315=EDGE_LOOP('',(#5249,#5250,#5251,#5252));
#1316=EDGE_LOOP('',(#5253,#5254,#5255,#5256));
#1317=EDGE_LOOP('',(#5257,#5258,#5259,#5260));
#1318=EDGE_LOOP('',(#5261,#5262,#5263,#5264));
#1319=EDGE_LOOP('',(#5265,#5266,#5267,#5268));
#1320=EDGE_LOOP('',(#5269,#5270,#5271,#5272));
#1321=EDGE_LOOP('',(#5273,#5274,#5275,#5276));
#1322=EDGE_LOOP('',(#5277,#5278,#5279,#5280));
#1323=EDGE_LOOP('',(#5281,#5282,#5283,#5284));
#1324=EDGE_LOOP('',(#5285,#5286,#5287,#5288));
#1325=EDGE_LOOP('',(#5289,#5290,#5291,#5292));
#1326=EDGE_LOOP('',(#5293,#5294,#5295,#5296));
#1327=EDGE_LOOP('',(#5297,#5298,#5299,#5300));
#1328=EDGE_LOOP('',(#5301,#5302,#5303,#5304));
#1329=EDGE_LOOP('',(#5305,#5306,#5307,#5308));
#1330=EDGE_LOOP('',(#5309,#5310,#5311,#5312));
#1331=EDGE_LOOP('',(#5313,#5314,#5315,#5316));
#1332=EDGE_LOOP('',(#5317,#5318,#5319,#5320));
#1333=EDGE_LOOP('',(#5321,#5322,#5323,#5324));
#1334=EDGE_LOOP('',(#5325,#5326,#5327,#5328));
#1335=EDGE_LOOP('',(#5329,#5330,#5331,#5332));
#1336=EDGE_LOOP('',(#5333,#5334,#5335,#5336));
#1337=EDGE_LOOP('',(#5337,#5338,#5339,#5340));
#1338=EDGE_LOOP('',(#5341,#5342,#5343,#5344));
#1339=EDGE_LOOP('',(#5345,#5346,#5347,#5348));
#1340=EDGE_LOOP('',(#5349,#5350,#5351,#5352));
#1341=EDGE_LOOP('',(#5353,#5354,#5355,#5356));
#1342=EDGE_LOOP('',(#5357,#5358,#5359,#5360));
#1343=EDGE_LOOP('',(#5361,#5362,#5363,#5364));
#1344=EDGE_LOOP('',(#5365,#5366,#5367,#5368));
#1345=EDGE_LOOP('',(#5369,#5370,#5371,#5372));
#1346=EDGE_LOOP('',(#5373,#5374,#5375,#5376));
#1347=EDGE_LOOP('',(#5377,#5378,#5379,#5380));
#1348=EDGE_LOOP('',(#5381,#5382,#5383,#5384));
#1349=EDGE_LOOP('',(#5385,#5386,#5387,#5388));
#1350=EDGE_LOOP('',(#5389,#5390,#5391,#5392));
#1351=EDGE_LOOP('',(#5393,#5394,#5395,#5396));
#1352=EDGE_LOOP('',(#5397,#5398,#5399,#5400));
#1353=EDGE_LOOP('',(#5401,#5402,#5403,#5404));
#1354=EDGE_LOOP('',(#5405,#5406,#5407,#5408));
#1355=EDGE_LOOP('',(#5409,#5410,#5411,#5412));
#1356=EDGE_LOOP('',(#5413,#5414,#5415,#5416));
#1357=EDGE_LOOP('',(#5417,#5418,#5419,#5420));
#1358=EDGE_LOOP('',(#5421,#5422,#5423,#5424));
#1359=EDGE_LOOP('',(#5425,#5426,#5427,#5428));
#1360=EDGE_LOOP('',(#5429,#5430,#5431,#5432));
#1361=EDGE_LOOP('',(#5433,#5434,#5435,#5436));
#1362=EDGE_LOOP('',(#5437,#5438,#5439,#5440,#5441,#5442,#5443,#5444,#5445,
#5446));
#1363=EDGE_LOOP('',(#5447,#5448,#5449,#5450));
#1364=EDGE_LOOP('',(#5451,#5452,#5453,#5454));
#1365=EDGE_LOOP('',(#5455,#5456,#5457,#5458,#5459,#5460,#5461,#5462,#5463,
#5464));
#1366=EDGE_LOOP('',(#5465,#5466,#5467,#5468));
#1367=EDGE_LOOP('',(#5469,#5470,#5471,#5472));
#1368=EDGE_LOOP('',(#5473,#5474,#5475,#5476,#5477,#5478,#5479,#5480));
#1369=EDGE_LOOP('',(#5481,#5482,#5483,#5484));
#1370=EDGE_LOOP('',(#5485,#5486,#5487,#5488));
#1371=EDGE_LOOP('',(#5489,#5490,#5491,#5492,#5493,#5494,#5495,#5496));
#1372=EDGE_LOOP('',(#5497,#5498,#5499,#5500));
#1373=EDGE_LOOP('',(#5501,#5502,#5503,#5504,#5505,#5506,#5507,#5508,#5509,
#5510));
#1374=EDGE_LOOP('',(#5511,#5512,#5513,#5514));
#1375=EDGE_LOOP('',(#5515,#5516,#5517,#5518));
#1376=EDGE_LOOP('',(#5519,#5520,#5521,#5522,#5523,#5524,#5525,#5526,#5527,
#5528));
#1377=EDGE_LOOP('',(#5529,#5530,#5531,#5532));
#1378=EDGE_LOOP('',(#5533,#5534,#5535,#5536));
#1379=EDGE_LOOP('',(#5537,#5538,#5539,#5540));
#1380=EDGE_LOOP('',(#5541,#5542,#5543,#5544));
#1381=EDGE_LOOP('',(#5545,#5546,#5547,#5548));
#1382=EDGE_LOOP('',(#5549,#5550,#5551,#5552));
#1383=EDGE_LOOP('',(#5553,#5554,#5555,#5556));
#1384=EDGE_LOOP('',(#5557,#5558,#5559,#5560));
#1385=EDGE_LOOP('',(#5561,#5562,#5563,#5564));
#1386=EDGE_LOOP('',(#5565,#5566,#5567,#5568));
#1387=EDGE_LOOP('',(#5569,#5570,#5571,#5572,#5573,#5574,#5575,#5576));
#1388=EDGE_LOOP('',(#5577,#5578,#5579,#5580));
#1389=EDGE_LOOP('',(#5581,#5582,#5583,#5584));
#1390=EDGE_LOOP('',(#5585,#5586,#5587,#5588));
#1391=EDGE_LOOP('',(#5589,#5590,#5591,#5592));
#1392=EDGE_LOOP('',(#5593,#5594,#5595,#5596));
#1393=EDGE_LOOP('',(#5597,#5598,#5599,#5600));
#1394=EDGE_LOOP('',(#5601,#5602,#5603,#5604));
#1395=EDGE_LOOP('',(#5605,#5606,#5607,#5608));
#1396=EDGE_LOOP('',(#5609,#5610,#5611,#5612,#5613,#5614,#5615,#5616));
#1397=EDGE_LOOP('',(#5617,#5618,#5619,#5620,#5621,#5622,#5623,#5624));
#1398=EDGE_LOOP('',(#5625,#5626,#5627,#5628));
#1399=EDGE_LOOP('',(#5629,#5630,#5631,#5632));
#1400=EDGE_LOOP('',(#5633,#5634,#5635,#5636));
#1401=EDGE_LOOP('',(#5637,#5638,#5639,#5640));
#1402=EDGE_LOOP('',(#5641,#5642,#5643,#5644));
#1403=EDGE_LOOP('',(#5645,#5646,#5647,#5648));
#1404=EDGE_LOOP('',(#5649,#5650,#5651,#5652));
#1405=EDGE_LOOP('',(#5653,#5654,#5655,#5656));
#1406=EDGE_LOOP('',(#5657,#5658,#5659,#5660,#5661,#5662,#5663,#5664));
#1407=EDGE_LOOP('',(#5665,#5666,#5667,#5668,#5669,#5670,#5671,#5672));
#1408=EDGE_LOOP('',(#5673,#5674,#5675,#5676));
#1409=EDGE_LOOP('',(#5677,#5678,#5679,#5680));
#1410=EDGE_LOOP('',(#5681,#5682,#5683,#5684));
#1411=EDGE_LOOP('',(#5685,#5686,#5687,#5688));
#1412=EDGE_LOOP('',(#5689,#5690,#5691,#5692));
#1413=EDGE_LOOP('',(#5693,#5694,#5695,#5696));
#1414=EDGE_LOOP('',(#5697,#5698,#5699,#5700));
#1415=EDGE_LOOP('',(#5701,#5702,#5703,#5704));
#1416=EDGE_LOOP('',(#5705,#5706,#5707,#5708,#5709,#5710,#5711,#5712));
#1417=EDGE_LOOP('',(#5713));
#1418=EDGE_LOOP('',(#5714));
#1419=EDGE_LOOP('',(#5715,#5716,#5717,#5718));
#1420=EDGE_LOOP('',(#5719));
#1421=EDGE_LOOP('',(#5720));
#1422=EDGE_LOOP('',(#5721,#5722,#5723,#5724));
#1423=EDGE_LOOP('',(#5725,#5726,#5727,#5728));
#1424=EDGE_LOOP('',(#5729,#5730,#5731,#5732));
#1425=EDGE_LOOP('',(#5733,#5734,#5735,#5736));
#1426=EDGE_LOOP('',(#5737,#5738,#5739,#5740));
#1427=EDGE_LOOP('',(#5741));
#1428=EDGE_LOOP('',(#5742));
#1429=EDGE_LOOP('',(#5743,#5744,#5745,#5746));
#1430=EDGE_LOOP('',(#5747,#5748,#5749,#5750));
#1431=EDGE_LOOP('',(#5751));
#1432=EDGE_LOOP('',(#5752));
#1433=EDGE_LOOP('',(#5753,#5754,#5755,#5756));
#1434=EDGE_LOOP('',(#5757,#5758,#5759,#5760));
#1435=EDGE_LOOP('',(#5761));
#1436=EDGE_LOOP('',(#5762));
#1437=EDGE_LOOP('',(#5763,#5764,#5765,#5766));
#1438=EDGE_LOOP('',(#5767,#5768,#5769,#5770));
#1439=EDGE_LOOP('',(#5771,#5772,#5773,#5774));
#1440=EDGE_LOOP('',(#5775));
#1441=EDGE_LOOP('',(#5776,#5777,#5778,#5779));
#1442=EDGE_LOOP('',(#5780));
#1443=EDGE_LOOP('',(#5781,#5782,#5783,#5784));
#1444=EDGE_LOOP('',(#5785));
#1445=EDGE_LOOP('',(#5786,#5787,#5788,#5789));
#1446=EDGE_LOOP('',(#5790));
#1447=EDGE_LOOP('',(#5791));
#1448=EDGE_LOOP('',(#5792,#5793,#5794,#5795));
#1449=EDGE_LOOP('',(#5796));
#1450=EDGE_LOOP('',(#5797));
#1451=EDGE_LOOP('',(#5798,#5799,#5800,#5801));
#1452=EDGE_LOOP('',(#5802,#5803,#5804,#5805,#5806,#5807,#5808,#5809));
#1453=EDGE_LOOP('',(#5810,#5811,#5812,#5813));
#1454=EDGE_LOOP('',(#5814,#5815,#5816,#5817));
#1455=EDGE_LOOP('',(#5818,#5819,#5820,#5821));
#1456=EDGE_LOOP('',(#5822,#5823,#5824,#5825));
#1457=EDGE_LOOP('',(#5826,#5827,#5828,#5829));
#1458=EDGE_LOOP('',(#5830,#5831,#5832,#5833));
#1459=EDGE_LOOP('',(#5834,#5835,#5836,#5837));
#1460=EDGE_LOOP('',(#5838,#5839,#5840,#5841));
#1461=EDGE_LOOP('',(#5842,#5843,#5844,#5845));
#1462=EDGE_LOOP('',(#5846,#5847,#5848,#5849));
#1463=EDGE_LOOP('',(#5850,#5851,#5852,#5853));
#1464=EDGE_LOOP('',(#5854,#5855,#5856,#5857));
#1465=EDGE_LOOP('',(#5858));
#1466=EDGE_LOOP('',(#5859));
#1467=EDGE_LOOP('',(#5860));
#1468=EDGE_LOOP('',(#5861,#5862,#5863,#5864,#5865,#5866,#5867,#5868));
#1469=EDGE_LOOP('',(#5869));
#1470=EDGE_LOOP('',(#5870));
#1471=EDGE_LOOP('',(#5871));
#1472=EDGE_LOOP('',(#5872));
#1473=EDGE_LOOP('',(#5873));
#1474=EDGE_LOOP('',(#5874,#5875,#5876,#5877));
#1475=EDGE_LOOP('',(#5878,#5879,#5880,#5881));
#1476=EDGE_LOOP('',(#5882,#5883,#5884,#5885));
#1477=EDGE_LOOP('',(#5886,#5887,#5888,#5889));
#1478=EDGE_LOOP('',(#5890,#5891,#5892,#5893));
#1479=EDGE_LOOP('',(#5894,#5895,#5896,#5897));
#1480=EDGE_LOOP('',(#5898,#5899,#5900,#5901));
#1481=EDGE_LOOP('',(#5902,#5903,#5904,#5905));
#1482=EDGE_LOOP('',(#5906,#5907,#5908,#5909));
#1483=EDGE_LOOP('',(#5910,#5911,#5912,#5913));
#1484=EDGE_LOOP('',(#5914));
#1485=EDGE_LOOP('',(#5915));
#1486=EDGE_LOOP('',(#5916));
#1487=EDGE_LOOP('',(#5917));
#1488=EDGE_LOOP('',(#5918));
#1489=EDGE_LOOP('',(#5919,#5920,#5921,#5922));
#1490=EDGE_LOOP('',(#5923,#5924,#5925,#5926));
#1491=EDGE_LOOP('',(#5927));
#1492=EDGE_LOOP('',(#5928));
#1493=EDGE_LOOP('',(#5929,#5930,#5931,#5932));
#1494=EDGE_LOOP('',(#5933,#5934,#5935,#5936));
#1495=EDGE_LOOP('',(#5937,#5938,#5939,#5940));
#1496=EDGE_LOOP('',(#5941,#5942,#5943,#5944));
#1497=EDGE_LOOP('',(#5945,#5946,#5947,#5948));
#1498=EDGE_LOOP('',(#5949,#5950,#5951,#5952));
#1499=EDGE_LOOP('',(#5953,#5954,#5955,#5956));
#1500=EDGE_LOOP('',(#5957,#5958,#5959,#5960));
#1501=EDGE_LOOP('',(#5961,#5962,#5963,#5964));
#1502=EDGE_LOOP('',(#5965,#5966,#5967,#5968));
#1503=EDGE_LOOP('',(#5969,#5970,#5971,#5972));
#1504=EDGE_LOOP('',(#5973,#5974,#5975,#5976));
#1505=EDGE_LOOP('',(#5977,#5978,#5979,#5980));
#1506=EDGE_LOOP('',(#5981,#5982,#5983,#5984,#5985,#5986));
#1507=EDGE_LOOP('',(#5987,#5988,#5989,#5990));
#1508=EDGE_LOOP('',(#5991,#5992,#5993,#5994));
#1509=EDGE_LOOP('',(#5995,#5996,#5997,#5998));
#1510=EDGE_LOOP('',(#5999,#6000,#6001,#6002));
#1511=EDGE_LOOP('',(#6003,#6004,#6005,#6006));
#1512=EDGE_LOOP('',(#6007,#6008,#6009,#6010));
#1513=EDGE_LOOP('',(#6011,#6012,#6013,#6014));
#1514=EDGE_LOOP('',(#6015,#6016,#6017,#6018));
#1515=EDGE_LOOP('',(#6019,#6020,#6021,#6022));
#1516=EDGE_LOOP('',(#6023,#6024,#6025,#6026));
#1517=EDGE_LOOP('',(#6027,#6028,#6029,#6030));
#1518=EDGE_LOOP('',(#6031,#6032,#6033,#6034));
#1519=EDGE_LOOP('',(#6035,#6036,#6037,#6038));
#1520=EDGE_LOOP('',(#6039,#6040,#6041,#6042,#6043,#6044));
#1521=EDGE_LOOP('',(#6045,#6046));
#1522=EDGE_LOOP('',(#6047,#6048));
#1523=EDGE_LOOP('',(#6049,#6050,#6051,#6052));
#1524=EDGE_LOOP('',(#6053,#6054,#6055,#6056));
#1525=EDGE_LOOP('',(#6057,#6058,#6059,#6060));
#1526=EDGE_LOOP('',(#6061,#6062,#6063,#6064));
#1527=EDGE_LOOP('',(#6065,#6066,#6067,#6068));
#1528=EDGE_LOOP('',(#6069,#6070,#6071,#6072));
#1529=EDGE_LOOP('',(#6073,#6074,#6075,#6076));
#1530=EDGE_LOOP('',(#6077,#6078,#6079,#6080));
#1531=EDGE_LOOP('',(#6081,#6082,#6083,#6084));
#1532=EDGE_LOOP('',(#6085,#6086,#6087,#6088));
#1533=EDGE_LOOP('',(#6089,#6090,#6091,#6092));
#1534=EDGE_LOOP('',(#6093,#6094,#6095,#6096));
#1535=EDGE_LOOP('',(#6097,#6098,#6099,#6100));
#1536=EDGE_LOOP('',(#6101,#6102,#6103,#6104));
#1537=EDGE_LOOP('',(#6105,#6106,#6107,#6108));
#1538=EDGE_LOOP('',(#6109,#6110,#6111,#6112));
#1539=EDGE_LOOP('',(#6113,#6114,#6115,#6116));
#1540=EDGE_LOOP('',(#6117,#6118,#6119,#6120));
#1541=EDGE_LOOP('',(#6121,#6122,#6123,#6124));
#1542=EDGE_LOOP('',(#6125,#6126,#6127,#6128));
#1543=EDGE_LOOP('',(#6129,#6130,#6131,#6132));
#1544=EDGE_LOOP('',(#6133,#6134,#6135,#6136));
#1545=EDGE_LOOP('',(#6137,#6138,#6139,#6140));
#1546=EDGE_LOOP('',(#6141,#6142,#6143,#6144));
#1547=EDGE_LOOP('',(#6145,#6146,#6147,#6148));
#1548=EDGE_LOOP('',(#6149,#6150,#6151,#6152));
#1549=EDGE_LOOP('',(#6153,#6154,#6155,#6156));
#1550=EDGE_LOOP('',(#6157,#6158,#6159,#6160));
#1551=EDGE_LOOP('',(#6161,#6162,#6163,#6164));
#1552=EDGE_LOOP('',(#6165,#6166,#6167,#6168));
#1553=EDGE_LOOP('',(#6169,#6170,#6171,#6172,#6173,#6174,#6175,#6176,#6177,
#6178,#6179,#6180,#6181,#6182,#6183,#6184,#6185,#6186,#6187,#6188,#6189,
#6190,#6191,#6192,#6193,#6194,#6195,#6196,#6197,#6198,#6199));
#1554=EDGE_LOOP('',(#6200,#6201,#6202,#6203,#6204,#6205,#6206,#6207,#6208,
#6209,#6210,#6211,#6212,#6213,#6214,#6215,#6216,#6217,#6218,#6219,#6220,
#6221,#6222,#6223,#6224,#6225,#6226,#6227,#6228,#6229,#6230));
#1555=EDGE_LOOP('',(#6231));
#1556=EDGE_LOOP('',(#6232));
#1557=EDGE_LOOP('',(#6233));
#1558=EDGE_LOOP('',(#6234,#6235,#6236,#6237));
#1559=EDGE_LOOP('',(#6238));
#1560=EDGE_LOOP('',(#6239,#6240,#6241,#6242,#6243,#6244,#6245,#6246,#6247,
#6248,#6249,#6250,#6251,#6252,#6253,#6254,#6255,#6256,#6257,#6258,#6259,
#6260,#6261,#6262,#6263,#6264,#6265,#6266,#6267));
#1561=EDGE_LOOP('',(#6268,#6269,#6270,#6271,#6272,#6273,#6274,#6275,#6276,
#6277,#6278,#6279,#6280,#6281,#6282,#6283,#6284,#6285,#6286,#6287,#6288,
#6289,#6290,#6291,#6292,#6293,#6294,#6295,#6296));
#1562=EDGE_LOOP('',(#6297,#6298,#6299,#6300));
#1563=EDGE_LOOP('',(#6301,#6302,#6303,#6304));
#1564=EDGE_LOOP('',(#6305,#6306,#6307,#6308,#6309,#6310));
#1565=EDGE_LOOP('',(#6311,#6312,#6313,#6314,#6315,#6316));
#1566=EDGE_LOOP('',(#6317,#6318,#6319,#6320));
#1567=EDGE_LOOP('',(#6321,#6322,#6323,#6324));
#1568=EDGE_LOOP('',(#6325,#6326,#6327,#6328,#6329,#6330,#6331,#6332,#6333,
#6334,#6335,#6336,#6337,#6338,#6339,#6340,#6341,#6342,#6343,#6344));
#1569=EDGE_LOOP('',(#6345,#6346,#6347,#6348));
#1570=EDGE_LOOP('',(#6349,#6350,#6351,#6352));
#1571=EDGE_LOOP('',(#6353,#6354,#6355,#6356,#6357,#6358));
#1572=EDGE_LOOP('',(#6359,#6360,#6361,#6362));
#1573=EDGE_LOOP('',(#6363,#6364,#6365,#6366,#6367,#6368));
#1574=EDGE_LOOP('',(#6369,#6370,#6371,#6372));
#1575=EDGE_LOOP('',(#6373,#6374,#6375,#6376));
#1576=EDGE_LOOP('',(#6377,#6378,#6379,#6380));
#1577=EDGE_LOOP('',(#6381,#6382,#6383,#6384));
#1578=EDGE_LOOP('',(#6385,#6386,#6387,#6388));
#1579=EDGE_LOOP('',(#6389,#6390,#6391,#6392));
#1580=EDGE_LOOP('',(#6393,#6394,#6395,#6396));
#1581=EDGE_LOOP('',(#6397,#6398,#6399,#6400,#6401,#6402,#6403,#6404,#6405,
#6406,#6407,#6408,#6409,#6410,#6411,#6412));
#1582=EDGE_LOOP('',(#6413,#6414,#6415,#6416));
#1583=EDGE_LOOP('',(#6417));
#1584=EDGE_LOOP('',(#6418,#6419,#6420,#6421));
#1585=EDGE_LOOP('',(#6422,#6423,#6424,#6425));
#1586=EDGE_LOOP('',(#6426));
#1587=EDGE_LOOP('',(#6427));
#1588=EDGE_LOOP('',(#6428,#6429,#6430,#6431));
#1589=EDGE_LOOP('',(#6432,#6433,#6434,#6435));
#1590=EDGE_LOOP('',(#6436,#6437,#6438,#6439));
#1591=EDGE_LOOP('',(#6440,#6441,#6442,#6443));
#1592=EDGE_LOOP('',(#6444,#6445,#6446,#6447));
#1593=EDGE_LOOP('',(#6448,#6449,#6450,#6451));
#1594=EDGE_LOOP('',(#6452,#6453,#6454,#6455));
#1595=EDGE_LOOP('',(#6456,#6457,#6458,#6459));
#1596=EDGE_LOOP('',(#6460));
#1597=EDGE_LOOP('',(#6461,#6462,#6463,#6464));
#1598=EDGE_LOOP('',(#6465));
#1599=EDGE_LOOP('',(#6466,#6467,#6468,#6469));
#1600=EDGE_LOOP('',(#6470,#6471,#6472,#6473));
#1601=EDGE_LOOP('',(#6474,#6475,#6476,#6477));
#1602=EDGE_LOOP('',(#6478,#6479,#6480,#6481));
#1603=EDGE_LOOP('',(#6482,#6483,#6484,#6485));
#1604=EDGE_LOOP('',(#6486,#6487,#6488,#6489));
#1605=EDGE_LOOP('',(#6490,#6491,#6492,#6493,#6494,#6495,#6496,#6497));
#1606=EDGE_LOOP('',(#6498,#6499,#6500,#6501));
#1607=EDGE_LOOP('',(#6502,#6503,#6504,#6505));
#1608=EDGE_LOOP('',(#6506,#6507,#6508,#6509));
#1609=EDGE_LOOP('',(#6510,#6511,#6512,#6513));
#1610=EDGE_LOOP('',(#6514,#6515,#6516,#6517));
#1611=EDGE_LOOP('',(#6518,#6519,#6520,#6521));
#1612=EDGE_LOOP('',(#6522));
#1613=EDGE_LOOP('',(#6523,#6524,#6525,#6526));
#1614=EDGE_LOOP('',(#6527,#6528,#6529,#6530));
#1615=EDGE_LOOP('',(#6531,#6532,#6533,#6534));
#1616=EDGE_LOOP('',(#6535,#6536,#6537,#6538));
#1617=EDGE_LOOP('',(#6539,#6540,#6541,#6542));
#1618=EDGE_LOOP('',(#6543,#6544,#6545,#6546));
#1619=EDGE_LOOP('',(#6547,#6548,#6549,#6550));
#1620=EDGE_LOOP('',(#6551,#6552,#6553,#6554));
#1621=EDGE_LOOP('',(#6555,#6556,#6557,#6558));
#1622=EDGE_LOOP('',(#6559,#6560,#6561,#6562));
#1623=EDGE_LOOP('',(#6563,#6564,#6565,#6566));
#1624=EDGE_LOOP('',(#6567,#6568,#6569,#6570));
#1625=EDGE_LOOP('',(#6571,#6572,#6573,#6574));
#1626=EDGE_LOOP('',(#6575,#6576,#6577,#6578));
#1627=EDGE_LOOP('',(#6579,#6580,#6581,#6582));
#1628=EDGE_LOOP('',(#6583,#6584,#6585,#6586));
#1629=EDGE_LOOP('',(#6587,#6588,#6589,#6590));
#1630=EDGE_LOOP('',(#6591,#6592,#6593,#6594));
#1631=EDGE_LOOP('',(#6595,#6596,#6597,#6598));
#1632=EDGE_LOOP('',(#6599,#6600,#6601,#6602));
#1633=EDGE_LOOP('',(#6603,#6604,#6605,#6606));
#1634=EDGE_LOOP('',(#6607,#6608,#6609,#6610));
#1635=EDGE_LOOP('',(#6611,#6612,#6613,#6614));
#1636=EDGE_LOOP('',(#6615,#6616,#6617,#6618));
#1637=EDGE_LOOP('',(#6619));
#1638=EDGE_LOOP('',(#6620,#6621,#6622,#6623));
#1639=EDGE_LOOP('',(#6624,#6625,#6626,#6627));
#1640=EDGE_LOOP('',(#6628,#6629,#6630,#6631));
#1641=EDGE_LOOP('',(#6632));
#1642=EDGE_LOOP('',(#6633,#6634,#6635,#6636));
#1643=EDGE_LOOP('',(#6637,#6638,#6639,#6640));
#1644=EDGE_LOOP('',(#6641,#6642,#6643,#6644));
#1645=EDGE_LOOP('',(#6645));
#1646=EDGE_LOOP('',(#6646,#6647,#6648,#6649));
#1647=EDGE_LOOP('',(#6650,#6651,#6652,#6653));
#1648=EDGE_LOOP('',(#6654,#6655,#6656,#6657));
#1649=EDGE_LOOP('',(#6658));
#1650=EDGE_LOOP('',(#6659,#6660,#6661,#6662));
#1651=EDGE_LOOP('',(#6663,#6664,#6665,#6666));
#1652=LINE('',#10210,#2331);
#1653=LINE('',#10212,#2332);
#1654=LINE('',#10214,#2333);
#1655=LINE('',#10215,#2334);
#1656=LINE('',#10218,#2335);
#1657=LINE('',#10220,#2336);
#1658=LINE('',#10222,#2337);
#1659=LINE('',#10224,#2338);
#1660=LINE('',#10226,#2339);
#1661=LINE('',#10228,#2340);
#1662=LINE('',#10229,#2341);
#1663=LINE('',#10232,#2342);
#1664=LINE('',#10233,#2343);
#1665=LINE('',#10236,#2344);
#1666=LINE('',#10238,#2345);
#1667=LINE('',#10239,#2346);
#1668=LINE('',#10242,#2347);
#1669=LINE('',#10243,#2348);
#1670=LINE('',#10246,#2349);
#1671=LINE('',#10248,#2350);
#1672=LINE('',#10250,#2351);
#1673=LINE('',#10252,#2352);
#1674=LINE('',#10254,#2353);
#1675=LINE('',#10255,#2354);
#1676=LINE('',#10258,#2355);
#1677=LINE('',#10260,#2356);
#1678=LINE('',#10262,#2357);
#1679=LINE('',#10263,#2358);
#1680=LINE('',#10266,#2359);
#1681=LINE('',#10267,#2360);
#1682=LINE('',#10270,#2361);
#1683=LINE('',#10271,#2362);
#1684=LINE('',#10273,#2363);
#1685=LINE('',#10276,#2364);
#1686=LINE('',#10277,#2365);
#1687=LINE('',#10280,#2366);
#1688=LINE('',#10282,#2367);
#1689=LINE('',#10284,#2368);
#1690=LINE('',#10286,#2369);
#1691=LINE('',#10288,#2370);
#1692=LINE('',#10290,#2371);
#1693=LINE('',#10292,#2372);
#1694=LINE('',#10294,#2373);
#1695=LINE('',#10296,#2374);
#1696=LINE('',#10297,#2375);
#1697=LINE('',#10299,#2376);
#1698=LINE('',#10302,#2377);
#1699=LINE('',#10304,#2378);
#1700=LINE('',#10305,#2379);
#1701=LINE('',#10310,#2380);
#1702=LINE('',#10314,#2381);
#1703=LINE('',#10316,#2382);
#1704=LINE('',#10317,#2383);
#1705=LINE('',#10322,#2384);
#1706=LINE('',#10325,#2385);
#1707=LINE('',#10327,#2386);
#1708=LINE('',#10332,#2387);
#1709=LINE('',#10336,#2388);
#1710=LINE('',#10338,#2389);
#1711=LINE('',#10339,#2390);
#1712=LINE('',#10342,#2391);
#1713=LINE('',#10343,#2392);
#1714=LINE('',#10346,#2393);
#1715=LINE('',#10347,#2394);
#1716=LINE('',#10349,#2395);
#1717=LINE('',#10352,#2396);
#1718=LINE('',#10353,#2397);
#1719=LINE('',#10354,#2398);
#1720=LINE('',#10358,#2399);
#1721=LINE('',#10360,#2400);
#1722=LINE('',#10362,#2401);
#1723=LINE('',#10363,#2402);
#1724=LINE('',#10365,#2403);
#1725=LINE('',#10366,#2404);
#1726=LINE('',#10369,#2405);
#1727=LINE('',#10370,#2406);
#1728=LINE('',#10373,#2407);
#1729=LINE('',#10374,#2408);
#1730=LINE('',#10377,#2409);
#1731=LINE('',#10378,#2410);
#1732=LINE('',#10381,#2411);
#1733=LINE('',#10383,#2412);
#1734=LINE('',#10385,#2413);
#1735=LINE('',#10386,#2414);
#1736=LINE('',#10388,#2415);
#1737=LINE('',#10389,#2416);
#1738=LINE('',#10392,#2417);
#1739=LINE('',#10394,#2418);
#1740=LINE('',#10395,#2419);
#1741=LINE('',#10396,#2420);
#1742=LINE('',#10401,#2421);
#1743=LINE('',#10405,#2422);
#1744=LINE('',#10407,#2423);
#1745=LINE('',#10409,#2424);
#1746=LINE('',#10412,#2425);
#1747=LINE('',#10415,#2426);
#1748=LINE('',#10416,#2427);
#1749=LINE('',#10421,#2428);
#1750=LINE('',#10423,#2429);
#1751=LINE('',#10425,#2430);
#1752=LINE('',#10429,#2431);
#1753=LINE('',#10432,#2432);
#1754=LINE('',#10437,#2433);
#1755=LINE('',#10441,#2434);
#1756=LINE('',#10443,#2435);
#1757=LINE('',#10445,#2436);
#1758=LINE('',#10448,#2437);
#1759=LINE('',#10451,#2438);
#1760=LINE('',#10452,#2439);
#1761=LINE('',#10457,#2440);
#1762=LINE('',#10459,#2441);
#1763=LINE('',#10461,#2442);
#1764=LINE('',#10465,#2443);
#1765=LINE('',#10471,#2444);
#1766=LINE('',#10475,#2445);
#1767=LINE('',#10477,#2446);
#1768=LINE('',#10479,#2447);
#1769=LINE('',#10482,#2448);
#1770=LINE('',#10485,#2449);
#1771=LINE('',#10486,#2450);
#1772=LINE('',#10491,#2451);
#1773=LINE('',#10493,#2452);
#1774=LINE('',#10495,#2453);
#1775=LINE('',#10499,#2454);
#1776=LINE('',#10502,#2455);
#1777=LINE('',#10504,#2456);
#1778=LINE('',#10507,#2457);
#1779=LINE('',#10509,#2458);
#1780=LINE('',#10510,#2459);
#1781=LINE('',#10514,#2460);
#1782=LINE('',#10516,#2461);
#1783=LINE('',#10518,#2462);
#1784=LINE('',#10521,#2463);
#1785=LINE('',#10523,#2464);
#1786=LINE('',#10525,#2465);
#1787=LINE('',#10527,#2466);
#1788=LINE('',#10529,#2467);
#1789=LINE('',#10531,#2468);
#1790=LINE('',#10534,#2469);
#1791=LINE('',#10536,#2470);
#1792=LINE('',#10538,#2471);
#1793=LINE('',#10540,#2472);
#1794=LINE('',#10542,#2473);
#1795=LINE('',#10545,#2474);
#1796=LINE('',#10547,#2475);
#1797=LINE('',#10549,#2476);
#1798=LINE('',#10551,#2477);
#1799=LINE('',#10553,#2478);
#1800=LINE('',#10561,#2479);
#1801=LINE('',#10563,#2480);
#1802=LINE('',#10565,#2481);
#1803=LINE('',#10566,#2482);
#1804=LINE('',#10570,#2483);
#1805=LINE('',#10571,#2484);
#1806=LINE('',#10572,#2485);
#1807=LINE('',#10575,#2486);
#1808=LINE('',#10577,#2487);
#1809=LINE('',#10578,#2488);
#1810=LINE('',#10580,#2489);
#1811=LINE('',#10667,#2490);
#1812=LINE('',#10669,#2491);
#1813=LINE('',#10671,#2492);
#1814=LINE('',#10672,#2493);
#1815=LINE('',#10687,#2494);
#1816=LINE('',#10690,#2495);
#1817=LINE('',#10701,#2496);
#1818=LINE('',#10704,#2497);
#1819=LINE('',#10714,#2498);
#1820=LINE('',#10801,#2499);
#1821=LINE('',#10803,#2500);
#1822=LINE('',#10805,#2501);
#1823=LINE('',#10806,#2502);
#1824=LINE('',#10821,#2503);
#1825=LINE('',#10824,#2504);
#1826=LINE('',#10835,#2505);
#1827=LINE('',#10838,#2506);
#1828=LINE('',#10849,#2507);
#1829=LINE('',#10851,#2508);
#1830=LINE('',#10853,#2509);
#1831=LINE('',#10855,#2510);
#1832=LINE('',#10857,#2511);
#1833=LINE('',#10859,#2512);
#1834=LINE('',#10861,#2513);
#1835=LINE('',#10863,#2514);
#1836=LINE('',#10865,#2515);
#1837=LINE('',#10867,#2516);
#1838=LINE('',#10869,#2517);
#1839=LINE('',#10871,#2518);
#1840=LINE('',#10873,#2519);
#1841=LINE('',#10875,#2520);
#1842=LINE('',#10877,#2521);
#1843=LINE('',#10879,#2522);
#1844=LINE('',#10881,#2523);
#1845=LINE('',#10883,#2524);
#1846=LINE('',#10885,#2525);
#1847=LINE('',#10887,#2526);
#1848=LINE('',#10889,#2527);
#1849=LINE('',#10891,#2528);
#1850=LINE('',#10893,#2529);
#1851=LINE('',#10895,#2530);
#1852=LINE('',#10897,#2531);
#1853=LINE('',#10899,#2532);
#1854=LINE('',#10901,#2533);
#1855=LINE('',#10903,#2534);
#1856=LINE('',#10905,#2535);
#1857=LINE('',#10907,#2536);
#1858=LINE('',#10909,#2537);
#1859=LINE('',#10911,#2538);
#1860=LINE('',#10913,#2539);
#1861=LINE('',#10915,#2540);
#1862=LINE('',#10917,#2541);
#1863=LINE('',#10919,#2542);
#1864=LINE('',#10921,#2543);
#1865=LINE('',#10923,#2544);
#1866=LINE('',#10925,#2545);
#1867=LINE('',#10927,#2546);
#1868=LINE('',#10929,#2547);
#1869=LINE('',#10931,#2548);
#1870=LINE('',#10933,#2549);
#1871=LINE('',#10934,#2550);
#1872=LINE('',#10936,#2551);
#1873=LINE('',#10938,#2552);
#1874=LINE('',#10941,#2553);
#1875=LINE('',#10943,#2554);
#1876=LINE('',#10945,#2555);
#1877=LINE('',#10947,#2556);
#1878=LINE('',#10949,#2557);
#1879=LINE('',#10951,#2558);
#1880=LINE('',#10952,#2559);
#1881=LINE('',#10954,#2560);
#1882=LINE('',#10956,#2561);
#1883=LINE('',#10959,#2562);
#1884=LINE('',#10961,#2563);
#1885=LINE('',#10963,#2564);
#1886=LINE('',#10965,#2565);
#1887=LINE('',#10966,#2566);
#1888=LINE('',#10968,#2567);
#1889=LINE('',#10970,#2568);
#1890=LINE('',#10973,#2569);
#1891=LINE('',#10975,#2570);
#1892=LINE('',#10977,#2571);
#1893=LINE('',#10979,#2572);
#1894=LINE('',#10985,#2573);
#1895=LINE('',#10987,#2574);
#1896=LINE('',#10989,#2575);
#1897=LINE('',#10990,#2576);
#1898=LINE('',#10994,#2577);
#1899=LINE('',#10998,#2578);
#1900=LINE('',#11000,#2579);
#1901=LINE('',#11002,#2580);
#1902=LINE('',#11006,#2581);
#1903=LINE('',#11012,#2582);
#1904=LINE('',#11015,#2583);
#1905=LINE('',#11019,#2584);
#1906=LINE('',#11021,#2585);
#1907=LINE('',#11025,#2586);
#1908=LINE('',#11027,#2587);
#1909=LINE('',#11029,#2588);
#1910=LINE('',#11032,#2589);
#1911=LINE('',#11034,#2590);
#1912=LINE('',#11037,#2591);
#1913=LINE('',#11039,#2592);
#1914=LINE('',#11041,#2593);
#1915=LINE('',#11043,#2594);
#1916=LINE('',#11044,#2595);
#1917=LINE('',#11046,#2596);
#1918=LINE('',#11048,#2597);
#1919=LINE('',#11051,#2598);
#1920=LINE('',#11053,#2599);
#1921=LINE('',#11055,#2600);
#1922=LINE('',#11057,#2601);
#1923=LINE('',#11058,#2602);
#1924=LINE('',#11060,#2603);
#1925=LINE('',#11064,#2604);
#1926=LINE('',#11068,#2605);
#1927=LINE('',#11072,#2606);
#1928=LINE('',#11077,#2607);
#1929=LINE('',#11079,#2608);
#1930=LINE('',#11080,#2609);
#1931=LINE('',#11083,#2610);
#1932=LINE('',#11084,#2611);
#1933=LINE('',#11088,#2612);
#1934=LINE('',#11093,#2613);
#1935=LINE('',#11097,#2614);
#1936=LINE('',#11101,#2615);
#1937=LINE('',#11102,#2616);
#1938=LINE('',#11104,#2617);
#1939=LINE('',#11106,#2618);
#1940=LINE('',#11108,#2619);
#1941=LINE('',#11110,#2620);
#1942=LINE('',#11112,#2621);
#1943=LINE('',#11114,#2622);
#1944=LINE('',#11116,#2623);
#1945=LINE('',#11118,#2624);
#1946=LINE('',#11126,#2625);
#1947=LINE('',#11130,#2626);
#1948=LINE('',#11134,#2627);
#1949=LINE('',#11138,#2628);
#1950=LINE('',#11143,#2629);
#1951=LINE('',#11144,#2630);
#1952=LINE('',#11145,#2631);
#1953=LINE('',#11148,#2632);
#1954=LINE('',#11153,#2633);
#1955=LINE('',#11156,#2634);
#1956=LINE('',#11157,#2635);
#1957=LINE('',#11160,#2636);
#1958=LINE('',#11161,#2637);
#1959=LINE('',#11164,#2638);
#1960=LINE('',#11169,#2639);
#1961=LINE('',#11171,#2640);
#1962=LINE('',#11177,#2641);
#1963=LINE('',#11181,#2642);
#1964=LINE('',#11185,#2643);
#1965=LINE('',#11188,#2644);
#1966=LINE('',#11191,#2645);
#1967=LINE('',#11194,#2646);
#1968=LINE('',#11197,#2647);
#1969=LINE('',#11198,#2648);
#1970=LINE('',#11201,#2649);
#1971=LINE('',#11205,#2650);
#1972=LINE('',#11206,#2651);
#1973=LINE('',#11209,#2652);
#1974=LINE('',#11213,#2653);
#1975=LINE('',#11214,#2654);
#1976=LINE('',#11217,#2655);
#1977=LINE('',#11220,#2656);
#1978=LINE('',#11224,#2657);
#1979=LINE('',#11228,#2658);
#1980=LINE('',#11232,#2659);
#1981=LINE('',#11236,#2660);
#1982=LINE('',#11241,#2661);
#1983=LINE('',#11242,#2662);
#1984=LINE('',#11243,#2663);
#1985=LINE('',#11246,#2664);
#1986=LINE('',#11251,#2665);
#1987=LINE('',#11254,#2666);
#1988=LINE('',#11255,#2667);
#1989=LINE('',#11258,#2668);
#1990=LINE('',#11259,#2669);
#1991=LINE('',#11262,#2670);
#1992=LINE('',#11267,#2671);
#1993=LINE('',#11269,#2672);
#1994=LINE('',#11293,#2673);
#1995=LINE('',#11302,#2674);
#1996=LINE('',#11306,#2675);
#1997=LINE('',#11310,#2676);
#1998=LINE('',#11314,#2677);
#1999=LINE('',#11316,#2678);
#2000=LINE('',#11318,#2679);
#2001=LINE('',#11319,#2680);
#2002=LINE('',#11322,#2681);
#2003=LINE('',#11324,#2682);
#2004=LINE('',#11325,#2683);
#2005=LINE('',#11334,#2684);
#2006=LINE('',#11337,#2685);
#2007=LINE('',#11347,#2686);
#2008=LINE('',#11350,#2687);
#2009=LINE('',#11360,#2688);
#2010=LINE('',#11363,#2689);
#2011=LINE('',#11369,#2690);
#2012=LINE('',#11376,#2691);
#2013=LINE('',#11383,#2692);
#2014=LINE('',#11390,#2693);
#2015=LINE('',#11397,#2694);
#2016=LINE('',#11403,#2695);
#2017=LINE('',#11405,#2696);
#2018=LINE('',#11407,#2697);
#2019=LINE('',#11408,#2698);
#2020=LINE('',#11414,#2699);
#2021=LINE('',#11418,#2700);
#2022=LINE('',#11422,#2701);
#2023=LINE('',#11425,#2702);
#2024=LINE('',#11427,#2703);
#2025=LINE('',#11429,#2704);
#2026=LINE('',#11430,#2705);
#2027=LINE('',#11433,#2706);
#2028=LINE('',#11435,#2707);
#2029=LINE('',#11436,#2708);
#2030=LINE('',#11438,#2709);
#2031=LINE('',#11440,#2710);
#2032=LINE('',#11444,#2711);
#2033=LINE('',#11446,#2712);
#2034=LINE('',#11448,#2713);
#2035=LINE('',#11449,#2714);
#2036=LINE('',#11453,#2715);
#2037=LINE('',#11455,#2716);
#2038=LINE('',#11457,#2717);
#2039=LINE('',#11458,#2718);
#2040=LINE('',#11460,#2719);
#2041=LINE('',#11461,#2720);
#2042=LINE('',#11463,#2721);
#2043=LINE('',#11465,#2722);
#2044=LINE('',#11466,#2723);
#2045=LINE('',#11469,#2724);
#2046=LINE('',#11470,#2725);
#2047=LINE('',#11472,#2726);
#2048=LINE('',#11476,#2727);
#2049=LINE('',#11480,#2728);
#2050=LINE('',#11484,#2729);
#2051=LINE('',#11488,#2730);
#2052=LINE('',#11493,#2731);
#2053=LINE('',#11494,#2732);
#2054=LINE('',#11496,#2733);
#2055=LINE('',#11498,#2734);
#2056=LINE('',#11500,#2735);
#2057=LINE('',#11502,#2736);
#2058=LINE('',#11504,#2737);
#2059=LINE('',#11506,#2738);
#2060=LINE('',#11509,#2739);
#2061=LINE('',#11513,#2740);
#2062=LINE('',#11521,#2741);
#2063=LINE('',#11527,#2742);
#2064=LINE('',#11530,#2743);
#2065=LINE('',#11535,#2744);
#2066=LINE('',#11538,#2745);
#2067=LINE('',#11543,#2746);
#2068=LINE('',#11554,#2747);
#2069=LINE('',#11557,#2748);
#2070=LINE('',#11562,#2749);
#2071=LINE('',#11565,#2750);
#2072=LINE('',#11570,#2751);
#2073=LINE('',#11581,#2752);
#2074=LINE('',#11584,#2753);
#2075=LINE('',#11589,#2754);
#2076=LINE('',#11592,#2755);
#2077=LINE('',#11597,#2756);
#2078=LINE('',#11608,#2757);
#2079=LINE('',#11611,#2758);
#2080=LINE('',#11616,#2759);
#2081=LINE('',#11619,#2760);
#2082=LINE('',#11624,#2761);
#2083=LINE('',#11636,#2762);
#2084=LINE('',#11639,#2763);
#2085=LINE('',#11645,#2764);
#2086=LINE('',#11651,#2765);
#2087=LINE('',#11657,#2766);
#2088=LINE('',#11663,#2767);
#2089=LINE('',#11666,#2768);
#2090=LINE('',#11671,#2769);
#2091=LINE('',#11674,#2770);
#2092=LINE('',#11679,#2771);
#2093=LINE('',#11690,#2772);
#2094=LINE('',#11693,#2773);
#2095=LINE('',#11698,#2774);
#2096=LINE('',#11701,#2775);
#2097=LINE('',#11706,#2776);
#2098=LINE('',#11717,#2777);
#2099=LINE('',#11720,#2778);
#2100=LINE('',#11725,#2779);
#2101=LINE('',#11728,#2780);
#2102=LINE('',#11733,#2781);
#2103=LINE('',#11744,#2782);
#2104=LINE('',#11747,#2783);
#2105=LINE('',#11752,#2784);
#2106=LINE('',#11755,#2785);
#2107=LINE('',#11760,#2786);
#2108=LINE('',#11772,#2787);
#2109=LINE('',#11775,#2788);
#2110=LINE('',#11782,#2789);
#2111=LINE('',#11787,#2790);
#2112=LINE('',#11797,#2791);
#2113=LINE('',#11803,#2792);
#2114=LINE('',#11809,#2793);
#2115=LINE('',#11817,#2794);
#2116=LINE('',#11823,#2795);
#2117=LINE('',#11831,#2796);
#2118=LINE('',#11837,#2797);
#2119=LINE('',#11845,#2798);
#2120=LINE('',#11851,#2799);
#2121=LINE('',#11859,#2800);
#2122=LINE('',#11865,#2801);
#2123=LINE('',#11873,#2802);
#2124=LINE('',#11879,#2803);
#2125=LINE('',#11887,#2804);
#2126=LINE('',#11893,#2805);
#2127=LINE('',#11899,#2806);
#2128=LINE('',#11911,#2807);
#2129=LINE('',#11923,#2808);
#2130=LINE('',#11926,#2809);
#2131=LINE('',#11928,#2810);
#2132=LINE('',#11933,#2811);
#2133=LINE('',#11939,#2812);
#2134=LINE('',#11941,#2813);
#2135=LINE('',#11946,#2814);
#2136=LINE('',#11952,#2815);
#2137=LINE('',#11954,#2816);
#2138=LINE('',#11959,#2817);
#2139=LINE('',#11965,#2818);
#2140=LINE('',#11967,#2819);
#2141=LINE('',#11972,#2820);
#2142=LINE('',#11978,#2821);
#2143=LINE('',#11980,#2822);
#2144=LINE('',#11985,#2823);
#2145=LINE('',#11991,#2824);
#2146=LINE('',#11993,#2825);
#2147=LINE('',#11998,#2826);
#2148=LINE('',#12004,#2827);
#2149=LINE('',#12006,#2828);
#2150=LINE('',#12011,#2829);
#2151=LINE('',#12017,#2830);
#2152=LINE('',#12019,#2831);
#2153=LINE('',#12024,#2832);
#2154=LINE('',#12030,#2833);
#2155=LINE('',#12032,#2834);
#2156=LINE('',#12037,#2835);
#2157=LINE('',#12043,#2836);
#2158=LINE('',#12045,#2837);
#2159=LINE('',#12050,#2838);
#2160=LINE('',#12065,#2839);
#2161=LINE('',#12070,#2840);
#2162=LINE('',#12074,#2841);
#2163=LINE('',#12076,#2842);
#2164=LINE('',#12078,#2843);
#2165=LINE('',#12079,#2844);
#2166=LINE('',#12082,#2845);
#2167=LINE('',#12084,#2846);
#2168=LINE('',#12086,#2847);
#2169=LINE('',#12088,#2848);
#2170=LINE('',#12089,#2849);
#2171=LINE('',#12092,#2850);
#2172=LINE('',#12094,#2851);
#2173=LINE('',#12096,#2852);
#2174=LINE('',#12098,#2853);
#2175=LINE('',#12099,#2854);
#2176=LINE('',#12101,#2855);
#2177=LINE('',#12103,#2856);
#2178=LINE('',#12104,#2857);
#2179=LINE('',#12107,#2858);
#2180=LINE('',#12109,#2859);
#2181=LINE('',#12111,#2860);
#2182=LINE('',#12113,#2861);
#2183=LINE('',#12115,#2862);
#2184=LINE('',#12117,#2863);
#2185=LINE('',#12121,#2864);
#2186=LINE('',#12123,#2865);
#2187=LINE('',#12125,#2866);
#2188=LINE('',#12129,#2867);
#2189=LINE('',#12131,#2868);
#2190=LINE('',#12133,#2869);
#2191=LINE('',#12135,#2870);
#2192=LINE('',#12137,#2871);
#2193=LINE('',#12138,#2872);
#2194=LINE('',#12141,#2873);
#2195=LINE('',#12143,#2874);
#2196=LINE('',#12145,#2875);
#2197=LINE('',#12146,#2876);
#2198=LINE('',#12149,#2877);
#2199=LINE('',#12151,#2878);
#2200=LINE('',#12153,#2879);
#2201=LINE('',#12154,#2880);
#2202=LINE('',#12158,#2881);
#2203=LINE('',#12160,#2882);
#2204=LINE('',#12161,#2883);
#2205=LINE('',#12163,#2884);
#2206=LINE('',#12164,#2885);
#2207=LINE('',#12167,#2886);
#2208=LINE('',#12169,#2887);
#2209=LINE('',#12171,#2888);
#2210=LINE('',#12172,#2889);
#2211=LINE('',#12175,#2890);
#2212=LINE('',#12177,#2891);
#2213=LINE('',#12179,#2892);
#2214=LINE('',#12181,#2893);
#2215=LINE('',#12182,#2894);
#2216=LINE('',#12185,#2895);
#2217=LINE('',#12187,#2896);
#2218=LINE('',#12189,#2897);
#2219=LINE('',#12190,#2898);
#2220=LINE('',#12194,#2899);
#2221=LINE('',#12196,#2900);
#2222=LINE('',#12198,#2901);
#2223=LINE('',#12199,#2902);
#2224=LINE('',#12203,#2903);
#2225=LINE('',#12205,#2904);
#2226=LINE('',#12207,#2905);
#2227=LINE('',#12208,#2906);
#2228=LINE('',#12212,#2907);
#2229=LINE('',#12214,#2908);
#2230=LINE('',#12216,#2909);
#2231=LINE('',#12217,#2910);
#2232=LINE('',#12221,#2911);
#2233=LINE('',#12223,#2912);
#2234=LINE('',#12225,#2913);
#2235=LINE('',#12226,#2914);
#2236=LINE('',#12230,#2915);
#2237=LINE('',#12231,#2916);
#2238=LINE('',#12232,#2917);
#2239=LINE('',#12236,#2918);
#2240=LINE('',#12238,#2919);
#2241=LINE('',#12240,#2920);
#2242=LINE('',#12241,#2921);
#2243=LINE('',#12243,#2922);
#2244=LINE('',#12245,#2923);
#2245=LINE('',#12249,#2924);
#2246=LINE('',#12251,#2925);
#2247=LINE('',#12253,#2926);
#2248=LINE('',#12254,#2927);
#2249=LINE('',#12255,#2928);
#2250=LINE('',#12257,#2929);
#2251=LINE('',#12259,#2930);
#2252=LINE('',#12261,#2931);
#2253=LINE('',#12263,#2932);
#2254=LINE('',#12269,#2933);
#2255=LINE('',#12276,#2934);
#2256=LINE('',#12282,#2935);
#2257=LINE('',#12287,#2936);
#2258=LINE('',#12289,#2937);
#2259=LINE('',#12290,#2938);
#2260=LINE('',#12292,#2939);
#2261=LINE('',#12293,#2940);
#2262=LINE('',#12296,#2941);
#2263=LINE('',#12300,#2942);
#2264=LINE('',#12302,#2943);
#2265=LINE('',#12304,#2944);
#2266=LINE('',#12305,#2945);
#2267=LINE('',#12306,#2946);
#2268=LINE('',#12307,#2947);
#2269=LINE('',#12311,#2948);
#2270=LINE('',#12313,#2949);
#2271=LINE('',#12315,#2950);
#2272=LINE('',#12316,#2951);
#2273=LINE('',#12320,#2952);
#2274=LINE('',#12321,#2953);
#2275=LINE('',#12322,#2954);
#2276=LINE('',#12326,#2955);
#2277=LINE('',#12327,#2956);
#2278=LINE('',#12328,#2957);
#2279=LINE('',#12332,#2958);
#2280=LINE('',#12334,#2959);
#2281=LINE('',#12336,#2960);
#2282=LINE('',#12337,#2961);
#2283=LINE('',#12341,#2962);
#2284=LINE('',#12342,#2963);
#2285=LINE('',#12343,#2964);
#2286=LINE('',#12347,#2965);
#2287=LINE('',#12348,#2966);
#2288=LINE('',#12349,#2967);
#2289=LINE('',#12350,#2968);
#2290=LINE('',#12351,#2969);
#2291=LINE('',#12353,#2970);
#2292=LINE('',#12354,#2971);
#2293=LINE('',#12356,#2972);
#2294=LINE('',#12357,#2973);
#2295=LINE('',#12359,#2974);
#2296=LINE('',#12361,#2975);
#2297=LINE('',#12363,#2976);
#2298=LINE('',#12364,#2977);
#2299=LINE('',#12370,#2978);
#2300=LINE('',#12371,#2979);
#2301=LINE('',#12374,#2980);
#2302=LINE('',#12376,#2981);
#2303=LINE('',#12380,#2982);
#2304=LINE('',#12381,#2983);
#2305=LINE('',#12383,#2984);
#2306=LINE('',#12385,#2985);
#2307=LINE('',#12386,#2986);
#2308=LINE('',#12388,#2987);
#2309=LINE('',#12390,#2988);
#2310=LINE('',#12393,#2989);
#2311=LINE('',#12397,#2990);
#2312=LINE('',#12399,#2991);
#2313=LINE('',#12406,#2992);
#2314=LINE('',#12412,#2993);
#2315=LINE('',#12414,#2994);
#2316=LINE('',#12416,#2995);
#2317=LINE('',#12417,#2996);
#2318=LINE('',#12419,#2997);
#2319=LINE('',#12420,#2998);
#2320=LINE('',#12422,#2999);
#2321=LINE('',#12424,#3000);
#2322=LINE('',#12430,#3001);
#2323=LINE('',#12436,#3002);
#2324=LINE('',#12438,#3003);
#2325=LINE('',#12440,#3004);
#2326=LINE('',#12441,#3005);
#2327=LINE('',#12443,#3006);
#2328=LINE('',#12444,#3007);
#2329=LINE('',#12446,#3008);
#2330=LINE('',#12448,#3009);
#2331=VECTOR('',#8186,1.);
#2332=VECTOR('',#8187,10.);
#2333=VECTOR('',#8188,1.);
#2334=VECTOR('',#8189,10.);
#2335=VECTOR('',#8192,1.00000000000064);
#2336=VECTOR('',#8193,1.);
#2337=VECTOR('',#8194,1.00000000000064);
#2338=VECTOR('',#8195,1.);
#2339=VECTOR('',#8196,1.00000000000064);
#2340=VECTOR('',#8197,1.);
#2341=VECTOR('',#8198,1.00000000000064);
#2342=VECTOR('',#8201,1.00000000000064);
#2343=VECTOR('',#8202,10.);
#2344=VECTOR('',#8205,10.);
#2345=VECTOR('',#8206,1.);
#2346=VECTOR('',#8207,10.);
#2347=VECTOR('',#8210,10.);
#2348=VECTOR('',#8211,1.00000000000064);
#2349=VECTOR('',#8214,10.);
#2350=VECTOR('',#8215,1.);
#2351=VECTOR('',#8216,1.);
#2352=VECTOR('',#8217,1.);
#2353=VECTOR('',#8218,1.);
#2354=VECTOR('',#8219,1.);
#2355=VECTOR('',#8222,1.);
#2356=VECTOR('',#8223,1.);
#2357=VECTOR('',#8224,1.);
#2358=VECTOR('',#8225,10.);
#2359=VECTOR('',#8228,10.);
#2360=VECTOR('',#8229,1.00000000000064);
#2361=VECTOR('',#8232,1.00000000000064);
#2362=VECTOR('',#8233,10.);
#2363=VECTOR('',#8236,1.);
#2364=VECTOR('',#8239,1.00000000000064);
#2365=VECTOR('',#8240,10.);
#2366=VECTOR('',#8243,1.00000000000064);
#2367=VECTOR('',#8244,1.);
#2368=VECTOR('',#8245,1.);
#2369=VECTOR('',#8246,1.);
#2370=VECTOR('',#8247,1.00000000000064);
#2371=VECTOR('',#8248,1.);
#2372=VECTOR('',#8249,1.00000000000064);
#2373=VECTOR('',#8250,1.);
#2374=VECTOR('',#8251,1.);
#2375=VECTOR('',#8252,1.);
#2376=VECTOR('',#8255,10.);
#2377=VECTOR('',#8258,10.);
#2378=VECTOR('',#8259,1.);
#2379=VECTOR('',#8260,1.);
#2380=VECTOR('',#8265,1.);
#2381=VECTOR('',#8270,1.);
#2382=VECTOR('',#8271,1.);
#2383=VECTOR('',#8272,1.);
#2384=VECTOR('',#8277,1.);
#2385=VECTOR('',#8282,1.);
#2386=VECTOR('',#8285,1.);
#2387=VECTOR('',#8290,1.);
#2388=VECTOR('',#8295,1.);
#2389=VECTOR('',#8296,1.);
#2390=VECTOR('',#8297,10.);
#2391=VECTOR('',#8300,10.);
#2392=VECTOR('',#8301,1.00000000000064);
#2393=VECTOR('',#8304,1.00000000000064);
#2394=VECTOR('',#8305,10.);
#2395=VECTOR('',#8308,1.);
#2396=VECTOR('',#8311,1.);
#2397=VECTOR('',#8312,1.);
#2398=VECTOR('',#8313,1.);
#2399=VECTOR('',#8316,1.);
#2400=VECTOR('',#8317,10.);
#2401=VECTOR('',#8318,1.);
#2402=VECTOR('',#8319,10.);
#2403=VECTOR('',#8320,1.);
#2404=VECTOR('',#8321,1.);
#2405=VECTOR('',#8324,1.00000000000064);
#2406=VECTOR('',#8325,10.);
#2407=VECTOR('',#8328,1.);
#2408=VECTOR('',#8329,10.);
#2409=VECTOR('',#8332,1.00000000000064);
#2410=VECTOR('',#8333,10.);
#2411=VECTOR('',#8336,1.);
#2412=VECTOR('',#8337,10.);
#2413=VECTOR('',#8338,1.);
#2414=VECTOR('',#8339,1.);
#2415=VECTOR('',#8342,1.);
#2416=VECTOR('',#8343,1.);
#2417=VECTOR('',#8346,1.00000000000064);
#2418=VECTOR('',#8347,1.);
#2419=VECTOR('',#8348,1.00000000000064);
#2420=VECTOR('',#8349,1.);
#2421=VECTOR('',#8354,0.99999999999985);
#2422=VECTOR('',#8357,1.);
#2423=VECTOR('',#8358,1.);
#2424=VECTOR('',#8359,1.);
#2425=VECTOR('',#8362,0.99999999999985);
#2426=VECTOR('',#8365,1.);
#2427=VECTOR('',#8366,0.99999999999985);
#2428=VECTOR('',#8371,1.);
#2429=VECTOR('',#8372,1.);
#2430=VECTOR('',#8373,1.);
#2431=VECTOR('',#8376,0.99999999999985);
#2432=VECTOR('',#8381,1.);
#2433=VECTOR('',#8386,0.99999999999985);
#2434=VECTOR('',#8389,1.);
#2435=VECTOR('',#8390,1.);
#2436=VECTOR('',#8391,1.);
#2437=VECTOR('',#8394,0.99999999999985);
#2438=VECTOR('',#8397,1.);
#2439=VECTOR('',#8398,0.99999999999985);
#2440=VECTOR('',#8403,1.);
#2441=VECTOR('',#8404,1.);
#2442=VECTOR('',#8405,1.);
#2443=VECTOR('',#8408,0.99999999999985);
#2444=VECTOR('',#8415,0.99999999999985);
#2445=VECTOR('',#8418,1.);
#2446=VECTOR('',#8419,1.);
#2447=VECTOR('',#8420,1.);
#2448=VECTOR('',#8423,0.99999999999985);
#2449=VECTOR('',#8426,1.);
#2450=VECTOR('',#8427,0.99999999999985);
#2451=VECTOR('',#8432,1.);
#2452=VECTOR('',#8433,1.);
#2453=VECTOR('',#8434,1.);
#2454=VECTOR('',#8437,0.99999999999985);
#2455=VECTOR('',#8442,1.);
#2456=VECTOR('',#8445,1.);
#2457=VECTOR('',#8448,1.00000000000064);
#2458=VECTOR('',#8449,1.);
#2459=VECTOR('',#8450,1.00000000000064);
#2460=VECTOR('',#8455,10.);
#2461=VECTOR('',#8458,10.);
#2462=VECTOR('',#8461,1.);
#2463=VECTOR('',#8466,1.);
#2464=VECTOR('',#8469,1.);
#2465=VECTOR('',#8472,1.);
#2466=VECTOR('',#8475,1.);
#2467=VECTOR('',#8478,1.);
#2468=VECTOR('',#8481,1.);
#2469=VECTOR('',#8486,1.);
#2470=VECTOR('',#8489,1.);
#2471=VECTOR('',#8492,1.);
#2472=VECTOR('',#8495,1.);
#2473=VECTOR('',#8498,1.);
#2474=VECTOR('',#8503,1.);
#2475=VECTOR('',#8506,1.);
#2476=VECTOR('',#8509,1.);
#2477=VECTOR('',#8512,1.);
#2478=VECTOR('',#8515,1.);
#2479=VECTOR('',#8526,1.);
#2480=VECTOR('',#8527,1.);
#2481=VECTOR('',#8528,1.);
#2482=VECTOR('',#8529,1.);
#2483=VECTOR('',#8532,1.);
#2484=VECTOR('',#8533,1.);
#2485=VECTOR('',#8534,1.);
#2486=VECTOR('',#8537,1.);
#2487=VECTOR('',#8538,1.);
#2488=VECTOR('',#8539,1.);
#2489=VECTOR('',#8542,1.);
#2490=VECTOR('',#8627,1.);
#2491=VECTOR('',#8628,1.);
#2492=VECTOR('',#8629,1.);
#2493=VECTOR('',#8630,1.);
#2494=VECTOR('',#8643,1.);
#2495=VECTOR('',#8646,1.);
#2496=VECTOR('',#8655,1.);
#2497=VECTOR('',#8658,1.);
#2498=VECTOR('',#8669,1.);
#2499=VECTOR('',#8754,1.);
#2500=VECTOR('',#8755,1.);
#2501=VECTOR('',#8756,1.);
#2502=VECTOR('',#8757,1.);
#2503=VECTOR('',#8770,1.);
#2504=VECTOR('',#8773,1.);
#2505=VECTOR('',#8782,1.);
#2506=VECTOR('',#8785,1.);
#2507=VECTOR('',#8798,0.508);
#2508=VECTOR('',#8801,0.508);
#2509=VECTOR('',#8804,0.508);
#2510=VECTOR('',#8807,0.508);
#2511=VECTOR('',#8810,0.508);
#2512=VECTOR('',#8813,0.508);
#2513=VECTOR('',#8816,0.508);
#2514=VECTOR('',#8819,0.508);
#2515=VECTOR('',#8822,0.508);
#2516=VECTOR('',#8825,0.508);
#2517=VECTOR('',#8828,0.508);
#2518=VECTOR('',#8831,0.508);
#2519=VECTOR('',#8834,0.35);
#2520=VECTOR('',#8837,0.35);
#2521=VECTOR('',#8840,1.1);
#2522=VECTOR('',#8843,0.508);
#2523=VECTOR('',#8846,0.508);
#2524=VECTOR('',#8849,0.508);
#2525=VECTOR('',#8852,0.508);
#2526=VECTOR('',#8855,0.508);
#2527=VECTOR('',#8858,0.508);
#2528=VECTOR('',#8861,0.508);
#2529=VECTOR('',#8864,0.508);
#2530=VECTOR('',#8867,0.508);
#2531=VECTOR('',#8870,0.508);
#2532=VECTOR('',#8873,0.508);
#2533=VECTOR('',#8876,0.508);
#2534=VECTOR('',#8879,0.35);
#2535=VECTOR('',#8882,0.35);
#2536=VECTOR('',#8885,0.35);
#2537=VECTOR('',#8888,0.35);
#2538=VECTOR('',#8891,0.35);
#2539=VECTOR('',#8894,0.35);
#2540=VECTOR('',#8897,0.35);
#2541=VECTOR('',#8900,0.35);
#2542=VECTOR('',#8903,0.35);
#2543=VECTOR('',#8906,0.75);
#2544=VECTOR('',#8909,1.1);
#2545=VECTOR('',#8912,0.75);
#2546=VECTOR('',#8915,0.75);
#2547=VECTOR('',#8918,0.5);
#2548=VECTOR('',#8921,0.5);
#2549=VECTOR('',#8924,1.);
#2550=VECTOR('',#8925,1.);
#2551=VECTOR('',#8928,1.);
#2552=VECTOR('',#8931,1.);
#2553=VECTOR('',#8936,0.35);
#2554=VECTOR('',#8939,0.35);
#2555=VECTOR('',#8942,0.35);
#2556=VECTOR('',#8945,0.35);
#2557=VECTOR('',#8948,0.35);
#2558=VECTOR('',#8951,1.);
#2559=VECTOR('',#8952,1.);
#2560=VECTOR('',#8955,1.);
#2561=VECTOR('',#8958,1.);
#2562=VECTOR('',#8963,0.5);
#2563=VECTOR('',#8966,0.5);
#2564=VECTOR('',#8969,0.5);
#2565=VECTOR('',#8972,1.);
#2566=VECTOR('',#8973,1.);
#2567=VECTOR('',#8976,1.);
#2568=VECTOR('',#8979,1.);
#2569=VECTOR('',#8984,0.75);
#2570=VECTOR('',#8987,0.75);
#2571=VECTOR('',#8990,0.75);
#2572=VECTOR('',#8993,1.1);
#2573=VECTOR('',#9000,1.);
#2574=VECTOR('',#9001,1.);
#2575=VECTOR('',#9002,1.);
#2576=VECTOR('',#9003,1.);
#2577=VECTOR('',#9006,1.);
#2578=VECTOR('',#9009,1.);
#2579=VECTOR('',#9010,1.);
#2580=VECTOR('',#9011,1.);
#2581=VECTOR('',#9014,1.);
#2582=VECTOR('',#9023,1.);
#2583=VECTOR('',#9026,1.);
#2584=VECTOR('',#9031,1.);
#2585=VECTOR('',#9032,1.);
#2586=VECTOR('',#9035,1.);
#2587=VECTOR('',#9036,1.);
#2588=VECTOR('',#9037,1.);
#2589=VECTOR('',#9042,1.);
#2590=VECTOR('',#9045,1.);
#2591=VECTOR('',#9048,1.);
#2592=VECTOR('',#9049,1.);
#2593=VECTOR('',#9050,1.);
#2594=VECTOR('',#9051,1.);
#2595=VECTOR('',#9052,1.);
#2596=VECTOR('',#9055,1.);
#2597=VECTOR('',#9058,1.);
#2598=VECTOR('',#9061,1.);
#2599=VECTOR('',#9062,1.);
#2600=VECTOR('',#9063,1.);
#2601=VECTOR('',#9064,1.);
#2602=VECTOR('',#9065,1.);
#2603=VECTOR('',#9068,1.);
#2604=VECTOR('',#9071,1.);
#2605=VECTOR('',#9074,1.);
#2606=VECTOR('',#9077,1.);
#2607=VECTOR('',#9084,1.);
#2608=VECTOR('',#9085,1.);
#2609=VECTOR('',#9086,1.);
#2610=VECTOR('',#9089,1.);
#2611=VECTOR('',#9090,1.);
#2612=VECTOR('',#9093,1.);
#2613=VECTOR('',#9098,1.);
#2614=VECTOR('',#9101,1.);
#2615=VECTOR('',#9106,1.);
#2616=VECTOR('',#9107,1.);
#2617=VECTOR('',#9110,1.);
#2618=VECTOR('',#9113,1.);
#2619=VECTOR('',#9116,1.);
#2620=VECTOR('',#9119,1.);
#2621=VECTOR('',#9122,1.);
#2622=VECTOR('',#9125,1.);
#2623=VECTOR('',#9128,1.);
#2624=VECTOR('',#9131,1.);
#2625=VECTOR('',#9142,1.);
#2626=VECTOR('',#9145,1.);
#2627=VECTOR('',#9148,1.);
#2628=VECTOR('',#9151,1.);
#2629=VECTOR('',#9156,1.);
#2630=VECTOR('',#9157,1.);
#2631=VECTOR('',#9158,1.);
#2632=VECTOR('',#9161,1.);
#2633=VECTOR('',#9168,1.);
#2634=VECTOR('',#9171,1.);
#2635=VECTOR('',#9172,1.);
#2636=VECTOR('',#9175,1.);
#2637=VECTOR('',#9176,1.);
#2638=VECTOR('',#9179,1.);
#2639=VECTOR('',#9186,1.);
#2640=VECTOR('',#9189,1.);
#2641=VECTOR('',#9194,1.);
#2642=VECTOR('',#9197,1.);
#2643=VECTOR('',#9200,1.);
#2644=VECTOR('',#9203,1.);
#2645=VECTOR('',#9206,1.);
#2646=VECTOR('',#9209,1.);
#2647=VECTOR('',#9212,1.);
#2648=VECTOR('',#9213,1.);
#2649=VECTOR('',#9216,1.);
#2650=VECTOR('',#9221,1.);
#2651=VECTOR('',#9222,1.);
#2652=VECTOR('',#9225,1.);
#2653=VECTOR('',#9230,1.);
#2654=VECTOR('',#9231,1.);
#2655=VECTOR('',#9234,1.);
#2656=VECTOR('',#9239,1.);
#2657=VECTOR('',#9242,1.);
#2658=VECTOR('',#9245,1.);
#2659=VECTOR('',#9248,1.);
#2660=VECTOR('',#9251,1.);
#2661=VECTOR('',#9256,1.);
#2662=VECTOR('',#9257,1.);
#2663=VECTOR('',#9258,1.);
#2664=VECTOR('',#9261,1.);
#2665=VECTOR('',#9268,1.);
#2666=VECTOR('',#9271,1.);
#2667=VECTOR('',#9272,1.);
#2668=VECTOR('',#9275,1.);
#2669=VECTOR('',#9276,1.);
#2670=VECTOR('',#9279,1.);
#2671=VECTOR('',#9286,1.);
#2672=VECTOR('',#9289,1.);
#2673=VECTOR('',#9330,2.);
#2674=VECTOR('',#9341,2.);
#2675=VECTOR('',#9346,1.3);
#2676=VECTOR('',#9351,1.3);
#2677=VECTOR('',#9354,10.);
#2678=VECTOR('',#9355,10.);
#2679=VECTOR('',#9356,10.);
#2680=VECTOR('',#9357,10.);
#2681=VECTOR('',#9360,10.);
#2682=VECTOR('',#9361,10.);
#2683=VECTOR('',#9362,10.);
#2684=VECTOR('',#9373,2.);
#2685=VECTOR('',#9376,1.3);
#2686=VECTOR('',#9389,2.);
#2687=VECTOR('',#9392,1.3);
#2688=VECTOR('',#9405,2.);
#2689=VECTOR('',#9408,1.3);
#2690=VECTOR('',#9415,1.45);
#2691=VECTOR('',#9424,1.45);
#2692=VECTOR('',#9433,1.45);
#2693=VECTOR('',#9442,2.09999999999999);
#2694=VECTOR('',#9451,2.10000000000001);
#2695=VECTOR('',#9458,10.);
#2696=VECTOR('',#9459,10.);
#2697=VECTOR('',#9460,10.);
#2698=VECTOR('',#9461,10.);
#2699=VECTOR('',#9466,10.);
#2700=VECTOR('',#9469,10.);
#2701=VECTOR('',#9472,10.);
#2702=VECTOR('',#9475,10.);
#2703=VECTOR('',#9476,10.);
#2704=VECTOR('',#9477,10.);
#2705=VECTOR('',#9478,10.);
#2706=VECTOR('',#9481,10.);
#2707=VECTOR('',#9482,10.);
#2708=VECTOR('',#9483,10.);
#2709=VECTOR('',#9486,10.);
#2710=VECTOR('',#9489,10.);
#2711=VECTOR('',#9492,10.);
#2712=VECTOR('',#9493,10.);
#2713=VECTOR('',#9494,10.);
#2714=VECTOR('',#9495,10.);
#2715=VECTOR('',#9498,10.);
#2716=VECTOR('',#9499,10.);
#2717=VECTOR('',#9500,10.);
#2718=VECTOR('',#9501,10.);
#2719=VECTOR('',#9504,10.);
#2720=VECTOR('',#9505,10.);
#2721=VECTOR('',#9508,10.);
#2722=VECTOR('',#9509,10.);
#2723=VECTOR('',#9510,10.);
#2724=VECTOR('',#9513,10.);
#2725=VECTOR('',#9514,10.);
#2726=VECTOR('',#9517,10.);
#2727=VECTOR('',#9520,10.);
#2728=VECTOR('',#9523,10.);
#2729=VECTOR('',#9526,10.);
#2730=VECTOR('',#9529,10.);
#2731=VECTOR('',#9536,10.);
#2732=VECTOR('',#9537,10.);
#2733=VECTOR('',#9540,10.);
#2734=VECTOR('',#9543,10.);
#2735=VECTOR('',#9546,10.);
#2736=VECTOR('',#9549,10.);
#2737=VECTOR('',#9552,10.);
#2738=VECTOR('',#9555,10.);
#2739=VECTOR('',#9560,10.);
#2740=VECTOR('',#9565,1.09999999999999);
#2741=VECTOR('',#9574,10.);
#2742=VECTOR('',#9575,10.);
#2743=VECTOR('',#9578,10.);
#2744=VECTOR('',#9579,10.);
#2745=VECTOR('',#9582,10.);
#2746=VECTOR('',#9583,10.);
#2747=VECTOR('',#9588,10.);
#2748=VECTOR('',#9591,10.);
#2749=VECTOR('',#9592,10.);
#2750=VECTOR('',#9595,10.);
#2751=VECTOR('',#9596,10.);
#2752=VECTOR('',#9601,10.);
#2753=VECTOR('',#9604,10.);
#2754=VECTOR('',#9605,10.);
#2755=VECTOR('',#9608,10.);
#2756=VECTOR('',#9609,10.);
#2757=VECTOR('',#9614,10.);
#2758=VECTOR('',#9617,10.);
#2759=VECTOR('',#9618,10.);
#2760=VECTOR('',#9621,10.);
#2761=VECTOR('',#9622,10.);
#2762=VECTOR('',#9627,10.);
#2763=VECTOR('',#9630,10.);
#2764=VECTOR('',#9631,10.);
#2765=VECTOR('',#9632,10.);
#2766=VECTOR('',#9637,10.);
#2767=VECTOR('',#9638,10.);
#2768=VECTOR('',#9641,10.);
#2769=VECTOR('',#9642,10.);
#2770=VECTOR('',#9645,10.);
#2771=VECTOR('',#9646,10.);
#2772=VECTOR('',#9651,10.);
#2773=VECTOR('',#9654,10.);
#2774=VECTOR('',#9655,10.);
#2775=VECTOR('',#9658,10.);
#2776=VECTOR('',#9659,10.);
#2777=VECTOR('',#9664,10.);
#2778=VECTOR('',#9667,10.);
#2779=VECTOR('',#9668,10.);
#2780=VECTOR('',#9671,10.);
#2781=VECTOR('',#9672,10.);
#2782=VECTOR('',#9677,10.);
#2783=VECTOR('',#9680,10.);
#2784=VECTOR('',#9681,10.);
#2785=VECTOR('',#9684,10.);
#2786=VECTOR('',#9685,10.);
#2787=VECTOR('',#9690,10.);
#2788=VECTOR('',#9693,10.);
#2789=VECTOR('',#9694,10.);
#2790=VECTOR('',#9695,10.);
#2791=VECTOR('',#9708,10.);
#2792=VECTOR('',#9709,10.);
#2793=VECTOR('',#9714,10.);
#2794=VECTOR('',#9715,10.);
#2795=VECTOR('',#9720,10.);
#2796=VECTOR('',#9721,10.);
#2797=VECTOR('',#9726,10.);
#2798=VECTOR('',#9727,10.);
#2799=VECTOR('',#9732,10.);
#2800=VECTOR('',#9733,10.);
#2801=VECTOR('',#9738,10.);
#2802=VECTOR('',#9739,10.);
#2803=VECTOR('',#9744,10.);
#2804=VECTOR('',#9745,10.);
#2805=VECTOR('',#9750,10.);
#2806=VECTOR('',#9751,10.);
#2807=VECTOR('',#9756,10.);
#2808=VECTOR('',#9761,10.);
#2809=VECTOR('',#9764,10.);
#2810=VECTOR('',#9765,10.);
#2811=VECTOR('',#9768,10.);
#2812=VECTOR('',#9771,10.);
#2813=VECTOR('',#9772,10.);
#2814=VECTOR('',#9775,10.);
#2815=VECTOR('',#9778,10.);
#2816=VECTOR('',#9779,10.);
#2817=VECTOR('',#9782,10.);
#2818=VECTOR('',#9785,10.);
#2819=VECTOR('',#9786,10.);
#2820=VECTOR('',#9789,10.);
#2821=VECTOR('',#9792,10.);
#2822=VECTOR('',#9793,10.);
#2823=VECTOR('',#9796,10.);
#2824=VECTOR('',#9799,10.);
#2825=VECTOR('',#9800,10.);
#2826=VECTOR('',#9803,10.);
#2827=VECTOR('',#9806,10.);
#2828=VECTOR('',#9807,10.);
#2829=VECTOR('',#9810,10.);
#2830=VECTOR('',#9813,10.);
#2831=VECTOR('',#9814,10.);
#2832=VECTOR('',#9817,10.);
#2833=VECTOR('',#9820,10.);
#2834=VECTOR('',#9821,10.);
#2835=VECTOR('',#9824,10.);
#2836=VECTOR('',#9827,10.);
#2837=VECTOR('',#9828,10.);
#2838=VECTOR('',#9831,10.);
#2839=VECTOR('',#9848,5.101);
#2840=VECTOR('',#9855,5.101);
#2841=VECTOR('',#9858,10.);
#2842=VECTOR('',#9859,10.);
#2843=VECTOR('',#9860,10.);
#2844=VECTOR('',#9861,10.);
#2845=VECTOR('',#9864,10.);
#2846=VECTOR('',#9865,10.);
#2847=VECTOR('',#9866,10.);
#2848=VECTOR('',#9867,10.);
#2849=VECTOR('',#9868,10.);
#2850=VECTOR('',#9871,10.);
#2851=VECTOR('',#9872,10.);
#2852=VECTOR('',#9873,10.);
#2853=VECTOR('',#9874,10.);
#2854=VECTOR('',#9875,10.);
#2855=VECTOR('',#9878,10.);
#2856=VECTOR('',#9881,10.);
#2857=VECTOR('',#9882,10.);
#2858=VECTOR('',#9885,10.);
#2859=VECTOR('',#9886,10.);
#2860=VECTOR('',#9887,10.);
#2861=VECTOR('',#9888,10.);
#2862=VECTOR('',#9889,10.);
#2863=VECTOR('',#9890,10.);
#2864=VECTOR('',#9893,10.);
#2865=VECTOR('',#9894,10.);
#2866=VECTOR('',#9895,10.);
#2867=VECTOR('',#9898,10.);
#2868=VECTOR('',#9899,10.);
#2869=VECTOR('',#9900,10.);
#2870=VECTOR('',#9901,10.);
#2871=VECTOR('',#9902,10.);
#2872=VECTOR('',#9903,10.);
#2873=VECTOR('',#9904,10.);
#2874=VECTOR('',#9905,10.);
#2875=VECTOR('',#9906,10.);
#2876=VECTOR('',#9907,10.);
#2877=VECTOR('',#9908,10.);
#2878=VECTOR('',#9909,10.);
#2879=VECTOR('',#9910,10.);
#2880=VECTOR('',#9911,10.);
#2881=VECTOR('',#9914,10.);
#2882=VECTOR('',#9915,10.);
#2883=VECTOR('',#9916,10.);
#2884=VECTOR('',#9917,10.);
#2885=VECTOR('',#9918,10.);
#2886=VECTOR('',#9919,10.);
#2887=VECTOR('',#9920,10.);
#2888=VECTOR('',#9921,10.);
#2889=VECTOR('',#9922,10.);
#2890=VECTOR('',#9925,10.);
#2891=VECTOR('',#9926,10.);
#2892=VECTOR('',#9927,10.);
#2893=VECTOR('',#9928,10.);
#2894=VECTOR('',#9929,10.);
#2895=VECTOR('',#9930,10.);
#2896=VECTOR('',#9931,10.);
#2897=VECTOR('',#9932,10.);
#2898=VECTOR('',#9933,10.);
#2899=VECTOR('',#9936,10.);
#2900=VECTOR('',#9937,10.);
#2901=VECTOR('',#9938,10.);
#2902=VECTOR('',#9939,10.);
#2903=VECTOR('',#9942,10.);
#2904=VECTOR('',#9943,10.);
#2905=VECTOR('',#9944,10.);
#2906=VECTOR('',#9945,10.);
#2907=VECTOR('',#9948,10.);
#2908=VECTOR('',#9949,10.);
#2909=VECTOR('',#9950,10.);
#2910=VECTOR('',#9951,10.);
#2911=VECTOR('',#9954,10.);
#2912=VECTOR('',#9955,10.);
#2913=VECTOR('',#9956,10.);
#2914=VECTOR('',#9957,10.);
#2915=VECTOR('',#9960,10.);
#2916=VECTOR('',#9961,10.);
#2917=VECTOR('',#9962,10.);
#2918=VECTOR('',#9965,10.);
#2919=VECTOR('',#9966,10.);
#2920=VECTOR('',#9967,10.);
#2921=VECTOR('',#9968,10.);
#2922=VECTOR('',#9969,10.);
#2923=VECTOR('',#9970,10.);
#2924=VECTOR('',#9973,10.);
#2925=VECTOR('',#9974,10.);
#2926=VECTOR('',#9975,10.);
#2927=VECTOR('',#9976,10.);
#2928=VECTOR('',#9977,10.);
#2929=VECTOR('',#9978,10.);
#2930=VECTOR('',#9979,10.);
#2931=VECTOR('',#9980,10.);
#2932=VECTOR('',#9981,10.);
#2933=VECTOR('',#9988,1.45);
#2934=VECTOR('',#9997,1.45);
#2935=VECTOR('',#10004,1.45);
#2936=VECTOR('',#10013,10.);
#2937=VECTOR('',#10016,10.);
#2938=VECTOR('',#10017,10.);
#2939=VECTOR('',#10020,10.);
#2940=VECTOR('',#10021,10.);
#2941=VECTOR('',#10026,10.);
#2942=VECTOR('',#10029,10.);
#2943=VECTOR('',#10030,10.);
#2944=VECTOR('',#10031,10.);
#2945=VECTOR('',#10032,10.);
#2946=VECTOR('',#10033,10.);
#2947=VECTOR('',#10034,10.);
#2948=VECTOR('',#10037,10.);
#2949=VECTOR('',#10038,10.);
#2950=VECTOR('',#10039,10.);
#2951=VECTOR('',#10040,10.);
#2952=VECTOR('',#10043,10.);
#2953=VECTOR('',#10044,10.);
#2954=VECTOR('',#10045,10.);
#2955=VECTOR('',#10048,10.);
#2956=VECTOR('',#10049,10.);
#2957=VECTOR('',#10050,10.);
#2958=VECTOR('',#10053,10.);
#2959=VECTOR('',#10054,10.);
#2960=VECTOR('',#10055,10.);
#2961=VECTOR('',#10056,10.);
#2962=VECTOR('',#10059,10.);
#2963=VECTOR('',#10060,10.);
#2964=VECTOR('',#10061,10.);
#2965=VECTOR('',#10064,10.);
#2966=VECTOR('',#10065,10.);
#2967=VECTOR('',#10066,10.);
#2968=VECTOR('',#10067,10.);
#2969=VECTOR('',#10068,10.);
#2970=VECTOR('',#10071,10.);
#2971=VECTOR('',#10072,10.);
#2972=VECTOR('',#10075,10.);
#2973=VECTOR('',#10076,10.);
#2974=VECTOR('',#10079,10.);
#2975=VECTOR('',#10082,10.);
#2976=VECTOR('',#10085,10.);
#2977=VECTOR('',#10086,10.);
#2978=VECTOR('',#10097,10.);
#2979=VECTOR('',#10098,10.);
#2980=VECTOR('',#10103,10.);
#2981=VECTOR('',#10106,10.);
#2982=VECTOR('',#10113,10.);
#2983=VECTOR('',#10114,10.);
#2984=VECTOR('',#10117,10.);
#2985=VECTOR('',#10120,10.);
#2986=VECTOR('',#10121,10.);
#2987=VECTOR('',#10124,10.);
#2988=VECTOR('',#10127,10.);
#2989=VECTOR('',#10132,10.);
#2990=VECTOR('',#10139,10.);
#2991=VECTOR('',#10142,10.);
#2992=VECTOR('',#10151,1.45);
#2993=VECTOR('',#10158,10.);
#2994=VECTOR('',#10159,10.);
#2995=VECTOR('',#10160,10.);
#2996=VECTOR('',#10161,10.);
#2997=VECTOR('',#10164,10.);
#2998=VECTOR('',#10165,10.);
#2999=VECTOR('',#10168,10.);
#3000=VECTOR('',#10171,10.);
#3001=VECTOR('',#10178,1.45);
#3002=VECTOR('',#10185,10.);
#3003=VECTOR('',#10186,10.);
#3004=VECTOR('',#10187,10.);
#3005=VECTOR('',#10188,10.);
#3006=VECTOR('',#10191,10.);
#3007=VECTOR('',#10192,10.);
#3008=VECTOR('',#10195,10.);
#3009=VECTOR('',#10198,10.);
#3010=VERTEX_POINT('',#10208);
#3011=VERTEX_POINT('',#10209);
#3012=VERTEX_POINT('',#10211);
#3013=VERTEX_POINT('',#10213);
#3014=VERTEX_POINT('',#10217);
#3015=VERTEX_POINT('',#10219);
#3016=VERTEX_POINT('',#10221);
#3017=VERTEX_POINT('',#10223);
#3018=VERTEX_POINT('',#10225);
#3019=VERTEX_POINT('',#10227);
#3020=VERTEX_POINT('',#10231);
#3021=VERTEX_POINT('',#10235);
#3022=VERTEX_POINT('',#10237);
#3023=VERTEX_POINT('',#10241);
#3024=VERTEX_POINT('',#10245);
#3025=VERTEX_POINT('',#10247);
#3026=VERTEX_POINT('',#10249);
#3027=VERTEX_POINT('',#10251);
#3028=VERTEX_POINT('',#10253);
#3029=VERTEX_POINT('',#10257);
#3030=VERTEX_POINT('',#10259);
#3031=VERTEX_POINT('',#10261);
#3032=VERTEX_POINT('',#10265);
#3033=VERTEX_POINT('',#10269);
#3034=VERTEX_POINT('',#10275);
#3035=VERTEX_POINT('',#10279);
#3036=VERTEX_POINT('',#10281);
#3037=VERTEX_POINT('',#10283);
#3038=VERTEX_POINT('',#10285);
#3039=VERTEX_POINT('',#10287);
#3040=VERTEX_POINT('',#10289);
#3041=VERTEX_POINT('',#10291);
#3042=VERTEX_POINT('',#10293);
#3043=VERTEX_POINT('',#10295);
#3044=VERTEX_POINT('',#10301);
#3045=VERTEX_POINT('',#10303);
#3046=VERTEX_POINT('',#10307);
#3047=VERTEX_POINT('',#10309);
#3048=VERTEX_POINT('',#10313);
#3049=VERTEX_POINT('',#10315);
#3050=VERTEX_POINT('',#10319);
#3051=VERTEX_POINT('',#10321);
#3052=VERTEX_POINT('',#10329);
#3053=VERTEX_POINT('',#10331);
#3054=VERTEX_POINT('',#10335);
#3055=VERTEX_POINT('',#10337);
#3056=VERTEX_POINT('',#10341);
#3057=VERTEX_POINT('',#10345);
#3058=VERTEX_POINT('',#10351);
#3059=VERTEX_POINT('',#10356);
#3060=VERTEX_POINT('',#10357);
#3061=VERTEX_POINT('',#10359);
#3062=VERTEX_POINT('',#10361);
#3063=VERTEX_POINT('',#10364);
#3064=VERTEX_POINT('',#10368);
#3065=VERTEX_POINT('',#10372);
#3066=VERTEX_POINT('',#10376);
#3067=VERTEX_POINT('',#10380);
#3068=VERTEX_POINT('',#10382);
#3069=VERTEX_POINT('',#10384);
#3070=VERTEX_POINT('',#10391);
#3071=VERTEX_POINT('',#10393);
#3072=VERTEX_POINT('',#10398);
#3073=VERTEX_POINT('',#10400);
#3074=VERTEX_POINT('',#10402);
#3075=VERTEX_POINT('',#10404);
#3076=VERTEX_POINT('',#10406);
#3077=VERTEX_POINT('',#10408);
#3078=VERTEX_POINT('',#10410);
#3079=VERTEX_POINT('',#10414);
#3080=VERTEX_POINT('',#10418);
#3081=VERTEX_POINT('',#10420);
#3082=VERTEX_POINT('',#10422);
#3083=VERTEX_POINT('',#10424);
#3084=VERTEX_POINT('',#10426);
#3085=VERTEX_POINT('',#10428);
#3086=VERTEX_POINT('',#10434);
#3087=VERTEX_POINT('',#10436);
#3088=VERTEX_POINT('',#10438);
#3089=VERTEX_POINT('',#10440);
#3090=VERTEX_POINT('',#10442);
#3091=VERTEX_POINT('',#10444);
#3092=VERTEX_POINT('',#10446);
#3093=VERTEX_POINT('',#10450);
#3094=VERTEX_POINT('',#10454);
#3095=VERTEX_POINT('',#10456);
#3096=VERTEX_POINT('',#10458);
#3097=VERTEX_POINT('',#10460);
#3098=VERTEX_POINT('',#10462);
#3099=VERTEX_POINT('',#10464);
#3100=VERTEX_POINT('',#10468);
#3101=VERTEX_POINT('',#10470);
#3102=VERTEX_POINT('',#10472);
#3103=VERTEX_POINT('',#10474);
#3104=VERTEX_POINT('',#10476);
#3105=VERTEX_POINT('',#10478);
#3106=VERTEX_POINT('',#10480);
#3107=VERTEX_POINT('',#10484);
#3108=VERTEX_POINT('',#10488);
#3109=VERTEX_POINT('',#10490);
#3110=VERTEX_POINT('',#10492);
#3111=VERTEX_POINT('',#10494);
#3112=VERTEX_POINT('',#10496);
#3113=VERTEX_POINT('',#10498);
#3114=VERTEX_POINT('',#10506);
#3115=VERTEX_POINT('',#10508);
#3116=VERTEX_POINT('',#10511);
#3117=VERTEX_POINT('',#10559);
#3118=VERTEX_POINT('',#10560);
#3119=VERTEX_POINT('',#10562);
#3120=VERTEX_POINT('',#10564);
#3121=VERTEX_POINT('',#10568);
#3122=VERTEX_POINT('',#10569);
#3123=VERTEX_POINT('',#10574);
#3124=VERTEX_POINT('',#10576);
#3125=VERTEX_POINT('',#10581);
#3126=VERTEX_POINT('',#10583);
#3127=VERTEX_POINT('',#10585);
#3128=VERTEX_POINT('',#10587);
#3129=VERTEX_POINT('',#10589);
#3130=VERTEX_POINT('',#10591);
#3131=VERTEX_POINT('',#10593);
#3132=VERTEX_POINT('',#10595);
#3133=VERTEX_POINT('',#10597);
#3134=VERTEX_POINT('',#10599);
#3135=VERTEX_POINT('',#10601);
#3136=VERTEX_POINT('',#10603);
#3137=VERTEX_POINT('',#10605);
#3138=VERTEX_POINT('',#10607);
#3139=VERTEX_POINT('',#10609);
#3140=VERTEX_POINT('',#10611);
#3141=VERTEX_POINT('',#10613);
#3142=VERTEX_POINT('',#10615);
#3143=VERTEX_POINT('',#10617);
#3144=VERTEX_POINT('',#10619);
#3145=VERTEX_POINT('',#10621);
#3146=VERTEX_POINT('',#10623);
#3147=VERTEX_POINT('',#10625);
#3148=VERTEX_POINT('',#10627);
#3149=VERTEX_POINT('',#10629);
#3150=VERTEX_POINT('',#10631);
#3151=VERTEX_POINT('',#10633);
#3152=VERTEX_POINT('',#10635);
#3153=VERTEX_POINT('',#10637);
#3154=VERTEX_POINT('',#10639);
#3155=VERTEX_POINT('',#10641);
#3156=VERTEX_POINT('',#10643);
#3157=VERTEX_POINT('',#10645);
#3158=VERTEX_POINT('',#10647);
#3159=VERTEX_POINT('',#10649);
#3160=VERTEX_POINT('',#10651);
#3161=VERTEX_POINT('',#10653);
#3162=VERTEX_POINT('',#10655);
#3163=VERTEX_POINT('',#10657);
#3164=VERTEX_POINT('',#10659);
#3165=VERTEX_POINT('',#10661);
#3166=VERTEX_POINT('',#10663);
#3167=VERTEX_POINT('',#10665);
#3168=VERTEX_POINT('',#10666);
#3169=VERTEX_POINT('',#10668);
#3170=VERTEX_POINT('',#10670);
#3171=VERTEX_POINT('',#10673);
#3172=VERTEX_POINT('',#10675);
#3173=VERTEX_POINT('',#10677);
#3174=VERTEX_POINT('',#10679);
#3175=VERTEX_POINT('',#10681);
#3176=VERTEX_POINT('',#10683);
#3177=VERTEX_POINT('',#10684);
#3178=VERTEX_POINT('',#10686);
#3179=VERTEX_POINT('',#10688);
#3180=VERTEX_POINT('',#10691);
#3181=VERTEX_POINT('',#10693);
#3182=VERTEX_POINT('',#10695);
#3183=VERTEX_POINT('',#10697);
#3184=VERTEX_POINT('',#10698);
#3185=VERTEX_POINT('',#10700);
#3186=VERTEX_POINT('',#10702);
#3187=VERTEX_POINT('',#10705);
#3188=VERTEX_POINT('',#10707);
#3189=VERTEX_POINT('',#10709);
#3190=VERTEX_POINT('',#10711);
#3191=VERTEX_POINT('',#10715);
#3192=VERTEX_POINT('',#10717);
#3193=VERTEX_POINT('',#10719);
#3194=VERTEX_POINT('',#10721);
#3195=VERTEX_POINT('',#10723);
#3196=VERTEX_POINT('',#10725);
#3197=VERTEX_POINT('',#10727);
#3198=VERTEX_POINT('',#10729);
#3199=VERTEX_POINT('',#10731);
#3200=VERTEX_POINT('',#10733);
#3201=VERTEX_POINT('',#10735);
#3202=VERTEX_POINT('',#10737);
#3203=VERTEX_POINT('',#10739);
#3204=VERTEX_POINT('',#10741);
#3205=VERTEX_POINT('',#10743);
#3206=VERTEX_POINT('',#10745);
#3207=VERTEX_POINT('',#10747);
#3208=VERTEX_POINT('',#10749);
#3209=VERTEX_POINT('',#10751);
#3210=VERTEX_POINT('',#10753);
#3211=VERTEX_POINT('',#10755);
#3212=VERTEX_POINT('',#10757);
#3213=VERTEX_POINT('',#10759);
#3214=VERTEX_POINT('',#10761);
#3215=VERTEX_POINT('',#10763);
#3216=VERTEX_POINT('',#10765);
#3217=VERTEX_POINT('',#10767);
#3218=VERTEX_POINT('',#10769);
#3219=VERTEX_POINT('',#10771);
#3220=VERTEX_POINT('',#10773);
#3221=VERTEX_POINT('',#10775);
#3222=VERTEX_POINT('',#10777);
#3223=VERTEX_POINT('',#10779);
#3224=VERTEX_POINT('',#10781);
#3225=VERTEX_POINT('',#10783);
#3226=VERTEX_POINT('',#10785);
#3227=VERTEX_POINT('',#10787);
#3228=VERTEX_POINT('',#10789);
#3229=VERTEX_POINT('',#10791);
#3230=VERTEX_POINT('',#10793);
#3231=VERTEX_POINT('',#10795);
#3232=VERTEX_POINT('',#10797);
#3233=VERTEX_POINT('',#10799);
#3234=VERTEX_POINT('',#10800);
#3235=VERTEX_POINT('',#10802);
#3236=VERTEX_POINT('',#10804);
#3237=VERTEX_POINT('',#10807);
#3238=VERTEX_POINT('',#10809);
#3239=VERTEX_POINT('',#10811);
#3240=VERTEX_POINT('',#10813);
#3241=VERTEX_POINT('',#10815);
#3242=VERTEX_POINT('',#10817);
#3243=VERTEX_POINT('',#10818);
#3244=VERTEX_POINT('',#10820);
#3245=VERTEX_POINT('',#10822);
#3246=VERTEX_POINT('',#10825);
#3247=VERTEX_POINT('',#10827);
#3248=VERTEX_POINT('',#10829);
#3249=VERTEX_POINT('',#10831);
#3250=VERTEX_POINT('',#10832);
#3251=VERTEX_POINT('',#10834);
#3252=VERTEX_POINT('',#10836);
#3253=VERTEX_POINT('',#10839);
#3254=VERTEX_POINT('',#10841);
#3255=VERTEX_POINT('',#10843);
#3256=VERTEX_POINT('',#10845);
#3257=VERTEX_POINT('',#10983);
#3258=VERTEX_POINT('',#10984);
#3259=VERTEX_POINT('',#10986);
#3260=VERTEX_POINT('',#10988);
#3261=VERTEX_POINT('',#10992);
#3262=VERTEX_POINT('',#10993);
#3263=VERTEX_POINT('',#10995);
#3264=VERTEX_POINT('',#10997);
#3265=VERTEX_POINT('',#10999);
#3266=VERTEX_POINT('',#11001);
#3267=VERTEX_POINT('',#11003);
#3268=VERTEX_POINT('',#11005);
#3269=VERTEX_POINT('',#11010);
#3270=VERTEX_POINT('',#11014);
#3271=VERTEX_POINT('',#11018);
#3272=VERTEX_POINT('',#11020);
#3273=VERTEX_POINT('',#11022);
#3274=VERTEX_POINT('',#11024);
#3275=VERTEX_POINT('',#11026);
#3276=VERTEX_POINT('',#11028);
#3277=VERTEX_POINT('',#11036);
#3278=VERTEX_POINT('',#11038);
#3279=VERTEX_POINT('',#11040);
#3280=VERTEX_POINT('',#11042);
#3281=VERTEX_POINT('',#11050);
#3282=VERTEX_POINT('',#11052);
#3283=VERTEX_POINT('',#11054);
#3284=VERTEX_POINT('',#11056);
#3285=VERTEX_POINT('',#11062);
#3286=VERTEX_POINT('',#11063);
#3287=VERTEX_POINT('',#11065);
#3288=VERTEX_POINT('',#11067);
#3289=VERTEX_POINT('',#11069);
#3290=VERTEX_POINT('',#11071);
#3291=VERTEX_POINT('',#11076);
#3292=VERTEX_POINT('',#11078);
#3293=VERTEX_POINT('',#11082);
#3294=VERTEX_POINT('',#11086);
#3295=VERTEX_POINT('',#11087);
#3296=VERTEX_POINT('',#11090);
#3297=VERTEX_POINT('',#11092);
#3298=VERTEX_POINT('',#11094);
#3299=VERTEX_POINT('',#11096);
#3300=VERTEX_POINT('',#11100);
#3301=VERTEX_POINT('',#11124);
#3302=VERTEX_POINT('',#11125);
#3303=VERTEX_POINT('',#11127);
#3304=VERTEX_POINT('',#11129);
#3305=VERTEX_POINT('',#11131);
#3306=VERTEX_POINT('',#11133);
#3307=VERTEX_POINT('',#11135);
#3308=VERTEX_POINT('',#11137);
#3309=VERTEX_POINT('',#11141);
#3310=VERTEX_POINT('',#11142);
#3311=VERTEX_POINT('',#11147);
#3312=VERTEX_POINT('',#11151);
#3313=VERTEX_POINT('',#11155);
#3314=VERTEX_POINT('',#11159);
#3315=VERTEX_POINT('',#11163);
#3316=VERTEX_POINT('',#11167);
#3317=VERTEX_POINT('',#11173);
#3318=VERTEX_POINT('',#11174);
#3319=VERTEX_POINT('',#11176);
#3320=VERTEX_POINT('',#11178);
#3321=VERTEX_POINT('',#11180);
#3322=VERTEX_POINT('',#11182);
#3323=VERTEX_POINT('',#11184);
#3324=VERTEX_POINT('',#11186);
#3325=VERTEX_POINT('',#11190);
#3326=VERTEX_POINT('',#11192);
#3327=VERTEX_POINT('',#11196);
#3328=VERTEX_POINT('',#11200);
#3329=VERTEX_POINT('',#11204);
#3330=VERTEX_POINT('',#11208);
#3331=VERTEX_POINT('',#11212);
#3332=VERTEX_POINT('',#11216);
#3333=VERTEX_POINT('',#11222);
#3334=VERTEX_POINT('',#11223);
#3335=VERTEX_POINT('',#11225);
#3336=VERTEX_POINT('',#11227);
#3337=VERTEX_POINT('',#11229);
#3338=VERTEX_POINT('',#11231);
#3339=VERTEX_POINT('',#11233);
#3340=VERTEX_POINT('',#11235);
#3341=VERTEX_POINT('',#11239);
#3342=VERTEX_POINT('',#11240);
#3343=VERTEX_POINT('',#11245);
#3344=VERTEX_POINT('',#11249);
#3345=VERTEX_POINT('',#11253);
#3346=VERTEX_POINT('',#11257);
#3347=VERTEX_POINT('',#11261);
#3348=VERTEX_POINT('',#11265);
#3349=VERTEX_POINT('',#11286);
#3350=VERTEX_POINT('',#11288);
#3351=VERTEX_POINT('',#11291);
#3352=VERTEX_POINT('',#11295);
#3353=VERTEX_POINT('',#11297);
#3354=VERTEX_POINT('',#11300);
#3355=VERTEX_POINT('',#11304);
#3356=VERTEX_POINT('',#11308);
#3357=VERTEX_POINT('',#11312);
#3358=VERTEX_POINT('',#11313);
#3359=VERTEX_POINT('',#11315);
#3360=VERTEX_POINT('',#11317);
#3361=VERTEX_POINT('',#11321);
#3362=VERTEX_POINT('',#11323);
#3363=VERTEX_POINT('',#11327);
#3364=VERTEX_POINT('',#11329);
#3365=VERTEX_POINT('',#11332);
#3366=VERTEX_POINT('',#11336);
#3367=VERTEX_POINT('',#11340);
#3368=VERTEX_POINT('',#11342);
#3369=VERTEX_POINT('',#11345);
#3370=VERTEX_POINT('',#11349);
#3371=VERTEX_POINT('',#11353);
#3372=VERTEX_POINT('',#11355);
#3373=VERTEX_POINT('',#11358);
#3374=VERTEX_POINT('',#11362);
#3375=VERTEX_POINT('',#11366);
#3376=VERTEX_POINT('',#11368);
#3377=VERTEX_POINT('',#11373);
#3378=VERTEX_POINT('',#11375);
#3379=VERTEX_POINT('',#11380);
#3380=VERTEX_POINT('',#11382);
#3381=VERTEX_POINT('',#11387);
#3382=VERTEX_POINT('',#11389);
#3383=VERTEX_POINT('',#11394);
#3384=VERTEX_POINT('',#11396);
#3385=VERTEX_POINT('',#11401);
#3386=VERTEX_POINT('',#11402);
#3387=VERTEX_POINT('',#11404);
#3388=VERTEX_POINT('',#11406);
#3389=VERTEX_POINT('',#11410);
#3390=VERTEX_POINT('',#11411);
#3391=VERTEX_POINT('',#11413);
#3392=VERTEX_POINT('',#11415);
#3393=VERTEX_POINT('',#11417);
#3394=VERTEX_POINT('',#11419);
#3395=VERTEX_POINT('',#11421);
#3396=VERTEX_POINT('',#11423);
#3397=VERTEX_POINT('',#11426);
#3398=VERTEX_POINT('',#11428);
#3399=VERTEX_POINT('',#11432);
#3400=VERTEX_POINT('',#11434);
#3401=VERTEX_POINT('',#11442);
#3402=VERTEX_POINT('',#11443);
#3403=VERTEX_POINT('',#11445);
#3404=VERTEX_POINT('',#11447);
#3405=VERTEX_POINT('',#11451);
#3406=VERTEX_POINT('',#11452);
#3407=VERTEX_POINT('',#11454);
#3408=VERTEX_POINT('',#11456);
#3409=VERTEX_POINT('',#11464);
#3410=VERTEX_POINT('',#11468);
#3411=VERTEX_POINT('',#11474);
#3412=VERTEX_POINT('',#11475);
#3413=VERTEX_POINT('',#11477);
#3414=VERTEX_POINT('',#11479);
#3415=VERTEX_POINT('',#11481);
#3416=VERTEX_POINT('',#11483);
#3417=VERTEX_POINT('',#11485);
#3418=VERTEX_POINT('',#11487);
#3419=VERTEX_POINT('',#11490);
#3420=VERTEX_POINT('',#11512);
#3421=VERTEX_POINT('',#11517);
#3422=VERTEX_POINT('',#11518);
#3423=VERTEX_POINT('',#11520);
#3424=VERTEX_POINT('',#11522);
#3425=VERTEX_POINT('',#11529);
#3426=VERTEX_POINT('',#11531);
#3427=VERTEX_POINT('',#11537);
#3428=VERTEX_POINT('',#11539);
#3429=VERTEX_POINT('',#11545);
#3430=VERTEX_POINT('',#11547);
#3431=VERTEX_POINT('',#11556);
#3432=VERTEX_POINT('',#11558);
#3433=VERTEX_POINT('',#11564);
#3434=VERTEX_POINT('',#11566);
#3435=VERTEX_POINT('',#11572);
#3436=VERTEX_POINT('',#11574);
#3437=VERTEX_POINT('',#11583);
#3438=VERTEX_POINT('',#11585);
#3439=VERTEX_POINT('',#11591);
#3440=VERTEX_POINT('',#11593);
#3441=VERTEX_POINT('',#11599);
#3442=VERTEX_POINT('',#11601);
#3443=VERTEX_POINT('',#11610);
#3444=VERTEX_POINT('',#11612);
#3445=VERTEX_POINT('',#11618);
#3446=VERTEX_POINT('',#11620);
#3447=VERTEX_POINT('',#11626);
#3448=VERTEX_POINT('',#11628);
#3449=VERTEX_POINT('',#11638);
#3450=VERTEX_POINT('',#11640);
#3451=VERTEX_POINT('',#11644);
#3452=VERTEX_POINT('',#11646);
#3453=VERTEX_POINT('',#11653);
#3454=VERTEX_POINT('',#11654);
#3455=VERTEX_POINT('',#11656);
#3456=VERTEX_POINT('',#11658);
#3457=VERTEX_POINT('',#11665);
#3458=VERTEX_POINT('',#11667);
#3459=VERTEX_POINT('',#11673);
#3460=VERTEX_POINT('',#11675);
#3461=VERTEX_POINT('',#11681);
#3462=VERTEX_POINT('',#11683);
#3463=VERTEX_POINT('',#11692);
#3464=VERTEX_POINT('',#11694);
#3465=VERTEX_POINT('',#11700);
#3466=VERTEX_POINT('',#11702);
#3467=VERTEX_POINT('',#11708);
#3468=VERTEX_POINT('',#11710);
#3469=VERTEX_POINT('',#11719);
#3470=VERTEX_POINT('',#11721);
#3471=VERTEX_POINT('',#11727);
#3472=VERTEX_POINT('',#11729);
#3473=VERTEX_POINT('',#11735);
#3474=VERTEX_POINT('',#11737);
#3475=VERTEX_POINT('',#11746);
#3476=VERTEX_POINT('',#11748);
#3477=VERTEX_POINT('',#11754);
#3478=VERTEX_POINT('',#11756);
#3479=VERTEX_POINT('',#11762);
#3480=VERTEX_POINT('',#11764);
#3481=VERTEX_POINT('',#11774);
#3482=VERTEX_POINT('',#11776);
#3483=VERTEX_POINT('',#11781);
#3484=VERTEX_POINT('',#11783);
#3485=VERTEX_POINT('',#11793);
#3486=VERTEX_POINT('',#11794);
#3487=VERTEX_POINT('',#11796);
#3488=VERTEX_POINT('',#11798);
#3489=VERTEX_POINT('',#11805);
#3490=VERTEX_POINT('',#11806);
#3491=VERTEX_POINT('',#11808);
#3492=VERTEX_POINT('',#11810);
#3493=VERTEX_POINT('',#11819);
#3494=VERTEX_POINT('',#11820);
#3495=VERTEX_POINT('',#11822);
#3496=VERTEX_POINT('',#11824);
#3497=VERTEX_POINT('',#11833);
#3498=VERTEX_POINT('',#11834);
#3499=VERTEX_POINT('',#11836);
#3500=VERTEX_POINT('',#11838);
#3501=VERTEX_POINT('',#11847);
#3502=VERTEX_POINT('',#11848);
#3503=VERTEX_POINT('',#11850);
#3504=VERTEX_POINT('',#11852);
#3505=VERTEX_POINT('',#11861);
#3506=VERTEX_POINT('',#11862);
#3507=VERTEX_POINT('',#11864);
#3508=VERTEX_POINT('',#11866);
#3509=VERTEX_POINT('',#11875);
#3510=VERTEX_POINT('',#11876);
#3511=VERTEX_POINT('',#11878);
#3512=VERTEX_POINT('',#11880);
#3513=VERTEX_POINT('',#11889);
#3514=VERTEX_POINT('',#11890);
#3515=VERTEX_POINT('',#11892);
#3516=VERTEX_POINT('',#11894);
#3517=VERTEX_POINT('',#11901);
#3518=VERTEX_POINT('',#11903);
#3519=VERTEX_POINT('',#11913);
#3520=VERTEX_POINT('',#11915);
#3521=VERTEX_POINT('',#11925);
#3522=VERTEX_POINT('',#11927);
#3523=VERTEX_POINT('',#11938);
#3524=VERTEX_POINT('',#11940);
#3525=VERTEX_POINT('',#11951);
#3526=VERTEX_POINT('',#11953);
#3527=VERTEX_POINT('',#11964);
#3528=VERTEX_POINT('',#11966);
#3529=VERTEX_POINT('',#11977);
#3530=VERTEX_POINT('',#11979);
#3531=VERTEX_POINT('',#11990);
#3532=VERTEX_POINT('',#11992);
#3533=VERTEX_POINT('',#12003);
#3534=VERTEX_POINT('',#12005);
#3535=VERTEX_POINT('',#12016);
#3536=VERTEX_POINT('',#12018);
#3537=VERTEX_POINT('',#12029);
#3538=VERTEX_POINT('',#12031);
#3539=VERTEX_POINT('',#12042);
#3540=VERTEX_POINT('',#12044);
#3541=VERTEX_POINT('',#12057);
#3542=VERTEX_POINT('',#12059);
#3543=VERTEX_POINT('',#12062);
#3544=VERTEX_POINT('',#12067);
#3545=VERTEX_POINT('',#12072);
#3546=VERTEX_POINT('',#12073);
#3547=VERTEX_POINT('',#12075);
#3548=VERTEX_POINT('',#12077);
#3549=VERTEX_POINT('',#12081);
#3550=VERTEX_POINT('',#12083);
#3551=VERTEX_POINT('',#12085);
#3552=VERTEX_POINT('',#12087);
#3553=VERTEX_POINT('',#12091);
#3554=VERTEX_POINT('',#12093);
#3555=VERTEX_POINT('',#12095);
#3556=VERTEX_POINT('',#12097);
#3557=VERTEX_POINT('',#12106);
#3558=VERTEX_POINT('',#12108);
#3559=VERTEX_POINT('',#12110);
#3560=VERTEX_POINT('',#12112);
#3561=VERTEX_POINT('',#12114);
#3562=VERTEX_POINT('',#12116);
#3563=VERTEX_POINT('',#12118);
#3564=VERTEX_POINT('',#12120);
#3565=VERTEX_POINT('',#12122);
#3566=VERTEX_POINT('',#12124);
#3567=VERTEX_POINT('',#12126);
#3568=VERTEX_POINT('',#12128);
#3569=VERTEX_POINT('',#12130);
#3570=VERTEX_POINT('',#12132);
#3571=VERTEX_POINT('',#12134);
#3572=VERTEX_POINT('',#12136);
#3573=VERTEX_POINT('',#12139);
#3574=VERTEX_POINT('',#12140);
#3575=VERTEX_POINT('',#12142);
#3576=VERTEX_POINT('',#12144);
#3577=VERTEX_POINT('',#12147);
#3578=VERTEX_POINT('',#12148);
#3579=VERTEX_POINT('',#12150);
#3580=VERTEX_POINT('',#12152);
#3581=VERTEX_POINT('',#12156);
#3582=VERTEX_POINT('',#12157);
#3583=VERTEX_POINT('',#12159);
#3584=VERTEX_POINT('',#12162);
#3585=VERTEX_POINT('',#12165);
#3586=VERTEX_POINT('',#12166);
#3587=VERTEX_POINT('',#12168);
#3588=VERTEX_POINT('',#12170);
#3589=VERTEX_POINT('',#12174);
#3590=VERTEX_POINT('',#12176);
#3591=VERTEX_POINT('',#12178);
#3592=VERTEX_POINT('',#12180);
#3593=VERTEX_POINT('',#12183);
#3594=VERTEX_POINT('',#12184);
#3595=VERTEX_POINT('',#12186);
#3596=VERTEX_POINT('',#12188);
#3597=VERTEX_POINT('',#12192);
#3598=VERTEX_POINT('',#12193);
#3599=VERTEX_POINT('',#12195);
#3600=VERTEX_POINT('',#12197);
#3601=VERTEX_POINT('',#12201);
#3602=VERTEX_POINT('',#12202);
#3603=VERTEX_POINT('',#12204);
#3604=VERTEX_POINT('',#12206);
#3605=VERTEX_POINT('',#12210);
#3606=VERTEX_POINT('',#12211);
#3607=VERTEX_POINT('',#12213);
#3608=VERTEX_POINT('',#12215);
#3609=VERTEX_POINT('',#12219);
#3610=VERTEX_POINT('',#12220);
#3611=VERTEX_POINT('',#12222);
#3612=VERTEX_POINT('',#12224);
#3613=VERTEX_POINT('',#12228);
#3614=VERTEX_POINT('',#12229);
#3615=VERTEX_POINT('',#12234);
#3616=VERTEX_POINT('',#12235);
#3617=VERTEX_POINT('',#12237);
#3618=VERTEX_POINT('',#12239);
#3619=VERTEX_POINT('',#12242);
#3620=VERTEX_POINT('',#12244);
#3621=VERTEX_POINT('',#12246);
#3622=VERTEX_POINT('',#12248);
#3623=VERTEX_POINT('',#12250);
#3624=VERTEX_POINT('',#12252);
#3625=VERTEX_POINT('',#12256);
#3626=VERTEX_POINT('',#12258);
#3627=VERTEX_POINT('',#12260);
#3628=VERTEX_POINT('',#12262);
#3629=VERTEX_POINT('',#12266);
#3630=VERTEX_POINT('',#12268);
#3631=VERTEX_POINT('',#12273);
#3632=VERTEX_POINT('',#12275);
#3633=VERTEX_POINT('',#12279);
#3634=VERTEX_POINT('',#12281);
#3635=VERTEX_POINT('',#12298);
#3636=VERTEX_POINT('',#12299);
#3637=VERTEX_POINT('',#12301);
#3638=VERTEX_POINT('',#12303);
#3639=VERTEX_POINT('',#12309);
#3640=VERTEX_POINT('',#12310);
#3641=VERTEX_POINT('',#12312);
#3642=VERTEX_POINT('',#12314);
#3643=VERTEX_POINT('',#12318);
#3644=VERTEX_POINT('',#12319);
#3645=VERTEX_POINT('',#12324);
#3646=VERTEX_POINT('',#12325);
#3647=VERTEX_POINT('',#12330);
#3648=VERTEX_POINT('',#12331);
#3649=VERTEX_POINT('',#12333);
#3650=VERTEX_POINT('',#12335);
#3651=VERTEX_POINT('',#12339);
#3652=VERTEX_POINT('',#12340);
#3653=VERTEX_POINT('',#12345);
#3654=VERTEX_POINT('',#12346);
#3655=VERTEX_POINT('',#12403);
#3656=VERTEX_POINT('',#12405);
#3657=VERTEX_POINT('',#12410);
#3658=VERTEX_POINT('',#12411);
#3659=VERTEX_POINT('',#12413);
#3660=VERTEX_POINT('',#12415);
#3661=VERTEX_POINT('',#12427);
#3662=VERTEX_POINT('',#12429);
#3663=VERTEX_POINT('',#12434);
#3664=VERTEX_POINT('',#12435);
#3665=VERTEX_POINT('',#12437);
#3666=VERTEX_POINT('',#12439);
#3667=EDGE_CURVE('',#3010,#3011,#1652,.T.);
#3668=EDGE_CURVE('',#3010,#3012,#1653,.T.);
#3669=EDGE_CURVE('',#3012,#3013,#1654,.T.);
#3670=EDGE_CURVE('',#3011,#3013,#1655,.T.);
#3671=EDGE_CURVE('',#3011,#3014,#1656,.T.);
#3672=EDGE_CURVE('',#3014,#3015,#1657,.T.);
#3673=EDGE_CURVE('',#3015,#3016,#1658,.T.);
#3674=EDGE_CURVE('',#3016,#3017,#1659,.T.);
#3675=EDGE_CURVE('',#3017,#3018,#1660,.T.);
#3676=EDGE_CURVE('',#3018,#3019,#1661,.T.);
#3677=EDGE_CURVE('',#3019,#3010,#1662,.T.);
#3678=EDGE_CURVE('',#3013,#3020,#1663,.T.);
#3679=EDGE_CURVE('',#3014,#3020,#1664,.T.);
#3680=EDGE_CURVE('',#3012,#3021,#1665,.T.);
#3681=EDGE_CURVE('',#3021,#3022,#1666,.T.);
#3682=EDGE_CURVE('',#3013,#3022,#1667,.T.);
#3683=EDGE_CURVE('',#3019,#3023,#1668,.T.);
#3684=EDGE_CURVE('',#3023,#3012,#1669,.T.);
#3685=EDGE_CURVE('',#3018,#3024,#1670,.T.);
#3686=EDGE_CURVE('',#3024,#3025,#1671,.T.);
#3687=EDGE_CURVE('',#3025,#3026,#1672,.T.);
#3688=EDGE_CURVE('',#3026,#3027,#1673,.T.);
#3689=EDGE_CURVE('',#3027,#3028,#1674,.T.);
#3690=EDGE_CURVE('',#3028,#3023,#1675,.T.);
#3691=EDGE_CURVE('',#3020,#3029,#1676,.T.);
#3692=EDGE_CURVE('',#3029,#3030,#1677,.T.);
#3693=EDGE_CURVE('',#3030,#3031,#1678,.T.);
#3694=EDGE_CURVE('',#3015,#3031,#1679,.T.);
#3695=EDGE_CURVE('',#3017,#3032,#1680,.T.);
#3696=EDGE_CURVE('',#3032,#3024,#1681,.T.);
#3697=EDGE_CURVE('',#3031,#3033,#1682,.T.);
#3698=EDGE_CURVE('',#3016,#3033,#1683,.T.);
#3699=EDGE_CURVE('',#3033,#3032,#1684,.T.);
#3700=EDGE_CURVE('',#3022,#3034,#1685,.T.);
#3701=EDGE_CURVE('',#3020,#3034,#1686,.T.);
#3702=EDGE_CURVE('',#3035,#3021,#1687,.T.);
#3703=EDGE_CURVE('',#3036,#3035,#1688,.T.);
#3704=EDGE_CURVE('',#3036,#3037,#1689,.T.);
#3705=EDGE_CURVE('',#3037,#3038,#1690,.T.);
#3706=EDGE_CURVE('',#3038,#3039,#1691,.T.);
#3707=EDGE_CURVE('',#3039,#3040,#1692,.T.);
#3708=EDGE_CURVE('',#3040,#3041,#1693,.T.);
#3709=EDGE_CURVE('',#3041,#3042,#1694,.T.);
#3710=EDGE_CURVE('',#3043,#3042,#1695,.T.);
#3711=EDGE_CURVE('',#3034,#3043,#1696,.T.);
#3712=EDGE_CURVE('',#3023,#3035,#1697,.T.);
#3713=EDGE_CURVE('',#3024,#3044,#1698,.T.);
#3714=EDGE_CURVE('',#3044,#3045,#1699,.T.);
#3715=EDGE_CURVE('',#3025,#3045,#1700,.T.);
#3716=EDGE_CURVE('',#3025,#3046,#318,.T.);
#3717=EDGE_CURVE('',#3046,#3047,#1701,.T.);
#3718=EDGE_CURVE('',#3026,#3047,#319,.T.);
#3719=EDGE_CURVE('',#3026,#3048,#1702,.T.);
#3720=EDGE_CURVE('',#3048,#3049,#1703,.T.);
#3721=EDGE_CURVE('',#3027,#3049,#1704,.T.);
#3722=EDGE_CURVE('',#3027,#3050,#320,.T.);
#3723=EDGE_CURVE('',#3050,#3051,#1705,.T.);
#3724=EDGE_CURVE('',#3028,#3051,#321,.T.);
#3725=EDGE_CURVE('',#3028,#3036,#1706,.T.);
#3726=EDGE_CURVE('',#3029,#3043,#1707,.T.);
#3727=EDGE_CURVE('',#3029,#3052,#322,.T.);
#3728=EDGE_CURVE('',#3052,#3053,#1708,.T.);
#3729=EDGE_CURVE('',#3030,#3053,#323,.T.);
#3730=EDGE_CURVE('',#3030,#3054,#1709,.T.);
#3731=EDGE_CURVE('',#3054,#3055,#1710,.T.);
#3732=EDGE_CURVE('',#3031,#3055,#1711,.T.);
#3733=EDGE_CURVE('',#3032,#3056,#1712,.T.);
#3734=EDGE_CURVE('',#3056,#3044,#1713,.T.);
#3735=EDGE_CURVE('',#3055,#3057,#1714,.T.);
#3736=EDGE_CURVE('',#3033,#3057,#1715,.T.);
#3737=EDGE_CURVE('',#3057,#3056,#1716,.T.);
#3738=EDGE_CURVE('',#3049,#3058,#1717,.T.);
#3739=EDGE_CURVE('',#3058,#3037,#1718,.T.);
#3740=EDGE_CURVE('',#3049,#3036,#1719,.T.);
#3741=EDGE_CURVE('',#3059,#3060,#1720,.T.);
#3742=EDGE_CURVE('',#3059,#3061,#1721,.T.);
#3743=EDGE_CURVE('',#3061,#3062,#1722,.T.);
#3744=EDGE_CURVE('',#3038,#3062,#1723,.T.);
#3745=EDGE_CURVE('',#3063,#3058,#1724,.T.);
#3746=EDGE_CURVE('',#3060,#3063,#1725,.T.);
#3747=EDGE_CURVE('',#3062,#3064,#1726,.T.);
#3748=EDGE_CURVE('',#3039,#3064,#1727,.T.);
#3749=EDGE_CURVE('',#3064,#3065,#1728,.T.);
#3750=EDGE_CURVE('',#3040,#3065,#1729,.T.);
#3751=EDGE_CURVE('',#3065,#3066,#1730,.T.);
#3752=EDGE_CURVE('',#3041,#3066,#1731,.T.);
#3753=EDGE_CURVE('',#3066,#3067,#1732,.T.);
#3754=EDGE_CURVE('',#3068,#3067,#1733,.T.);
#3755=EDGE_CURVE('',#3069,#3068,#1734,.T.);
#3756=EDGE_CURVE('',#3042,#3069,#1735,.T.);
#3757=EDGE_CURVE('',#3054,#3069,#1736,.T.);
#3758=EDGE_CURVE('',#3043,#3054,#1737,.T.);
#3759=EDGE_CURVE('',#3068,#3070,#1738,.T.);
#3760=EDGE_CURVE('',#3070,#3071,#1739,.T.);
#3761=EDGE_CURVE('',#3071,#3059,#1740,.T.);
#3762=EDGE_CURVE('',#3045,#3060,#1741,.T.);
#3763=EDGE_CURVE('',#3072,#3045,#324,.T.);
#3764=EDGE_CURVE('',#3073,#3072,#1742,.T.);
#3765=EDGE_CURVE('',#3074,#3073,#325,.T.);
#3766=EDGE_CURVE('',#3075,#3074,#1743,.T.);
#3767=EDGE_CURVE('',#3076,#3075,#1744,.T.);
#3768=EDGE_CURVE('',#3077,#3076,#1745,.T.);
#3769=EDGE_CURVE('',#3078,#3077,#326,.T.);
#3770=EDGE_CURVE('',#3046,#3078,#1746,.T.);
#3771=EDGE_CURVE('',#3078,#3079,#1747,.T.);
#3772=EDGE_CURVE('',#3047,#3079,#1748,.T.);
#3773=EDGE_CURVE('',#3079,#3080,#327,.T.);
#3774=EDGE_CURVE('',#3080,#3081,#1749,.T.);
#3775=EDGE_CURVE('',#3081,#3082,#1750,.T.);
#3776=EDGE_CURVE('',#3082,#3083,#1751,.T.);
#3777=EDGE_CURVE('',#3083,#3084,#328,.T.);
#3778=EDGE_CURVE('',#3084,#3085,#1752,.T.);
#3779=EDGE_CURVE('',#3085,#3048,#329,.T.);
#3780=EDGE_CURVE('',#3048,#3063,#1753,.T.);
#3781=EDGE_CURVE('',#3086,#3049,#330,.T.);
#3782=EDGE_CURVE('',#3087,#3086,#1754,.T.);
#3783=EDGE_CURVE('',#3088,#3087,#331,.T.);
#3784=EDGE_CURVE('',#3089,#3088,#1755,.T.);
#3785=EDGE_CURVE('',#3090,#3089,#1756,.T.);
#3786=EDGE_CURVE('',#3091,#3090,#1757,.T.);
#3787=EDGE_CURVE('',#3092,#3091,#332,.T.);
#3788=EDGE_CURVE('',#3050,#3092,#1758,.T.);
#3789=EDGE_CURVE('',#3092,#3093,#1759,.T.);
#3790=EDGE_CURVE('',#3051,#3093,#1760,.T.);
#3791=EDGE_CURVE('',#3093,#3094,#333,.T.);
#3792=EDGE_CURVE('',#3094,#3095,#1761,.T.);
#3793=EDGE_CURVE('',#3095,#3096,#1762,.T.);
#3794=EDGE_CURVE('',#3096,#3097,#1763,.T.);
#3795=EDGE_CURVE('',#3097,#3098,#334,.T.);
#3796=EDGE_CURVE('',#3098,#3099,#1764,.T.);
#3797=EDGE_CURVE('',#3099,#3036,#335,.T.);
#3798=EDGE_CURVE('',#3100,#3043,#336,.T.);
#3799=EDGE_CURVE('',#3101,#3100,#1765,.T.);
#3800=EDGE_CURVE('',#3102,#3101,#337,.T.);
#3801=EDGE_CURVE('',#3103,#3102,#1766,.T.);
#3802=EDGE_CURVE('',#3104,#3103,#1767,.T.);
#3803=EDGE_CURVE('',#3105,#3104,#1768,.T.);
#3804=EDGE_CURVE('',#3106,#3105,#338,.T.);
#3805=EDGE_CURVE('',#3052,#3106,#1769,.T.);
#3806=EDGE_CURVE('',#3106,#3107,#1770,.T.);
#3807=EDGE_CURVE('',#3053,#3107,#1771,.T.);
#3808=EDGE_CURVE('',#3107,#3108,#339,.T.);
#3809=EDGE_CURVE('',#3108,#3109,#1772,.T.);
#3810=EDGE_CURVE('',#3109,#3110,#1773,.T.);
#3811=EDGE_CURVE('',#3110,#3111,#1774,.T.);
#3812=EDGE_CURVE('',#3111,#3112,#340,.T.);
#3813=EDGE_CURVE('',#3112,#3113,#1775,.T.);
#3814=EDGE_CURVE('',#3113,#3054,#341,.T.);
#3815=EDGE_CURVE('',#3086,#3099,#1776,.T.);
#3816=EDGE_CURVE('',#3045,#3048,#1777,.T.);
#3817=EDGE_CURVE('',#3114,#3061,#1778,.T.);
#3818=EDGE_CURVE('',#3115,#3114,#1779,.T.);
#3819=EDGE_CURVE('',#3067,#3115,#1780,.T.);
#3820=EDGE_CURVE('',#3116,#3116,#342,.T.);
#3821=EDGE_CURVE('',#3071,#3114,#1781,.T.);
#3822=EDGE_CURVE('',#3070,#3115,#1782,.T.);
#3823=EDGE_CURVE('',#3100,#3113,#1783,.T.);
#3824=EDGE_CURVE('',#3072,#3085,#1784,.T.);
#3825=EDGE_CURVE('',#3073,#3084,#1785,.T.);
#3826=EDGE_CURVE('',#3074,#3083,#1786,.T.);
#3827=EDGE_CURVE('',#3075,#3082,#1787,.T.);
#3828=EDGE_CURVE('',#3076,#3081,#1788,.T.);
#3829=EDGE_CURVE('',#3077,#3080,#1789,.T.);
#3830=EDGE_CURVE('',#3087,#3098,#1790,.T.);
#3831=EDGE_CURVE('',#3088,#3097,#1791,.T.);
#3832=EDGE_CURVE('',#3089,#3096,#1792,.T.);
#3833=EDGE_CURVE('',#3090,#3095,#1793,.T.);
#3834=EDGE_CURVE('',#3091,#3094,#1794,.T.);
#3835=EDGE_CURVE('',#3101,#3112,#1795,.T.);
#3836=EDGE_CURVE('',#3102,#3111,#1796,.T.);
#3837=EDGE_CURVE('',#3103,#3110,#1797,.T.);
#3838=EDGE_CURVE('',#3104,#3109,#1798,.T.);
#3839=EDGE_CURVE('',#3105,#3108,#1799,.T.);
#3840=EDGE_CURVE('',#3117,#3118,#1800,.T.);
#3841=EDGE_CURVE('',#3118,#3119,#1801,.T.);
#3842=EDGE_CURVE('',#3120,#3119,#1802,.T.);
#3843=EDGE_CURVE('',#3117,#3120,#1803,.T.);
#3844=EDGE_CURVE('',#3121,#3122,#1804,.T.);
#3845=EDGE_CURVE('',#3122,#3118,#1805,.T.);
#3846=EDGE_CURVE('',#3121,#3117,#1806,.T.);
#3847=EDGE_CURVE('',#3119,#3123,#1807,.T.);
#3848=EDGE_CURVE('',#3124,#3123,#1808,.T.);
#3849=EDGE_CURVE('',#3120,#3124,#1809,.T.);
#3850=EDGE_CURVE('',#3124,#3121,#1810,.T.);
#3851=EDGE_CURVE('',#3125,#3125,#343,.T.);
#3852=EDGE_CURVE('',#3126,#3126,#344,.T.);
#3853=EDGE_CURVE('',#3127,#3127,#345,.T.);
#3854=EDGE_CURVE('',#3128,#3128,#346,.T.);
#3855=EDGE_CURVE('',#3129,#3129,#347,.T.);
#3856=EDGE_CURVE('',#3130,#3130,#348,.T.);
#3857=EDGE_CURVE('',#3131,#3131,#349,.T.);
#3858=EDGE_CURVE('',#3132,#3132,#350,.T.);
#3859=EDGE_CURVE('',#3133,#3133,#351,.T.);
#3860=EDGE_CURVE('',#3134,#3134,#352,.T.);
#3861=EDGE_CURVE('',#3135,#3135,#353,.T.);
#3862=EDGE_CURVE('',#3136,#3136,#354,.T.);
#3863=EDGE_CURVE('',#3137,#3137,#355,.T.);
#3864=EDGE_CURVE('',#3138,#3138,#356,.T.);
#3865=EDGE_CURVE('',#3139,#3139,#357,.T.);
#3866=EDGE_CURVE('',#3140,#3140,#358,.T.);
#3867=EDGE_CURVE('',#3141,#3141,#359,.T.);
#3868=EDGE_CURVE('',#3142,#3142,#360,.T.);
#3869=EDGE_CURVE('',#3143,#3143,#361,.T.);
#3870=EDGE_CURVE('',#3144,#3144,#362,.T.);
#3871=EDGE_CURVE('',#3145,#3145,#363,.T.);
#3872=EDGE_CURVE('',#3146,#3146,#364,.T.);
#3873=EDGE_CURVE('',#3147,#3147,#365,.T.);
#3874=EDGE_CURVE('',#3148,#3148,#366,.T.);
#3875=EDGE_CURVE('',#3149,#3149,#367,.T.);
#3876=EDGE_CURVE('',#3150,#3150,#368,.T.);
#3877=EDGE_CURVE('',#3151,#3151,#369,.T.);
#3878=EDGE_CURVE('',#3152,#3152,#370,.T.);
#3879=EDGE_CURVE('',#3153,#3153,#371,.T.);
#3880=EDGE_CURVE('',#3154,#3154,#372,.T.);
#3881=EDGE_CURVE('',#3155,#3155,#373,.T.);
#3882=EDGE_CURVE('',#3156,#3156,#374,.T.);
#3883=EDGE_CURVE('',#3157,#3157,#375,.T.);
#3884=EDGE_CURVE('',#3158,#3158,#376,.T.);
#3885=EDGE_CURVE('',#3159,#3159,#377,.T.);
#3886=EDGE_CURVE('',#3160,#3160,#378,.T.);
#3887=EDGE_CURVE('',#3161,#3161,#379,.T.);
#3888=EDGE_CURVE('',#3162,#3162,#380,.T.);
#3889=EDGE_CURVE('',#3163,#3163,#381,.T.);
#3890=EDGE_CURVE('',#3164,#3164,#382,.T.);
#3891=EDGE_CURVE('',#3165,#3165,#383,.T.);
#3892=EDGE_CURVE('',#3166,#3166,#384,.T.);
#3893=EDGE_CURVE('',#3167,#3168,#1811,.T.);
#3894=EDGE_CURVE('',#3168,#3169,#1812,.T.);
#3895=EDGE_CURVE('',#3169,#3170,#1813,.T.);
#3896=EDGE_CURVE('',#3170,#3167,#1814,.T.);
#3897=EDGE_CURVE('',#3171,#3171,#385,.T.);
#3898=EDGE_CURVE('',#3172,#3172,#386,.T.);
#3899=EDGE_CURVE('',#3173,#3173,#387,.T.);
#3900=EDGE_CURVE('',#3174,#3174,#388,.T.);
#3901=EDGE_CURVE('',#3175,#3175,#389,.T.);
#3902=EDGE_CURVE('',#3176,#3177,#390,.T.);
#3903=EDGE_CURVE('',#3178,#3176,#1815,.T.);
#3904=EDGE_CURVE('',#3179,#3178,#391,.T.);
#3905=EDGE_CURVE('',#3177,#3179,#1816,.T.);
#3906=EDGE_CURVE('',#3180,#3180,#392,.T.);
#3907=EDGE_CURVE('',#3181,#3181,#393,.T.);
#3908=EDGE_CURVE('',#3182,#3182,#394,.T.);
#3909=EDGE_CURVE('',#3183,#3184,#395,.T.);
#3910=EDGE_CURVE('',#3185,#3183,#1817,.T.);
#3911=EDGE_CURVE('',#3186,#3185,#396,.T.);
#3912=EDGE_CURVE('',#3184,#3186,#1818,.T.);
#3913=EDGE_CURVE('',#3187,#3187,#397,.T.);
#3914=EDGE_CURVE('',#3188,#3188,#398,.T.);
#3915=EDGE_CURVE('',#3189,#3189,#399,.T.);
#3916=EDGE_CURVE('',#3190,#3190,#400,.T.);
#3917=EDGE_CURVE('',#3123,#3122,#1819,.T.);
#3918=EDGE_CURVE('',#3191,#3191,#401,.T.);
#3919=EDGE_CURVE('',#3192,#3192,#402,.T.);
#3920=EDGE_CURVE('',#3193,#3193,#403,.T.);
#3921=EDGE_CURVE('',#3194,#3194,#404,.T.);
#3922=EDGE_CURVE('',#3195,#3195,#405,.T.);
#3923=EDGE_CURVE('',#3196,#3196,#406,.T.);
#3924=EDGE_CURVE('',#3197,#3197,#407,.T.);
#3925=EDGE_CURVE('',#3198,#3198,#408,.T.);
#3926=EDGE_CURVE('',#3199,#3199,#409,.T.);
#3927=EDGE_CURVE('',#3200,#3200,#410,.T.);
#3928=EDGE_CURVE('',#3201,#3201,#411,.T.);
#3929=EDGE_CURVE('',#3202,#3202,#412,.T.);
#3930=EDGE_CURVE('',#3203,#3203,#413,.T.);
#3931=EDGE_CURVE('',#3204,#3204,#414,.T.);
#3932=EDGE_CURVE('',#3205,#3205,#415,.T.);
#3933=EDGE_CURVE('',#3206,#3206,#416,.T.);
#3934=EDGE_CURVE('',#3207,#3207,#417,.T.);
#3935=EDGE_CURVE('',#3208,#3208,#418,.T.);
#3936=EDGE_CURVE('',#3209,#3209,#419,.T.);
#3937=EDGE_CURVE('',#3210,#3210,#420,.T.);
#3938=EDGE_CURVE('',#3211,#3211,#421,.T.);
#3939=EDGE_CURVE('',#3212,#3212,#422,.T.);
#3940=EDGE_CURVE('',#3213,#3213,#423,.T.);
#3941=EDGE_CURVE('',#3214,#3214,#424,.T.);
#3942=EDGE_CURVE('',#3215,#3215,#425,.T.);
#3943=EDGE_CURVE('',#3216,#3216,#426,.T.);
#3944=EDGE_CURVE('',#3217,#3217,#427,.T.);
#3945=EDGE_CURVE('',#3218,#3218,#428,.T.);
#3946=EDGE_CURVE('',#3219,#3219,#429,.T.);
#3947=EDGE_CURVE('',#3220,#3220,#430,.T.);
#3948=EDGE_CURVE('',#3221,#3221,#431,.T.);
#3949=EDGE_CURVE('',#3222,#3222,#432,.T.);
#3950=EDGE_CURVE('',#3223,#3223,#433,.T.);
#3951=EDGE_CURVE('',#3224,#3224,#434,.T.);
#3952=EDGE_CURVE('',#3225,#3225,#435,.T.);
#3953=EDGE_CURVE('',#3226,#3226,#436,.T.);
#3954=EDGE_CURVE('',#3227,#3227,#437,.T.);
#3955=EDGE_CURVE('',#3228,#3228,#438,.T.);
#3956=EDGE_CURVE('',#3229,#3229,#439,.T.);
#3957=EDGE_CURVE('',#3230,#3230,#440,.T.);
#3958=EDGE_CURVE('',#3231,#3231,#441,.T.);
#3959=EDGE_CURVE('',#3232,#3232,#442,.T.);
#3960=EDGE_CURVE('',#3233,#3234,#1820,.T.);
#3961=EDGE_CURVE('',#3235,#3233,#1821,.T.);
#3962=EDGE_CURVE('',#3236,#3235,#1822,.T.);
#3963=EDGE_CURVE('',#3234,#3236,#1823,.T.);
#3964=EDGE_CURVE('',#3237,#3237,#443,.T.);
#3965=EDGE_CURVE('',#3238,#3238,#444,.T.);
#3966=EDGE_CURVE('',#3239,#3239,#445,.T.);
#3967=EDGE_CURVE('',#3240,#3240,#446,.T.);
#3968=EDGE_CURVE('',#3241,#3241,#447,.T.);
#3969=EDGE_CURVE('',#3242,#3243,#448,.T.);
#3970=EDGE_CURVE('',#3243,#3244,#1824,.T.);
#3971=EDGE_CURVE('',#3244,#3245,#449,.T.);
#3972=EDGE_CURVE('',#3245,#3242,#1825,.T.);
#3973=EDGE_CURVE('',#3246,#3246,#450,.T.);
#3974=EDGE_CURVE('',#3247,#3247,#451,.T.);
#3975=EDGE_CURVE('',#3248,#3248,#452,.T.);
#3976=EDGE_CURVE('',#3249,#3250,#453,.T.);
#3977=EDGE_CURVE('',#3250,#3251,#1826,.T.);
#3978=EDGE_CURVE('',#3251,#3252,#454,.T.);
#3979=EDGE_CURVE('',#3252,#3249,#1827,.T.);
#3980=EDGE_CURVE('',#3253,#3253,#455,.T.);
#3981=EDGE_CURVE('',#3254,#3254,#456,.T.);
#3982=EDGE_CURVE('',#3255,#3255,#457,.T.);
#3983=EDGE_CURVE('',#3256,#3256,#458,.T.);
#3984=EDGE_CURVE('',#3191,#3125,#1828,.T.);
#3985=EDGE_CURVE('',#3192,#3126,#1829,.T.);
#3986=EDGE_CURVE('',#3193,#3127,#1830,.T.);
#3987=EDGE_CURVE('',#3194,#3128,#1831,.T.);
#3988=EDGE_CURVE('',#3195,#3129,#1832,.T.);
#3989=EDGE_CURVE('',#3196,#3130,#1833,.T.);
#3990=EDGE_CURVE('',#3197,#3131,#1834,.T.);
#3991=EDGE_CURVE('',#3198,#3132,#1835,.T.);
#3992=EDGE_CURVE('',#3199,#3133,#1836,.T.);
#3993=EDGE_CURVE('',#3200,#3134,#1837,.T.);
#3994=EDGE_CURVE('',#3201,#3135,#1838,.T.);
#3995=EDGE_CURVE('',#3202,#3136,#1839,.T.);
#3996=EDGE_CURVE('',#3203,#3137,#1840,.T.);
#3997=EDGE_CURVE('',#3204,#3138,#1841,.T.);
#3998=EDGE_CURVE('',#3205,#3139,#1842,.T.);
#3999=EDGE_CURVE('',#3206,#3140,#1843,.T.);
#4000=EDGE_CURVE('',#3207,#3141,#1844,.T.);
#4001=EDGE_CURVE('',#3208,#3142,#1845,.T.);
#4002=EDGE_CURVE('',#3209,#3143,#1846,.T.);
#4003=EDGE_CURVE('',#3210,#3144,#1847,.T.);
#4004=EDGE_CURVE('',#3211,#3145,#1848,.T.);
#4005=EDGE_CURVE('',#3212,#3146,#1849,.T.);
#4006=EDGE_CURVE('',#3213,#3147,#1850,.T.);
#4007=EDGE_CURVE('',#3214,#3148,#1851,.T.);
#4008=EDGE_CURVE('',#3215,#3149,#1852,.T.);
#4009=EDGE_CURVE('',#3216,#3150,#1853,.T.);
#4010=EDGE_CURVE('',#3217,#3151,#1854,.T.);
#4011=EDGE_CURVE('',#3218,#3152,#1855,.T.);
#4012=EDGE_CURVE('',#3219,#3153,#1856,.T.);
#4013=EDGE_CURVE('',#3220,#3154,#1857,.T.);
#4014=EDGE_CURVE('',#3221,#3155,#1858,.T.);
#4015=EDGE_CURVE('',#3222,#3156,#1859,.T.);
#4016=EDGE_CURVE('',#3223,#3157,#1860,.T.);
#4017=EDGE_CURVE('',#3224,#3158,#1861,.T.);
#4018=EDGE_CURVE('',#3225,#3159,#1862,.T.);
#4019=EDGE_CURVE('',#3226,#3160,#1863,.T.);
#4020=EDGE_CURVE('',#3227,#3161,#1864,.T.);
#4021=EDGE_CURVE('',#3228,#3162,#1865,.T.);
#4022=EDGE_CURVE('',#3229,#3163,#1866,.T.);
#4023=EDGE_CURVE('',#3230,#3164,#1867,.T.);
#4024=EDGE_CURVE('',#3231,#3165,#1868,.T.);
#4025=EDGE_CURVE('',#3232,#3166,#1869,.T.);
#4026=EDGE_CURVE('',#3167,#3233,#1870,.T.);
#4027=EDGE_CURVE('',#3168,#3234,#1871,.T.);
#4028=EDGE_CURVE('',#3170,#3235,#1872,.T.);
#4029=EDGE_CURVE('',#3169,#3236,#1873,.T.);
#4030=EDGE_CURVE('',#3237,#3171,#1874,.T.);
#4031=EDGE_CURVE('',#3238,#3172,#1875,.T.);
#4032=EDGE_CURVE('',#3239,#3173,#1876,.T.);
#4033=EDGE_CURVE('',#3240,#3174,#1877,.T.);
#4034=EDGE_CURVE('',#3241,#3175,#1878,.T.);
#4035=EDGE_CURVE('',#3177,#3243,#1879,.T.);
#4036=EDGE_CURVE('',#3176,#3242,#1880,.T.);
#4037=EDGE_CURVE('',#3178,#3245,#1881,.T.);
#4038=EDGE_CURVE('',#3179,#3244,#1882,.T.);
#4039=EDGE_CURVE('',#3246,#3180,#1883,.T.);
#4040=EDGE_CURVE('',#3247,#3181,#1884,.T.);
#4041=EDGE_CURVE('',#3248,#3182,#1885,.T.);
#4042=EDGE_CURVE('',#3184,#3250,#1886,.T.);
#4043=EDGE_CURVE('',#3183,#3249,#1887,.T.);
#4044=EDGE_CURVE('',#3185,#3252,#1888,.T.);
#4045=EDGE_CURVE('',#3186,#3251,#1889,.T.);
#4046=EDGE_CURVE('',#3253,#3187,#1890,.T.);
#4047=EDGE_CURVE('',#3254,#3188,#1891,.T.);
#4048=EDGE_CURVE('',#3255,#3189,#1892,.T.);
#4049=EDGE_CURVE('',#3256,#3190,#1893,.T.);
#4050=EDGE_CURVE('',#3257,#3258,#1894,.T.);
#4051=EDGE_CURVE('',#3258,#3259,#1895,.T.);
#4052=EDGE_CURVE('',#3260,#3259,#1896,.T.);
#4053=EDGE_CURVE('',#3257,#3260,#1897,.T.);
#4054=EDGE_CURVE('',#3261,#3262,#1898,.T.);
#4055=EDGE_CURVE('',#3263,#3262,#459,.T.);
#4056=EDGE_CURVE('',#3264,#3263,#1899,.T.);
#4057=EDGE_CURVE('',#3264,#3265,#1900,.T.);
#4058=EDGE_CURVE('',#3265,#3266,#1901,.T.);
#4059=EDGE_CURVE('',#3266,#3267,#460,.T.);
#4060=EDGE_CURVE('',#3268,#3267,#1902,.T.);
#4061=EDGE_CURVE('',#3258,#3268,#461,.T.);
#4062=EDGE_CURVE('',#3257,#3261,#462,.T.);
#4063=EDGE_CURVE('',#3260,#3269,#463,.T.);
#4064=EDGE_CURVE('',#3261,#3269,#1903,.T.);
#4065=EDGE_CURVE('',#3268,#3270,#1904,.T.);
#4066=EDGE_CURVE('',#3259,#3270,#464,.T.);
#4067=EDGE_CURVE('',#3269,#3271,#1905,.T.);
#4068=EDGE_CURVE('',#3270,#3272,#1906,.T.);
#4069=EDGE_CURVE('',#3273,#3272,#465,.T.);
#4070=EDGE_CURVE('',#3274,#3273,#1907,.T.);
#4071=EDGE_CURVE('',#3275,#3274,#1908,.T.);
#4072=EDGE_CURVE('',#3275,#3276,#1909,.T.);
#4073=EDGE_CURVE('',#3276,#3271,#466,.T.);
#4074=EDGE_CURVE('',#3262,#3271,#1910,.T.);
#4075=EDGE_CURVE('',#3263,#3276,#1911,.T.);
#4076=EDGE_CURVE('',#3263,#3277,#1912,.T.);
#4077=EDGE_CURVE('',#3277,#3278,#1913,.T.);
#4078=EDGE_CURVE('',#3278,#3279,#1914,.T.);
#4079=EDGE_CURVE('',#3280,#3279,#1915,.T.);
#4080=EDGE_CURVE('',#3266,#3280,#1916,.T.);
#4081=EDGE_CURVE('',#3267,#3272,#1917,.T.);
#4082=EDGE_CURVE('',#3266,#3273,#1918,.T.);
#4083=EDGE_CURVE('',#3273,#3281,#1919,.T.);
#4084=EDGE_CURVE('',#3281,#3282,#1920,.T.);
#4085=EDGE_CURVE('',#3283,#3282,#1921,.T.);
#4086=EDGE_CURVE('',#3284,#3283,#1922,.T.);
#4087=EDGE_CURVE('',#3276,#3284,#1923,.T.);
#4088=EDGE_CURVE('',#3277,#3284,#1924,.T.);
#4089=EDGE_CURVE('',#3285,#3286,#1925,.T.);
#4090=EDGE_CURVE('',#3287,#3286,#467,.T.);
#4091=EDGE_CURVE('',#3287,#3288,#1926,.T.);
#4092=EDGE_CURVE('',#3288,#3289,#468,.T.);
#4093=EDGE_CURVE('',#3290,#3289,#1927,.T.);
#4094=EDGE_CURVE('',#3280,#3290,#469,.T.);
#4095=EDGE_CURVE('',#3277,#3285,#470,.T.);
#4096=EDGE_CURVE('',#3280,#3291,#1928,.T.);
#4097=EDGE_CURVE('',#3292,#3291,#1929,.T.);
#4098=EDGE_CURVE('',#3266,#3292,#1930,.T.);
#4099=EDGE_CURVE('',#3292,#3293,#1931,.T.);
#4100=EDGE_CURVE('',#3273,#3293,#1932,.T.);
#4101=EDGE_CURVE('',#3294,#3295,#1933,.T.);
#4102=EDGE_CURVE('',#3284,#3294,#471,.T.);
#4103=EDGE_CURVE('',#3281,#3296,#472,.T.);
#4104=EDGE_CURVE('',#3296,#3297,#1934,.T.);
#4105=EDGE_CURVE('',#3298,#3297,#473,.T.);
#4106=EDGE_CURVE('',#3299,#3298,#1935,.T.);
#4107=EDGE_CURVE('',#3299,#3295,#474,.T.);
#4108=EDGE_CURVE('',#3293,#3300,#1936,.T.);
#4109=EDGE_CURVE('',#3281,#3300,#1937,.T.);
#4110=EDGE_CURVE('',#3285,#3294,#1938,.T.);
#4111=EDGE_CURVE('',#3286,#3295,#1939,.T.);
#4112=EDGE_CURVE('',#3287,#3299,#1940,.T.);
#4113=EDGE_CURVE('',#3288,#3298,#1941,.T.);
#4114=EDGE_CURVE('',#3289,#3297,#1942,.T.);
#4115=EDGE_CURVE('',#3290,#3296,#1943,.T.);
#4116=EDGE_CURVE('',#3280,#3281,#1944,.T.);
#4117=EDGE_CURVE('',#3291,#3300,#1945,.T.);
#4118=EDGE_CURVE('',#3301,#3302,#1946,.T.);
#4119=EDGE_CURVE('',#3302,#3303,#475,.T.);
#4120=EDGE_CURVE('',#3303,#3304,#1947,.T.);
#4121=EDGE_CURVE('',#3305,#3304,#476,.T.);
#4122=EDGE_CURVE('',#3306,#3305,#1948,.T.);
#4123=EDGE_CURVE('',#3306,#3307,#477,.T.);
#4124=EDGE_CURVE('',#3308,#3307,#1949,.T.);
#4125=EDGE_CURVE('',#3301,#3308,#478,.T.);
#4126=EDGE_CURVE('',#3309,#3310,#1950,.T.);
#4127=EDGE_CURVE('',#3302,#3310,#1951,.T.);
#4128=EDGE_CURVE('',#3301,#3309,#1952,.T.);
#4129=EDGE_CURVE('',#3308,#3311,#1953,.T.);
#4130=EDGE_CURVE('',#3309,#3311,#479,.T.);
#4131=EDGE_CURVE('',#3310,#3312,#480,.T.);
#4132=EDGE_CURVE('',#3303,#3312,#1954,.T.);
#4133=EDGE_CURVE('',#3307,#3313,#1955,.T.);
#4134=EDGE_CURVE('',#3311,#3313,#1956,.T.);
#4135=EDGE_CURVE('',#3312,#3314,#1957,.T.);
#4136=EDGE_CURVE('',#3304,#3314,#1958,.T.);
#4137=EDGE_CURVE('',#3306,#3315,#1959,.T.);
#4138=EDGE_CURVE('',#3315,#3313,#481,.T.);
#4139=EDGE_CURVE('',#3316,#3314,#482,.T.);
#4140=EDGE_CURVE('',#3305,#3316,#1960,.T.);
#4141=EDGE_CURVE('',#3315,#3316,#1961,.T.);
#4142=EDGE_CURVE('',#3317,#3318,#483,.T.);
#4143=EDGE_CURVE('',#3317,#3319,#1962,.T.);
#4144=EDGE_CURVE('',#3319,#3320,#484,.T.);
#4145=EDGE_CURVE('',#3320,#3321,#1963,.T.);
#4146=EDGE_CURVE('',#3322,#3321,#485,.T.);
#4147=EDGE_CURVE('',#3323,#3322,#1964,.T.);
#4148=EDGE_CURVE('',#3323,#3324,#486,.T.);
#4149=EDGE_CURVE('',#3318,#3324,#1965,.T.);
#4150=EDGE_CURVE('',#3318,#3325,#1966,.T.);
#4151=EDGE_CURVE('',#3326,#3325,#487,.T.);
#4152=EDGE_CURVE('',#3317,#3326,#1967,.T.);
#4153=EDGE_CURVE('',#3324,#3327,#1968,.T.);
#4154=EDGE_CURVE('',#3325,#3327,#1969,.T.);
#4155=EDGE_CURVE('',#3323,#3328,#1970,.T.);
#4156=EDGE_CURVE('',#3328,#3327,#488,.T.);
#4157=EDGE_CURVE('',#3328,#3329,#1971,.T.);
#4158=EDGE_CURVE('',#3322,#3329,#1972,.T.);
#4159=EDGE_CURVE('',#3321,#3330,#1973,.T.);
#4160=EDGE_CURVE('',#3329,#3330,#489,.T.);
#4161=EDGE_CURVE('',#3320,#3331,#1974,.T.);
#4162=EDGE_CURVE('',#3331,#3330,#1975,.T.);
#4163=EDGE_CURVE('',#3319,#3332,#1976,.T.);
#4164=EDGE_CURVE('',#3332,#3331,#490,.T.);
#4165=EDGE_CURVE('',#3326,#3332,#1977,.T.);
#4166=EDGE_CURVE('',#3333,#3334,#1978,.T.);
#4167=EDGE_CURVE('',#3334,#3335,#491,.T.);
#4168=EDGE_CURVE('',#3335,#3336,#1979,.T.);
#4169=EDGE_CURVE('',#3337,#3336,#492,.T.);
#4170=EDGE_CURVE('',#3338,#3337,#1980,.T.);
#4171=EDGE_CURVE('',#3338,#3339,#493,.T.);
#4172=EDGE_CURVE('',#3340,#3339,#1981,.T.);
#4173=EDGE_CURVE('',#3333,#3340,#494,.T.);
#4174=EDGE_CURVE('',#3341,#3342,#1982,.T.);
#4175=EDGE_CURVE('',#3334,#3342,#1983,.T.);
#4176=EDGE_CURVE('',#3333,#3341,#1984,.T.);
#4177=EDGE_CURVE('',#3340,#3343,#1985,.T.);
#4178=EDGE_CURVE('',#3341,#3343,#495,.T.);
#4179=EDGE_CURVE('',#3342,#3344,#496,.T.);
#4180=EDGE_CURVE('',#3335,#3344,#1986,.T.);
#4181=EDGE_CURVE('',#3339,#3345,#1987,.T.);
#4182=EDGE_CURVE('',#3343,#3345,#1988,.T.);
#4183=EDGE_CURVE('',#3344,#3346,#1989,.T.);
#4184=EDGE_CURVE('',#3336,#3346,#1990,.T.);
#4185=EDGE_CURVE('',#3338,#3347,#1991,.T.);
#4186=EDGE_CURVE('',#3347,#3345,#497,.T.);
#4187=EDGE_CURVE('',#3348,#3346,#498,.T.);
#4188=EDGE_CURVE('',#3337,#3348,#1992,.T.);
#4189=EDGE_CURVE('',#3347,#3348,#1993,.T.);
#4190=EDGE_CURVE('',#3349,#3349,#499,.T.);
#4191=EDGE_CURVE('',#3350,#3350,#500,.T.);
#4192=EDGE_CURVE('',#3351,#3351,#501,.T.);
#4193=EDGE_CURVE('',#3351,#3349,#1994,.T.);
#4194=EDGE_CURVE('',#3352,#3352,#502,.T.);
#4195=EDGE_CURVE('',#3353,#3353,#503,.T.);
#4196=EDGE_CURVE('',#3354,#3354,#504,.T.);
#4197=EDGE_CURVE('',#3354,#3352,#1995,.T.);
#4198=EDGE_CURVE('',#3355,#3355,#505,.T.);
#4199=EDGE_CURVE('',#3355,#3353,#1996,.T.);
#4200=EDGE_CURVE('',#3356,#3356,#506,.T.);
#4201=EDGE_CURVE('',#3356,#3350,#1997,.T.);
#4202=EDGE_CURVE('',#3357,#3358,#1998,.T.);
#4203=EDGE_CURVE('',#3359,#3357,#1999,.T.);
#4204=EDGE_CURVE('',#3360,#3359,#2000,.T.);
#4205=EDGE_CURVE('',#3358,#3360,#2001,.T.);
#4206=EDGE_CURVE('',#3361,#3358,#2002,.F.);
#4207=EDGE_CURVE('',#3362,#3361,#2003,.T.);
#4208=EDGE_CURVE('',#3357,#3362,#2004,.F.);
#4209=EDGE_CURVE('',#3363,#3363,#507,.T.);
#4210=EDGE_CURVE('',#3364,#3364,#508,.T.);
#4211=EDGE_CURVE('',#3365,#3365,#509,.T.);
#4212=EDGE_CURVE('',#3365,#3363,#2005,.T.);
#4213=EDGE_CURVE('',#3364,#3366,#2006,.T.);
#4214=EDGE_CURVE('',#3366,#3366,#510,.T.);
#4215=EDGE_CURVE('',#3367,#3367,#511,.T.);
#4216=EDGE_CURVE('',#3368,#3368,#512,.T.);
#4217=EDGE_CURVE('',#3369,#3369,#513,.T.);
#4218=EDGE_CURVE('',#3369,#3367,#2007,.T.);
#4219=EDGE_CURVE('',#3368,#3370,#2008,.T.);
#4220=EDGE_CURVE('',#3370,#3370,#514,.T.);
#4221=EDGE_CURVE('',#3371,#3371,#515,.T.);
#4222=EDGE_CURVE('',#3372,#3372,#516,.T.);
#4223=EDGE_CURVE('',#3373,#3373,#517,.T.);
#4224=EDGE_CURVE('',#3373,#3371,#2009,.T.);
#4225=EDGE_CURVE('',#3372,#3374,#2010,.T.);
#4226=EDGE_CURVE('',#3374,#3374,#518,.T.);
#4227=EDGE_CURVE('',#3375,#3375,#519,.T.);
#4228=EDGE_CURVE('',#3375,#3376,#2011,.T.);
#4229=EDGE_CURVE('',#3376,#3376,#520,.T.);
#4230=EDGE_CURVE('',#3377,#3377,#521,.T.);
#4231=EDGE_CURVE('',#3377,#3378,#2012,.T.);
#4232=EDGE_CURVE('',#3378,#3378,#522,.T.);
#4233=EDGE_CURVE('',#3379,#3379,#523,.T.);
#4234=EDGE_CURVE('',#3379,#3380,#2013,.T.);
#4235=EDGE_CURVE('',#3380,#3380,#524,.T.);
#4236=EDGE_CURVE('',#3381,#3381,#525,.F.);
#4237=EDGE_CURVE('',#3381,#3382,#2014,.T.);
#4238=EDGE_CURVE('',#3382,#3382,#526,.F.);
#4239=EDGE_CURVE('',#3383,#3383,#527,.F.);
#4240=EDGE_CURVE('',#3383,#3384,#2015,.T.);
#4241=EDGE_CURVE('',#3384,#3384,#528,.F.);
#4242=EDGE_CURVE('',#3385,#3386,#2016,.T.);
#4243=EDGE_CURVE('',#3387,#3385,#2017,.T.);
#4244=EDGE_CURVE('',#3388,#3387,#2018,.T.);
#4245=EDGE_CURVE('',#3386,#3388,#2019,.T.);
#4246=EDGE_CURVE('',#3389,#3390,#529,.T.);
#4247=EDGE_CURVE('',#3391,#3390,#2020,.F.);
#4248=EDGE_CURVE('',#3391,#3392,#530,.T.);
#4249=EDGE_CURVE('',#3393,#3392,#2021,.F.);
#4250=EDGE_CURVE('',#3393,#3394,#531,.T.);
#4251=EDGE_CURVE('',#3395,#3394,#2022,.F.);
#4252=EDGE_CURVE('',#3395,#3396,#532,.T.);
#4253=EDGE_CURVE('',#3389,#3396,#2023,.F.);
#4254=EDGE_CURVE('',#3397,#3385,#2024,.T.);
#4255=EDGE_CURVE('',#3386,#3398,#2025,.T.);
#4256=EDGE_CURVE('',#3398,#3397,#2026,.T.);
#4257=EDGE_CURVE('',#3399,#3398,#2027,.T.);
#4258=EDGE_CURVE('',#3400,#3399,#2028,.T.);
#4259=EDGE_CURVE('',#3397,#3400,#2029,.T.);
#4260=EDGE_CURVE('',#3399,#3388,#2030,.T.);
#4261=EDGE_CURVE('',#3387,#3400,#2031,.T.);
#4262=EDGE_CURVE('',#3401,#3402,#2032,.T.);
#4263=EDGE_CURVE('',#3403,#3402,#2033,.T.);
#4264=EDGE_CURVE('',#3404,#3403,#2034,.T.);
#4265=EDGE_CURVE('',#3404,#3401,#2035,.T.);
#4266=EDGE_CURVE('',#3405,#3406,#2036,.T.);
#4267=EDGE_CURVE('',#3405,#3407,#2037,.T.);
#4268=EDGE_CURVE('',#3408,#3407,#2038,.T.);
#4269=EDGE_CURVE('',#3408,#3406,#2039,.T.);
#4270=EDGE_CURVE('',#3406,#3402,#2040,.T.);
#4271=EDGE_CURVE('',#3403,#3408,#2041,.T.);
#4272=EDGE_CURVE('',#3405,#3401,#2042,.T.);
#4273=EDGE_CURVE('',#3362,#3409,#2043,.F.);
#4274=EDGE_CURVE('',#3409,#3359,#2044,.F.);
#4275=EDGE_CURVE('',#3409,#3410,#2045,.F.);
#4276=EDGE_CURVE('',#3360,#3410,#2046,.F.);
#4277=EDGE_CURVE('',#3410,#3361,#2047,.F.);
#4278=EDGE_CURVE('',#3411,#3412,#2048,.F.);
#4279=EDGE_CURVE('',#3413,#3412,#533,.T.);
#4280=EDGE_CURVE('',#3413,#3414,#2049,.F.);
#4281=EDGE_CURVE('',#3415,#3414,#534,.T.);
#4282=EDGE_CURVE('',#3415,#3416,#2050,.F.);
#4283=EDGE_CURVE('',#3417,#3416,#535,.T.);
#4284=EDGE_CURVE('',#3417,#3418,#2051,.F.);
#4285=EDGE_CURVE('',#3411,#3418,#536,.T.);
#4286=EDGE_CURVE('',#3419,#3419,#537,.F.);
#4287=EDGE_CURVE('',#3389,#3413,#2052,.T.);
#4288=EDGE_CURVE('',#3412,#3390,#2053,.T.);
#4289=EDGE_CURVE('',#3414,#3396,#2054,.T.);
#4290=EDGE_CURVE('',#3395,#3415,#2055,.T.);
#4291=EDGE_CURVE('',#3391,#3411,#2056,.T.);
#4292=EDGE_CURVE('',#3416,#3394,#2057,.T.);
#4293=EDGE_CURVE('',#3393,#3417,#2058,.T.);
#4294=EDGE_CURVE('',#3418,#3392,#2059,.T.);
#4295=EDGE_CURVE('',#3407,#3404,#2060,.T.);
#4296=EDGE_CURVE('',#3419,#3420,#2061,.T.);
#4297=EDGE_CURVE('',#3420,#3420,#538,.F.);
#4298=EDGE_CURVE('',#3421,#3422,#539,.T.);
#4299=EDGE_CURVE('',#3421,#3423,#2062,.F.);
#4300=EDGE_CURVE('',#3423,#3424,#53,.F.);
#4301=EDGE_CURVE('',#3424,#3422,#2063,.T.);
#4302=EDGE_CURVE('',#3422,#3425,#2064,.F.);
#4303=EDGE_CURVE('',#3426,#3424,#13,.F.);
#4304=EDGE_CURVE('',#3425,#3426,#2065,.T.);
#4305=EDGE_CURVE('',#3425,#3427,#2066,.F.);
#4306=EDGE_CURVE('',#3428,#3426,#14,.F.);
#4307=EDGE_CURVE('',#3427,#3428,#2067,.F.);
#4308=EDGE_CURVE('',#3427,#3429,#540,.T.);
#4309=EDGE_CURVE('',#3428,#3430,#54,.F.);
#4310=EDGE_CURVE('',#3430,#3429,#2068,.T.);
#4311=EDGE_CURVE('',#3429,#3431,#2069,.F.);
#4312=EDGE_CURVE('',#3432,#3430,#15,.F.);
#4313=EDGE_CURVE('',#3431,#3432,#2070,.T.);
#4314=EDGE_CURVE('',#3431,#3433,#2071,.F.);
#4315=EDGE_CURVE('',#3434,#3432,#16,.F.);
#4316=EDGE_CURVE('',#3433,#3434,#2072,.F.);
#4317=EDGE_CURVE('',#3433,#3435,#541,.T.);
#4318=EDGE_CURVE('',#3434,#3436,#55,.F.);
#4319=EDGE_CURVE('',#3436,#3435,#2073,.T.);
#4320=EDGE_CURVE('',#3435,#3437,#2074,.F.);
#4321=EDGE_CURVE('',#3438,#3436,#17,.F.);
#4322=EDGE_CURVE('',#3437,#3438,#2075,.T.);
#4323=EDGE_CURVE('',#3437,#3439,#2076,.F.);
#4324=EDGE_CURVE('',#3440,#3438,#18,.F.);
#4325=EDGE_CURVE('',#3439,#3440,#2077,.F.);
#4326=EDGE_CURVE('',#3439,#3441,#542,.T.);
#4327=EDGE_CURVE('',#3440,#3442,#56,.F.);
#4328=EDGE_CURVE('',#3442,#3441,#2078,.T.);
#4329=EDGE_CURVE('',#3441,#3443,#2079,.F.);
#4330=EDGE_CURVE('',#3444,#3442,#19,.F.);
#4331=EDGE_CURVE('',#3443,#3444,#2080,.T.);
#4332=EDGE_CURVE('',#3443,#3445,#2081,.F.);
#4333=EDGE_CURVE('',#3446,#3444,#20,.F.);
#4334=EDGE_CURVE('',#3445,#3446,#2082,.F.);
#4335=EDGE_CURVE('',#3445,#3447,#543,.T.);
#4336=EDGE_CURVE('',#3446,#3448,#57,.F.);
#4337=EDGE_CURVE('',#3447,#3448,#2083,.F.);
#4338=EDGE_CURVE('',#3447,#3449,#2084,.T.);
#4339=EDGE_CURVE('',#3448,#3450,#21,.F.);
#4340=EDGE_CURVE('',#3451,#3450,#2085,.T.);
#4341=EDGE_CURVE('',#3451,#3452,#22,.F.);
#4342=EDGE_CURVE('',#3452,#3449,#2086,.F.);
#4343=EDGE_CURVE('',#3453,#3454,#544,.T.);
#4344=EDGE_CURVE('',#3453,#3455,#2087,.F.);
#4345=EDGE_CURVE('',#3455,#3456,#58,.F.);
#4346=EDGE_CURVE('',#3456,#3454,#2088,.T.);
#4347=EDGE_CURVE('',#3454,#3457,#2089,.F.);
#4348=EDGE_CURVE('',#3458,#3456,#23,.F.);
#4349=EDGE_CURVE('',#3457,#3458,#2090,.T.);
#4350=EDGE_CURVE('',#3457,#3459,#2091,.F.);
#4351=EDGE_CURVE('',#3460,#3458,#24,.F.);
#4352=EDGE_CURVE('',#3459,#3460,#2092,.F.);
#4353=EDGE_CURVE('',#3459,#3461,#545,.T.);
#4354=EDGE_CURVE('',#3460,#3462,#59,.F.);
#4355=EDGE_CURVE('',#3462,#3461,#2093,.T.);
#4356=EDGE_CURVE('',#3461,#3463,#2094,.F.);
#4357=EDGE_CURVE('',#3464,#3462,#25,.F.);
#4358=EDGE_CURVE('',#3463,#3464,#2095,.T.);
#4359=EDGE_CURVE('',#3463,#3465,#2096,.F.);
#4360=EDGE_CURVE('',#3466,#3464,#26,.F.);
#4361=EDGE_CURVE('',#3465,#3466,#2097,.F.);
#4362=EDGE_CURVE('',#3465,#3467,#546,.T.);
#4363=EDGE_CURVE('',#3466,#3468,#60,.F.);
#4364=EDGE_CURVE('',#3468,#3467,#2098,.T.);
#4365=EDGE_CURVE('',#3467,#3469,#2099,.F.);
#4366=EDGE_CURVE('',#3470,#3468,#27,.F.);
#4367=EDGE_CURVE('',#3469,#3470,#2100,.T.);
#4368=EDGE_CURVE('',#3469,#3471,#2101,.F.);
#4369=EDGE_CURVE('',#3472,#3470,#28,.F.);
#4370=EDGE_CURVE('',#3471,#3472,#2102,.F.);
#4371=EDGE_CURVE('',#3471,#3473,#547,.T.);
#4372=EDGE_CURVE('',#3472,#3474,#61,.F.);
#4373=EDGE_CURVE('',#3474,#3473,#2103,.T.);
#4374=EDGE_CURVE('',#3473,#3475,#2104,.F.);
#4375=EDGE_CURVE('',#3476,#3474,#29,.F.);
#4376=EDGE_CURVE('',#3475,#3476,#2105,.T.);
#4377=EDGE_CURVE('',#3475,#3477,#2106,.F.);
#4378=EDGE_CURVE('',#3478,#3476,#30,.F.);
#4379=EDGE_CURVE('',#3477,#3478,#2107,.F.);
#4380=EDGE_CURVE('',#3477,#3479,#548,.T.);
#4381=EDGE_CURVE('',#3478,#3480,#62,.F.);
#4382=EDGE_CURVE('',#3480,#3479,#2108,.F.);
#4383=EDGE_CURVE('',#3479,#3481,#2109,.F.);
#4384=EDGE_CURVE('',#3482,#3480,#31,.F.);
#4385=EDGE_CURVE('',#3482,#3483,#2110,.T.);
#4386=EDGE_CURVE('',#3484,#3483,#32,.F.);
#4387=EDGE_CURVE('',#3481,#3484,#2111,.F.);
#4388=EDGE_CURVE('',#3450,#3451,#549,.T.);
#4389=EDGE_CURVE('',#3482,#3483,#550,.T.);
#4390=EDGE_CURVE('',#3485,#3486,#551,.T.);
#4391=EDGE_CURVE('',#3485,#3487,#2112,.F.);
#4392=EDGE_CURVE('',#3487,#3488,#63,.F.);
#4393=EDGE_CURVE('',#3488,#3486,#2113,.T.);
#4394=EDGE_CURVE('',#3489,#3490,#552,.T.);
#4395=EDGE_CURVE('',#3489,#3491,#2114,.F.);
#4396=EDGE_CURVE('',#3491,#3492,#64,.F.);
#4397=EDGE_CURVE('',#3492,#3490,#2115,.T.);
#4398=EDGE_CURVE('',#3493,#3494,#553,.T.);
#4399=EDGE_CURVE('',#3493,#3495,#2116,.F.);
#4400=EDGE_CURVE('',#3495,#3496,#65,.F.);
#4401=EDGE_CURVE('',#3496,#3494,#2117,.T.);
#4402=EDGE_CURVE('',#3497,#3498,#554,.T.);
#4403=EDGE_CURVE('',#3497,#3499,#2118,.F.);
#4404=EDGE_CURVE('',#3499,#3500,#66,.F.);
#4405=EDGE_CURVE('',#3500,#3498,#2119,.T.);
#4406=EDGE_CURVE('',#3501,#3502,#555,.T.);
#4407=EDGE_CURVE('',#3501,#3503,#2120,.F.);
#4408=EDGE_CURVE('',#3503,#3504,#67,.F.);
#4409=EDGE_CURVE('',#3504,#3502,#2121,.T.);
#4410=EDGE_CURVE('',#3505,#3506,#556,.T.);
#4411=EDGE_CURVE('',#3505,#3507,#2122,.F.);
#4412=EDGE_CURVE('',#3507,#3508,#68,.F.);
#4413=EDGE_CURVE('',#3508,#3506,#2123,.T.);
#4414=EDGE_CURVE('',#3509,#3510,#557,.T.);
#4415=EDGE_CURVE('',#3509,#3511,#2124,.F.);
#4416=EDGE_CURVE('',#3511,#3512,#69,.F.);
#4417=EDGE_CURVE('',#3512,#3510,#2125,.T.);
#4418=EDGE_CURVE('',#3513,#3514,#558,.T.);
#4419=EDGE_CURVE('',#3513,#3515,#2126,.F.);
#4420=EDGE_CURVE('',#3515,#3516,#70,.F.);
#4421=EDGE_CURVE('',#3516,#3514,#2127,.T.);
#4422=EDGE_CURVE('',#3449,#3517,#559,.T.);
#4423=EDGE_CURVE('',#3452,#3518,#71,.F.);
#4424=EDGE_CURVE('',#3518,#3517,#2128,.T.);
#4425=EDGE_CURVE('',#3481,#3519,#560,.T.);
#4426=EDGE_CURVE('',#3484,#3520,#72,.F.);
#4427=EDGE_CURVE('',#3520,#3519,#2129,.T.);
#4428=EDGE_CURVE('',#3521,#3453,#2130,.F.);
#4429=EDGE_CURVE('',#3521,#3522,#2131,.T.);
#4430=EDGE_CURVE('',#3455,#3522,#33,.F.);
#4431=EDGE_CURVE('',#3514,#3521,#2132,.F.);
#4432=EDGE_CURVE('',#3522,#3516,#34,.F.);
#4433=EDGE_CURVE('',#3523,#3513,#2133,.F.);
#4434=EDGE_CURVE('',#3523,#3524,#2134,.T.);
#4435=EDGE_CURVE('',#3515,#3524,#35,.F.);
#4436=EDGE_CURVE('',#3502,#3523,#2135,.F.);
#4437=EDGE_CURVE('',#3524,#3504,#36,.F.);
#4438=EDGE_CURVE('',#3525,#3509,#2136,.F.);
#4439=EDGE_CURVE('',#3525,#3526,#2137,.F.);
#4440=EDGE_CURVE('',#3511,#3526,#37,.F.);
#4441=EDGE_CURVE('',#3519,#3525,#2138,.F.);
#4442=EDGE_CURVE('',#3526,#3520,#38,.F.);
#4443=EDGE_CURVE('',#3527,#3505,#2139,.F.);
#4444=EDGE_CURVE('',#3527,#3528,#2140,.T.);
#4445=EDGE_CURVE('',#3507,#3528,#39,.F.);
#4446=EDGE_CURVE('',#3510,#3527,#2141,.F.);
#4447=EDGE_CURVE('',#3528,#3512,#40,.F.);
#4448=EDGE_CURVE('',#3529,#3501,#2142,.F.);
#4449=EDGE_CURVE('',#3529,#3530,#2143,.T.);
#4450=EDGE_CURVE('',#3503,#3530,#41,.F.);
#4451=EDGE_CURVE('',#3506,#3529,#2144,.F.);
#4452=EDGE_CURVE('',#3530,#3508,#42,.F.);
#4453=EDGE_CURVE('',#3531,#3497,#2145,.F.);
#4454=EDGE_CURVE('',#3531,#3532,#2146,.F.);
#4455=EDGE_CURVE('',#3499,#3532,#43,.F.);
#4456=EDGE_CURVE('',#3517,#3531,#2147,.F.);
#4457=EDGE_CURVE('',#3532,#3518,#44,.F.);
#4458=EDGE_CURVE('',#3533,#3493,#2148,.F.);
#4459=EDGE_CURVE('',#3533,#3534,#2149,.T.);
#4460=EDGE_CURVE('',#3495,#3534,#45,.F.);
#4461=EDGE_CURVE('',#3498,#3533,#2150,.F.);
#4462=EDGE_CURVE('',#3534,#3500,#46,.F.);
#4463=EDGE_CURVE('',#3535,#3489,#2151,.F.);
#4464=EDGE_CURVE('',#3535,#3536,#2152,.T.);
#4465=EDGE_CURVE('',#3491,#3536,#47,.F.);
#4466=EDGE_CURVE('',#3494,#3535,#2153,.F.);
#4467=EDGE_CURVE('',#3536,#3496,#48,.F.);
#4468=EDGE_CURVE('',#3537,#3485,#2154,.F.);
#4469=EDGE_CURVE('',#3537,#3538,#2155,.T.);
#4470=EDGE_CURVE('',#3487,#3538,#49,.F.);
#4471=EDGE_CURVE('',#3490,#3537,#2156,.F.);
#4472=EDGE_CURVE('',#3538,#3492,#50,.F.);
#4473=EDGE_CURVE('',#3539,#3421,#2157,.F.);
#4474=EDGE_CURVE('',#3539,#3540,#2158,.T.);
#4475=EDGE_CURVE('',#3423,#3540,#51,.F.);
#4476=EDGE_CURVE('',#3486,#3539,#2159,.F.);
#4477=EDGE_CURVE('',#3540,#3488,#52,.F.);
#4478=EDGE_CURVE('',#3541,#3541,#561,.F.);
#4479=EDGE_CURVE('',#3542,#3542,#562,.T.);
#4480=EDGE_CURVE('',#3543,#3543,#563,.T.);
#4481=EDGE_CURVE('',#3543,#3541,#2160,.T.);
#4482=EDGE_CURVE('',#3544,#3544,#564,.T.);
#4483=EDGE_CURVE('',#3542,#3544,#2161,.T.);
#4484=EDGE_CURVE('',#3545,#3546,#2162,.T.);
#4485=EDGE_CURVE('',#3547,#3545,#2163,.T.);
#4486=EDGE_CURVE('',#3548,#3547,#2164,.T.);
#4487=EDGE_CURVE('',#3546,#3548,#2165,.T.);
#4488=EDGE_CURVE('',#3546,#3549,#2166,.T.);
#4489=EDGE_CURVE('',#3550,#3548,#2167,.T.);
#4490=EDGE_CURVE('',#3551,#3550,#2168,.T.);
#4491=EDGE_CURVE('',#3551,#3552,#2169,.T.);
#4492=EDGE_CURVE('',#3549,#3552,#2170,.T.);
#4493=EDGE_CURVE('',#3553,#3545,#2171,.T.);
#4494=EDGE_CURVE('',#3554,#3553,#2172,.T.);
#4495=EDGE_CURVE('',#3555,#3554,#2173,.T.);
#4496=EDGE_CURVE('',#3556,#3555,#2174,.T.);
#4497=EDGE_CURVE('',#3556,#3547,#2175,.T.);
#4498=EDGE_CURVE('',#3550,#3556,#2176,.T.);
#4499=EDGE_CURVE('',#3552,#3554,#2177,.T.);
#4500=EDGE_CURVE('',#3555,#3551,#2178,.T.);
#4501=EDGE_CURVE('',#3549,#3557,#2179,.T.);
#4502=EDGE_CURVE('',#3557,#3558,#2180,.T.);
#4503=EDGE_CURVE('',#3558,#3559,#2181,.T.);
#4504=EDGE_CURVE('',#3559,#3560,#2182,.T.);
#4505=EDGE_CURVE('',#3560,#3561,#2183,.T.);
#4506=EDGE_CURVE('',#3561,#3562,#2184,.T.);
#4507=EDGE_CURVE('',#3562,#3563,#565,.T.);
#4508=EDGE_CURVE('',#3563,#3564,#2185,.T.);
#4509=EDGE_CURVE('',#3564,#3565,#2186,.T.);
#4510=EDGE_CURVE('',#3565,#3566,#2187,.T.);
#4511=EDGE_CURVE('',#3566,#3567,#566,.T.);
#4512=EDGE_CURVE('',#3567,#3568,#2188,.T.);
#4513=EDGE_CURVE('',#3568,#3569,#2189,.T.);
#4514=EDGE_CURVE('',#3569,#3570,#2190,.T.);
#4515=EDGE_CURVE('',#3570,#3571,#2191,.T.);
#4516=EDGE_CURVE('',#3571,#3572,#2192,.T.);
#4517=EDGE_CURVE('',#3572,#3553,#2193,.T.);
#4518=EDGE_CURVE('',#3573,#3574,#2194,.T.);
#4519=EDGE_CURVE('',#3574,#3575,#2195,.T.);
#4520=EDGE_CURVE('',#3575,#3576,#2196,.T.);
#4521=EDGE_CURVE('',#3576,#3573,#2197,.T.);
#4522=EDGE_CURVE('',#3577,#3578,#2198,.T.);
#4523=EDGE_CURVE('',#3578,#3579,#2199,.T.);
#4524=EDGE_CURVE('',#3579,#3580,#2200,.T.);
#4525=EDGE_CURVE('',#3580,#3577,#2201,.T.);
#4526=EDGE_CURVE('',#3581,#3582,#2202,.T.);
#4527=EDGE_CURVE('',#3583,#3582,#2203,.T.);
#4528=EDGE_CURVE('',#3558,#3583,#2204,.T.);
#4529=EDGE_CURVE('',#3557,#3584,#2205,.T.);
#4530=EDGE_CURVE('',#3581,#3584,#2206,.T.);
#4531=EDGE_CURVE('',#3585,#3586,#2207,.T.);
#4532=EDGE_CURVE('',#3586,#3587,#2208,.T.);
#4533=EDGE_CURVE('',#3587,#3588,#2209,.T.);
#4534=EDGE_CURVE('',#3588,#3585,#2210,.T.);
#4535=EDGE_CURVE('',#3589,#3572,#2211,.T.);
#4536=EDGE_CURVE('',#3590,#3571,#2212,.T.);
#4537=EDGE_CURVE('',#3591,#3590,#2213,.T.);
#4538=EDGE_CURVE('',#3592,#3591,#2214,.F.);
#4539=EDGE_CURVE('',#3589,#3592,#2215,.T.);
#4540=EDGE_CURVE('',#3593,#3594,#2216,.T.);
#4541=EDGE_CURVE('',#3594,#3595,#2217,.T.);
#4542=EDGE_CURVE('',#3595,#3596,#2218,.T.);
#4543=EDGE_CURVE('',#3596,#3593,#2219,.T.);
#4544=EDGE_CURVE('',#3597,#3598,#2220,.T.);
#4545=EDGE_CURVE('',#3598,#3599,#2221,.T.);
#4546=EDGE_CURVE('',#3599,#3600,#2222,.T.);
#4547=EDGE_CURVE('',#3600,#3597,#2223,.T.);
#4548=EDGE_CURVE('',#3601,#3602,#2224,.T.);
#4549=EDGE_CURVE('',#3602,#3603,#2225,.T.);
#4550=EDGE_CURVE('',#3603,#3604,#2226,.T.);
#4551=EDGE_CURVE('',#3604,#3601,#2227,.T.);
#4552=EDGE_CURVE('',#3605,#3606,#2228,.T.);
#4553=EDGE_CURVE('',#3606,#3607,#2229,.T.);
#4554=EDGE_CURVE('',#3607,#3608,#2230,.T.);
#4555=EDGE_CURVE('',#3608,#3605,#2231,.T.);
#4556=EDGE_CURVE('',#3609,#3610,#2232,.T.);
#4557=EDGE_CURVE('',#3610,#3611,#2233,.T.);
#4558=EDGE_CURVE('',#3611,#3612,#2234,.T.);
#4559=EDGE_CURVE('',#3612,#3609,#2235,.T.);
#4560=EDGE_CURVE('',#3613,#3614,#2236,.T.);
#4561=EDGE_CURVE('',#3565,#3613,#2237,.T.);
#4562=EDGE_CURVE('',#3614,#3564,#2238,.T.);
#4563=EDGE_CURVE('',#3615,#3616,#2239,.T.);
#4564=EDGE_CURVE('',#3616,#3617,#2240,.T.);
#4565=EDGE_CURVE('',#3617,#3618,#2241,.T.);
#4566=EDGE_CURVE('',#3618,#3615,#2242,.T.);
#4567=EDGE_CURVE('',#3619,#3613,#2243,.T.);
#4568=EDGE_CURVE('',#3614,#3620,#2244,.T.);
#4569=EDGE_CURVE('',#3620,#3621,#567,.T.);
#4570=EDGE_CURVE('',#3621,#3622,#2245,.T.);
#4571=EDGE_CURVE('',#3622,#3623,#2246,.T.);
#4572=EDGE_CURVE('',#3623,#3624,#2247,.T.);
#4573=EDGE_CURVE('',#3624,#3583,#2248,.T.);
#4574=EDGE_CURVE('',#3582,#3591,#2249,.T.);
#4575=EDGE_CURVE('',#3590,#3625,#2250,.T.);
#4576=EDGE_CURVE('',#3625,#3626,#2251,.T.);
#4577=EDGE_CURVE('',#3626,#3627,#2252,.T.);
#4578=EDGE_CURVE('',#3627,#3628,#2253,.T.);
#4579=EDGE_CURVE('',#3628,#3619,#568,.T.);
#4580=EDGE_CURVE('',#3629,#3629,#569,.T.);
#4581=EDGE_CURVE('',#3629,#3630,#2254,.T.);
#4582=EDGE_CURVE('',#3630,#3630,#570,.T.);
#4583=EDGE_CURVE('',#3631,#3631,#571,.T.);
#4584=EDGE_CURVE('',#3631,#3632,#2255,.T.);
#4585=EDGE_CURVE('',#3632,#3632,#572,.T.);
#4586=EDGE_CURVE('',#3633,#3633,#573,.T.);
#4587=EDGE_CURVE('',#3633,#3634,#2256,.T.);
#4588=EDGE_CURVE('',#3634,#3634,#574,.T.);
#4589=EDGE_CURVE('',#3625,#3570,#2257,.T.);
#4590=EDGE_CURVE('',#3569,#3626,#2258,.T.);
#4591=EDGE_CURVE('',#3627,#3568,#2259,.T.);
#4592=EDGE_CURVE('',#3623,#3560,#2260,.T.);
#4593=EDGE_CURVE('',#3561,#3622,#2261,.T.);
#4594=EDGE_CURVE('',#3559,#3624,#2262,.T.);
#4595=EDGE_CURVE('',#3635,#3636,#2263,.T.);
#4596=EDGE_CURVE('',#3636,#3637,#2264,.T.);
#4597=EDGE_CURVE('',#3637,#3638,#2265,.T.);
#4598=EDGE_CURVE('',#3638,#3635,#2266,.T.);
#4599=EDGE_CURVE('',#3584,#3589,#2267,.T.);
#4600=EDGE_CURVE('',#3592,#3581,#2268,.T.);
#4601=EDGE_CURVE('',#3639,#3640,#2269,.T.);
#4602=EDGE_CURVE('',#3641,#3640,#2270,.T.);
#4603=EDGE_CURVE('',#3642,#3641,#2271,.T.);
#4604=EDGE_CURVE('',#3639,#3642,#2272,.T.);
#4605=EDGE_CURVE('',#3643,#3644,#2273,.T.);
#4606=EDGE_CURVE('',#3644,#3610,#2274,.T.);
#4607=EDGE_CURVE('',#3643,#3609,#2275,.T.);
#4608=EDGE_CURVE('',#3645,#3646,#2276,.T.);
#4609=EDGE_CURVE('',#3645,#3612,#2277,.T.);
#4610=EDGE_CURVE('',#3646,#3611,#2278,.T.);
#4611=EDGE_CURVE('',#3647,#3648,#2279,.T.);
#4612=EDGE_CURVE('',#3647,#3649,#2280,.T.);
#4613=EDGE_CURVE('',#3649,#3650,#2281,.T.);
#4614=EDGE_CURVE('',#3650,#3648,#2282,.T.);
#4615=EDGE_CURVE('',#3651,#3652,#2283,.T.);
#4616=EDGE_CURVE('',#3651,#3608,#2284,.T.);
#4617=EDGE_CURVE('',#3652,#3607,#2285,.T.);
#4618=EDGE_CURVE('',#3653,#3654,#2286,.T.);
#4619=EDGE_CURVE('',#3653,#3651,#2287,.T.);
#4620=EDGE_CURVE('',#3652,#3654,#2288,.T.);
#4621=EDGE_CURVE('',#3643,#3645,#2289,.T.);
#4622=EDGE_CURVE('',#3646,#3644,#2290,.T.);
#4623=EDGE_CURVE('',#3639,#3647,#2291,.T.);
#4624=EDGE_CURVE('',#3648,#3640,#2292,.T.);
#4625=EDGE_CURVE('',#3617,#3636,#2293,.T.);
#4626=EDGE_CURVE('',#3616,#3637,#2294,.T.);
#4627=EDGE_CURVE('',#3618,#3635,#2295,.T.);
#4628=EDGE_CURVE('',#3638,#3615,#2296,.T.);
#4629=EDGE_CURVE('',#3654,#3606,#2297,.T.);
#4630=EDGE_CURVE('',#3653,#3605,#2298,.T.);
#4631=EDGE_CURVE('',#3641,#3650,#2299,.T.);
#4632=EDGE_CURVE('',#3642,#3649,#2300,.T.);
#4633=EDGE_CURVE('',#3628,#3567,#2301,.T.);
#4634=EDGE_CURVE('',#3562,#3621,#2302,.T.);
#4635=EDGE_CURVE('',#3604,#3575,#2303,.T.);
#4636=EDGE_CURVE('',#3601,#3574,#2304,.T.);
#4637=EDGE_CURVE('',#3603,#3576,#2305,.T.);
#4638=EDGE_CURVE('',#3600,#3579,#2306,.T.);
#4639=EDGE_CURVE('',#3597,#3578,#2307,.T.);
#4640=EDGE_CURVE('',#3599,#3580,#2308,.T.);
#4641=EDGE_CURVE('',#3602,#3573,#2309,.T.);
#4642=EDGE_CURVE('',#3598,#3577,#2310,.T.);
#4643=EDGE_CURVE('',#3566,#3619,#2311,.T.);
#4644=EDGE_CURVE('',#3620,#3563,#2312,.T.);
#4645=EDGE_CURVE('',#3655,#3655,#575,.T.);
#4646=EDGE_CURVE('',#3655,#3656,#2313,.T.);
#4647=EDGE_CURVE('',#3656,#3656,#576,.T.);
#4648=EDGE_CURVE('',#3657,#3658,#2314,.T.);
#4649=EDGE_CURVE('',#3658,#3659,#2315,.T.);
#4650=EDGE_CURVE('',#3659,#3660,#2316,.T.);
#4651=EDGE_CURVE('',#3660,#3657,#2317,.T.);
#4652=EDGE_CURVE('',#3660,#3594,#2318,.T.);
#4653=EDGE_CURVE('',#3657,#3593,#2319,.T.);
#4654=EDGE_CURVE('',#3659,#3595,#2320,.T.);
#4655=EDGE_CURVE('',#3658,#3596,#2321,.T.);
#4656=EDGE_CURVE('',#3661,#3661,#577,.T.);
#4657=EDGE_CURVE('',#3661,#3662,#2322,.T.);
#4658=EDGE_CURVE('',#3662,#3662,#578,.T.);
#4659=EDGE_CURVE('',#3663,#3664,#2323,.T.);
#4660=EDGE_CURVE('',#3664,#3665,#2324,.T.);
#4661=EDGE_CURVE('',#3665,#3666,#2325,.T.);
#4662=EDGE_CURVE('',#3666,#3663,#2326,.T.);
#4663=EDGE_CURVE('',#3585,#3665,#2327,.T.);
#4664=EDGE_CURVE('',#3586,#3664,#2328,.T.);
#4665=EDGE_CURVE('',#3588,#3666,#2329,.T.);
#4666=EDGE_CURVE('',#3587,#3663,#2330,.T.);
#4667=ORIENTED_EDGE('',*,*,#3667,.F.);
#4668=ORIENTED_EDGE('',*,*,#3668,.T.);
#4669=ORIENTED_EDGE('',*,*,#3669,.T.);
#4670=ORIENTED_EDGE('',*,*,#3670,.F.);
#4671=ORIENTED_EDGE('',*,*,#3667,.T.);
#4672=ORIENTED_EDGE('',*,*,#3671,.T.);
#4673=ORIENTED_EDGE('',*,*,#3672,.T.);
#4674=ORIENTED_EDGE('',*,*,#3673,.T.);
#4675=ORIENTED_EDGE('',*,*,#3674,.T.);
#4676=ORIENTED_EDGE('',*,*,#3675,.T.);
#4677=ORIENTED_EDGE('',*,*,#3676,.T.);
#4678=ORIENTED_EDGE('',*,*,#3677,.T.);
#4679=ORIENTED_EDGE('',*,*,#3671,.F.);
#4680=ORIENTED_EDGE('',*,*,#3670,.T.);
#4681=ORIENTED_EDGE('',*,*,#3678,.T.);
#4682=ORIENTED_EDGE('',*,*,#3679,.F.);
#4683=ORIENTED_EDGE('',*,*,#3669,.F.);
#4684=ORIENTED_EDGE('',*,*,#3680,.T.);
#4685=ORIENTED_EDGE('',*,*,#3681,.T.);
#4686=ORIENTED_EDGE('',*,*,#3682,.F.);
#4687=ORIENTED_EDGE('',*,*,#3677,.F.);
#4688=ORIENTED_EDGE('',*,*,#3683,.T.);
#4689=ORIENTED_EDGE('',*,*,#3684,.T.);
#4690=ORIENTED_EDGE('',*,*,#3668,.F.);
#4691=ORIENTED_EDGE('',*,*,#3676,.F.);
#4692=ORIENTED_EDGE('',*,*,#3685,.T.);
#4693=ORIENTED_EDGE('',*,*,#3686,.T.);
#4694=ORIENTED_EDGE('',*,*,#3687,.T.);
#4695=ORIENTED_EDGE('',*,*,#3688,.T.);
#4696=ORIENTED_EDGE('',*,*,#3689,.T.);
#4697=ORIENTED_EDGE('',*,*,#3690,.T.);
#4698=ORIENTED_EDGE('',*,*,#3683,.F.);
#4699=ORIENTED_EDGE('',*,*,#3672,.F.);
#4700=ORIENTED_EDGE('',*,*,#3679,.T.);
#4701=ORIENTED_EDGE('',*,*,#3691,.T.);
#4702=ORIENTED_EDGE('',*,*,#3692,.T.);
#4703=ORIENTED_EDGE('',*,*,#3693,.T.);
#4704=ORIENTED_EDGE('',*,*,#3694,.F.);
#4705=ORIENTED_EDGE('',*,*,#3675,.F.);
#4706=ORIENTED_EDGE('',*,*,#3695,.T.);
#4707=ORIENTED_EDGE('',*,*,#3696,.T.);
#4708=ORIENTED_EDGE('',*,*,#3685,.F.);
#4709=ORIENTED_EDGE('',*,*,#3673,.F.);
#4710=ORIENTED_EDGE('',*,*,#3694,.T.);
#4711=ORIENTED_EDGE('',*,*,#3697,.T.);
#4712=ORIENTED_EDGE('',*,*,#3698,.F.);
#4713=ORIENTED_EDGE('',*,*,#3674,.F.);
#4714=ORIENTED_EDGE('',*,*,#3698,.T.);
#4715=ORIENTED_EDGE('',*,*,#3699,.T.);
#4716=ORIENTED_EDGE('',*,*,#3695,.F.);
#4717=ORIENTED_EDGE('',*,*,#3678,.F.);
#4718=ORIENTED_EDGE('',*,*,#3682,.T.);
#4719=ORIENTED_EDGE('',*,*,#3700,.T.);
#4720=ORIENTED_EDGE('',*,*,#3701,.F.);
#4721=ORIENTED_EDGE('',*,*,#3702,.F.);
#4722=ORIENTED_EDGE('',*,*,#3703,.F.);
#4723=ORIENTED_EDGE('',*,*,#3704,.T.);
#4724=ORIENTED_EDGE('',*,*,#3705,.T.);
#4725=ORIENTED_EDGE('',*,*,#3706,.T.);
#4726=ORIENTED_EDGE('',*,*,#3707,.T.);
#4727=ORIENTED_EDGE('',*,*,#3708,.T.);
#4728=ORIENTED_EDGE('',*,*,#3709,.T.);
#4729=ORIENTED_EDGE('',*,*,#3710,.F.);
#4730=ORIENTED_EDGE('',*,*,#3711,.F.);
#4731=ORIENTED_EDGE('',*,*,#3700,.F.);
#4732=ORIENTED_EDGE('',*,*,#3681,.F.);
#4733=ORIENTED_EDGE('',*,*,#3684,.F.);
#4734=ORIENTED_EDGE('',*,*,#3712,.T.);
#4735=ORIENTED_EDGE('',*,*,#3702,.T.);
#4736=ORIENTED_EDGE('',*,*,#3680,.F.);
#4737=ORIENTED_EDGE('',*,*,#3713,.T.);
#4738=ORIENTED_EDGE('',*,*,#3714,.T.);
#4739=ORIENTED_EDGE('',*,*,#3715,.F.);
#4740=ORIENTED_EDGE('',*,*,#3686,.F.);
#4741=ORIENTED_EDGE('',*,*,#3687,.F.);
#4742=ORIENTED_EDGE('',*,*,#3716,.T.);
#4743=ORIENTED_EDGE('',*,*,#3717,.T.);
#4744=ORIENTED_EDGE('',*,*,#3718,.F.);
#4745=ORIENTED_EDGE('',*,*,#3719,.T.);
#4746=ORIENTED_EDGE('',*,*,#3720,.T.);
#4747=ORIENTED_EDGE('',*,*,#3721,.F.);
#4748=ORIENTED_EDGE('',*,*,#3688,.F.);
#4749=ORIENTED_EDGE('',*,*,#3689,.F.);
#4750=ORIENTED_EDGE('',*,*,#3722,.T.);
#4751=ORIENTED_EDGE('',*,*,#3723,.T.);
#4752=ORIENTED_EDGE('',*,*,#3724,.F.);
#4753=ORIENTED_EDGE('',*,*,#3725,.T.);
#4754=ORIENTED_EDGE('',*,*,#3703,.T.);
#4755=ORIENTED_EDGE('',*,*,#3712,.F.);
#4756=ORIENTED_EDGE('',*,*,#3690,.F.);
#4757=ORIENTED_EDGE('',*,*,#3701,.T.);
#4758=ORIENTED_EDGE('',*,*,#3711,.T.);
#4759=ORIENTED_EDGE('',*,*,#3726,.F.);
#4760=ORIENTED_EDGE('',*,*,#3691,.F.);
#4761=ORIENTED_EDGE('',*,*,#3692,.F.);
#4762=ORIENTED_EDGE('',*,*,#3727,.T.);
#4763=ORIENTED_EDGE('',*,*,#3728,.T.);
#4764=ORIENTED_EDGE('',*,*,#3729,.F.);
#4765=ORIENTED_EDGE('',*,*,#3730,.T.);
#4766=ORIENTED_EDGE('',*,*,#3731,.T.);
#4767=ORIENTED_EDGE('',*,*,#3732,.F.);
#4768=ORIENTED_EDGE('',*,*,#3693,.F.);
#4769=ORIENTED_EDGE('',*,*,#3696,.F.);
#4770=ORIENTED_EDGE('',*,*,#3733,.T.);
#4771=ORIENTED_EDGE('',*,*,#3734,.T.);
#4772=ORIENTED_EDGE('',*,*,#3713,.F.);
#4773=ORIENTED_EDGE('',*,*,#3697,.F.);
#4774=ORIENTED_EDGE('',*,*,#3732,.T.);
#4775=ORIENTED_EDGE('',*,*,#3735,.T.);
#4776=ORIENTED_EDGE('',*,*,#3736,.F.);
#4777=ORIENTED_EDGE('',*,*,#3699,.F.);
#4778=ORIENTED_EDGE('',*,*,#3736,.T.);
#4779=ORIENTED_EDGE('',*,*,#3737,.T.);
#4780=ORIENTED_EDGE('',*,*,#3733,.F.);
#4781=ORIENTED_EDGE('',*,*,#3738,.T.);
#4782=ORIENTED_EDGE('',*,*,#3739,.T.);
#4783=ORIENTED_EDGE('',*,*,#3704,.F.);
#4784=ORIENTED_EDGE('',*,*,#3740,.F.);
#4785=ORIENTED_EDGE('',*,*,#3741,.F.);
#4786=ORIENTED_EDGE('',*,*,#3742,.T.);
#4787=ORIENTED_EDGE('',*,*,#3743,.T.);
#4788=ORIENTED_EDGE('',*,*,#3744,.F.);
#4789=ORIENTED_EDGE('',*,*,#3705,.F.);
#4790=ORIENTED_EDGE('',*,*,#3739,.F.);
#4791=ORIENTED_EDGE('',*,*,#3745,.F.);
#4792=ORIENTED_EDGE('',*,*,#3746,.F.);
#4793=ORIENTED_EDGE('',*,*,#3706,.F.);
#4794=ORIENTED_EDGE('',*,*,#3744,.T.);
#4795=ORIENTED_EDGE('',*,*,#3747,.T.);
#4796=ORIENTED_EDGE('',*,*,#3748,.F.);
#4797=ORIENTED_EDGE('',*,*,#3707,.F.);
#4798=ORIENTED_EDGE('',*,*,#3748,.T.);
#4799=ORIENTED_EDGE('',*,*,#3749,.T.);
#4800=ORIENTED_EDGE('',*,*,#3750,.F.);
#4801=ORIENTED_EDGE('',*,*,#3708,.F.);
#4802=ORIENTED_EDGE('',*,*,#3750,.T.);
#4803=ORIENTED_EDGE('',*,*,#3751,.T.);
#4804=ORIENTED_EDGE('',*,*,#3752,.F.);
#4805=ORIENTED_EDGE('',*,*,#3709,.F.);
#4806=ORIENTED_EDGE('',*,*,#3752,.T.);
#4807=ORIENTED_EDGE('',*,*,#3753,.T.);
#4808=ORIENTED_EDGE('',*,*,#3754,.F.);
#4809=ORIENTED_EDGE('',*,*,#3755,.F.);
#4810=ORIENTED_EDGE('',*,*,#3756,.F.);
#4811=ORIENTED_EDGE('',*,*,#3710,.T.);
#4812=ORIENTED_EDGE('',*,*,#3756,.T.);
#4813=ORIENTED_EDGE('',*,*,#3757,.F.);
#4814=ORIENTED_EDGE('',*,*,#3758,.F.);
#4815=ORIENTED_EDGE('',*,*,#3757,.T.);
#4816=ORIENTED_EDGE('',*,*,#3755,.T.);
#4817=ORIENTED_EDGE('',*,*,#3759,.T.);
#4818=ORIENTED_EDGE('',*,*,#3760,.T.);
#4819=ORIENTED_EDGE('',*,*,#3761,.T.);
#4820=ORIENTED_EDGE('',*,*,#3741,.T.);
#4821=ORIENTED_EDGE('',*,*,#3762,.F.);
#4822=ORIENTED_EDGE('',*,*,#3714,.F.);
#4823=ORIENTED_EDGE('',*,*,#3734,.F.);
#4824=ORIENTED_EDGE('',*,*,#3737,.F.);
#4825=ORIENTED_EDGE('',*,*,#3735,.F.);
#4826=ORIENTED_EDGE('',*,*,#3731,.F.);
#4827=ORIENTED_EDGE('',*,*,#3715,.T.);
#4828=ORIENTED_EDGE('',*,*,#3763,.F.);
#4829=ORIENTED_EDGE('',*,*,#3764,.F.);
#4830=ORIENTED_EDGE('',*,*,#3765,.F.);
#4831=ORIENTED_EDGE('',*,*,#3766,.F.);
#4832=ORIENTED_EDGE('',*,*,#3767,.F.);
#4833=ORIENTED_EDGE('',*,*,#3768,.F.);
#4834=ORIENTED_EDGE('',*,*,#3769,.F.);
#4835=ORIENTED_EDGE('',*,*,#3770,.F.);
#4836=ORIENTED_EDGE('',*,*,#3716,.F.);
#4837=ORIENTED_EDGE('',*,*,#3717,.F.);
#4838=ORIENTED_EDGE('',*,*,#3770,.T.);
#4839=ORIENTED_EDGE('',*,*,#3771,.T.);
#4840=ORIENTED_EDGE('',*,*,#3772,.F.);
#4841=ORIENTED_EDGE('',*,*,#3719,.F.);
#4842=ORIENTED_EDGE('',*,*,#3718,.T.);
#4843=ORIENTED_EDGE('',*,*,#3772,.T.);
#4844=ORIENTED_EDGE('',*,*,#3773,.T.);
#4845=ORIENTED_EDGE('',*,*,#3774,.T.);
#4846=ORIENTED_EDGE('',*,*,#3775,.T.);
#4847=ORIENTED_EDGE('',*,*,#3776,.T.);
#4848=ORIENTED_EDGE('',*,*,#3777,.T.);
#4849=ORIENTED_EDGE('',*,*,#3778,.T.);
#4850=ORIENTED_EDGE('',*,*,#3779,.T.);
#4851=ORIENTED_EDGE('',*,*,#3720,.F.);
#4852=ORIENTED_EDGE('',*,*,#3780,.T.);
#4853=ORIENTED_EDGE('',*,*,#3745,.T.);
#4854=ORIENTED_EDGE('',*,*,#3738,.F.);
#4855=ORIENTED_EDGE('',*,*,#3721,.T.);
#4856=ORIENTED_EDGE('',*,*,#3781,.F.);
#4857=ORIENTED_EDGE('',*,*,#3782,.F.);
#4858=ORIENTED_EDGE('',*,*,#3783,.F.);
#4859=ORIENTED_EDGE('',*,*,#3784,.F.);
#4860=ORIENTED_EDGE('',*,*,#3785,.F.);
#4861=ORIENTED_EDGE('',*,*,#3786,.F.);
#4862=ORIENTED_EDGE('',*,*,#3787,.F.);
#4863=ORIENTED_EDGE('',*,*,#3788,.F.);
#4864=ORIENTED_EDGE('',*,*,#3722,.F.);
#4865=ORIENTED_EDGE('',*,*,#3723,.F.);
#4866=ORIENTED_EDGE('',*,*,#3788,.T.);
#4867=ORIENTED_EDGE('',*,*,#3789,.T.);
#4868=ORIENTED_EDGE('',*,*,#3790,.F.);
#4869=ORIENTED_EDGE('',*,*,#3725,.F.);
#4870=ORIENTED_EDGE('',*,*,#3724,.T.);
#4871=ORIENTED_EDGE('',*,*,#3790,.T.);
#4872=ORIENTED_EDGE('',*,*,#3791,.T.);
#4873=ORIENTED_EDGE('',*,*,#3792,.T.);
#4874=ORIENTED_EDGE('',*,*,#3793,.T.);
#4875=ORIENTED_EDGE('',*,*,#3794,.T.);
#4876=ORIENTED_EDGE('',*,*,#3795,.T.);
#4877=ORIENTED_EDGE('',*,*,#3796,.T.);
#4878=ORIENTED_EDGE('',*,*,#3797,.T.);
#4879=ORIENTED_EDGE('',*,*,#3726,.T.);
#4880=ORIENTED_EDGE('',*,*,#3798,.F.);
#4881=ORIENTED_EDGE('',*,*,#3799,.F.);
#4882=ORIENTED_EDGE('',*,*,#3800,.F.);
#4883=ORIENTED_EDGE('',*,*,#3801,.F.);
#4884=ORIENTED_EDGE('',*,*,#3802,.F.);
#4885=ORIENTED_EDGE('',*,*,#3803,.F.);
#4886=ORIENTED_EDGE('',*,*,#3804,.F.);
#4887=ORIENTED_EDGE('',*,*,#3805,.F.);
#4888=ORIENTED_EDGE('',*,*,#3727,.F.);
#4889=ORIENTED_EDGE('',*,*,#3728,.F.);
#4890=ORIENTED_EDGE('',*,*,#3805,.T.);
#4891=ORIENTED_EDGE('',*,*,#3806,.T.);
#4892=ORIENTED_EDGE('',*,*,#3807,.F.);
#4893=ORIENTED_EDGE('',*,*,#3730,.F.);
#4894=ORIENTED_EDGE('',*,*,#3729,.T.);
#4895=ORIENTED_EDGE('',*,*,#3807,.T.);
#4896=ORIENTED_EDGE('',*,*,#3808,.T.);
#4897=ORIENTED_EDGE('',*,*,#3809,.T.);
#4898=ORIENTED_EDGE('',*,*,#3810,.T.);
#4899=ORIENTED_EDGE('',*,*,#3811,.T.);
#4900=ORIENTED_EDGE('',*,*,#3812,.T.);
#4901=ORIENTED_EDGE('',*,*,#3813,.T.);
#4902=ORIENTED_EDGE('',*,*,#3814,.T.);
#4903=ORIENTED_EDGE('',*,*,#3781,.T.);
#4904=ORIENTED_EDGE('',*,*,#3740,.T.);
#4905=ORIENTED_EDGE('',*,*,#3797,.F.);
#4906=ORIENTED_EDGE('',*,*,#3815,.F.);
#4907=ORIENTED_EDGE('',*,*,#3762,.T.);
#4908=ORIENTED_EDGE('',*,*,#3746,.T.);
#4909=ORIENTED_EDGE('',*,*,#3780,.F.);
#4910=ORIENTED_EDGE('',*,*,#3816,.F.);
#4911=ORIENTED_EDGE('',*,*,#3749,.F.);
#4912=ORIENTED_EDGE('',*,*,#3747,.F.);
#4913=ORIENTED_EDGE('',*,*,#3743,.F.);
#4914=ORIENTED_EDGE('',*,*,#3817,.F.);
#4915=ORIENTED_EDGE('',*,*,#3818,.F.);
#4916=ORIENTED_EDGE('',*,*,#3819,.F.);
#4917=ORIENTED_EDGE('',*,*,#3753,.F.);
#4918=ORIENTED_EDGE('',*,*,#3751,.F.);
#4919=ORIENTED_EDGE('',*,*,#3820,.T.);
#4920=ORIENTED_EDGE('',*,*,#3761,.F.);
#4921=ORIENTED_EDGE('',*,*,#3821,.T.);
#4922=ORIENTED_EDGE('',*,*,#3817,.T.);
#4923=ORIENTED_EDGE('',*,*,#3742,.F.);
#4924=ORIENTED_EDGE('',*,*,#3759,.F.);
#4925=ORIENTED_EDGE('',*,*,#3754,.T.);
#4926=ORIENTED_EDGE('',*,*,#3819,.T.);
#4927=ORIENTED_EDGE('',*,*,#3822,.F.);
#4928=ORIENTED_EDGE('',*,*,#3798,.T.);
#4929=ORIENTED_EDGE('',*,*,#3758,.T.);
#4930=ORIENTED_EDGE('',*,*,#3814,.F.);
#4931=ORIENTED_EDGE('',*,*,#3823,.F.);
#4932=ORIENTED_EDGE('',*,*,#3760,.F.);
#4933=ORIENTED_EDGE('',*,*,#3822,.T.);
#4934=ORIENTED_EDGE('',*,*,#3818,.T.);
#4935=ORIENTED_EDGE('',*,*,#3821,.F.);
#4936=ORIENTED_EDGE('',*,*,#3763,.T.);
#4937=ORIENTED_EDGE('',*,*,#3816,.T.);
#4938=ORIENTED_EDGE('',*,*,#3779,.F.);
#4939=ORIENTED_EDGE('',*,*,#3824,.F.);
#4940=ORIENTED_EDGE('',*,*,#3825,.F.);
#4941=ORIENTED_EDGE('',*,*,#3764,.T.);
#4942=ORIENTED_EDGE('',*,*,#3824,.T.);
#4943=ORIENTED_EDGE('',*,*,#3778,.F.);
#4944=ORIENTED_EDGE('',*,*,#3826,.F.);
#4945=ORIENTED_EDGE('',*,*,#3765,.T.);
#4946=ORIENTED_EDGE('',*,*,#3825,.T.);
#4947=ORIENTED_EDGE('',*,*,#3777,.F.);
#4948=ORIENTED_EDGE('',*,*,#3827,.F.);
#4949=ORIENTED_EDGE('',*,*,#3766,.T.);
#4950=ORIENTED_EDGE('',*,*,#3826,.T.);
#4951=ORIENTED_EDGE('',*,*,#3776,.F.);
#4952=ORIENTED_EDGE('',*,*,#3828,.F.);
#4953=ORIENTED_EDGE('',*,*,#3767,.T.);
#4954=ORIENTED_EDGE('',*,*,#3827,.T.);
#4955=ORIENTED_EDGE('',*,*,#3775,.F.);
#4956=ORIENTED_EDGE('',*,*,#3829,.F.);
#4957=ORIENTED_EDGE('',*,*,#3768,.T.);
#4958=ORIENTED_EDGE('',*,*,#3828,.T.);
#4959=ORIENTED_EDGE('',*,*,#3774,.F.);
#4960=ORIENTED_EDGE('',*,*,#3769,.T.);
#4961=ORIENTED_EDGE('',*,*,#3829,.T.);
#4962=ORIENTED_EDGE('',*,*,#3773,.F.);
#4963=ORIENTED_EDGE('',*,*,#3771,.F.);
#4964=ORIENTED_EDGE('',*,*,#3830,.F.);
#4965=ORIENTED_EDGE('',*,*,#3782,.T.);
#4966=ORIENTED_EDGE('',*,*,#3815,.T.);
#4967=ORIENTED_EDGE('',*,*,#3796,.F.);
#4968=ORIENTED_EDGE('',*,*,#3831,.F.);
#4969=ORIENTED_EDGE('',*,*,#3783,.T.);
#4970=ORIENTED_EDGE('',*,*,#3830,.T.);
#4971=ORIENTED_EDGE('',*,*,#3795,.F.);
#4972=ORIENTED_EDGE('',*,*,#3832,.F.);
#4973=ORIENTED_EDGE('',*,*,#3784,.T.);
#4974=ORIENTED_EDGE('',*,*,#3831,.T.);
#4975=ORIENTED_EDGE('',*,*,#3794,.F.);
#4976=ORIENTED_EDGE('',*,*,#3833,.F.);
#4977=ORIENTED_EDGE('',*,*,#3785,.T.);
#4978=ORIENTED_EDGE('',*,*,#3832,.T.);
#4979=ORIENTED_EDGE('',*,*,#3793,.F.);
#4980=ORIENTED_EDGE('',*,*,#3834,.F.);
#4981=ORIENTED_EDGE('',*,*,#3786,.T.);
#4982=ORIENTED_EDGE('',*,*,#3833,.T.);
#4983=ORIENTED_EDGE('',*,*,#3792,.F.);
#4984=ORIENTED_EDGE('',*,*,#3787,.T.);
#4985=ORIENTED_EDGE('',*,*,#3834,.T.);
#4986=ORIENTED_EDGE('',*,*,#3791,.F.);
#4987=ORIENTED_EDGE('',*,*,#3789,.F.);
#4988=ORIENTED_EDGE('',*,*,#3835,.F.);
#4989=ORIENTED_EDGE('',*,*,#3799,.T.);
#4990=ORIENTED_EDGE('',*,*,#3823,.T.);
#4991=ORIENTED_EDGE('',*,*,#3813,.F.);
#4992=ORIENTED_EDGE('',*,*,#3836,.F.);
#4993=ORIENTED_EDGE('',*,*,#3800,.T.);
#4994=ORIENTED_EDGE('',*,*,#3835,.T.);
#4995=ORIENTED_EDGE('',*,*,#3812,.F.);
#4996=ORIENTED_EDGE('',*,*,#3837,.F.);
#4997=ORIENTED_EDGE('',*,*,#3801,.T.);
#4998=ORIENTED_EDGE('',*,*,#3836,.T.);
#4999=ORIENTED_EDGE('',*,*,#3811,.F.);
#5000=ORIENTED_EDGE('',*,*,#3838,.F.);
#5001=ORIENTED_EDGE('',*,*,#3802,.T.);
#5002=ORIENTED_EDGE('',*,*,#3837,.T.);
#5003=ORIENTED_EDGE('',*,*,#3810,.F.);
#5004=ORIENTED_EDGE('',*,*,#3839,.F.);
#5005=ORIENTED_EDGE('',*,*,#3803,.T.);
#5006=ORIENTED_EDGE('',*,*,#3838,.T.);
#5007=ORIENTED_EDGE('',*,*,#3809,.F.);
#5008=ORIENTED_EDGE('',*,*,#3804,.T.);
#5009=ORIENTED_EDGE('',*,*,#3839,.T.);
#5010=ORIENTED_EDGE('',*,*,#3808,.F.);
#5011=ORIENTED_EDGE('',*,*,#3806,.F.);
#5012=ORIENTED_EDGE('',*,*,#3820,.F.);
#5013=ORIENTED_EDGE('',*,*,#3840,.T.);
#5014=ORIENTED_EDGE('',*,*,#3841,.T.);
#5015=ORIENTED_EDGE('',*,*,#3842,.F.);
#5016=ORIENTED_EDGE('',*,*,#3843,.F.);
#5017=ORIENTED_EDGE('',*,*,#3844,.T.);
#5018=ORIENTED_EDGE('',*,*,#3845,.T.);
#5019=ORIENTED_EDGE('',*,*,#3840,.F.);
#5020=ORIENTED_EDGE('',*,*,#3846,.F.);
#5021=ORIENTED_EDGE('',*,*,#3842,.T.);
#5022=ORIENTED_EDGE('',*,*,#3847,.T.);
#5023=ORIENTED_EDGE('',*,*,#3848,.F.);
#5024=ORIENTED_EDGE('',*,*,#3849,.F.);
#5025=ORIENTED_EDGE('',*,*,#3843,.T.);
#5026=ORIENTED_EDGE('',*,*,#3849,.T.);
#5027=ORIENTED_EDGE('',*,*,#3850,.T.);
#5028=ORIENTED_EDGE('',*,*,#3846,.T.);
#5029=ORIENTED_EDGE('',*,*,#3851,.F.);
#5030=ORIENTED_EDGE('',*,*,#3852,.F.);
#5031=ORIENTED_EDGE('',*,*,#3853,.F.);
#5032=ORIENTED_EDGE('',*,*,#3854,.F.);
#5033=ORIENTED_EDGE('',*,*,#3855,.F.);
#5034=ORIENTED_EDGE('',*,*,#3856,.F.);
#5035=ORIENTED_EDGE('',*,*,#3857,.F.);
#5036=ORIENTED_EDGE('',*,*,#3858,.F.);
#5037=ORIENTED_EDGE('',*,*,#3859,.F.);
#5038=ORIENTED_EDGE('',*,*,#3860,.F.);
#5039=ORIENTED_EDGE('',*,*,#3861,.F.);
#5040=ORIENTED_EDGE('',*,*,#3862,.F.);
#5041=ORIENTED_EDGE('',*,*,#3863,.F.);
#5042=ORIENTED_EDGE('',*,*,#3864,.F.);
#5043=ORIENTED_EDGE('',*,*,#3865,.F.);
#5044=ORIENTED_EDGE('',*,*,#3866,.F.);
#5045=ORIENTED_EDGE('',*,*,#3867,.F.);
#5046=ORIENTED_EDGE('',*,*,#3868,.F.);
#5047=ORIENTED_EDGE('',*,*,#3869,.F.);
#5048=ORIENTED_EDGE('',*,*,#3870,.F.);
#5049=ORIENTED_EDGE('',*,*,#3871,.F.);
#5050=ORIENTED_EDGE('',*,*,#3872,.F.);
#5051=ORIENTED_EDGE('',*,*,#3873,.F.);
#5052=ORIENTED_EDGE('',*,*,#3874,.F.);
#5053=ORIENTED_EDGE('',*,*,#3875,.F.);
#5054=ORIENTED_EDGE('',*,*,#3876,.F.);
#5055=ORIENTED_EDGE('',*,*,#3877,.F.);
#5056=ORIENTED_EDGE('',*,*,#3878,.F.);
#5057=ORIENTED_EDGE('',*,*,#3879,.F.);
#5058=ORIENTED_EDGE('',*,*,#3880,.F.);
#5059=ORIENTED_EDGE('',*,*,#3881,.F.);
#5060=ORIENTED_EDGE('',*,*,#3882,.F.);
#5061=ORIENTED_EDGE('',*,*,#3883,.F.);
#5062=ORIENTED_EDGE('',*,*,#3884,.F.);
#5063=ORIENTED_EDGE('',*,*,#3885,.F.);
#5064=ORIENTED_EDGE('',*,*,#3886,.F.);
#5065=ORIENTED_EDGE('',*,*,#3887,.F.);
#5066=ORIENTED_EDGE('',*,*,#3888,.F.);
#5067=ORIENTED_EDGE('',*,*,#3889,.F.);
#5068=ORIENTED_EDGE('',*,*,#3890,.F.);
#5069=ORIENTED_EDGE('',*,*,#3891,.F.);
#5070=ORIENTED_EDGE('',*,*,#3892,.F.);
#5071=ORIENTED_EDGE('',*,*,#3893,.T.);
#5072=ORIENTED_EDGE('',*,*,#3894,.T.);
#5073=ORIENTED_EDGE('',*,*,#3895,.T.);
#5074=ORIENTED_EDGE('',*,*,#3896,.T.);
#5075=ORIENTED_EDGE('',*,*,#3897,.F.);
#5076=ORIENTED_EDGE('',*,*,#3898,.F.);
#5077=ORIENTED_EDGE('',*,*,#3899,.F.);
#5078=ORIENTED_EDGE('',*,*,#3900,.F.);
#5079=ORIENTED_EDGE('',*,*,#3901,.F.);
#5080=ORIENTED_EDGE('',*,*,#3902,.F.);
#5081=ORIENTED_EDGE('',*,*,#3903,.F.);
#5082=ORIENTED_EDGE('',*,*,#3904,.F.);
#5083=ORIENTED_EDGE('',*,*,#3905,.F.);
#5084=ORIENTED_EDGE('',*,*,#3906,.F.);
#5085=ORIENTED_EDGE('',*,*,#3907,.F.);
#5086=ORIENTED_EDGE('',*,*,#3908,.F.);
#5087=ORIENTED_EDGE('',*,*,#3909,.F.);
#5088=ORIENTED_EDGE('',*,*,#3910,.F.);
#5089=ORIENTED_EDGE('',*,*,#3911,.F.);
#5090=ORIENTED_EDGE('',*,*,#3912,.F.);
#5091=ORIENTED_EDGE('',*,*,#3913,.F.);
#5092=ORIENTED_EDGE('',*,*,#3914,.F.);
#5093=ORIENTED_EDGE('',*,*,#3915,.F.);
#5094=ORIENTED_EDGE('',*,*,#3916,.F.);
#5095=ORIENTED_EDGE('',*,*,#3841,.F.);
#5096=ORIENTED_EDGE('',*,*,#3845,.F.);
#5097=ORIENTED_EDGE('',*,*,#3917,.F.);
#5098=ORIENTED_EDGE('',*,*,#3847,.F.);
#5099=ORIENTED_EDGE('',*,*,#3918,.T.);
#5100=ORIENTED_EDGE('',*,*,#3919,.T.);
#5101=ORIENTED_EDGE('',*,*,#3920,.T.);
#5102=ORIENTED_EDGE('',*,*,#3921,.T.);
#5103=ORIENTED_EDGE('',*,*,#3922,.T.);
#5104=ORIENTED_EDGE('',*,*,#3923,.T.);
#5105=ORIENTED_EDGE('',*,*,#3924,.T.);
#5106=ORIENTED_EDGE('',*,*,#3925,.T.);
#5107=ORIENTED_EDGE('',*,*,#3926,.T.);
#5108=ORIENTED_EDGE('',*,*,#3927,.T.);
#5109=ORIENTED_EDGE('',*,*,#3928,.T.);
#5110=ORIENTED_EDGE('',*,*,#3929,.T.);
#5111=ORIENTED_EDGE('',*,*,#3930,.T.);
#5112=ORIENTED_EDGE('',*,*,#3931,.T.);
#5113=ORIENTED_EDGE('',*,*,#3932,.T.);
#5114=ORIENTED_EDGE('',*,*,#3933,.T.);
#5115=ORIENTED_EDGE('',*,*,#3934,.T.);
#5116=ORIENTED_EDGE('',*,*,#3935,.T.);
#5117=ORIENTED_EDGE('',*,*,#3936,.T.);
#5118=ORIENTED_EDGE('',*,*,#3937,.T.);
#5119=ORIENTED_EDGE('',*,*,#3938,.T.);
#5120=ORIENTED_EDGE('',*,*,#3939,.T.);
#5121=ORIENTED_EDGE('',*,*,#3940,.T.);
#5122=ORIENTED_EDGE('',*,*,#3941,.T.);
#5123=ORIENTED_EDGE('',*,*,#3942,.T.);
#5124=ORIENTED_EDGE('',*,*,#3943,.T.);
#5125=ORIENTED_EDGE('',*,*,#3944,.T.);
#5126=ORIENTED_EDGE('',*,*,#3945,.T.);
#5127=ORIENTED_EDGE('',*,*,#3946,.T.);
#5128=ORIENTED_EDGE('',*,*,#3947,.T.);
#5129=ORIENTED_EDGE('',*,*,#3948,.T.);
#5130=ORIENTED_EDGE('',*,*,#3949,.T.);
#5131=ORIENTED_EDGE('',*,*,#3950,.T.);
#5132=ORIENTED_EDGE('',*,*,#3951,.T.);
#5133=ORIENTED_EDGE('',*,*,#3952,.T.);
#5134=ORIENTED_EDGE('',*,*,#3953,.T.);
#5135=ORIENTED_EDGE('',*,*,#3954,.T.);
#5136=ORIENTED_EDGE('',*,*,#3955,.T.);
#5137=ORIENTED_EDGE('',*,*,#3956,.T.);
#5138=ORIENTED_EDGE('',*,*,#3957,.T.);
#5139=ORIENTED_EDGE('',*,*,#3958,.T.);
#5140=ORIENTED_EDGE('',*,*,#3959,.T.);
#5141=ORIENTED_EDGE('',*,*,#3960,.F.);
#5142=ORIENTED_EDGE('',*,*,#3961,.F.);
#5143=ORIENTED_EDGE('',*,*,#3962,.F.);
#5144=ORIENTED_EDGE('',*,*,#3963,.F.);
#5145=ORIENTED_EDGE('',*,*,#3964,.T.);
#5146=ORIENTED_EDGE('',*,*,#3965,.T.);
#5147=ORIENTED_EDGE('',*,*,#3966,.T.);
#5148=ORIENTED_EDGE('',*,*,#3967,.T.);
#5149=ORIENTED_EDGE('',*,*,#3968,.T.);
#5150=ORIENTED_EDGE('',*,*,#3969,.T.);
#5151=ORIENTED_EDGE('',*,*,#3970,.T.);
#5152=ORIENTED_EDGE('',*,*,#3971,.T.);
#5153=ORIENTED_EDGE('',*,*,#3972,.T.);
#5154=ORIENTED_EDGE('',*,*,#3973,.T.);
#5155=ORIENTED_EDGE('',*,*,#3974,.T.);
#5156=ORIENTED_EDGE('',*,*,#3975,.T.);
#5157=ORIENTED_EDGE('',*,*,#3976,.T.);
#5158=ORIENTED_EDGE('',*,*,#3977,.T.);
#5159=ORIENTED_EDGE('',*,*,#3978,.T.);
#5160=ORIENTED_EDGE('',*,*,#3979,.T.);
#5161=ORIENTED_EDGE('',*,*,#3980,.T.);
#5162=ORIENTED_EDGE('',*,*,#3981,.T.);
#5163=ORIENTED_EDGE('',*,*,#3982,.T.);
#5164=ORIENTED_EDGE('',*,*,#3983,.T.);
#5165=ORIENTED_EDGE('',*,*,#3848,.T.);
#5166=ORIENTED_EDGE('',*,*,#3917,.T.);
#5167=ORIENTED_EDGE('',*,*,#3844,.F.);
#5168=ORIENTED_EDGE('',*,*,#3850,.F.);
#5169=ORIENTED_EDGE('',*,*,#3918,.F.);
#5170=ORIENTED_EDGE('',*,*,#3984,.T.);
#5171=ORIENTED_EDGE('',*,*,#3851,.T.);
#5172=ORIENTED_EDGE('',*,*,#3984,.F.);
#5173=ORIENTED_EDGE('',*,*,#3919,.F.);
#5174=ORIENTED_EDGE('',*,*,#3985,.T.);
#5175=ORIENTED_EDGE('',*,*,#3852,.T.);
#5176=ORIENTED_EDGE('',*,*,#3985,.F.);
#5177=ORIENTED_EDGE('',*,*,#3920,.F.);
#5178=ORIENTED_EDGE('',*,*,#3986,.T.);
#5179=ORIENTED_EDGE('',*,*,#3853,.T.);
#5180=ORIENTED_EDGE('',*,*,#3986,.F.);
#5181=ORIENTED_EDGE('',*,*,#3921,.F.);
#5182=ORIENTED_EDGE('',*,*,#3987,.T.);
#5183=ORIENTED_EDGE('',*,*,#3854,.T.);
#5184=ORIENTED_EDGE('',*,*,#3987,.F.);
#5185=ORIENTED_EDGE('',*,*,#3922,.F.);
#5186=ORIENTED_EDGE('',*,*,#3988,.T.);
#5187=ORIENTED_EDGE('',*,*,#3855,.T.);
#5188=ORIENTED_EDGE('',*,*,#3988,.F.);
#5189=ORIENTED_EDGE('',*,*,#3923,.F.);
#5190=ORIENTED_EDGE('',*,*,#3989,.T.);
#5191=ORIENTED_EDGE('',*,*,#3856,.T.);
#5192=ORIENTED_EDGE('',*,*,#3989,.F.);
#5193=ORIENTED_EDGE('',*,*,#3924,.F.);
#5194=ORIENTED_EDGE('',*,*,#3990,.T.);
#5195=ORIENTED_EDGE('',*,*,#3857,.T.);
#5196=ORIENTED_EDGE('',*,*,#3990,.F.);
#5197=ORIENTED_EDGE('',*,*,#3925,.F.);
#5198=ORIENTED_EDGE('',*,*,#3991,.T.);
#5199=ORIENTED_EDGE('',*,*,#3858,.T.);
#5200=ORIENTED_EDGE('',*,*,#3991,.F.);
#5201=ORIENTED_EDGE('',*,*,#3926,.F.);
#5202=ORIENTED_EDGE('',*,*,#3992,.T.);
#5203=ORIENTED_EDGE('',*,*,#3859,.T.);
#5204=ORIENTED_EDGE('',*,*,#3992,.F.);
#5205=ORIENTED_EDGE('',*,*,#3927,.F.);
#5206=ORIENTED_EDGE('',*,*,#3993,.T.);
#5207=ORIENTED_EDGE('',*,*,#3860,.T.);
#5208=ORIENTED_EDGE('',*,*,#3993,.F.);
#5209=ORIENTED_EDGE('',*,*,#3928,.F.);
#5210=ORIENTED_EDGE('',*,*,#3994,.T.);
#5211=ORIENTED_EDGE('',*,*,#3861,.T.);
#5212=ORIENTED_EDGE('',*,*,#3994,.F.);
#5213=ORIENTED_EDGE('',*,*,#3929,.F.);
#5214=ORIENTED_EDGE('',*,*,#3995,.T.);
#5215=ORIENTED_EDGE('',*,*,#3862,.T.);
#5216=ORIENTED_EDGE('',*,*,#3995,.F.);
#5217=ORIENTED_EDGE('',*,*,#3930,.F.);
#5218=ORIENTED_EDGE('',*,*,#3996,.T.);
#5219=ORIENTED_EDGE('',*,*,#3863,.T.);
#5220=ORIENTED_EDGE('',*,*,#3996,.F.);
#5221=ORIENTED_EDGE('',*,*,#3931,.F.);
#5222=ORIENTED_EDGE('',*,*,#3997,.T.);
#5223=ORIENTED_EDGE('',*,*,#3864,.T.);
#5224=ORIENTED_EDGE('',*,*,#3997,.F.);
#5225=ORIENTED_EDGE('',*,*,#3932,.F.);
#5226=ORIENTED_EDGE('',*,*,#3998,.T.);
#5227=ORIENTED_EDGE('',*,*,#3865,.T.);
#5228=ORIENTED_EDGE('',*,*,#3998,.F.);
#5229=ORIENTED_EDGE('',*,*,#3933,.F.);
#5230=ORIENTED_EDGE('',*,*,#3999,.T.);
#5231=ORIENTED_EDGE('',*,*,#3866,.T.);
#5232=ORIENTED_EDGE('',*,*,#3999,.F.);
#5233=ORIENTED_EDGE('',*,*,#3934,.F.);
#5234=ORIENTED_EDGE('',*,*,#4000,.T.);
#5235=ORIENTED_EDGE('',*,*,#3867,.T.);
#5236=ORIENTED_EDGE('',*,*,#4000,.F.);
#5237=ORIENTED_EDGE('',*,*,#3935,.F.);
#5238=ORIENTED_EDGE('',*,*,#4001,.T.);
#5239=ORIENTED_EDGE('',*,*,#3868,.T.);
#5240=ORIENTED_EDGE('',*,*,#4001,.F.);
#5241=ORIENTED_EDGE('',*,*,#3936,.F.);
#5242=ORIENTED_EDGE('',*,*,#4002,.T.);
#5243=ORIENTED_EDGE('',*,*,#3869,.T.);
#5244=ORIENTED_EDGE('',*,*,#4002,.F.);
#5245=ORIENTED_EDGE('',*,*,#3937,.F.);
#5246=ORIENTED_EDGE('',*,*,#4003,.T.);
#5247=ORIENTED_EDGE('',*,*,#3870,.T.);
#5248=ORIENTED_EDGE('',*,*,#4003,.F.);
#5249=ORIENTED_EDGE('',*,*,#3938,.F.);
#5250=ORIENTED_EDGE('',*,*,#4004,.T.);
#5251=ORIENTED_EDGE('',*,*,#3871,.T.);
#5252=ORIENTED_EDGE('',*,*,#4004,.F.);
#5253=ORIENTED_EDGE('',*,*,#3939,.F.);
#5254=ORIENTED_EDGE('',*,*,#4005,.T.);
#5255=ORIENTED_EDGE('',*,*,#3872,.T.);
#5256=ORIENTED_EDGE('',*,*,#4005,.F.);
#5257=ORIENTED_EDGE('',*,*,#3940,.F.);
#5258=ORIENTED_EDGE('',*,*,#4006,.T.);
#5259=ORIENTED_EDGE('',*,*,#3873,.T.);
#5260=ORIENTED_EDGE('',*,*,#4006,.F.);
#5261=ORIENTED_EDGE('',*,*,#3941,.F.);
#5262=ORIENTED_EDGE('',*,*,#4007,.T.);
#5263=ORIENTED_EDGE('',*,*,#3874,.T.);
#5264=ORIENTED_EDGE('',*,*,#4007,.F.);
#5265=ORIENTED_EDGE('',*,*,#3942,.F.);
#5266=ORIENTED_EDGE('',*,*,#4008,.T.);
#5267=ORIENTED_EDGE('',*,*,#3875,.T.);
#5268=ORIENTED_EDGE('',*,*,#4008,.F.);
#5269=ORIENTED_EDGE('',*,*,#3943,.F.);
#5270=ORIENTED_EDGE('',*,*,#4009,.T.);
#5271=ORIENTED_EDGE('',*,*,#3876,.T.);
#5272=ORIENTED_EDGE('',*,*,#4009,.F.);
#5273=ORIENTED_EDGE('',*,*,#3944,.F.);
#5274=ORIENTED_EDGE('',*,*,#4010,.T.);
#5275=ORIENTED_EDGE('',*,*,#3877,.T.);
#5276=ORIENTED_EDGE('',*,*,#4010,.F.);
#5277=ORIENTED_EDGE('',*,*,#3945,.F.);
#5278=ORIENTED_EDGE('',*,*,#4011,.T.);
#5279=ORIENTED_EDGE('',*,*,#3878,.T.);
#5280=ORIENTED_EDGE('',*,*,#4011,.F.);
#5281=ORIENTED_EDGE('',*,*,#3946,.F.);
#5282=ORIENTED_EDGE('',*,*,#4012,.T.);
#5283=ORIENTED_EDGE('',*,*,#3879,.T.);
#5284=ORIENTED_EDGE('',*,*,#4012,.F.);
#5285=ORIENTED_EDGE('',*,*,#3947,.F.);
#5286=ORIENTED_EDGE('',*,*,#4013,.T.);
#5287=ORIENTED_EDGE('',*,*,#3880,.T.);
#5288=ORIENTED_EDGE('',*,*,#4013,.F.);
#5289=ORIENTED_EDGE('',*,*,#3948,.F.);
#5290=ORIENTED_EDGE('',*,*,#4014,.T.);
#5291=ORIENTED_EDGE('',*,*,#3881,.T.);
#5292=ORIENTED_EDGE('',*,*,#4014,.F.);
#5293=ORIENTED_EDGE('',*,*,#3949,.F.);
#5294=ORIENTED_EDGE('',*,*,#4015,.T.);
#5295=ORIENTED_EDGE('',*,*,#3882,.T.);
#5296=ORIENTED_EDGE('',*,*,#4015,.F.);
#5297=ORIENTED_EDGE('',*,*,#3950,.F.);
#5298=ORIENTED_EDGE('',*,*,#4016,.T.);
#5299=ORIENTED_EDGE('',*,*,#3883,.T.);
#5300=ORIENTED_EDGE('',*,*,#4016,.F.);
#5301=ORIENTED_EDGE('',*,*,#3951,.F.);
#5302=ORIENTED_EDGE('',*,*,#4017,.T.);
#5303=ORIENTED_EDGE('',*,*,#3884,.T.);
#5304=ORIENTED_EDGE('',*,*,#4017,.F.);
#5305=ORIENTED_EDGE('',*,*,#3952,.F.);
#5306=ORIENTED_EDGE('',*,*,#4018,.T.);
#5307=ORIENTED_EDGE('',*,*,#3885,.T.);
#5308=ORIENTED_EDGE('',*,*,#4018,.F.);
#5309=ORIENTED_EDGE('',*,*,#3953,.F.);
#5310=ORIENTED_EDGE('',*,*,#4019,.T.);
#5311=ORIENTED_EDGE('',*,*,#3886,.T.);
#5312=ORIENTED_EDGE('',*,*,#4019,.F.);
#5313=ORIENTED_EDGE('',*,*,#3954,.F.);
#5314=ORIENTED_EDGE('',*,*,#4020,.T.);
#5315=ORIENTED_EDGE('',*,*,#3887,.T.);
#5316=ORIENTED_EDGE('',*,*,#4020,.F.);
#5317=ORIENTED_EDGE('',*,*,#3955,.F.);
#5318=ORIENTED_EDGE('',*,*,#4021,.T.);
#5319=ORIENTED_EDGE('',*,*,#3888,.T.);
#5320=ORIENTED_EDGE('',*,*,#4021,.F.);
#5321=ORIENTED_EDGE('',*,*,#3956,.F.);
#5322=ORIENTED_EDGE('',*,*,#4022,.T.);
#5323=ORIENTED_EDGE('',*,*,#3889,.T.);
#5324=ORIENTED_EDGE('',*,*,#4022,.F.);
#5325=ORIENTED_EDGE('',*,*,#3957,.F.);
#5326=ORIENTED_EDGE('',*,*,#4023,.T.);
#5327=ORIENTED_EDGE('',*,*,#3890,.T.);
#5328=ORIENTED_EDGE('',*,*,#4023,.F.);
#5329=ORIENTED_EDGE('',*,*,#3958,.F.);
#5330=ORIENTED_EDGE('',*,*,#4024,.T.);
#5331=ORIENTED_EDGE('',*,*,#3891,.T.);
#5332=ORIENTED_EDGE('',*,*,#4024,.F.);
#5333=ORIENTED_EDGE('',*,*,#3959,.F.);
#5334=ORIENTED_EDGE('',*,*,#4025,.T.);
#5335=ORIENTED_EDGE('',*,*,#3892,.T.);
#5336=ORIENTED_EDGE('',*,*,#4025,.F.);
#5337=ORIENTED_EDGE('',*,*,#4026,.T.);
#5338=ORIENTED_EDGE('',*,*,#3960,.T.);
#5339=ORIENTED_EDGE('',*,*,#4027,.F.);
#5340=ORIENTED_EDGE('',*,*,#3893,.F.);
#5341=ORIENTED_EDGE('',*,*,#4028,.T.);
#5342=ORIENTED_EDGE('',*,*,#3961,.T.);
#5343=ORIENTED_EDGE('',*,*,#4026,.F.);
#5344=ORIENTED_EDGE('',*,*,#3896,.F.);
#5345=ORIENTED_EDGE('',*,*,#4027,.T.);
#5346=ORIENTED_EDGE('',*,*,#3963,.T.);
#5347=ORIENTED_EDGE('',*,*,#4029,.F.);
#5348=ORIENTED_EDGE('',*,*,#3894,.F.);
#5349=ORIENTED_EDGE('',*,*,#4029,.T.);
#5350=ORIENTED_EDGE('',*,*,#3962,.T.);
#5351=ORIENTED_EDGE('',*,*,#4028,.F.);
#5352=ORIENTED_EDGE('',*,*,#3895,.F.);
#5353=ORIENTED_EDGE('',*,*,#3964,.F.);
#5354=ORIENTED_EDGE('',*,*,#4030,.T.);
#5355=ORIENTED_EDGE('',*,*,#3897,.T.);
#5356=ORIENTED_EDGE('',*,*,#4030,.F.);
#5357=ORIENTED_EDGE('',*,*,#3965,.F.);
#5358=ORIENTED_EDGE('',*,*,#4031,.T.);
#5359=ORIENTED_EDGE('',*,*,#3898,.T.);
#5360=ORIENTED_EDGE('',*,*,#4031,.F.);
#5361=ORIENTED_EDGE('',*,*,#3966,.F.);
#5362=ORIENTED_EDGE('',*,*,#4032,.T.);
#5363=ORIENTED_EDGE('',*,*,#3899,.T.);
#5364=ORIENTED_EDGE('',*,*,#4032,.F.);
#5365=ORIENTED_EDGE('',*,*,#3967,.F.);
#5366=ORIENTED_EDGE('',*,*,#4033,.T.);
#5367=ORIENTED_EDGE('',*,*,#3900,.T.);
#5368=ORIENTED_EDGE('',*,*,#4033,.F.);
#5369=ORIENTED_EDGE('',*,*,#3968,.F.);
#5370=ORIENTED_EDGE('',*,*,#4034,.T.);
#5371=ORIENTED_EDGE('',*,*,#3901,.T.);
#5372=ORIENTED_EDGE('',*,*,#4034,.F.);
#5373=ORIENTED_EDGE('',*,*,#3902,.T.);
#5374=ORIENTED_EDGE('',*,*,#4035,.T.);
#5375=ORIENTED_EDGE('',*,*,#3969,.F.);
#5376=ORIENTED_EDGE('',*,*,#4036,.F.);
#5377=ORIENTED_EDGE('',*,*,#3903,.T.);
#5378=ORIENTED_EDGE('',*,*,#4036,.T.);
#5379=ORIENTED_EDGE('',*,*,#3972,.F.);
#5380=ORIENTED_EDGE('',*,*,#4037,.F.);
#5381=ORIENTED_EDGE('',*,*,#3904,.T.);
#5382=ORIENTED_EDGE('',*,*,#4037,.T.);
#5383=ORIENTED_EDGE('',*,*,#3971,.F.);
#5384=ORIENTED_EDGE('',*,*,#4038,.F.);
#5385=ORIENTED_EDGE('',*,*,#3905,.T.);
#5386=ORIENTED_EDGE('',*,*,#4038,.T.);
#5387=ORIENTED_EDGE('',*,*,#3970,.F.);
#5388=ORIENTED_EDGE('',*,*,#4035,.F.);
#5389=ORIENTED_EDGE('',*,*,#3973,.F.);
#5390=ORIENTED_EDGE('',*,*,#4039,.T.);
#5391=ORIENTED_EDGE('',*,*,#3906,.T.);
#5392=ORIENTED_EDGE('',*,*,#4039,.F.);
#5393=ORIENTED_EDGE('',*,*,#3974,.F.);
#5394=ORIENTED_EDGE('',*,*,#4040,.T.);
#5395=ORIENTED_EDGE('',*,*,#3907,.T.);
#5396=ORIENTED_EDGE('',*,*,#4040,.F.);
#5397=ORIENTED_EDGE('',*,*,#3975,.F.);
#5398=ORIENTED_EDGE('',*,*,#4041,.T.);
#5399=ORIENTED_EDGE('',*,*,#3908,.T.);
#5400=ORIENTED_EDGE('',*,*,#4041,.F.);
#5401=ORIENTED_EDGE('',*,*,#3909,.T.);
#5402=ORIENTED_EDGE('',*,*,#4042,.T.);
#5403=ORIENTED_EDGE('',*,*,#3976,.F.);
#5404=ORIENTED_EDGE('',*,*,#4043,.F.);
#5405=ORIENTED_EDGE('',*,*,#3910,.T.);
#5406=ORIENTED_EDGE('',*,*,#4043,.T.);
#5407=ORIENTED_EDGE('',*,*,#3979,.F.);
#5408=ORIENTED_EDGE('',*,*,#4044,.F.);
#5409=ORIENTED_EDGE('',*,*,#3911,.T.);
#5410=ORIENTED_EDGE('',*,*,#4044,.T.);
#5411=ORIENTED_EDGE('',*,*,#3978,.F.);
#5412=ORIENTED_EDGE('',*,*,#4045,.F.);
#5413=ORIENTED_EDGE('',*,*,#3912,.T.);
#5414=ORIENTED_EDGE('',*,*,#4045,.T.);
#5415=ORIENTED_EDGE('',*,*,#3977,.F.);
#5416=ORIENTED_EDGE('',*,*,#4042,.F.);
#5417=ORIENTED_EDGE('',*,*,#3980,.F.);
#5418=ORIENTED_EDGE('',*,*,#4046,.T.);
#5419=ORIENTED_EDGE('',*,*,#3913,.T.);
#5420=ORIENTED_EDGE('',*,*,#4046,.F.);
#5421=ORIENTED_EDGE('',*,*,#3981,.F.);
#5422=ORIENTED_EDGE('',*,*,#4047,.T.);
#5423=ORIENTED_EDGE('',*,*,#3914,.T.);
#5424=ORIENTED_EDGE('',*,*,#4047,.F.);
#5425=ORIENTED_EDGE('',*,*,#3982,.F.);
#5426=ORIENTED_EDGE('',*,*,#4048,.T.);
#5427=ORIENTED_EDGE('',*,*,#3915,.T.);
#5428=ORIENTED_EDGE('',*,*,#4048,.F.);
#5429=ORIENTED_EDGE('',*,*,#3983,.F.);
#5430=ORIENTED_EDGE('',*,*,#4049,.T.);
#5431=ORIENTED_EDGE('',*,*,#3916,.T.);
#5432=ORIENTED_EDGE('',*,*,#4049,.F.);
#5433=ORIENTED_EDGE('',*,*,#4050,.T.);
#5434=ORIENTED_EDGE('',*,*,#4051,.T.);
#5435=ORIENTED_EDGE('',*,*,#4052,.F.);
#5436=ORIENTED_EDGE('',*,*,#4053,.F.);
#5437=ORIENTED_EDGE('',*,*,#4054,.T.);
#5438=ORIENTED_EDGE('',*,*,#4055,.F.);
#5439=ORIENTED_EDGE('',*,*,#4056,.F.);
#5440=ORIENTED_EDGE('',*,*,#4057,.T.);
#5441=ORIENTED_EDGE('',*,*,#4058,.T.);
#5442=ORIENTED_EDGE('',*,*,#4059,.T.);
#5443=ORIENTED_EDGE('',*,*,#4060,.F.);
#5444=ORIENTED_EDGE('',*,*,#4061,.F.);
#5445=ORIENTED_EDGE('',*,*,#4050,.F.);
#5446=ORIENTED_EDGE('',*,*,#4062,.T.);
#5447=ORIENTED_EDGE('',*,*,#4053,.T.);
#5448=ORIENTED_EDGE('',*,*,#4063,.T.);
#5449=ORIENTED_EDGE('',*,*,#4064,.F.);
#5450=ORIENTED_EDGE('',*,*,#4062,.F.);
#5451=ORIENTED_EDGE('',*,*,#4061,.T.);
#5452=ORIENTED_EDGE('',*,*,#4065,.T.);
#5453=ORIENTED_EDGE('',*,*,#4066,.F.);
#5454=ORIENTED_EDGE('',*,*,#4051,.F.);
#5455=ORIENTED_EDGE('',*,*,#4067,.F.);
#5456=ORIENTED_EDGE('',*,*,#4063,.F.);
#5457=ORIENTED_EDGE('',*,*,#4052,.T.);
#5458=ORIENTED_EDGE('',*,*,#4066,.T.);
#5459=ORIENTED_EDGE('',*,*,#4068,.T.);
#5460=ORIENTED_EDGE('',*,*,#4069,.F.);
#5461=ORIENTED_EDGE('',*,*,#4070,.F.);
#5462=ORIENTED_EDGE('',*,*,#4071,.F.);
#5463=ORIENTED_EDGE('',*,*,#4072,.T.);
#5464=ORIENTED_EDGE('',*,*,#4073,.T.);
#5465=ORIENTED_EDGE('',*,*,#4067,.T.);
#5466=ORIENTED_EDGE('',*,*,#4074,.F.);
#5467=ORIENTED_EDGE('',*,*,#4054,.F.);
#5468=ORIENTED_EDGE('',*,*,#4064,.T.);
#5469=ORIENTED_EDGE('',*,*,#4055,.T.);
#5470=ORIENTED_EDGE('',*,*,#4074,.T.);
#5471=ORIENTED_EDGE('',*,*,#4073,.F.);
#5472=ORIENTED_EDGE('',*,*,#4075,.F.);
#5473=ORIENTED_EDGE('',*,*,#4056,.T.);
#5474=ORIENTED_EDGE('',*,*,#4076,.T.);
#5475=ORIENTED_EDGE('',*,*,#4077,.T.);
#5476=ORIENTED_EDGE('',*,*,#4078,.T.);
#5477=ORIENTED_EDGE('',*,*,#4079,.F.);
#5478=ORIENTED_EDGE('',*,*,#4080,.F.);
#5479=ORIENTED_EDGE('',*,*,#4058,.F.);
#5480=ORIENTED_EDGE('',*,*,#4057,.F.);
#5481=ORIENTED_EDGE('',*,*,#4068,.F.);
#5482=ORIENTED_EDGE('',*,*,#4065,.F.);
#5483=ORIENTED_EDGE('',*,*,#4060,.T.);
#5484=ORIENTED_EDGE('',*,*,#4081,.T.);
#5485=ORIENTED_EDGE('',*,*,#4082,.T.);
#5486=ORIENTED_EDGE('',*,*,#4069,.T.);
#5487=ORIENTED_EDGE('',*,*,#4081,.F.);
#5488=ORIENTED_EDGE('',*,*,#4059,.F.);
#5489=ORIENTED_EDGE('',*,*,#4072,.F.);
#5490=ORIENTED_EDGE('',*,*,#4071,.T.);
#5491=ORIENTED_EDGE('',*,*,#4070,.T.);
#5492=ORIENTED_EDGE('',*,*,#4083,.T.);
#5493=ORIENTED_EDGE('',*,*,#4084,.T.);
#5494=ORIENTED_EDGE('',*,*,#4085,.F.);
#5495=ORIENTED_EDGE('',*,*,#4086,.F.);
#5496=ORIENTED_EDGE('',*,*,#4087,.F.);
#5497=ORIENTED_EDGE('',*,*,#4075,.T.);
#5498=ORIENTED_EDGE('',*,*,#4087,.T.);
#5499=ORIENTED_EDGE('',*,*,#4088,.F.);
#5500=ORIENTED_EDGE('',*,*,#4076,.F.);
#5501=ORIENTED_EDGE('',*,*,#4089,.T.);
#5502=ORIENTED_EDGE('',*,*,#4090,.F.);
#5503=ORIENTED_EDGE('',*,*,#4091,.T.);
#5504=ORIENTED_EDGE('',*,*,#4092,.T.);
#5505=ORIENTED_EDGE('',*,*,#4093,.F.);
#5506=ORIENTED_EDGE('',*,*,#4094,.F.);
#5507=ORIENTED_EDGE('',*,*,#4079,.T.);
#5508=ORIENTED_EDGE('',*,*,#4078,.F.);
#5509=ORIENTED_EDGE('',*,*,#4077,.F.);
#5510=ORIENTED_EDGE('',*,*,#4095,.T.);
#5511=ORIENTED_EDGE('',*,*,#4080,.T.);
#5512=ORIENTED_EDGE('',*,*,#4096,.T.);
#5513=ORIENTED_EDGE('',*,*,#4097,.F.);
#5514=ORIENTED_EDGE('',*,*,#4098,.F.);
#5515=ORIENTED_EDGE('',*,*,#4098,.T.);
#5516=ORIENTED_EDGE('',*,*,#4099,.T.);
#5517=ORIENTED_EDGE('',*,*,#4100,.F.);
#5518=ORIENTED_EDGE('',*,*,#4082,.F.);
#5519=ORIENTED_EDGE('',*,*,#4101,.F.);
#5520=ORIENTED_EDGE('',*,*,#4102,.F.);
#5521=ORIENTED_EDGE('',*,*,#4086,.T.);
#5522=ORIENTED_EDGE('',*,*,#4085,.T.);
#5523=ORIENTED_EDGE('',*,*,#4084,.F.);
#5524=ORIENTED_EDGE('',*,*,#4103,.T.);
#5525=ORIENTED_EDGE('',*,*,#4104,.T.);
#5526=ORIENTED_EDGE('',*,*,#4105,.F.);
#5527=ORIENTED_EDGE('',*,*,#4106,.F.);
#5528=ORIENTED_EDGE('',*,*,#4107,.T.);
#5529=ORIENTED_EDGE('',*,*,#4083,.F.);
#5530=ORIENTED_EDGE('',*,*,#4100,.T.);
#5531=ORIENTED_EDGE('',*,*,#4108,.T.);
#5532=ORIENTED_EDGE('',*,*,#4109,.F.);
#5533=ORIENTED_EDGE('',*,*,#4088,.T.);
#5534=ORIENTED_EDGE('',*,*,#4102,.T.);
#5535=ORIENTED_EDGE('',*,*,#4110,.F.);
#5536=ORIENTED_EDGE('',*,*,#4095,.F.);
#5537=ORIENTED_EDGE('',*,*,#4101,.T.);
#5538=ORIENTED_EDGE('',*,*,#4111,.F.);
#5539=ORIENTED_EDGE('',*,*,#4089,.F.);
#5540=ORIENTED_EDGE('',*,*,#4110,.T.);
#5541=ORIENTED_EDGE('',*,*,#4090,.T.);
#5542=ORIENTED_EDGE('',*,*,#4111,.T.);
#5543=ORIENTED_EDGE('',*,*,#4107,.F.);
#5544=ORIENTED_EDGE('',*,*,#4112,.F.);
#5545=ORIENTED_EDGE('',*,*,#4091,.F.);
#5546=ORIENTED_EDGE('',*,*,#4112,.T.);
#5547=ORIENTED_EDGE('',*,*,#4106,.T.);
#5548=ORIENTED_EDGE('',*,*,#4113,.F.);
#5549=ORIENTED_EDGE('',*,*,#4113,.T.);
#5550=ORIENTED_EDGE('',*,*,#4105,.T.);
#5551=ORIENTED_EDGE('',*,*,#4114,.F.);
#5552=ORIENTED_EDGE('',*,*,#4092,.F.);
#5553=ORIENTED_EDGE('',*,*,#4104,.F.);
#5554=ORIENTED_EDGE('',*,*,#4115,.F.);
#5555=ORIENTED_EDGE('',*,*,#4093,.T.);
#5556=ORIENTED_EDGE('',*,*,#4114,.T.);
#5557=ORIENTED_EDGE('',*,*,#4094,.T.);
#5558=ORIENTED_EDGE('',*,*,#4115,.T.);
#5559=ORIENTED_EDGE('',*,*,#4103,.F.);
#5560=ORIENTED_EDGE('',*,*,#4116,.F.);
#5561=ORIENTED_EDGE('',*,*,#4096,.F.);
#5562=ORIENTED_EDGE('',*,*,#4116,.T.);
#5563=ORIENTED_EDGE('',*,*,#4109,.T.);
#5564=ORIENTED_EDGE('',*,*,#4117,.F.);
#5565=ORIENTED_EDGE('',*,*,#4099,.F.);
#5566=ORIENTED_EDGE('',*,*,#4097,.T.);
#5567=ORIENTED_EDGE('',*,*,#4117,.T.);
#5568=ORIENTED_EDGE('',*,*,#4108,.F.);
#5569=ORIENTED_EDGE('',*,*,#4118,.T.);
#5570=ORIENTED_EDGE('',*,*,#4119,.T.);
#5571=ORIENTED_EDGE('',*,*,#4120,.T.);
#5572=ORIENTED_EDGE('',*,*,#4121,.F.);
#5573=ORIENTED_EDGE('',*,*,#4122,.F.);
#5574=ORIENTED_EDGE('',*,*,#4123,.T.);
#5575=ORIENTED_EDGE('',*,*,#4124,.F.);
#5576=ORIENTED_EDGE('',*,*,#4125,.F.);
#5577=ORIENTED_EDGE('',*,*,#4126,.T.);
#5578=ORIENTED_EDGE('',*,*,#4127,.F.);
#5579=ORIENTED_EDGE('',*,*,#4118,.F.);
#5580=ORIENTED_EDGE('',*,*,#4128,.T.);
#5581=ORIENTED_EDGE('',*,*,#4125,.T.);
#5582=ORIENTED_EDGE('',*,*,#4129,.T.);
#5583=ORIENTED_EDGE('',*,*,#4130,.F.);
#5584=ORIENTED_EDGE('',*,*,#4128,.F.);
#5585=ORIENTED_EDGE('',*,*,#4127,.T.);
#5586=ORIENTED_EDGE('',*,*,#4131,.T.);
#5587=ORIENTED_EDGE('',*,*,#4132,.F.);
#5588=ORIENTED_EDGE('',*,*,#4119,.F.);
#5589=ORIENTED_EDGE('',*,*,#4124,.T.);
#5590=ORIENTED_EDGE('',*,*,#4133,.T.);
#5591=ORIENTED_EDGE('',*,*,#4134,.F.);
#5592=ORIENTED_EDGE('',*,*,#4129,.F.);
#5593=ORIENTED_EDGE('',*,*,#4120,.F.);
#5594=ORIENTED_EDGE('',*,*,#4132,.T.);
#5595=ORIENTED_EDGE('',*,*,#4135,.T.);
#5596=ORIENTED_EDGE('',*,*,#4136,.F.);
#5597=ORIENTED_EDGE('',*,*,#4137,.T.);
#5598=ORIENTED_EDGE('',*,*,#4138,.T.);
#5599=ORIENTED_EDGE('',*,*,#4133,.F.);
#5600=ORIENTED_EDGE('',*,*,#4123,.F.);
#5601=ORIENTED_EDGE('',*,*,#4121,.T.);
#5602=ORIENTED_EDGE('',*,*,#4136,.T.);
#5603=ORIENTED_EDGE('',*,*,#4139,.F.);
#5604=ORIENTED_EDGE('',*,*,#4140,.F.);
#5605=ORIENTED_EDGE('',*,*,#4141,.F.);
#5606=ORIENTED_EDGE('',*,*,#4137,.F.);
#5607=ORIENTED_EDGE('',*,*,#4122,.T.);
#5608=ORIENTED_EDGE('',*,*,#4140,.T.);
#5609=ORIENTED_EDGE('',*,*,#4126,.F.);
#5610=ORIENTED_EDGE('',*,*,#4130,.T.);
#5611=ORIENTED_EDGE('',*,*,#4134,.T.);
#5612=ORIENTED_EDGE('',*,*,#4138,.F.);
#5613=ORIENTED_EDGE('',*,*,#4141,.T.);
#5614=ORIENTED_EDGE('',*,*,#4139,.T.);
#5615=ORIENTED_EDGE('',*,*,#4135,.F.);
#5616=ORIENTED_EDGE('',*,*,#4131,.F.);
#5617=ORIENTED_EDGE('',*,*,#4142,.F.);
#5618=ORIENTED_EDGE('',*,*,#4143,.T.);
#5619=ORIENTED_EDGE('',*,*,#4144,.T.);
#5620=ORIENTED_EDGE('',*,*,#4145,.T.);
#5621=ORIENTED_EDGE('',*,*,#4146,.F.);
#5622=ORIENTED_EDGE('',*,*,#4147,.F.);
#5623=ORIENTED_EDGE('',*,*,#4148,.T.);
#5624=ORIENTED_EDGE('',*,*,#4149,.F.);
#5625=ORIENTED_EDGE('',*,*,#4142,.T.);
#5626=ORIENTED_EDGE('',*,*,#4150,.T.);
#5627=ORIENTED_EDGE('',*,*,#4151,.F.);
#5628=ORIENTED_EDGE('',*,*,#4152,.F.);
#5629=ORIENTED_EDGE('',*,*,#4149,.T.);
#5630=ORIENTED_EDGE('',*,*,#4153,.T.);
#5631=ORIENTED_EDGE('',*,*,#4154,.F.);
#5632=ORIENTED_EDGE('',*,*,#4150,.F.);
#5633=ORIENTED_EDGE('',*,*,#4155,.T.);
#5634=ORIENTED_EDGE('',*,*,#4156,.T.);
#5635=ORIENTED_EDGE('',*,*,#4153,.F.);
#5636=ORIENTED_EDGE('',*,*,#4148,.F.);
#5637=ORIENTED_EDGE('',*,*,#4157,.F.);
#5638=ORIENTED_EDGE('',*,*,#4155,.F.);
#5639=ORIENTED_EDGE('',*,*,#4147,.T.);
#5640=ORIENTED_EDGE('',*,*,#4158,.T.);
#5641=ORIENTED_EDGE('',*,*,#4146,.T.);
#5642=ORIENTED_EDGE('',*,*,#4159,.T.);
#5643=ORIENTED_EDGE('',*,*,#4160,.F.);
#5644=ORIENTED_EDGE('',*,*,#4158,.F.);
#5645=ORIENTED_EDGE('',*,*,#4145,.F.);
#5646=ORIENTED_EDGE('',*,*,#4161,.T.);
#5647=ORIENTED_EDGE('',*,*,#4162,.T.);
#5648=ORIENTED_EDGE('',*,*,#4159,.F.);
#5649=ORIENTED_EDGE('',*,*,#4163,.T.);
#5650=ORIENTED_EDGE('',*,*,#4164,.T.);
#5651=ORIENTED_EDGE('',*,*,#4161,.F.);
#5652=ORIENTED_EDGE('',*,*,#4144,.F.);
#5653=ORIENTED_EDGE('',*,*,#4165,.T.);
#5654=ORIENTED_EDGE('',*,*,#4163,.F.);
#5655=ORIENTED_EDGE('',*,*,#4143,.F.);
#5656=ORIENTED_EDGE('',*,*,#4152,.T.);
#5657=ORIENTED_EDGE('',*,*,#4166,.T.);
#5658=ORIENTED_EDGE('',*,*,#4167,.T.);
#5659=ORIENTED_EDGE('',*,*,#4168,.T.);
#5660=ORIENTED_EDGE('',*,*,#4169,.F.);
#5661=ORIENTED_EDGE('',*,*,#4170,.F.);
#5662=ORIENTED_EDGE('',*,*,#4171,.T.);
#5663=ORIENTED_EDGE('',*,*,#4172,.F.);
#5664=ORIENTED_EDGE('',*,*,#4173,.F.);
#5665=ORIENTED_EDGE('',*,*,#4151,.T.);
#5666=ORIENTED_EDGE('',*,*,#4154,.T.);
#5667=ORIENTED_EDGE('',*,*,#4156,.F.);
#5668=ORIENTED_EDGE('',*,*,#4157,.T.);
#5669=ORIENTED_EDGE('',*,*,#4160,.T.);
#5670=ORIENTED_EDGE('',*,*,#4162,.F.);
#5671=ORIENTED_EDGE('',*,*,#4164,.F.);
#5672=ORIENTED_EDGE('',*,*,#4165,.F.);
#5673=ORIENTED_EDGE('',*,*,#4174,.T.);
#5674=ORIENTED_EDGE('',*,*,#4175,.F.);
#5675=ORIENTED_EDGE('',*,*,#4166,.F.);
#5676=ORIENTED_EDGE('',*,*,#4176,.T.);
#5677=ORIENTED_EDGE('',*,*,#4173,.T.);
#5678=ORIENTED_EDGE('',*,*,#4177,.T.);
#5679=ORIENTED_EDGE('',*,*,#4178,.F.);
#5680=ORIENTED_EDGE('',*,*,#4176,.F.);
#5681=ORIENTED_EDGE('',*,*,#4175,.T.);
#5682=ORIENTED_EDGE('',*,*,#4179,.T.);
#5683=ORIENTED_EDGE('',*,*,#4180,.F.);
#5684=ORIENTED_EDGE('',*,*,#4167,.F.);
#5685=ORIENTED_EDGE('',*,*,#4172,.T.);
#5686=ORIENTED_EDGE('',*,*,#4181,.T.);
#5687=ORIENTED_EDGE('',*,*,#4182,.F.);
#5688=ORIENTED_EDGE('',*,*,#4177,.F.);
#5689=ORIENTED_EDGE('',*,*,#4168,.F.);
#5690=ORIENTED_EDGE('',*,*,#4180,.T.);
#5691=ORIENTED_EDGE('',*,*,#4183,.T.);
#5692=ORIENTED_EDGE('',*,*,#4184,.F.);
#5693=ORIENTED_EDGE('',*,*,#4185,.T.);
#5694=ORIENTED_EDGE('',*,*,#4186,.T.);
#5695=ORIENTED_EDGE('',*,*,#4181,.F.);
#5696=ORIENTED_EDGE('',*,*,#4171,.F.);
#5697=ORIENTED_EDGE('',*,*,#4169,.T.);
#5698=ORIENTED_EDGE('',*,*,#4184,.T.);
#5699=ORIENTED_EDGE('',*,*,#4187,.F.);
#5700=ORIENTED_EDGE('',*,*,#4188,.F.);
#5701=ORIENTED_EDGE('',*,*,#4189,.F.);
#5702=ORIENTED_EDGE('',*,*,#4185,.F.);
#5703=ORIENTED_EDGE('',*,*,#4170,.T.);
#5704=ORIENTED_EDGE('',*,*,#4188,.T.);
#5705=ORIENTED_EDGE('',*,*,#4174,.F.);
#5706=ORIENTED_EDGE('',*,*,#4178,.T.);
#5707=ORIENTED_EDGE('',*,*,#4182,.T.);
#5708=ORIENTED_EDGE('',*,*,#4186,.F.);
#5709=ORIENTED_EDGE('',*,*,#4189,.T.);
#5710=ORIENTED_EDGE('',*,*,#4187,.T.);
#5711=ORIENTED_EDGE('',*,*,#4183,.F.);
#5712=ORIENTED_EDGE('',*,*,#4179,.F.);
#5713=ORIENTED_EDGE('',*,*,#4190,.F.);
#5714=ORIENTED_EDGE('',*,*,#4191,.F.);
#5715=ORIENTED_EDGE('',*,*,#4192,.F.);
#5716=ORIENTED_EDGE('',*,*,#4193,.T.);
#5717=ORIENTED_EDGE('',*,*,#4190,.T.);
#5718=ORIENTED_EDGE('',*,*,#4193,.F.);
#5719=ORIENTED_EDGE('',*,*,#4194,.F.);
#5720=ORIENTED_EDGE('',*,*,#4195,.F.);
#5721=ORIENTED_EDGE('',*,*,#4196,.F.);
#5722=ORIENTED_EDGE('',*,*,#4197,.T.);
#5723=ORIENTED_EDGE('',*,*,#4194,.T.);
#5724=ORIENTED_EDGE('',*,*,#4197,.F.);
#5725=ORIENTED_EDGE('',*,*,#4198,.F.);
#5726=ORIENTED_EDGE('',*,*,#4199,.T.);
#5727=ORIENTED_EDGE('',*,*,#4195,.T.);
#5728=ORIENTED_EDGE('',*,*,#4199,.F.);
#5729=ORIENTED_EDGE('',*,*,#4200,.F.);
#5730=ORIENTED_EDGE('',*,*,#4201,.T.);
#5731=ORIENTED_EDGE('',*,*,#4191,.T.);
#5732=ORIENTED_EDGE('',*,*,#4201,.F.);
#5733=ORIENTED_EDGE('',*,*,#4202,.F.);
#5734=ORIENTED_EDGE('',*,*,#4203,.F.);
#5735=ORIENTED_EDGE('',*,*,#4204,.F.);
#5736=ORIENTED_EDGE('',*,*,#4205,.F.);
#5737=ORIENTED_EDGE('',*,*,#4202,.T.);
#5738=ORIENTED_EDGE('',*,*,#4206,.F.);
#5739=ORIENTED_EDGE('',*,*,#4207,.F.);
#5740=ORIENTED_EDGE('',*,*,#4208,.F.);
#5741=ORIENTED_EDGE('',*,*,#4209,.F.);
#5742=ORIENTED_EDGE('',*,*,#4210,.T.);
#5743=ORIENTED_EDGE('',*,*,#4211,.F.);
#5744=ORIENTED_EDGE('',*,*,#4212,.T.);
#5745=ORIENTED_EDGE('',*,*,#4209,.T.);
#5746=ORIENTED_EDGE('',*,*,#4212,.F.);
#5747=ORIENTED_EDGE('',*,*,#4210,.F.);
#5748=ORIENTED_EDGE('',*,*,#4213,.T.);
#5749=ORIENTED_EDGE('',*,*,#4214,.F.);
#5750=ORIENTED_EDGE('',*,*,#4213,.F.);
#5751=ORIENTED_EDGE('',*,*,#4215,.F.);
#5752=ORIENTED_EDGE('',*,*,#4216,.T.);
#5753=ORIENTED_EDGE('',*,*,#4217,.F.);
#5754=ORIENTED_EDGE('',*,*,#4218,.T.);
#5755=ORIENTED_EDGE('',*,*,#4215,.T.);
#5756=ORIENTED_EDGE('',*,*,#4218,.F.);
#5757=ORIENTED_EDGE('',*,*,#4216,.F.);
#5758=ORIENTED_EDGE('',*,*,#4219,.T.);
#5759=ORIENTED_EDGE('',*,*,#4220,.F.);
#5760=ORIENTED_EDGE('',*,*,#4219,.F.);
#5761=ORIENTED_EDGE('',*,*,#4221,.F.);
#5762=ORIENTED_EDGE('',*,*,#4222,.T.);
#5763=ORIENTED_EDGE('',*,*,#4223,.F.);
#5764=ORIENTED_EDGE('',*,*,#4224,.T.);
#5765=ORIENTED_EDGE('',*,*,#4221,.T.);
#5766=ORIENTED_EDGE('',*,*,#4224,.F.);
#5767=ORIENTED_EDGE('',*,*,#4222,.F.);
#5768=ORIENTED_EDGE('',*,*,#4225,.T.);
#5769=ORIENTED_EDGE('',*,*,#4226,.F.);
#5770=ORIENTED_EDGE('',*,*,#4225,.F.);
#5771=ORIENTED_EDGE('',*,*,#4227,.F.);
#5772=ORIENTED_EDGE('',*,*,#4228,.T.);
#5773=ORIENTED_EDGE('',*,*,#4229,.T.);
#5774=ORIENTED_EDGE('',*,*,#4228,.F.);
#5775=ORIENTED_EDGE('',*,*,#4229,.F.);
#5776=ORIENTED_EDGE('',*,*,#4230,.F.);
#5777=ORIENTED_EDGE('',*,*,#4231,.T.);
#5778=ORIENTED_EDGE('',*,*,#4232,.T.);
#5779=ORIENTED_EDGE('',*,*,#4231,.F.);
#5780=ORIENTED_EDGE('',*,*,#4232,.F.);
#5781=ORIENTED_EDGE('',*,*,#4233,.F.);
#5782=ORIENTED_EDGE('',*,*,#4234,.T.);
#5783=ORIENTED_EDGE('',*,*,#4235,.T.);
#5784=ORIENTED_EDGE('',*,*,#4234,.F.);
#5785=ORIENTED_EDGE('',*,*,#4235,.F.);
#5786=ORIENTED_EDGE('',*,*,#4236,.F.);
#5787=ORIENTED_EDGE('',*,*,#4237,.T.);
#5788=ORIENTED_EDGE('',*,*,#4238,.F.);
#5789=ORIENTED_EDGE('',*,*,#4237,.F.);
#5790=ORIENTED_EDGE('',*,*,#4238,.T.);
#5791=ORIENTED_EDGE('',*,*,#4233,.T.);
#5792=ORIENTED_EDGE('',*,*,#4239,.F.);
#5793=ORIENTED_EDGE('',*,*,#4240,.T.);
#5794=ORIENTED_EDGE('',*,*,#4241,.F.);
#5795=ORIENTED_EDGE('',*,*,#4240,.F.);
#5796=ORIENTED_EDGE('',*,*,#4241,.T.);
#5797=ORIENTED_EDGE('',*,*,#4230,.T.);
#5798=ORIENTED_EDGE('',*,*,#4242,.F.);
#5799=ORIENTED_EDGE('',*,*,#4243,.F.);
#5800=ORIENTED_EDGE('',*,*,#4244,.F.);
#5801=ORIENTED_EDGE('',*,*,#4245,.F.);
#5802=ORIENTED_EDGE('',*,*,#4246,.T.);
#5803=ORIENTED_EDGE('',*,*,#4247,.F.);
#5804=ORIENTED_EDGE('',*,*,#4248,.T.);
#5805=ORIENTED_EDGE('',*,*,#4249,.F.);
#5806=ORIENTED_EDGE('',*,*,#4250,.T.);
#5807=ORIENTED_EDGE('',*,*,#4251,.F.);
#5808=ORIENTED_EDGE('',*,*,#4252,.T.);
#5809=ORIENTED_EDGE('',*,*,#4253,.F.);
#5810=ORIENTED_EDGE('',*,*,#4254,.T.);
#5811=ORIENTED_EDGE('',*,*,#4242,.T.);
#5812=ORIENTED_EDGE('',*,*,#4255,.T.);
#5813=ORIENTED_EDGE('',*,*,#4256,.T.);
#5814=ORIENTED_EDGE('',*,*,#4256,.F.);
#5815=ORIENTED_EDGE('',*,*,#4257,.F.);
#5816=ORIENTED_EDGE('',*,*,#4258,.F.);
#5817=ORIENTED_EDGE('',*,*,#4259,.F.);
#5818=ORIENTED_EDGE('',*,*,#4255,.F.);
#5819=ORIENTED_EDGE('',*,*,#4245,.T.);
#5820=ORIENTED_EDGE('',*,*,#4260,.F.);
#5821=ORIENTED_EDGE('',*,*,#4257,.T.);
#5822=ORIENTED_EDGE('',*,*,#4254,.F.);
#5823=ORIENTED_EDGE('',*,*,#4259,.T.);
#5824=ORIENTED_EDGE('',*,*,#4261,.F.);
#5825=ORIENTED_EDGE('',*,*,#4243,.T.);
#5826=ORIENTED_EDGE('',*,*,#4262,.T.);
#5827=ORIENTED_EDGE('',*,*,#4263,.F.);
#5828=ORIENTED_EDGE('',*,*,#4264,.F.);
#5829=ORIENTED_EDGE('',*,*,#4265,.T.);
#5830=ORIENTED_EDGE('',*,*,#4266,.F.);
#5831=ORIENTED_EDGE('',*,*,#4267,.T.);
#5832=ORIENTED_EDGE('',*,*,#4268,.F.);
#5833=ORIENTED_EDGE('',*,*,#4269,.T.);
#5834=ORIENTED_EDGE('',*,*,#4270,.F.);
#5835=ORIENTED_EDGE('',*,*,#4269,.F.);
#5836=ORIENTED_EDGE('',*,*,#4271,.F.);
#5837=ORIENTED_EDGE('',*,*,#4263,.T.);
#5838=ORIENTED_EDGE('',*,*,#4262,.F.);
#5839=ORIENTED_EDGE('',*,*,#4272,.F.);
#5840=ORIENTED_EDGE('',*,*,#4266,.T.);
#5841=ORIENTED_EDGE('',*,*,#4270,.T.);
#5842=ORIENTED_EDGE('',*,*,#4273,.T.);
#5843=ORIENTED_EDGE('',*,*,#4274,.T.);
#5844=ORIENTED_EDGE('',*,*,#4203,.T.);
#5845=ORIENTED_EDGE('',*,*,#4208,.T.);
#5846=ORIENTED_EDGE('',*,*,#4204,.T.);
#5847=ORIENTED_EDGE('',*,*,#4274,.F.);
#5848=ORIENTED_EDGE('',*,*,#4275,.T.);
#5849=ORIENTED_EDGE('',*,*,#4276,.F.);
#5850=ORIENTED_EDGE('',*,*,#4273,.F.);
#5851=ORIENTED_EDGE('',*,*,#4207,.T.);
#5852=ORIENTED_EDGE('',*,*,#4277,.F.);
#5853=ORIENTED_EDGE('',*,*,#4275,.F.);
#5854=ORIENTED_EDGE('',*,*,#4205,.T.);
#5855=ORIENTED_EDGE('',*,*,#4276,.T.);
#5856=ORIENTED_EDGE('',*,*,#4277,.T.);
#5857=ORIENTED_EDGE('',*,*,#4206,.T.);
#5858=ORIENTED_EDGE('',*,*,#4200,.T.);
#5859=ORIENTED_EDGE('',*,*,#4220,.T.);
#5860=ORIENTED_EDGE('',*,*,#4236,.T.);
#5861=ORIENTED_EDGE('',*,*,#4278,.T.);
#5862=ORIENTED_EDGE('',*,*,#4279,.F.);
#5863=ORIENTED_EDGE('',*,*,#4280,.T.);
#5864=ORIENTED_EDGE('',*,*,#4281,.F.);
#5865=ORIENTED_EDGE('',*,*,#4282,.T.);
#5866=ORIENTED_EDGE('',*,*,#4283,.F.);
#5867=ORIENTED_EDGE('',*,*,#4284,.T.);
#5868=ORIENTED_EDGE('',*,*,#4285,.F.);
#5869=ORIENTED_EDGE('',*,*,#4286,.T.);
#5870=ORIENTED_EDGE('',*,*,#4239,.T.);
#5871=ORIENTED_EDGE('',*,*,#4226,.T.);
#5872=ORIENTED_EDGE('',*,*,#4214,.T.);
#5873=ORIENTED_EDGE('',*,*,#4198,.T.);
#5874=ORIENTED_EDGE('',*,*,#4246,.F.);
#5875=ORIENTED_EDGE('',*,*,#4287,.T.);
#5876=ORIENTED_EDGE('',*,*,#4279,.T.);
#5877=ORIENTED_EDGE('',*,*,#4288,.T.);
#5878=ORIENTED_EDGE('',*,*,#4287,.F.);
#5879=ORIENTED_EDGE('',*,*,#4253,.T.);
#5880=ORIENTED_EDGE('',*,*,#4289,.F.);
#5881=ORIENTED_EDGE('',*,*,#4280,.F.);
#5882=ORIENTED_EDGE('',*,*,#4252,.F.);
#5883=ORIENTED_EDGE('',*,*,#4290,.T.);
#5884=ORIENTED_EDGE('',*,*,#4281,.T.);
#5885=ORIENTED_EDGE('',*,*,#4289,.T.);
#5886=ORIENTED_EDGE('',*,*,#4288,.F.);
#5887=ORIENTED_EDGE('',*,*,#4278,.F.);
#5888=ORIENTED_EDGE('',*,*,#4291,.F.);
#5889=ORIENTED_EDGE('',*,*,#4247,.T.);
#5890=ORIENTED_EDGE('',*,*,#4290,.F.);
#5891=ORIENTED_EDGE('',*,*,#4251,.T.);
#5892=ORIENTED_EDGE('',*,*,#4292,.F.);
#5893=ORIENTED_EDGE('',*,*,#4282,.F.);
#5894=ORIENTED_EDGE('',*,*,#4250,.F.);
#5895=ORIENTED_EDGE('',*,*,#4293,.T.);
#5896=ORIENTED_EDGE('',*,*,#4283,.T.);
#5897=ORIENTED_EDGE('',*,*,#4292,.T.);
#5898=ORIENTED_EDGE('',*,*,#4293,.F.);
#5899=ORIENTED_EDGE('',*,*,#4249,.T.);
#5900=ORIENTED_EDGE('',*,*,#4294,.F.);
#5901=ORIENTED_EDGE('',*,*,#4284,.F.);
#5902=ORIENTED_EDGE('',*,*,#4248,.F.);
#5903=ORIENTED_EDGE('',*,*,#4291,.T.);
#5904=ORIENTED_EDGE('',*,*,#4285,.T.);
#5905=ORIENTED_EDGE('',*,*,#4294,.T.);
#5906=ORIENTED_EDGE('',*,*,#4272,.T.);
#5907=ORIENTED_EDGE('',*,*,#4265,.F.);
#5908=ORIENTED_EDGE('',*,*,#4295,.F.);
#5909=ORIENTED_EDGE('',*,*,#4267,.F.);
#5910=ORIENTED_EDGE('',*,*,#4295,.T.);
#5911=ORIENTED_EDGE('',*,*,#4264,.T.);
#5912=ORIENTED_EDGE('',*,*,#4271,.T.);
#5913=ORIENTED_EDGE('',*,*,#4268,.T.);
#5914=ORIENTED_EDGE('',*,*,#4192,.T.);
#5915=ORIENTED_EDGE('',*,*,#4196,.T.);
#5916=ORIENTED_EDGE('',*,*,#4211,.T.);
#5917=ORIENTED_EDGE('',*,*,#4217,.T.);
#5918=ORIENTED_EDGE('',*,*,#4223,.T.);
#5919=ORIENTED_EDGE('',*,*,#4261,.T.);
#5920=ORIENTED_EDGE('',*,*,#4258,.T.);
#5921=ORIENTED_EDGE('',*,*,#4260,.T.);
#5922=ORIENTED_EDGE('',*,*,#4244,.T.);
#5923=ORIENTED_EDGE('',*,*,#4286,.F.);
#5924=ORIENTED_EDGE('',*,*,#4296,.T.);
#5925=ORIENTED_EDGE('',*,*,#4297,.T.);
#5926=ORIENTED_EDGE('',*,*,#4296,.F.);
#5927=ORIENTED_EDGE('',*,*,#4297,.F.);
#5928=ORIENTED_EDGE('',*,*,#4227,.T.);
#5929=ORIENTED_EDGE('',*,*,#4298,.F.);
#5930=ORIENTED_EDGE('',*,*,#4299,.T.);
#5931=ORIENTED_EDGE('',*,*,#4300,.T.);
#5932=ORIENTED_EDGE('',*,*,#4301,.T.);
#5933=ORIENTED_EDGE('',*,*,#4302,.F.);
#5934=ORIENTED_EDGE('',*,*,#4301,.F.);
#5935=ORIENTED_EDGE('',*,*,#4303,.F.);
#5936=ORIENTED_EDGE('',*,*,#4304,.F.);
#5937=ORIENTED_EDGE('',*,*,#4305,.F.);
#5938=ORIENTED_EDGE('',*,*,#4304,.T.);
#5939=ORIENTED_EDGE('',*,*,#4306,.F.);
#5940=ORIENTED_EDGE('',*,*,#4307,.F.);
#5941=ORIENTED_EDGE('',*,*,#4308,.F.);
#5942=ORIENTED_EDGE('',*,*,#4307,.T.);
#5943=ORIENTED_EDGE('',*,*,#4309,.T.);
#5944=ORIENTED_EDGE('',*,*,#4310,.T.);
#5945=ORIENTED_EDGE('',*,*,#4311,.F.);
#5946=ORIENTED_EDGE('',*,*,#4310,.F.);
#5947=ORIENTED_EDGE('',*,*,#4312,.F.);
#5948=ORIENTED_EDGE('',*,*,#4313,.F.);
#5949=ORIENTED_EDGE('',*,*,#4314,.F.);
#5950=ORIENTED_EDGE('',*,*,#4313,.T.);
#5951=ORIENTED_EDGE('',*,*,#4315,.F.);
#5952=ORIENTED_EDGE('',*,*,#4316,.F.);
#5953=ORIENTED_EDGE('',*,*,#4317,.F.);
#5954=ORIENTED_EDGE('',*,*,#4316,.T.);
#5955=ORIENTED_EDGE('',*,*,#4318,.T.);
#5956=ORIENTED_EDGE('',*,*,#4319,.T.);
#5957=ORIENTED_EDGE('',*,*,#4320,.F.);
#5958=ORIENTED_EDGE('',*,*,#4319,.F.);
#5959=ORIENTED_EDGE('',*,*,#4321,.F.);
#5960=ORIENTED_EDGE('',*,*,#4322,.F.);
#5961=ORIENTED_EDGE('',*,*,#4323,.F.);
#5962=ORIENTED_EDGE('',*,*,#4322,.T.);
#5963=ORIENTED_EDGE('',*,*,#4324,.F.);
#5964=ORIENTED_EDGE('',*,*,#4325,.F.);
#5965=ORIENTED_EDGE('',*,*,#4326,.F.);
#5966=ORIENTED_EDGE('',*,*,#4325,.T.);
#5967=ORIENTED_EDGE('',*,*,#4327,.T.);
#5968=ORIENTED_EDGE('',*,*,#4328,.T.);
#5969=ORIENTED_EDGE('',*,*,#4329,.F.);
#5970=ORIENTED_EDGE('',*,*,#4328,.F.);
#5971=ORIENTED_EDGE('',*,*,#4330,.F.);
#5972=ORIENTED_EDGE('',*,*,#4331,.F.);
#5973=ORIENTED_EDGE('',*,*,#4332,.F.);
#5974=ORIENTED_EDGE('',*,*,#4331,.T.);
#5975=ORIENTED_EDGE('',*,*,#4333,.F.);
#5976=ORIENTED_EDGE('',*,*,#4334,.F.);
#5977=ORIENTED_EDGE('',*,*,#4335,.F.);
#5978=ORIENTED_EDGE('',*,*,#4334,.T.);
#5979=ORIENTED_EDGE('',*,*,#4336,.T.);
#5980=ORIENTED_EDGE('',*,*,#4337,.F.);
#5981=ORIENTED_EDGE('',*,*,#4338,.F.);
#5982=ORIENTED_EDGE('',*,*,#4337,.T.);
#5983=ORIENTED_EDGE('',*,*,#4339,.T.);
#5984=ORIENTED_EDGE('',*,*,#4340,.F.);
#5985=ORIENTED_EDGE('',*,*,#4341,.T.);
#5986=ORIENTED_EDGE('',*,*,#4342,.T.);
#5987=ORIENTED_EDGE('',*,*,#4343,.F.);
#5988=ORIENTED_EDGE('',*,*,#4344,.T.);
#5989=ORIENTED_EDGE('',*,*,#4345,.T.);
#5990=ORIENTED_EDGE('',*,*,#4346,.T.);
#5991=ORIENTED_EDGE('',*,*,#4347,.F.);
#5992=ORIENTED_EDGE('',*,*,#4346,.F.);
#5993=ORIENTED_EDGE('',*,*,#4348,.F.);
#5994=ORIENTED_EDGE('',*,*,#4349,.F.);
#5995=ORIENTED_EDGE('',*,*,#4350,.F.);
#5996=ORIENTED_EDGE('',*,*,#4349,.T.);
#5997=ORIENTED_EDGE('',*,*,#4351,.F.);
#5998=ORIENTED_EDGE('',*,*,#4352,.F.);
#5999=ORIENTED_EDGE('',*,*,#4353,.F.);
#6000=ORIENTED_EDGE('',*,*,#4352,.T.);
#6001=ORIENTED_EDGE('',*,*,#4354,.T.);
#6002=ORIENTED_EDGE('',*,*,#4355,.T.);
#6003=ORIENTED_EDGE('',*,*,#4356,.F.);
#6004=ORIENTED_EDGE('',*,*,#4355,.F.);
#6005=ORIENTED_EDGE('',*,*,#4357,.F.);
#6006=ORIENTED_EDGE('',*,*,#4358,.F.);
#6007=ORIENTED_EDGE('',*,*,#4359,.F.);
#6008=ORIENTED_EDGE('',*,*,#4358,.T.);
#6009=ORIENTED_EDGE('',*,*,#4360,.F.);
#6010=ORIENTED_EDGE('',*,*,#4361,.F.);
#6011=ORIENTED_EDGE('',*,*,#4362,.F.);
#6012=ORIENTED_EDGE('',*,*,#4361,.T.);
#6013=ORIENTED_EDGE('',*,*,#4363,.T.);
#6014=ORIENTED_EDGE('',*,*,#4364,.T.);
#6015=ORIENTED_EDGE('',*,*,#4365,.F.);
#6016=ORIENTED_EDGE('',*,*,#4364,.F.);
#6017=ORIENTED_EDGE('',*,*,#4366,.F.);
#6018=ORIENTED_EDGE('',*,*,#4367,.F.);
#6019=ORIENTED_EDGE('',*,*,#4368,.F.);
#6020=ORIENTED_EDGE('',*,*,#4367,.T.);
#6021=ORIENTED_EDGE('',*,*,#4369,.F.);
#6022=ORIENTED_EDGE('',*,*,#4370,.F.);
#6023=ORIENTED_EDGE('',*,*,#4371,.F.);
#6024=ORIENTED_EDGE('',*,*,#4370,.T.);
#6025=ORIENTED_EDGE('',*,*,#4372,.T.);
#6026=ORIENTED_EDGE('',*,*,#4373,.T.);
#6027=ORIENTED_EDGE('',*,*,#4374,.F.);
#6028=ORIENTED_EDGE('',*,*,#4373,.F.);
#6029=ORIENTED_EDGE('',*,*,#4375,.F.);
#6030=ORIENTED_EDGE('',*,*,#4376,.F.);
#6031=ORIENTED_EDGE('',*,*,#4377,.F.);
#6032=ORIENTED_EDGE('',*,*,#4376,.T.);
#6033=ORIENTED_EDGE('',*,*,#4378,.F.);
#6034=ORIENTED_EDGE('',*,*,#4379,.F.);
#6035=ORIENTED_EDGE('',*,*,#4380,.F.);
#6036=ORIENTED_EDGE('',*,*,#4379,.T.);
#6037=ORIENTED_EDGE('',*,*,#4381,.T.);
#6038=ORIENTED_EDGE('',*,*,#4382,.T.);
#6039=ORIENTED_EDGE('',*,*,#4383,.F.);
#6040=ORIENTED_EDGE('',*,*,#4382,.F.);
#6041=ORIENTED_EDGE('',*,*,#4384,.F.);
#6042=ORIENTED_EDGE('',*,*,#4385,.T.);
#6043=ORIENTED_EDGE('',*,*,#4386,.F.);
#6044=ORIENTED_EDGE('',*,*,#4387,.F.);
#6045=ORIENTED_EDGE('',*,*,#4388,.T.);
#6046=ORIENTED_EDGE('',*,*,#4340,.T.);
#6047=ORIENTED_EDGE('',*,*,#4389,.T.);
#6048=ORIENTED_EDGE('',*,*,#4385,.F.);
#6049=ORIENTED_EDGE('',*,*,#4390,.F.);
#6050=ORIENTED_EDGE('',*,*,#4391,.T.);
#6051=ORIENTED_EDGE('',*,*,#4392,.T.);
#6052=ORIENTED_EDGE('',*,*,#4393,.T.);
#6053=ORIENTED_EDGE('',*,*,#4394,.F.);
#6054=ORIENTED_EDGE('',*,*,#4395,.T.);
#6055=ORIENTED_EDGE('',*,*,#4396,.T.);
#6056=ORIENTED_EDGE('',*,*,#4397,.T.);
#6057=ORIENTED_EDGE('',*,*,#4398,.F.);
#6058=ORIENTED_EDGE('',*,*,#4399,.T.);
#6059=ORIENTED_EDGE('',*,*,#4400,.T.);
#6060=ORIENTED_EDGE('',*,*,#4401,.T.);
#6061=ORIENTED_EDGE('',*,*,#4402,.F.);
#6062=ORIENTED_EDGE('',*,*,#4403,.T.);
#6063=ORIENTED_EDGE('',*,*,#4404,.T.);
#6064=ORIENTED_EDGE('',*,*,#4405,.T.);
#6065=ORIENTED_EDGE('',*,*,#4406,.F.);
#6066=ORIENTED_EDGE('',*,*,#4407,.T.);
#6067=ORIENTED_EDGE('',*,*,#4408,.T.);
#6068=ORIENTED_EDGE('',*,*,#4409,.T.);
#6069=ORIENTED_EDGE('',*,*,#4410,.F.);
#6070=ORIENTED_EDGE('',*,*,#4411,.T.);
#6071=ORIENTED_EDGE('',*,*,#4412,.T.);
#6072=ORIENTED_EDGE('',*,*,#4413,.T.);
#6073=ORIENTED_EDGE('',*,*,#4414,.F.);
#6074=ORIENTED_EDGE('',*,*,#4415,.T.);
#6075=ORIENTED_EDGE('',*,*,#4416,.T.);
#6076=ORIENTED_EDGE('',*,*,#4417,.T.);
#6077=ORIENTED_EDGE('',*,*,#4418,.F.);
#6078=ORIENTED_EDGE('',*,*,#4419,.T.);
#6079=ORIENTED_EDGE('',*,*,#4420,.T.);
#6080=ORIENTED_EDGE('',*,*,#4421,.T.);
#6081=ORIENTED_EDGE('',*,*,#4422,.F.);
#6082=ORIENTED_EDGE('',*,*,#4342,.F.);
#6083=ORIENTED_EDGE('',*,*,#4423,.T.);
#6084=ORIENTED_EDGE('',*,*,#4424,.T.);
#6085=ORIENTED_EDGE('',*,*,#4425,.F.);
#6086=ORIENTED_EDGE('',*,*,#4387,.T.);
#6087=ORIENTED_EDGE('',*,*,#4426,.T.);
#6088=ORIENTED_EDGE('',*,*,#4427,.T.);
#6089=ORIENTED_EDGE('',*,*,#4428,.F.);
#6090=ORIENTED_EDGE('',*,*,#4429,.T.);
#6091=ORIENTED_EDGE('',*,*,#4430,.F.);
#6092=ORIENTED_EDGE('',*,*,#4344,.F.);
#6093=ORIENTED_EDGE('',*,*,#4431,.F.);
#6094=ORIENTED_EDGE('',*,*,#4421,.F.);
#6095=ORIENTED_EDGE('',*,*,#4432,.F.);
#6096=ORIENTED_EDGE('',*,*,#4429,.F.);
#6097=ORIENTED_EDGE('',*,*,#4433,.F.);
#6098=ORIENTED_EDGE('',*,*,#4434,.T.);
#6099=ORIENTED_EDGE('',*,*,#4435,.F.);
#6100=ORIENTED_EDGE('',*,*,#4419,.F.);
#6101=ORIENTED_EDGE('',*,*,#4436,.F.);
#6102=ORIENTED_EDGE('',*,*,#4409,.F.);
#6103=ORIENTED_EDGE('',*,*,#4437,.F.);
#6104=ORIENTED_EDGE('',*,*,#4434,.F.);
#6105=ORIENTED_EDGE('',*,*,#4438,.F.);
#6106=ORIENTED_EDGE('',*,*,#4439,.T.);
#6107=ORIENTED_EDGE('',*,*,#4440,.F.);
#6108=ORIENTED_EDGE('',*,*,#4415,.F.);
#6109=ORIENTED_EDGE('',*,*,#4441,.F.);
#6110=ORIENTED_EDGE('',*,*,#4427,.F.);
#6111=ORIENTED_EDGE('',*,*,#4442,.F.);
#6112=ORIENTED_EDGE('',*,*,#4439,.F.);
#6113=ORIENTED_EDGE('',*,*,#4443,.F.);
#6114=ORIENTED_EDGE('',*,*,#4444,.T.);
#6115=ORIENTED_EDGE('',*,*,#4445,.F.);
#6116=ORIENTED_EDGE('',*,*,#4411,.F.);
#6117=ORIENTED_EDGE('',*,*,#4446,.F.);
#6118=ORIENTED_EDGE('',*,*,#4417,.F.);
#6119=ORIENTED_EDGE('',*,*,#4447,.F.);
#6120=ORIENTED_EDGE('',*,*,#4444,.F.);
#6121=ORIENTED_EDGE('',*,*,#4448,.F.);
#6122=ORIENTED_EDGE('',*,*,#4449,.T.);
#6123=ORIENTED_EDGE('',*,*,#4450,.F.);
#6124=ORIENTED_EDGE('',*,*,#4407,.F.);
#6125=ORIENTED_EDGE('',*,*,#4451,.F.);
#6126=ORIENTED_EDGE('',*,*,#4413,.F.);
#6127=ORIENTED_EDGE('',*,*,#4452,.F.);
#6128=ORIENTED_EDGE('',*,*,#4449,.F.);
#6129=ORIENTED_EDGE('',*,*,#4453,.F.);
#6130=ORIENTED_EDGE('',*,*,#4454,.T.);
#6131=ORIENTED_EDGE('',*,*,#4455,.F.);
#6132=ORIENTED_EDGE('',*,*,#4403,.F.);
#6133=ORIENTED_EDGE('',*,*,#4456,.F.);
#6134=ORIENTED_EDGE('',*,*,#4424,.F.);
#6135=ORIENTED_EDGE('',*,*,#4457,.F.);
#6136=ORIENTED_EDGE('',*,*,#4454,.F.);
#6137=ORIENTED_EDGE('',*,*,#4458,.F.);
#6138=ORIENTED_EDGE('',*,*,#4459,.T.);
#6139=ORIENTED_EDGE('',*,*,#4460,.F.);
#6140=ORIENTED_EDGE('',*,*,#4399,.F.);
#6141=ORIENTED_EDGE('',*,*,#4461,.F.);
#6142=ORIENTED_EDGE('',*,*,#4405,.F.);
#6143=ORIENTED_EDGE('',*,*,#4462,.F.);
#6144=ORIENTED_EDGE('',*,*,#4459,.F.);
#6145=ORIENTED_EDGE('',*,*,#4463,.F.);
#6146=ORIENTED_EDGE('',*,*,#4464,.T.);
#6147=ORIENTED_EDGE('',*,*,#4465,.F.);
#6148=ORIENTED_EDGE('',*,*,#4395,.F.);
#6149=ORIENTED_EDGE('',*,*,#4466,.F.);
#6150=ORIENTED_EDGE('',*,*,#4401,.F.);
#6151=ORIENTED_EDGE('',*,*,#4467,.F.);
#6152=ORIENTED_EDGE('',*,*,#4464,.F.);
#6153=ORIENTED_EDGE('',*,*,#4468,.F.);
#6154=ORIENTED_EDGE('',*,*,#4469,.T.);
#6155=ORIENTED_EDGE('',*,*,#4470,.F.);
#6156=ORIENTED_EDGE('',*,*,#4391,.F.);
#6157=ORIENTED_EDGE('',*,*,#4471,.F.);
#6158=ORIENTED_EDGE('',*,*,#4397,.F.);
#6159=ORIENTED_EDGE('',*,*,#4472,.F.);
#6160=ORIENTED_EDGE('',*,*,#4469,.F.);
#6161=ORIENTED_EDGE('',*,*,#4473,.F.);
#6162=ORIENTED_EDGE('',*,*,#4474,.T.);
#6163=ORIENTED_EDGE('',*,*,#4475,.F.);
#6164=ORIENTED_EDGE('',*,*,#4299,.F.);
#6165=ORIENTED_EDGE('',*,*,#4476,.F.);
#6166=ORIENTED_EDGE('',*,*,#4393,.F.);
#6167=ORIENTED_EDGE('',*,*,#4477,.F.);
#6168=ORIENTED_EDGE('',*,*,#4474,.F.);
#6169=ORIENTED_EDGE('',*,*,#4426,.F.);
#6170=ORIENTED_EDGE('',*,*,#4386,.T.);
#6171=ORIENTED_EDGE('',*,*,#4389,.F.);
#6172=ORIENTED_EDGE('',*,*,#4384,.T.);
#6173=ORIENTED_EDGE('',*,*,#4381,.F.);
#6174=ORIENTED_EDGE('',*,*,#4378,.T.);
#6175=ORIENTED_EDGE('',*,*,#4375,.T.);
#6176=ORIENTED_EDGE('',*,*,#4372,.F.);
#6177=ORIENTED_EDGE('',*,*,#4369,.T.);
#6178=ORIENTED_EDGE('',*,*,#4366,.T.);
#6179=ORIENTED_EDGE('',*,*,#4363,.F.);
#6180=ORIENTED_EDGE('',*,*,#4360,.T.);
#6181=ORIENTED_EDGE('',*,*,#4357,.T.);
#6182=ORIENTED_EDGE('',*,*,#4354,.F.);
#6183=ORIENTED_EDGE('',*,*,#4351,.T.);
#6184=ORIENTED_EDGE('',*,*,#4348,.T.);
#6185=ORIENTED_EDGE('',*,*,#4345,.F.);
#6186=ORIENTED_EDGE('',*,*,#4430,.T.);
#6187=ORIENTED_EDGE('',*,*,#4432,.T.);
#6188=ORIENTED_EDGE('',*,*,#4420,.F.);
#6189=ORIENTED_EDGE('',*,*,#4435,.T.);
#6190=ORIENTED_EDGE('',*,*,#4437,.T.);
#6191=ORIENTED_EDGE('',*,*,#4408,.F.);
#6192=ORIENTED_EDGE('',*,*,#4450,.T.);
#6193=ORIENTED_EDGE('',*,*,#4452,.T.);
#6194=ORIENTED_EDGE('',*,*,#4412,.F.);
#6195=ORIENTED_EDGE('',*,*,#4445,.T.);
#6196=ORIENTED_EDGE('',*,*,#4447,.T.);
#6197=ORIENTED_EDGE('',*,*,#4416,.F.);
#6198=ORIENTED_EDGE('',*,*,#4440,.T.);
#6199=ORIENTED_EDGE('',*,*,#4442,.T.);
#6200=ORIENTED_EDGE('',*,*,#4341,.F.);
#6201=ORIENTED_EDGE('',*,*,#4388,.F.);
#6202=ORIENTED_EDGE('',*,*,#4339,.F.);
#6203=ORIENTED_EDGE('',*,*,#4336,.F.);
#6204=ORIENTED_EDGE('',*,*,#4333,.T.);
#6205=ORIENTED_EDGE('',*,*,#4330,.T.);
#6206=ORIENTED_EDGE('',*,*,#4327,.F.);
#6207=ORIENTED_EDGE('',*,*,#4324,.T.);
#6208=ORIENTED_EDGE('',*,*,#4321,.T.);
#6209=ORIENTED_EDGE('',*,*,#4318,.F.);
#6210=ORIENTED_EDGE('',*,*,#4315,.T.);
#6211=ORIENTED_EDGE('',*,*,#4312,.T.);
#6212=ORIENTED_EDGE('',*,*,#4309,.F.);
#6213=ORIENTED_EDGE('',*,*,#4306,.T.);
#6214=ORIENTED_EDGE('',*,*,#4303,.T.);
#6215=ORIENTED_EDGE('',*,*,#4300,.F.);
#6216=ORIENTED_EDGE('',*,*,#4475,.T.);
#6217=ORIENTED_EDGE('',*,*,#4477,.T.);
#6218=ORIENTED_EDGE('',*,*,#4392,.F.);
#6219=ORIENTED_EDGE('',*,*,#4470,.T.);
#6220=ORIENTED_EDGE('',*,*,#4472,.T.);
#6221=ORIENTED_EDGE('',*,*,#4396,.F.);
#6222=ORIENTED_EDGE('',*,*,#4465,.T.);
#6223=ORIENTED_EDGE('',*,*,#4467,.T.);
#6224=ORIENTED_EDGE('',*,*,#4400,.F.);
#6225=ORIENTED_EDGE('',*,*,#4460,.T.);
#6226=ORIENTED_EDGE('',*,*,#4462,.T.);
#6227=ORIENTED_EDGE('',*,*,#4404,.F.);
#6228=ORIENTED_EDGE('',*,*,#4455,.T.);
#6229=ORIENTED_EDGE('',*,*,#4457,.T.);
#6230=ORIENTED_EDGE('',*,*,#4423,.F.);
#6231=ORIENTED_EDGE('',*,*,#4478,.F.);
#6232=ORIENTED_EDGE('',*,*,#4479,.T.);
#6233=ORIENTED_EDGE('',*,*,#4480,.T.);
#6234=ORIENTED_EDGE('',*,*,#4480,.F.);
#6235=ORIENTED_EDGE('',*,*,#4481,.T.);
#6236=ORIENTED_EDGE('',*,*,#4478,.T.);
#6237=ORIENTED_EDGE('',*,*,#4481,.F.);
#6238=ORIENTED_EDGE('',*,*,#4482,.F.);
#6239=ORIENTED_EDGE('',*,*,#4422,.T.);
#6240=ORIENTED_EDGE('',*,*,#4456,.T.);
#6241=ORIENTED_EDGE('',*,*,#4453,.T.);
#6242=ORIENTED_EDGE('',*,*,#4402,.T.);
#6243=ORIENTED_EDGE('',*,*,#4461,.T.);
#6244=ORIENTED_EDGE('',*,*,#4458,.T.);
#6245=ORIENTED_EDGE('',*,*,#4398,.T.);
#6246=ORIENTED_EDGE('',*,*,#4466,.T.);
#6247=ORIENTED_EDGE('',*,*,#4463,.T.);
#6248=ORIENTED_EDGE('',*,*,#4394,.T.);
#6249=ORIENTED_EDGE('',*,*,#4471,.T.);
#6250=ORIENTED_EDGE('',*,*,#4468,.T.);
#6251=ORIENTED_EDGE('',*,*,#4390,.T.);
#6252=ORIENTED_EDGE('',*,*,#4476,.T.);
#6253=ORIENTED_EDGE('',*,*,#4473,.T.);
#6254=ORIENTED_EDGE('',*,*,#4298,.T.);
#6255=ORIENTED_EDGE('',*,*,#4302,.T.);
#6256=ORIENTED_EDGE('',*,*,#4305,.T.);
#6257=ORIENTED_EDGE('',*,*,#4308,.T.);
#6258=ORIENTED_EDGE('',*,*,#4311,.T.);
#6259=ORIENTED_EDGE('',*,*,#4314,.T.);
#6260=ORIENTED_EDGE('',*,*,#4317,.T.);
#6261=ORIENTED_EDGE('',*,*,#4320,.T.);
#6262=ORIENTED_EDGE('',*,*,#4323,.T.);
#6263=ORIENTED_EDGE('',*,*,#4326,.T.);
#6264=ORIENTED_EDGE('',*,*,#4329,.T.);
#6265=ORIENTED_EDGE('',*,*,#4332,.T.);
#6266=ORIENTED_EDGE('',*,*,#4335,.T.);
#6267=ORIENTED_EDGE('',*,*,#4338,.T.);
#6268=ORIENTED_EDGE('',*,*,#4425,.T.);
#6269=ORIENTED_EDGE('',*,*,#4441,.T.);
#6270=ORIENTED_EDGE('',*,*,#4438,.T.);
#6271=ORIENTED_EDGE('',*,*,#4414,.T.);
#6272=ORIENTED_EDGE('',*,*,#4446,.T.);
#6273=ORIENTED_EDGE('',*,*,#4443,.T.);
#6274=ORIENTED_EDGE('',*,*,#4410,.T.);
#6275=ORIENTED_EDGE('',*,*,#4451,.T.);
#6276=ORIENTED_EDGE('',*,*,#4448,.T.);
#6277=ORIENTED_EDGE('',*,*,#4406,.T.);
#6278=ORIENTED_EDGE('',*,*,#4436,.T.);
#6279=ORIENTED_EDGE('',*,*,#4433,.T.);
#6280=ORIENTED_EDGE('',*,*,#4418,.T.);
#6281=ORIENTED_EDGE('',*,*,#4431,.T.);
#6282=ORIENTED_EDGE('',*,*,#4428,.T.);
#6283=ORIENTED_EDGE('',*,*,#4343,.T.);
#6284=ORIENTED_EDGE('',*,*,#4347,.T.);
#6285=ORIENTED_EDGE('',*,*,#4350,.T.);
#6286=ORIENTED_EDGE('',*,*,#4353,.T.);
#6287=ORIENTED_EDGE('',*,*,#4356,.T.);
#6288=ORIENTED_EDGE('',*,*,#4359,.T.);
#6289=ORIENTED_EDGE('',*,*,#4362,.T.);
#6290=ORIENTED_EDGE('',*,*,#4365,.T.);
#6291=ORIENTED_EDGE('',*,*,#4368,.T.);
#6292=ORIENTED_EDGE('',*,*,#4371,.T.);
#6293=ORIENTED_EDGE('',*,*,#4374,.T.);
#6294=ORIENTED_EDGE('',*,*,#4377,.T.);
#6295=ORIENTED_EDGE('',*,*,#4380,.T.);
#6296=ORIENTED_EDGE('',*,*,#4383,.T.);
#6297=ORIENTED_EDGE('',*,*,#4479,.F.);
#6298=ORIENTED_EDGE('',*,*,#4483,.T.);
#6299=ORIENTED_EDGE('',*,*,#4482,.T.);
#6300=ORIENTED_EDGE('',*,*,#4483,.F.);
#6301=ORIENTED_EDGE('',*,*,#4484,.F.);
#6302=ORIENTED_EDGE('',*,*,#4485,.F.);
#6303=ORIENTED_EDGE('',*,*,#4486,.F.);
#6304=ORIENTED_EDGE('',*,*,#4487,.F.);
#6305=ORIENTED_EDGE('',*,*,#4488,.F.);
#6306=ORIENTED_EDGE('',*,*,#4487,.T.);
#6307=ORIENTED_EDGE('',*,*,#4489,.F.);
#6308=ORIENTED_EDGE('',*,*,#4490,.F.);
#6309=ORIENTED_EDGE('',*,*,#4491,.T.);
#6310=ORIENTED_EDGE('',*,*,#4492,.F.);
#6311=ORIENTED_EDGE('',*,*,#4493,.F.);
#6312=ORIENTED_EDGE('',*,*,#4494,.F.);
#6313=ORIENTED_EDGE('',*,*,#4495,.F.);
#6314=ORIENTED_EDGE('',*,*,#4496,.F.);
#6315=ORIENTED_EDGE('',*,*,#4497,.T.);
#6316=ORIENTED_EDGE('',*,*,#4485,.T.);
#6317=ORIENTED_EDGE('',*,*,#4498,.F.);
#6318=ORIENTED_EDGE('',*,*,#4489,.T.);
#6319=ORIENTED_EDGE('',*,*,#4486,.T.);
#6320=ORIENTED_EDGE('',*,*,#4497,.F.);
#6321=ORIENTED_EDGE('',*,*,#4499,.F.);
#6322=ORIENTED_EDGE('',*,*,#4491,.F.);
#6323=ORIENTED_EDGE('',*,*,#4500,.F.);
#6324=ORIENTED_EDGE('',*,*,#4495,.T.);
#6325=ORIENTED_EDGE('',*,*,#4493,.T.);
#6326=ORIENTED_EDGE('',*,*,#4484,.T.);
#6327=ORIENTED_EDGE('',*,*,#4488,.T.);
#6328=ORIENTED_EDGE('',*,*,#4501,.T.);
#6329=ORIENTED_EDGE('',*,*,#4502,.T.);
#6330=ORIENTED_EDGE('',*,*,#4503,.T.);
#6331=ORIENTED_EDGE('',*,*,#4504,.T.);
#6332=ORIENTED_EDGE('',*,*,#4505,.T.);
#6333=ORIENTED_EDGE('',*,*,#4506,.T.);
#6334=ORIENTED_EDGE('',*,*,#4507,.T.);
#6335=ORIENTED_EDGE('',*,*,#4508,.T.);
#6336=ORIENTED_EDGE('',*,*,#4509,.T.);
#6337=ORIENTED_EDGE('',*,*,#4510,.T.);
#6338=ORIENTED_EDGE('',*,*,#4511,.T.);
#6339=ORIENTED_EDGE('',*,*,#4512,.T.);
#6340=ORIENTED_EDGE('',*,*,#4513,.T.);
#6341=ORIENTED_EDGE('',*,*,#4514,.T.);
#6342=ORIENTED_EDGE('',*,*,#4515,.T.);
#6343=ORIENTED_EDGE('',*,*,#4516,.T.);
#6344=ORIENTED_EDGE('',*,*,#4517,.T.);
#6345=ORIENTED_EDGE('',*,*,#4518,.T.);
#6346=ORIENTED_EDGE('',*,*,#4519,.T.);
#6347=ORIENTED_EDGE('',*,*,#4520,.T.);
#6348=ORIENTED_EDGE('',*,*,#4521,.T.);
#6349=ORIENTED_EDGE('',*,*,#4522,.T.);
#6350=ORIENTED_EDGE('',*,*,#4523,.T.);
#6351=ORIENTED_EDGE('',*,*,#4524,.T.);
#6352=ORIENTED_EDGE('',*,*,#4525,.T.);
#6353=ORIENTED_EDGE('',*,*,#4526,.T.);
#6354=ORIENTED_EDGE('',*,*,#4527,.F.);
#6355=ORIENTED_EDGE('',*,*,#4528,.F.);
#6356=ORIENTED_EDGE('',*,*,#4502,.F.);
#6357=ORIENTED_EDGE('',*,*,#4529,.T.);
#6358=ORIENTED_EDGE('',*,*,#4530,.F.);
#6359=ORIENTED_EDGE('',*,*,#4531,.T.);
#6360=ORIENTED_EDGE('',*,*,#4532,.T.);
#6361=ORIENTED_EDGE('',*,*,#4533,.T.);
#6362=ORIENTED_EDGE('',*,*,#4534,.T.);
#6363=ORIENTED_EDGE('',*,*,#4535,.T.);
#6364=ORIENTED_EDGE('',*,*,#4516,.F.);
#6365=ORIENTED_EDGE('',*,*,#4536,.F.);
#6366=ORIENTED_EDGE('',*,*,#4537,.F.);
#6367=ORIENTED_EDGE('',*,*,#4538,.F.);
#6368=ORIENTED_EDGE('',*,*,#4539,.F.);
#6369=ORIENTED_EDGE('',*,*,#4540,.T.);
#6370=ORIENTED_EDGE('',*,*,#4541,.T.);
#6371=ORIENTED_EDGE('',*,*,#4542,.T.);
#6372=ORIENTED_EDGE('',*,*,#4543,.T.);
#6373=ORIENTED_EDGE('',*,*,#4544,.T.);
#6374=ORIENTED_EDGE('',*,*,#4545,.T.);
#6375=ORIENTED_EDGE('',*,*,#4546,.T.);
#6376=ORIENTED_EDGE('',*,*,#4547,.T.);
#6377=ORIENTED_EDGE('',*,*,#4548,.T.);
#6378=ORIENTED_EDGE('',*,*,#4549,.T.);
#6379=ORIENTED_EDGE('',*,*,#4550,.T.);
#6380=ORIENTED_EDGE('',*,*,#4551,.T.);
#6381=ORIENTED_EDGE('',*,*,#4552,.T.);
#6382=ORIENTED_EDGE('',*,*,#4553,.T.);
#6383=ORIENTED_EDGE('',*,*,#4554,.T.);
#6384=ORIENTED_EDGE('',*,*,#4555,.T.);
#6385=ORIENTED_EDGE('',*,*,#4556,.T.);
#6386=ORIENTED_EDGE('',*,*,#4557,.T.);
#6387=ORIENTED_EDGE('',*,*,#4558,.T.);
#6388=ORIENTED_EDGE('',*,*,#4559,.T.);
#6389=ORIENTED_EDGE('',*,*,#4560,.F.);
#6390=ORIENTED_EDGE('',*,*,#4561,.F.);
#6391=ORIENTED_EDGE('',*,*,#4509,.F.);
#6392=ORIENTED_EDGE('',*,*,#4562,.F.);
#6393=ORIENTED_EDGE('',*,*,#4563,.T.);
#6394=ORIENTED_EDGE('',*,*,#4564,.T.);
#6395=ORIENTED_EDGE('',*,*,#4565,.T.);
#6396=ORIENTED_EDGE('',*,*,#4566,.T.);
#6397=ORIENTED_EDGE('',*,*,#4567,.T.);
#6398=ORIENTED_EDGE('',*,*,#4560,.T.);
#6399=ORIENTED_EDGE('',*,*,#4568,.T.);
#6400=ORIENTED_EDGE('',*,*,#4569,.T.);
#6401=ORIENTED_EDGE('',*,*,#4570,.T.);
#6402=ORIENTED_EDGE('',*,*,#4571,.T.);
#6403=ORIENTED_EDGE('',*,*,#4572,.T.);
#6404=ORIENTED_EDGE('',*,*,#4573,.T.);
#6405=ORIENTED_EDGE('',*,*,#4527,.T.);
#6406=ORIENTED_EDGE('',*,*,#4574,.T.);
#6407=ORIENTED_EDGE('',*,*,#4537,.T.);
#6408=ORIENTED_EDGE('',*,*,#4575,.T.);
#6409=ORIENTED_EDGE('',*,*,#4576,.T.);
#6410=ORIENTED_EDGE('',*,*,#4577,.T.);
#6411=ORIENTED_EDGE('',*,*,#4578,.T.);
#6412=ORIENTED_EDGE('',*,*,#4579,.T.);
#6413=ORIENTED_EDGE('',*,*,#4580,.F.);
#6414=ORIENTED_EDGE('',*,*,#4581,.T.);
#6415=ORIENTED_EDGE('',*,*,#4582,.T.);
#6416=ORIENTED_EDGE('',*,*,#4581,.F.);
#6417=ORIENTED_EDGE('',*,*,#4582,.F.);
#6418=ORIENTED_EDGE('',*,*,#4583,.F.);
#6419=ORIENTED_EDGE('',*,*,#4584,.T.);
#6420=ORIENTED_EDGE('',*,*,#4585,.T.);
#6421=ORIENTED_EDGE('',*,*,#4584,.F.);
#6422=ORIENTED_EDGE('',*,*,#4586,.F.);
#6423=ORIENTED_EDGE('',*,*,#4587,.T.);
#6424=ORIENTED_EDGE('',*,*,#4588,.T.);
#6425=ORIENTED_EDGE('',*,*,#4587,.F.);
#6426=ORIENTED_EDGE('',*,*,#4588,.F.);
#6427=ORIENTED_EDGE('',*,*,#4585,.F.);
#6428=ORIENTED_EDGE('',*,*,#4536,.T.);
#6429=ORIENTED_EDGE('',*,*,#4515,.F.);
#6430=ORIENTED_EDGE('',*,*,#4589,.F.);
#6431=ORIENTED_EDGE('',*,*,#4575,.F.);
#6432=ORIENTED_EDGE('',*,*,#4590,.F.);
#6433=ORIENTED_EDGE('',*,*,#4513,.F.);
#6434=ORIENTED_EDGE('',*,*,#4591,.F.);
#6435=ORIENTED_EDGE('',*,*,#4577,.F.);
#6436=ORIENTED_EDGE('',*,*,#4592,.F.);
#6437=ORIENTED_EDGE('',*,*,#4571,.F.);
#6438=ORIENTED_EDGE('',*,*,#4593,.F.);
#6439=ORIENTED_EDGE('',*,*,#4505,.F.);
#6440=ORIENTED_EDGE('',*,*,#4590,.T.);
#6441=ORIENTED_EDGE('',*,*,#4576,.F.);
#6442=ORIENTED_EDGE('',*,*,#4589,.T.);
#6443=ORIENTED_EDGE('',*,*,#4514,.F.);
#6444=ORIENTED_EDGE('',*,*,#4592,.T.);
#6445=ORIENTED_EDGE('',*,*,#4504,.F.);
#6446=ORIENTED_EDGE('',*,*,#4594,.T.);
#6447=ORIENTED_EDGE('',*,*,#4572,.F.);
#6448=ORIENTED_EDGE('',*,*,#4595,.T.);
#6449=ORIENTED_EDGE('',*,*,#4596,.T.);
#6450=ORIENTED_EDGE('',*,*,#4597,.T.);
#6451=ORIENTED_EDGE('',*,*,#4598,.T.);
#6452=ORIENTED_EDGE('',*,*,#4599,.T.);
#6453=ORIENTED_EDGE('',*,*,#4539,.T.);
#6454=ORIENTED_EDGE('',*,*,#4600,.T.);
#6455=ORIENTED_EDGE('',*,*,#4530,.T.);
#6456=ORIENTED_EDGE('',*,*,#4601,.T.);
#6457=ORIENTED_EDGE('',*,*,#4602,.F.);
#6458=ORIENTED_EDGE('',*,*,#4603,.F.);
#6459=ORIENTED_EDGE('',*,*,#4604,.F.);
#6460=ORIENTED_EDGE('',*,*,#4580,.T.);
#6461=ORIENTED_EDGE('',*,*,#4605,.T.);
#6462=ORIENTED_EDGE('',*,*,#4606,.T.);
#6463=ORIENTED_EDGE('',*,*,#4556,.F.);
#6464=ORIENTED_EDGE('',*,*,#4607,.F.);
#6465=ORIENTED_EDGE('',*,*,#4583,.T.);
#6466=ORIENTED_EDGE('',*,*,#4608,.F.);
#6467=ORIENTED_EDGE('',*,*,#4609,.T.);
#6468=ORIENTED_EDGE('',*,*,#4558,.F.);
#6469=ORIENTED_EDGE('',*,*,#4610,.F.);
#6470=ORIENTED_EDGE('',*,*,#4611,.F.);
#6471=ORIENTED_EDGE('',*,*,#4612,.T.);
#6472=ORIENTED_EDGE('',*,*,#4613,.T.);
#6473=ORIENTED_EDGE('',*,*,#4614,.T.);
#6474=ORIENTED_EDGE('',*,*,#4615,.F.);
#6475=ORIENTED_EDGE('',*,*,#4616,.T.);
#6476=ORIENTED_EDGE('',*,*,#4554,.F.);
#6477=ORIENTED_EDGE('',*,*,#4617,.F.);
#6478=ORIENTED_EDGE('',*,*,#4538,.T.);
#6479=ORIENTED_EDGE('',*,*,#4574,.F.);
#6480=ORIENTED_EDGE('',*,*,#4526,.F.);
#6481=ORIENTED_EDGE('',*,*,#4600,.F.);
#6482=ORIENTED_EDGE('',*,*,#4618,.F.);
#6483=ORIENTED_EDGE('',*,*,#4619,.T.);
#6484=ORIENTED_EDGE('',*,*,#4615,.T.);
#6485=ORIENTED_EDGE('',*,*,#4620,.T.);
#6486=ORIENTED_EDGE('',*,*,#4605,.F.);
#6487=ORIENTED_EDGE('',*,*,#4621,.T.);
#6488=ORIENTED_EDGE('',*,*,#4608,.T.);
#6489=ORIENTED_EDGE('',*,*,#4622,.T.);
#6490=ORIENTED_EDGE('',*,*,#4494,.T.);
#6491=ORIENTED_EDGE('',*,*,#4517,.F.);
#6492=ORIENTED_EDGE('',*,*,#4535,.F.);
#6493=ORIENTED_EDGE('',*,*,#4599,.F.);
#6494=ORIENTED_EDGE('',*,*,#4529,.F.);
#6495=ORIENTED_EDGE('',*,*,#4501,.F.);
#6496=ORIENTED_EDGE('',*,*,#4492,.T.);
#6497=ORIENTED_EDGE('',*,*,#4499,.T.);
#6498=ORIENTED_EDGE('',*,*,#4623,.T.);
#6499=ORIENTED_EDGE('',*,*,#4611,.T.);
#6500=ORIENTED_EDGE('',*,*,#4624,.T.);
#6501=ORIENTED_EDGE('',*,*,#4601,.F.);
#6502=ORIENTED_EDGE('',*,*,#4625,.F.);
#6503=ORIENTED_EDGE('',*,*,#4564,.F.);
#6504=ORIENTED_EDGE('',*,*,#4626,.T.);
#6505=ORIENTED_EDGE('',*,*,#4596,.F.);
#6506=ORIENTED_EDGE('',*,*,#4627,.F.);
#6507=ORIENTED_EDGE('',*,*,#4565,.F.);
#6508=ORIENTED_EDGE('',*,*,#4625,.T.);
#6509=ORIENTED_EDGE('',*,*,#4595,.F.);
#6510=ORIENTED_EDGE('',*,*,#4628,.T.);
#6511=ORIENTED_EDGE('',*,*,#4566,.F.);
#6512=ORIENTED_EDGE('',*,*,#4627,.T.);
#6513=ORIENTED_EDGE('',*,*,#4598,.F.);
#6514=ORIENTED_EDGE('',*,*,#4496,.T.);
#6515=ORIENTED_EDGE('',*,*,#4500,.T.);
#6516=ORIENTED_EDGE('',*,*,#4490,.T.);
#6517=ORIENTED_EDGE('',*,*,#4498,.T.);
#6518=ORIENTED_EDGE('',*,*,#4618,.T.);
#6519=ORIENTED_EDGE('',*,*,#4629,.T.);
#6520=ORIENTED_EDGE('',*,*,#4552,.F.);
#6521=ORIENTED_EDGE('',*,*,#4630,.F.);
#6522=ORIENTED_EDGE('',*,*,#4586,.T.);
#6523=ORIENTED_EDGE('',*,*,#4629,.F.);
#6524=ORIENTED_EDGE('',*,*,#4620,.F.);
#6525=ORIENTED_EDGE('',*,*,#4617,.T.);
#6526=ORIENTED_EDGE('',*,*,#4553,.F.);
#6527=ORIENTED_EDGE('',*,*,#4630,.T.);
#6528=ORIENTED_EDGE('',*,*,#4555,.F.);
#6529=ORIENTED_EDGE('',*,*,#4616,.F.);
#6530=ORIENTED_EDGE('',*,*,#4619,.F.);
#6531=ORIENTED_EDGE('',*,*,#4607,.T.);
#6532=ORIENTED_EDGE('',*,*,#4559,.F.);
#6533=ORIENTED_EDGE('',*,*,#4609,.F.);
#6534=ORIENTED_EDGE('',*,*,#4621,.F.);
#6535=ORIENTED_EDGE('',*,*,#4606,.F.);
#6536=ORIENTED_EDGE('',*,*,#4622,.F.);
#6537=ORIENTED_EDGE('',*,*,#4610,.T.);
#6538=ORIENTED_EDGE('',*,*,#4557,.F.);
#6539=ORIENTED_EDGE('',*,*,#4603,.T.);
#6540=ORIENTED_EDGE('',*,*,#4631,.T.);
#6541=ORIENTED_EDGE('',*,*,#4613,.F.);
#6542=ORIENTED_EDGE('',*,*,#4632,.F.);
#6543=ORIENTED_EDGE('',*,*,#4528,.T.);
#6544=ORIENTED_EDGE('',*,*,#4573,.F.);
#6545=ORIENTED_EDGE('',*,*,#4594,.F.);
#6546=ORIENTED_EDGE('',*,*,#4503,.F.);
#6547=ORIENTED_EDGE('',*,*,#4591,.T.);
#6548=ORIENTED_EDGE('',*,*,#4512,.F.);
#6549=ORIENTED_EDGE('',*,*,#4633,.F.);
#6550=ORIENTED_EDGE('',*,*,#4578,.F.);
#6551=ORIENTED_EDGE('',*,*,#4593,.T.);
#6552=ORIENTED_EDGE('',*,*,#4570,.F.);
#6553=ORIENTED_EDGE('',*,*,#4634,.F.);
#6554=ORIENTED_EDGE('',*,*,#4506,.F.);
#6555=ORIENTED_EDGE('',*,*,#4602,.T.);
#6556=ORIENTED_EDGE('',*,*,#4624,.F.);
#6557=ORIENTED_EDGE('',*,*,#4614,.F.);
#6558=ORIENTED_EDGE('',*,*,#4631,.F.);
#6559=ORIENTED_EDGE('',*,*,#4604,.T.);
#6560=ORIENTED_EDGE('',*,*,#4632,.T.);
#6561=ORIENTED_EDGE('',*,*,#4612,.F.);
#6562=ORIENTED_EDGE('',*,*,#4623,.F.);
#6563=ORIENTED_EDGE('',*,*,#4635,.T.);
#6564=ORIENTED_EDGE('',*,*,#4519,.F.);
#6565=ORIENTED_EDGE('',*,*,#4636,.F.);
#6566=ORIENTED_EDGE('',*,*,#4551,.F.);
#6567=ORIENTED_EDGE('',*,*,#4637,.T.);
#6568=ORIENTED_EDGE('',*,*,#4520,.F.);
#6569=ORIENTED_EDGE('',*,*,#4635,.F.);
#6570=ORIENTED_EDGE('',*,*,#4550,.F.);
#6571=ORIENTED_EDGE('',*,*,#4638,.T.);
#6572=ORIENTED_EDGE('',*,*,#4523,.F.);
#6573=ORIENTED_EDGE('',*,*,#4639,.F.);
#6574=ORIENTED_EDGE('',*,*,#4547,.F.);
#6575=ORIENTED_EDGE('',*,*,#4640,.T.);
#6576=ORIENTED_EDGE('',*,*,#4524,.F.);
#6577=ORIENTED_EDGE('',*,*,#4638,.F.);
#6578=ORIENTED_EDGE('',*,*,#4546,.F.);
#6579=ORIENTED_EDGE('',*,*,#4641,.T.);
#6580=ORIENTED_EDGE('',*,*,#4521,.F.);
#6581=ORIENTED_EDGE('',*,*,#4637,.F.);
#6582=ORIENTED_EDGE('',*,*,#4549,.F.);
#6583=ORIENTED_EDGE('',*,*,#4636,.T.);
#6584=ORIENTED_EDGE('',*,*,#4518,.F.);
#6585=ORIENTED_EDGE('',*,*,#4641,.F.);
#6586=ORIENTED_EDGE('',*,*,#4548,.F.);
#6587=ORIENTED_EDGE('',*,*,#4642,.T.);
#6588=ORIENTED_EDGE('',*,*,#4525,.F.);
#6589=ORIENTED_EDGE('',*,*,#4640,.F.);
#6590=ORIENTED_EDGE('',*,*,#4545,.F.);
#6591=ORIENTED_EDGE('',*,*,#4639,.T.);
#6592=ORIENTED_EDGE('',*,*,#4522,.F.);
#6593=ORIENTED_EDGE('',*,*,#4642,.F.);
#6594=ORIENTED_EDGE('',*,*,#4544,.F.);
#6595=ORIENTED_EDGE('',*,*,#4626,.F.);
#6596=ORIENTED_EDGE('',*,*,#4563,.F.);
#6597=ORIENTED_EDGE('',*,*,#4628,.F.);
#6598=ORIENTED_EDGE('',*,*,#4597,.F.);
#6599=ORIENTED_EDGE('',*,*,#4567,.F.);
#6600=ORIENTED_EDGE('',*,*,#4643,.F.);
#6601=ORIENTED_EDGE('',*,*,#4510,.F.);
#6602=ORIENTED_EDGE('',*,*,#4561,.T.);
#6603=ORIENTED_EDGE('',*,*,#4568,.F.);
#6604=ORIENTED_EDGE('',*,*,#4562,.T.);
#6605=ORIENTED_EDGE('',*,*,#4508,.F.);
#6606=ORIENTED_EDGE('',*,*,#4644,.F.);
#6607=ORIENTED_EDGE('',*,*,#4644,.T.);
#6608=ORIENTED_EDGE('',*,*,#4507,.F.);
#6609=ORIENTED_EDGE('',*,*,#4634,.T.);
#6610=ORIENTED_EDGE('',*,*,#4569,.F.);
#6611=ORIENTED_EDGE('',*,*,#4643,.T.);
#6612=ORIENTED_EDGE('',*,*,#4579,.F.);
#6613=ORIENTED_EDGE('',*,*,#4633,.T.);
#6614=ORIENTED_EDGE('',*,*,#4511,.F.);
#6615=ORIENTED_EDGE('',*,*,#4645,.F.);
#6616=ORIENTED_EDGE('',*,*,#4646,.T.);
#6617=ORIENTED_EDGE('',*,*,#4647,.T.);
#6618=ORIENTED_EDGE('',*,*,#4646,.F.);
#6619=ORIENTED_EDGE('',*,*,#4647,.F.);
#6620=ORIENTED_EDGE('',*,*,#4648,.T.);
#6621=ORIENTED_EDGE('',*,*,#4649,.T.);
#6622=ORIENTED_EDGE('',*,*,#4650,.T.);
#6623=ORIENTED_EDGE('',*,*,#4651,.T.);
#6624=ORIENTED_EDGE('',*,*,#4652,.T.);
#6625=ORIENTED_EDGE('',*,*,#4540,.F.);
#6626=ORIENTED_EDGE('',*,*,#4653,.F.);
#6627=ORIENTED_EDGE('',*,*,#4651,.F.);
#6628=ORIENTED_EDGE('',*,*,#4654,.T.);
#6629=ORIENTED_EDGE('',*,*,#4541,.F.);
#6630=ORIENTED_EDGE('',*,*,#4652,.F.);
#6631=ORIENTED_EDGE('',*,*,#4650,.F.);
#6632=ORIENTED_EDGE('',*,*,#4645,.T.);
#6633=ORIENTED_EDGE('',*,*,#4655,.T.);
#6634=ORIENTED_EDGE('',*,*,#4542,.F.);
#6635=ORIENTED_EDGE('',*,*,#4654,.F.);
#6636=ORIENTED_EDGE('',*,*,#4649,.F.);
#6637=ORIENTED_EDGE('',*,*,#4653,.T.);
#6638=ORIENTED_EDGE('',*,*,#4543,.F.);
#6639=ORIENTED_EDGE('',*,*,#4655,.F.);
#6640=ORIENTED_EDGE('',*,*,#4648,.F.);
#6641=ORIENTED_EDGE('',*,*,#4656,.F.);
#6642=ORIENTED_EDGE('',*,*,#4657,.T.);
#6643=ORIENTED_EDGE('',*,*,#4658,.T.);
#6644=ORIENTED_EDGE('',*,*,#4657,.F.);
#6645=ORIENTED_EDGE('',*,*,#4658,.F.);
#6646=ORIENTED_EDGE('',*,*,#4659,.T.);
#6647=ORIENTED_EDGE('',*,*,#4660,.T.);
#6648=ORIENTED_EDGE('',*,*,#4661,.T.);
#6649=ORIENTED_EDGE('',*,*,#4662,.T.);
#6650=ORIENTED_EDGE('',*,*,#4663,.T.);
#6651=ORIENTED_EDGE('',*,*,#4660,.F.);
#6652=ORIENTED_EDGE('',*,*,#4664,.F.);
#6653=ORIENTED_EDGE('',*,*,#4531,.F.);
#6654=ORIENTED_EDGE('',*,*,#4665,.T.);
#6655=ORIENTED_EDGE('',*,*,#4661,.F.);
#6656=ORIENTED_EDGE('',*,*,#4663,.F.);
#6657=ORIENTED_EDGE('',*,*,#4534,.F.);
#6658=ORIENTED_EDGE('',*,*,#4656,.T.);
#6659=ORIENTED_EDGE('',*,*,#4666,.T.);
#6660=ORIENTED_EDGE('',*,*,#4662,.F.);
#6661=ORIENTED_EDGE('',*,*,#4665,.F.);
#6662=ORIENTED_EDGE('',*,*,#4533,.F.);
#6663=ORIENTED_EDGE('',*,*,#4664,.T.);
#6664=ORIENTED_EDGE('',*,*,#4659,.F.);
#6665=ORIENTED_EDGE('',*,*,#4666,.F.);
#6666=ORIENTED_EDGE('',*,*,#4532,.F.);
#6667=PLANE('',#7506);
#6668=PLANE('',#7507);
#6669=PLANE('',#7508);
#6670=PLANE('',#7509);
#6671=PLANE('',#7510);
#6672=PLANE('',#7511);
#6673=PLANE('',#7512);
#6674=PLANE('',#7513);
#6675=PLANE('',#7514);
#6676=PLANE('',#7515);
#6677=PLANE('',#7516);
#6678=PLANE('',#7517);
#6679=PLANE('',#7518);
#6680=PLANE('',#7519);
#6681=PLANE('',#7523);
#6682=PLANE('',#7527);
#6683=PLANE('',#7528);
#6684=PLANE('',#7532);
#6685=PLANE('',#7533);
#6686=PLANE('',#7534);
#6687=PLANE('',#7535);
#6688=PLANE('',#7536);
#6689=PLANE('',#7537);
#6690=PLANE('',#7538);
#6691=PLANE('',#7539);
#6692=PLANE('',#7540);
#6693=PLANE('',#7541);
#6694=PLANE('',#7542);
#6695=PLANE('',#7543);
#6696=PLANE('',#7544);
#6697=PLANE('',#7548);
#6698=PLANE('',#7549);
#6699=PLANE('',#7553);
#6700=PLANE('',#7554);
#6701=PLANE('',#7558);
#6702=PLANE('',#7559);
#6703=PLANE('',#7563);
#6704=PLANE('',#7567);
#6705=PLANE('',#7568);
#6706=PLANE('',#7573);
#6707=PLANE('',#7574);
#6708=PLANE('',#7576);
#6709=PLANE('',#7577);
#6710=PLANE('',#7579);
#6711=PLANE('',#7581);
#6712=PLANE('',#7583);
#6713=PLANE('',#7584);
#6714=PLANE('',#7585);
#6715=PLANE('',#7587);
#6716=PLANE('',#7589);
#6717=PLANE('',#7590);
#6718=PLANE('',#7591);
#6719=PLANE('',#7593);
#6720=PLANE('',#7595);
#6721=PLANE('',#7596);
#6722=PLANE('',#7597);
#6723=PLANE('',#7599);
#6724=PLANE('',#7602);
#6725=PLANE('',#7603);
#6726=PLANE('',#7604);
#6727=PLANE('',#7605);
#6728=PLANE('',#7664);
#6729=PLANE('',#7723);
#6730=PLANE('',#7766);
#6731=PLANE('',#7767);
#6732=PLANE('',#7768);
#6733=PLANE('',#7769);
#6734=PLANE('',#7776);
#6735=PLANE('',#7778);
#6736=PLANE('',#7783);
#6737=PLANE('',#7785);
#6738=PLANE('',#7792);
#6739=PLANE('',#7793);
#6740=PLANE('',#7802);
#6741=PLANE('',#7805);
#6742=PLANE('',#7807);
#6743=PLANE('',#7808);
#6744=PLANE('',#7810);
#6745=PLANE('',#7811);
#6746=PLANE('',#7812);
#6747=PLANE('',#7817);
#6748=PLANE('',#7818);
#6749=PLANE('',#7819);
#6750=PLANE('',#7824);
#6751=PLANE('',#7826);
#6752=PLANE('',#7828);
#6753=PLANE('',#7830);
#6754=PLANE('',#7832);
#6755=PLANE('',#7833);
#6756=PLANE('',#7837);
#6757=PLANE('',#7842);
#6758=PLANE('',#7847);
#6759=PLANE('',#7848);
#6760=PLANE('',#7853);
#6761=PLANE('',#7854);
#6762=PLANE('',#7861);
#6763=PLANE('',#7864);
#6764=PLANE('',#7867);
#6765=PLANE('',#7870);
#6766=PLANE('',#7871);
#6767=PLANE('',#7876);
#6768=PLANE('',#7881);
#6769=PLANE('',#7882);
#6770=PLANE('',#7887);
#6771=PLANE('',#7888);
#6772=PLANE('',#7903);
#6773=PLANE('',#7908);
#6774=PLANE('',#7917);
#6775=PLANE('',#7918);
#6776=PLANE('',#7919);
#6777=PLANE('',#7926);
#6778=PLANE('',#7933);
#6779=PLANE('',#7943);
#6780=PLANE('',#7947);
#6781=PLANE('',#7951);
#6782=PLANE('',#7955);
#6783=PLANE('',#7959);
#6784=PLANE('',#7960);
#6785=PLANE('',#7961);
#6786=PLANE('',#7966);
#6787=PLANE('',#7967);
#6788=PLANE('',#7968);
#6789=PLANE('',#7969);
#6790=PLANE('',#7970);
#6791=PLANE('',#7971);
#6792=PLANE('',#7972);
#6793=PLANE('',#7973);
#6794=PLANE('',#7974);
#6795=PLANE('',#7975);
#6796=PLANE('',#7982);
#6797=PLANE('',#7984);
#6798=PLANE('',#7985);
#6799=PLANE('',#7987);
#6800=PLANE('',#7989);
#6801=PLANE('',#7990);
#6802=PLANE('',#7993);
#6803=PLANE('',#7996);
#6804=PLANE('',#7997);
#6805=PLANE('',#8000);
#6806=PLANE('',#8001);
#6807=PLANE('',#8004);
#6808=PLANE('',#8005);
#6809=PLANE('',#8008);
#6810=PLANE('',#8009);
#6811=PLANE('',#8012);
#6812=PLANE('',#8015);
#6813=PLANE('',#8016);
#6814=PLANE('',#8019);
#6815=PLANE('',#8020);
#6816=PLANE('',#8023);
#6817=PLANE('',#8024);
#6818=PLANE('',#8027);
#6819=PLANE('',#8028);
#6820=PLANE('',#8031);
#6821=PLANE('',#8032);
#6822=PLANE('',#8034);
#6823=PLANE('',#8056);
#6824=PLANE('',#8057);
#6825=PLANE('',#8058);
#6826=PLANE('',#8059);
#6827=PLANE('',#8060);
#6828=PLANE('',#8061);
#6829=PLANE('',#8062);
#6830=PLANE('',#8063);
#6831=PLANE('',#8064);
#6832=PLANE('',#8065);
#6833=PLANE('',#8066);
#6834=PLANE('',#8067);
#6835=PLANE('',#8068);
#6836=PLANE('',#8069);
#6837=PLANE('',#8070);
#6838=PLANE('',#8071);
#6839=PLANE('',#8072);
#6840=PLANE('',#8073);
#6841=PLANE('',#8074);
#6842=PLANE('',#8075);
#6843=PLANE('',#8078);
#6844=PLANE('',#8081);
#6845=PLANE('',#8084);
#6846=PLANE('',#8087);
#6847=PLANE('',#8088);
#6848=PLANE('',#8089);
#6849=PLANE('',#8090);
#6850=PLANE('',#8091);
#6851=PLANE('',#8092);
#6852=PLANE('',#8095);
#6853=PLANE('',#8096);
#6854=PLANE('',#8097);
#6855=PLANE('',#8098);
#6856=PLANE('',#8099);
#6857=PLANE('',#8100);
#6858=PLANE('',#8101);
#6859=PLANE('',#8102);
#6860=PLANE('',#8108);
#6861=PLANE('',#8115);
#6862=PLANE('',#8116);
#6863=PLANE('',#8117);
#6864=PLANE('',#8118);
#6865=PLANE('',#8119);
#6866=PLANE('',#8120);
#6867=PLANE('',#8121);
#6868=PLANE('',#8122);
#6869=PLANE('',#8123);
#6870=PLANE('',#8124);
#6871=PLANE('',#8125);
#6872=PLANE('',#8126);
#6873=PLANE('',#8127);
#6874=PLANE('',#8128);
#6875=PLANE('',#8129);
#6876=PLANE('',#8130);
#6877=PLANE('',#8131);
#6878=PLANE('',#8132);
#6879=PLANE('',#8133);
#6880=PLANE('',#8134);
#6881=PLANE('',#8135);
#6882=PLANE('',#8136);
#6883=PLANE('',#8137);
#6884=PLANE('',#8138);
#6885=PLANE('',#8139);
#6886=PLANE('',#8140);
#6887=PLANE('',#8141);
#6888=PLANE('',#8142);
#6889=PLANE('',#8143);
#6890=PLANE('',#8144);
#6891=PLANE('',#8145);
#6892=PLANE('',#8146);
#6893=PLANE('',#8147);
#6894=PLANE('',#8148);
#6895=PLANE('',#8149);
#6896=PLANE('',#8150);
#6897=PLANE('',#8151);
#6898=PLANE('',#8152);
#6899=PLANE('',#8153);
#6900=PLANE('',#8154);
#6901=PLANE('',#8160);
#6902=PLANE('',#8161);
#6903=PLANE('',#8162);
#6904=PLANE('',#8163);
#6905=PLANE('',#8164);
#6906=PLANE('',#8165);
#6907=PLANE('',#8169);
#6908=PLANE('',#8170);
#6909=PLANE('',#8171);
#6910=PLANE('',#8172);
#6911=PLANE('',#8173);
#6912=PLANE('',#8174);
#6913=STYLED_ITEM('',(#12562),#7063);
#6914=STYLED_ITEM('',(#12562),#7064);
#6915=STYLED_ITEM('',(#12562),#7065);
#6916=STYLED_ITEM('',(#12562),#7066);
#6917=STYLED_ITEM('',(#12562),#7067);
#6918=STYLED_ITEM('',(#12562),#7068);
#6919=STYLED_ITEM('',(#12562),#7069);
#6920=STYLED_ITEM('',(#12562),#7070);
#6921=STYLED_ITEM('',(#12562),#7071);
#6922=STYLED_ITEM('',(#12562),#7072);
#6923=STYLED_ITEM('',(#12562),#7073);
#6924=STYLED_ITEM('',(#12562),#7074);
#6925=STYLED_ITEM('',(#12562),#7075);
#6926=STYLED_ITEM('',(#12562),#7076);
#6927=STYLED_ITEM('',(#12563),#7077);
#6928=STYLED_ITEM('',(#12562),#7078);
#6929=STYLED_ITEM('',(#12563),#7079);
#6930=STYLED_ITEM('',(#12562),#7080);
#6931=STYLED_ITEM('',(#12562),#7081);
#6932=STYLED_ITEM('',(#12563),#7082);
#6933=STYLED_ITEM('',(#12562),#7083);
#6934=STYLED_ITEM('',(#12562),#7084);
#6935=STYLED_ITEM('',(#12562),#7085);
#6936=STYLED_ITEM('',(#12562),#7086);
#6937=STYLED_ITEM('',(#12563),#7087);
#6938=STYLED_ITEM('',(#12562),#7088);
#6939=STYLED_ITEM('',(#12562),#7089);
#6940=STYLED_ITEM('',(#12562),#7090);
#6941=STYLED_ITEM('',(#12562),#7091);
#6942=STYLED_ITEM('',(#12562),#7092);
#6943=STYLED_ITEM('',(#12563),#7093);
#6944=STYLED_ITEM('',(#12562),#7094);
#6945=STYLED_ITEM('',(#12563),#7095);
#6946=STYLED_ITEM('',(#12563),#7096);
#6947=STYLED_ITEM('',(#12563),#7097);
#6948=STYLED_ITEM('',(#12562),#7098);
#6949=STYLED_ITEM('',(#12563),#7099);
#6950=STYLED_ITEM('',(#12563),#7100);
#6951=STYLED_ITEM('',(#12563),#7101);
#6952=STYLED_ITEM('',(#12563),#7102);
#6953=STYLED_ITEM('',(#12563),#7103);
#6954=STYLED_ITEM('',(#12563),#7104);
#6955=STYLED_ITEM('',(#12563),#7105);
#6956=STYLED_ITEM('',(#12563),#7106);
#6957=STYLED_ITEM('',(#12562),#7107);
#6958=STYLED_ITEM('',(#12562),#7108);
#6959=STYLED_ITEM('',(#12562),#7109);
#6960=STYLED_ITEM('',(#12563),#7110);
#6961=STYLED_ITEM('',(#12562),#7111);
#6962=STYLED_ITEM('',(#12563),#7112);
#6963=STYLED_ITEM('',(#12563),#7113);
#6964=STYLED_ITEM('',(#12563),#7114);
#6965=STYLED_ITEM('',(#12563),#7115);
#6966=STYLED_ITEM('',(#12563),#7116);
#6967=STYLED_ITEM('',(#12563),#7117);
#6968=STYLED_ITEM('',(#12563),#7118);
#6969=STYLED_ITEM('',(#12563),#7119);
#6970=STYLED_ITEM('',(#12563),#7120);
#6971=STYLED_ITEM('',(#12563),#7121);
#6972=STYLED_ITEM('',(#12563),#7122);
#6973=STYLED_ITEM('',(#12563),#7123);
#6974=STYLED_ITEM('',(#12563),#7124);
#6975=STYLED_ITEM('',(#12563),#7125);
#6976=STYLED_ITEM('',(#12563),#7126);
#6977=STYLED_ITEM('',(#12563),#7127);
#6978=STYLED_ITEM('',(#12563),#7128);
#6979=STYLED_ITEM('',(#12563),#7129);
#6980=STYLED_ITEM('',(#12563),#7130);
#6981=STYLED_ITEM('',(#12564),#7131);
#6982=STYLED_ITEM('',(#12561),#151);
#6983=STYLED_ITEM('',(#12565),#152);
#6984=STYLED_ITEM('',(#12563),#7204);
#6985=STYLED_ITEM('',(#12563),#7205);
#6986=STYLED_ITEM('',(#12563),#7206);
#6987=STYLED_ITEM('',(#12563),#7207);
#6988=STYLED_ITEM('',(#12563),#7208);
#6989=STYLED_ITEM('',(#12563),#7209);
#6990=STYLED_ITEM('',(#12563),#7210);
#6991=STYLED_ITEM('',(#12566),#7211);
#6992=STYLED_ITEM('',(#12563),#7212);
#6993=STYLED_ITEM('',(#12563),#7213);
#6994=STYLED_ITEM('',(#12566),#7214);
#6995=STYLED_ITEM('',(#12566),#7215);
#6996=STYLED_ITEM('',(#12563),#7216);
#6997=STYLED_ITEM('',(#12567),#7217);
#6998=STYLED_ITEM('',(#12567),#7218);
#6999=STYLED_ITEM('',(#12563),#7219);
#7000=STYLED_ITEM('',(#12567),#7220);
#7001=STYLED_ITEM('',(#12563),#7221);
#7002=STYLED_ITEM('',(#12563),#7222);
#7003=STYLED_ITEM('',(#12563),#7223);
#7004=STYLED_ITEM('',(#12563),#7224);
#7005=STYLED_ITEM('',(#12563),#7225);
#7006=STYLED_ITEM('',(#12563),#7226);
#7007=STYLED_ITEM('',(#12563),#7227);
#7008=STYLED_ITEM('',(#12567),#7228);
#7009=STYLED_ITEM('',(#12567),#7229);
#7010=STYLED_ITEM('',(#12561),#153);
#7011=STYLED_ITEM('',(#12563),#7230);
#7012=STYLED_ITEM('',(#12563),#7231);
#7013=STYLED_ITEM('',(#12563),#7232);
#7014=STYLED_ITEM('',(#12563),#7233);
#7015=STYLED_ITEM('',(#12563),#7234);
#7016=STYLED_ITEM('',(#12563),#7235);
#7017=STYLED_ITEM('',(#12563),#7236);
#7018=STYLED_ITEM('',(#12563),#7237);
#7019=STYLED_ITEM('',(#12563),#7238);
#7020=STYLED_ITEM('',(#12563),#7239);
#7021=STYLED_ITEM('',(#12568),#7240);
#7022=STYLED_ITEM('',(#12568),#7241);
#7023=STYLED_ITEM('',(#12568),#7242);
#7024=STYLED_ITEM('',(#12568),#7243);
#7025=STYLED_ITEM('',(#12568),#7244);
#7026=STYLED_ITEM('',(#12568),#7245);
#7027=STYLED_ITEM('',(#12568),#7246);
#7028=STYLED_ITEM('',(#12568),#7247);
#7029=STYLED_ITEM('',(#12563),#7248);
#7030=STYLED_ITEM('',(#12563),#7249);
#7031=STYLED_ITEM('',(#12563),#7250);
#7032=STYLED_ITEM('',(#12563),#7251);
#7033=STYLED_ITEM('',(#12563),#7252);
#7034=STYLED_ITEM('',(#12563),#7253);
#7035=STYLED_ITEM('',(#12563),#7254);
#7036=STYLED_ITEM('',(#12563),#7255);
#7037=STYLED_ITEM('',(#12563),#7256);
#7038=STYLED_ITEM('',(#12563),#7257);
#7039=STYLED_ITEM('',(#12561),#154);
#7040=STYLED_ITEM('',(#12559),#155);
#7041=STYLED_ITEM('',(#12560),#7309);
#7042=STYLED_ITEM('',(#12560),#7312);
#7043=STYLED_ITEM('',(#12560),#7315);
#7044=STYLED_ITEM('',(#12560),#7318);
#7045=STYLED_ITEM('',(#12560),#7321);
#7046=STYLED_ITEM('',(#12560),#7323);
#7047=STYLED_ITEM('',(#12560),#7326);
#7048=STYLED_ITEM('',(#12560),#7329);
#7049=STYLED_ITEM('',(#12560),#7332);
#7050=STYLED_ITEM('',(#12560),#7335);
#7051=STYLED_ITEM('',(#12560),#7339);
#7052=STYLED_ITEM('',(#12560),#7340);
#7053=STYLED_ITEM('',(#12560),#7341);
#7054=STYLED_ITEM('',(#12560),#7342);
#7055=STYLED_ITEM('',(#12560),#7343);
#7056=STYLED_ITEM('',(#12560),#7344);
#7057=STYLED_ITEM('',(#12560),#7345);
#7058=STYLED_ITEM('',(#12560),#7346);
#7059=STYLED_ITEM('',(#12560),#7347);
#7060=STYLED_ITEM('',(#12560),#7348);
#7061=STYLED_ITEM('',(#12559),#156);
#7062=STYLED_ITEM('',(#12559),#157);
#7063=ADVANCED_FACE('',(#718),#6667,.F.);
#7064=ADVANCED_FACE('',(#719),#6668,.T.);
#7065=ADVANCED_FACE('',(#720),#6669,.F.);
#7066=ADVANCED_FACE('',(#721),#6670,.F.);
#7067=ADVANCED_FACE('',(#722),#6671,.F.);
#7068=ADVANCED_FACE('',(#723),#6672,.F.);
#7069=ADVANCED_FACE('',(#724),#6673,.F.);
#7070=ADVANCED_FACE('',(#725),#6674,.F.);
#7071=ADVANCED_FACE('',(#726),#6675,.F.);
#7072=ADVANCED_FACE('',(#727),#6676,.F.);
#7073=ADVANCED_FACE('',(#728),#6677,.F.);
#7074=ADVANCED_FACE('',(#729),#6678,.F.);
#7075=ADVANCED_FACE('',(#730),#6679,.F.);
#7076=ADVANCED_FACE('',(#731),#6680,.F.);
#7077=ADVANCED_FACE('',(#732),#579,.F.);
#7078=ADVANCED_FACE('',(#733),#6681,.F.);
#7079=ADVANCED_FACE('',(#734),#580,.F.);
#7080=ADVANCED_FACE('',(#735),#6682,.F.);
#7081=ADVANCED_FACE('',(#736),#6683,.F.);
#7082=ADVANCED_FACE('',(#737),#581,.F.);
#7083=ADVANCED_FACE('',(#738),#6684,.F.);
#7084=ADVANCED_FACE('',(#739),#6685,.F.);
#7085=ADVANCED_FACE('',(#740),#6686,.F.);
#7086=ADVANCED_FACE('',(#741),#6687,.F.);
#7087=ADVANCED_FACE('',(#742),#6688,.F.);
#7088=ADVANCED_FACE('',(#743),#6689,.F.);
#7089=ADVANCED_FACE('',(#744),#6690,.F.);
#7090=ADVANCED_FACE('',(#745),#6691,.F.);
#7091=ADVANCED_FACE('',(#746),#6692,.F.);
#7092=ADVANCED_FACE('',(#747),#6693,.F.);
#7093=ADVANCED_FACE('',(#748),#6694,.F.);
#7094=ADVANCED_FACE('',(#749),#6695,.F.);
#7095=ADVANCED_FACE('',(#750),#6696,.F.);
#7096=ADVANCED_FACE('',(#751),#6697,.F.);
#7097=ADVANCED_FACE('',(#752),#6698,.T.);
#7098=ADVANCED_FACE('',(#753),#6699,.F.);
#7099=ADVANCED_FACE('',(#754),#6700,.F.);
#7100=ADVANCED_FACE('',(#755),#6701,.F.);
#7101=ADVANCED_FACE('',(#756),#6702,.T.);
#7102=ADVANCED_FACE('',(#757),#6703,.F.);
#7103=ADVANCED_FACE('',(#758),#6704,.F.);
#7104=ADVANCED_FACE('',(#759),#6705,.T.);
#7105=ADVANCED_FACE('',(#760),#582,.T.);
#7106=ADVANCED_FACE('',(#761),#6706,.F.);
#7107=ADVANCED_FACE('',(#762,#158),#6707,.T.);
#7108=ADVANCED_FACE('',(#763),#6708,.F.);
#7109=ADVANCED_FACE('',(#764),#6709,.F.);
#7110=ADVANCED_FACE('',(#765),#583,.T.);
#7111=ADVANCED_FACE('',(#766),#6710,.F.);
#7112=ADVANCED_FACE('',(#767),#584,.T.);
#7113=ADVANCED_FACE('',(#768),#6711,.F.);
#7114=ADVANCED_FACE('',(#769),#585,.F.);
#7115=ADVANCED_FACE('',(#770),#6712,.F.);
#7116=ADVANCED_FACE('',(#771),#6713,.F.);
#7117=ADVANCED_FACE('',(#772),#6714,.F.);
#7118=ADVANCED_FACE('',(#773),#586,.T.);
#7119=ADVANCED_FACE('',(#774),#6715,.F.);
#7120=ADVANCED_FACE('',(#775),#587,.F.);
#7121=ADVANCED_FACE('',(#776),#6716,.F.);
#7122=ADVANCED_FACE('',(#777),#6717,.F.);
#7123=ADVANCED_FACE('',(#778),#6718,.F.);
#7124=ADVANCED_FACE('',(#779),#588,.T.);
#7125=ADVANCED_FACE('',(#780),#6719,.F.);
#7126=ADVANCED_FACE('',(#781),#589,.F.);
#7127=ADVANCED_FACE('',(#782),#6720,.F.);
#7128=ADVANCED_FACE('',(#783),#6721,.F.);
#7129=ADVANCED_FACE('',(#784),#6722,.F.);
#7130=ADVANCED_FACE('',(#785),#590,.T.);
#7131=ADVANCED_FACE('',(#786),#6723,.F.);
#7132=ADVANCED_FACE('',(#787),#6724,.T.);
#7133=ADVANCED_FACE('',(#788),#6725,.T.);
#7134=ADVANCED_FACE('',(#789),#6726,.T.);
#7135=ADVANCED_FACE('',(#790,#159,#160,#161,#162,#163,#164,#165,#166,#167,
#168,#169,#170,#171,#172,#173,#174,#175,#176,#177,#178,#179,#180,#181,#182,
#183,#184,#185,#186,#187,#188,#189,#190,#191,#192,#193,#194,#195,#196,#197,
#198,#199,#200,#201,#202,#203,#204,#205,#206,#207,#208,#209,#210,#211,#212,
#213,#214,#215),#6727,.F.);
#7136=ADVANCED_FACE('',(#791,#216,#217,#218,#219,#220,#221,#222,#223,#224,
#225,#226,#227,#228,#229,#230,#231,#232,#233,#234,#235,#236,#237,#238,#239,
#240,#241,#242,#243,#244,#245,#246,#247,#248,#249,#250,#251,#252,#253,#254,
#255,#256,#257,#258,#259,#260,#261,#262,#263,#264,#265,#266,#267,#268,#269,
#270,#271,#272),#6728,.T.);
#7137=ADVANCED_FACE('',(#792),#6729,.T.);
#7138=ADVANCED_FACE('',(#793),#591,.F.);
#7139=ADVANCED_FACE('',(#794),#592,.F.);
#7140=ADVANCED_FACE('',(#795),#593,.F.);
#7141=ADVANCED_FACE('',(#796),#594,.F.);
#7142=ADVANCED_FACE('',(#797),#595,.F.);
#7143=ADVANCED_FACE('',(#798),#596,.F.);
#7144=ADVANCED_FACE('',(#799),#597,.F.);
#7145=ADVANCED_FACE('',(#800),#598,.F.);
#7146=ADVANCED_FACE('',(#801),#599,.F.);
#7147=ADVANCED_FACE('',(#802),#600,.F.);
#7148=ADVANCED_FACE('',(#803),#601,.F.);
#7149=ADVANCED_FACE('',(#804),#602,.F.);
#7150=ADVANCED_FACE('',(#805),#603,.F.);
#7151=ADVANCED_FACE('',(#806),#604,.F.);
#7152=ADVANCED_FACE('',(#807),#605,.F.);
#7153=ADVANCED_FACE('',(#808),#606,.F.);
#7154=ADVANCED_FACE('',(#809),#607,.F.);
#7155=ADVANCED_FACE('',(#810),#608,.F.);
#7156=ADVANCED_FACE('',(#811),#609,.F.);
#7157=ADVANCED_FACE('',(#812),#610,.F.);
#7158=ADVANCED_FACE('',(#813),#611,.F.);
#7159=ADVANCED_FACE('',(#814),#612,.F.);
#7160=ADVANCED_FACE('',(#815),#613,.F.);
#7161=ADVANCED_FACE('',(#816),#614,.F.);
#7162=ADVANCED_FACE('',(#817),#615,.F.);
#7163=ADVANCED_FACE('',(#818),#616,.F.);
#7164=ADVANCED_FACE('',(#819),#617,.F.);
#7165=ADVANCED_FACE('',(#820),#618,.F.);
#7166=ADVANCED_FACE('',(#821),#619,.F.);
#7167=ADVANCED_FACE('',(#822),#620,.F.);
#7168=ADVANCED_FACE('',(#823),#621,.F.);
#7169=ADVANCED_FACE('',(#824),#622,.F.);
#7170=ADVANCED_FACE('',(#825),#623,.F.);
#7171=ADVANCED_FACE('',(#826),#624,.F.);
#7172=ADVANCED_FACE('',(#827),#625,.F.);
#7173=ADVANCED_FACE('',(#828),#626,.F.);
#7174=ADVANCED_FACE('',(#829),#627,.F.);
#7175=ADVANCED_FACE('',(#830),#628,.F.);
#7176=ADVANCED_FACE('',(#831),#629,.F.);
#7177=ADVANCED_FACE('',(#832),#630,.F.);
#7178=ADVANCED_FACE('',(#833),#631,.F.);
#7179=ADVANCED_FACE('',(#834),#632,.F.);
#7180=ADVANCED_FACE('',(#835),#6730,.T.);
#7181=ADVANCED_FACE('',(#836),#6731,.T.);
#7182=ADVANCED_FACE('',(#837),#6732,.T.);
#7183=ADVANCED_FACE('',(#838),#6733,.T.);
#7184=ADVANCED_FACE('',(#839),#633,.F.);
#7185=ADVANCED_FACE('',(#840),#634,.F.);
#7186=ADVANCED_FACE('',(#841),#635,.F.);
#7187=ADVANCED_FACE('',(#842),#636,.F.);
#7188=ADVANCED_FACE('',(#843),#637,.F.);
#7189=ADVANCED_FACE('',(#844),#638,.F.);
#7190=ADVANCED_FACE('',(#845),#6734,.T.);
#7191=ADVANCED_FACE('',(#846),#639,.F.);
#7192=ADVANCED_FACE('',(#847),#6735,.T.);
#7193=ADVANCED_FACE('',(#848),#640,.F.);
#7194=ADVANCED_FACE('',(#849),#641,.F.);
#7195=ADVANCED_FACE('',(#850),#642,.F.);
#7196=ADVANCED_FACE('',(#851),#643,.F.);
#7197=ADVANCED_FACE('',(#852),#6736,.T.);
#7198=ADVANCED_FACE('',(#853),#644,.F.);
#7199=ADVANCED_FACE('',(#854),#6737,.T.);
#7200=ADVANCED_FACE('',(#855),#645,.F.);
#7201=ADVANCED_FACE('',(#856),#646,.F.);
#7202=ADVANCED_FACE('',(#857),#647,.F.);
#7203=ADVANCED_FACE('',(#858),#648,.F.);
#7204=ADVANCED_FACE('',(#859),#6738,.F.);
#7205=ADVANCED_FACE('',(#860),#6739,.F.);
#7206=ADVANCED_FACE('',(#861),#649,.T.);
#7207=ADVANCED_FACE('',(#862),#650,.T.);
#7208=ADVANCED_FACE('',(#863),#6740,.T.);
#7209=ADVANCED_FACE('',(#864),#6741,.F.);
#7210=ADVANCED_FACE('',(#865),#651,.T.);
#7211=ADVANCED_FACE('',(#866),#6742,.F.);
#7212=ADVANCED_FACE('',(#867),#6743,.T.);
#7213=ADVANCED_FACE('',(#868),#652,.T.);
#7214=ADVANCED_FACE('',(#869),#6744,.T.);
#7215=ADVANCED_FACE('',(#870),#6745,.F.);
#7216=ADVANCED_FACE('',(#871),#6746,.F.);
#7217=ADVANCED_FACE('',(#872),#6747,.F.);
#7218=ADVANCED_FACE('',(#873),#6748,.F.);
#7219=ADVANCED_FACE('',(#874),#6749,.T.);
#7220=ADVANCED_FACE('',(#875),#6750,.T.);
#7221=ADVANCED_FACE('',(#876),#653,.T.);
#7222=ADVANCED_FACE('',(#877),#6751,.F.);
#7223=ADVANCED_FACE('',(#878),#654,.T.);
#7224=ADVANCED_FACE('',(#879),#6752,.T.);
#7225=ADVANCED_FACE('',(#880),#655,.T.);
#7226=ADVANCED_FACE('',(#881),#6753,.T.);
#7227=ADVANCED_FACE('',(#882),#656,.T.);
#7228=ADVANCED_FACE('',(#883),#6754,.T.);
#7229=ADVANCED_FACE('',(#884),#6755,.T.);
#7230=ADVANCED_FACE('',(#885),#6756,.F.);
#7231=ADVANCED_FACE('',(#886),#6757,.F.);
#7232=ADVANCED_FACE('',(#887),#657,.T.);
#7233=ADVANCED_FACE('',(#888),#658,.T.);
#7234=ADVANCED_FACE('',(#889),#6758,.F.);
#7235=ADVANCED_FACE('',(#890),#6759,.T.);
#7236=ADVANCED_FACE('',(#891),#659,.T.);
#7237=ADVANCED_FACE('',(#892),#660,.T.);
#7238=ADVANCED_FACE('',(#893),#6760,.T.);
#7239=ADVANCED_FACE('',(#894,#273),#6761,.T.);
#7240=ADVANCED_FACE('',(#895),#661,.T.);
#7241=ADVANCED_FACE('',(#896),#6762,.F.);
#7242=ADVANCED_FACE('',(#897),#662,.T.);
#7243=ADVANCED_FACE('',(#898),#6763,.T.);
#7244=ADVANCED_FACE('',(#899),#663,.T.);
#7245=ADVANCED_FACE('',(#900),#6764,.T.);
#7246=ADVANCED_FACE('',(#901),#664,.T.);
#7247=ADVANCED_FACE('',(#902),#6765,.F.);
#7248=ADVANCED_FACE('',(#903,#274),#6766,.F.);
#7249=ADVANCED_FACE('',(#904),#6767,.F.);
#7250=ADVANCED_FACE('',(#905),#665,.T.);
#7251=ADVANCED_FACE('',(#906),#666,.T.);
#7252=ADVANCED_FACE('',(#907),#6768,.F.);
#7253=ADVANCED_FACE('',(#908),#6769,.T.);
#7254=ADVANCED_FACE('',(#909),#667,.T.);
#7255=ADVANCED_FACE('',(#910),#668,.T.);
#7256=ADVANCED_FACE('',(#911),#6770,.T.);
#7257=ADVANCED_FACE('',(#912),#6771,.T.);
#7258=ADVANCED_FACE('',(#913,#275),#6772,.F.);
#7259=ADVANCED_FACE('',(#914),#669,.F.);
#7260=ADVANCED_FACE('',(#915,#276),#6773,.F.);
#7261=ADVANCED_FACE('',(#916),#670,.F.);
#7262=ADVANCED_FACE('',(#917),#671,.F.);
#7263=ADVANCED_FACE('',(#918),#672,.F.);
#7264=ADVANCED_FACE('',(#919),#6774,.F.);
#7265=ADVANCED_FACE('',(#920),#6775,.F.);
#7266=ADVANCED_FACE('',(#921,#277),#6776,.F.);
#7267=ADVANCED_FACE('',(#922),#673,.F.);
#7268=ADVANCED_FACE('',(#923),#674,.F.);
#7269=ADVANCED_FACE('',(#924,#278),#6777,.F.);
#7270=ADVANCED_FACE('',(#925),#675,.F.);
#7271=ADVANCED_FACE('',(#926),#676,.F.);
#7272=ADVANCED_FACE('',(#927,#279),#6778,.F.);
#7273=ADVANCED_FACE('',(#928),#677,.F.);
#7274=ADVANCED_FACE('',(#929),#678,.F.);
#7275=ADVANCED_FACE('',(#930),#679,.F.);
#7276=ADVANCED_FACE('',(#931),#6779,.F.);
#7277=ADVANCED_FACE('',(#932),#680,.F.);
#7278=ADVANCED_FACE('',(#933),#6780,.F.);
#7279=ADVANCED_FACE('',(#934),#681,.F.);
#7280=ADVANCED_FACE('',(#935),#6781,.F.);
#7281=ADVANCED_FACE('',(#936),#682,.T.);
#7282=ADVANCED_FACE('',(#937,#280),#6782,.T.);
#7283=ADVANCED_FACE('',(#938),#683,.T.);
#7284=ADVANCED_FACE('',(#939,#281),#6783,.T.);
#7285=ADVANCED_FACE('',(#940),#6784,.F.);
#7286=ADVANCED_FACE('',(#941,#282),#6785,.F.);
#7287=ADVANCED_FACE('',(#942),#6786,.F.);
#7288=ADVANCED_FACE('',(#943),#6787,.F.);
#7289=ADVANCED_FACE('',(#944),#6788,.F.);
#7290=ADVANCED_FACE('',(#945),#6789,.F.);
#7291=ADVANCED_FACE('',(#946),#6790,.F.);
#7292=ADVANCED_FACE('',(#947),#6791,.F.);
#7293=ADVANCED_FACE('',(#948,#283),#6792,.T.);
#7294=ADVANCED_FACE('',(#949),#6793,.F.);
#7295=ADVANCED_FACE('',(#950),#6794,.F.);
#7296=ADVANCED_FACE('',(#951,#284,#285,#286,#287,#288,#289,#290,#291,#292),
#6795,.F.);
#7297=ADVANCED_FACE('',(#952),#684,.F.);
#7298=ADVANCED_FACE('',(#953),#6796,.F.);
#7299=ADVANCED_FACE('',(#954),#685,.F.);
#7300=ADVANCED_FACE('',(#955),#6797,.F.);
#7301=ADVANCED_FACE('',(#956),#6798,.F.);
#7302=ADVANCED_FACE('',(#957),#686,.F.);
#7303=ADVANCED_FACE('',(#958),#6799,.F.);
#7304=ADVANCED_FACE('',(#959),#687,.F.);
#7305=ADVANCED_FACE('',(#960),#6800,.F.);
#7306=ADVANCED_FACE('',(#961,#293,#294,#295,#296,#297,#298),#6801,.T.);
#7307=ADVANCED_FACE('',(#962),#688,.T.);
#7308=ADVANCED_FACE('',(#963,#299),#6802,.F.);
#7309=ADVANCED_FACE('',(#964),#689,.F.);
#7310=ADVANCED_FACE('',(#965),#6803,.T.);
#7311=ADVANCED_FACE('',(#966),#6804,.T.);
#7312=ADVANCED_FACE('',(#967),#690,.F.);
#7313=ADVANCED_FACE('',(#968),#6805,.T.);
#7314=ADVANCED_FACE('',(#969),#6806,.T.);
#7315=ADVANCED_FACE('',(#970),#691,.F.);
#7316=ADVANCED_FACE('',(#971),#6807,.T.);
#7317=ADVANCED_FACE('',(#972),#6808,.T.);
#7318=ADVANCED_FACE('',(#973),#692,.F.);
#7319=ADVANCED_FACE('',(#974),#6809,.T.);
#7320=ADVANCED_FACE('',(#975),#6810,.T.);
#7321=ADVANCED_FACE('',(#976),#693,.F.);
#7322=ADVANCED_FACE('',(#977),#6811,.F.);
#7323=ADVANCED_FACE('',(#978),#694,.F.);
#7324=ADVANCED_FACE('',(#979),#6812,.T.);
#7325=ADVANCED_FACE('',(#980),#6813,.T.);
#7326=ADVANCED_FACE('',(#981),#695,.F.);
#7327=ADVANCED_FACE('',(#982),#6814,.T.);
#7328=ADVANCED_FACE('',(#983),#6815,.T.);
#7329=ADVANCED_FACE('',(#984),#696,.F.);
#7330=ADVANCED_FACE('',(#985),#6816,.T.);
#7331=ADVANCED_FACE('',(#986),#6817,.T.);
#7332=ADVANCED_FACE('',(#987),#697,.F.);
#7333=ADVANCED_FACE('',(#988),#6818,.T.);
#7334=ADVANCED_FACE('',(#989),#6819,.T.);
#7335=ADVANCED_FACE('',(#990),#698,.F.);
#7336=ADVANCED_FACE('',(#991),#6820,.T.);
#7337=ADVANCED_FACE('',(#992),#6821,.F.);
#7338=ADVANCED_FACE('',(#993),#6822,.F.);
#7339=ADVANCED_FACE('',(#994),#699,.F.);
#7340=ADVANCED_FACE('',(#995),#700,.F.);
#7341=ADVANCED_FACE('',(#996),#701,.F.);
#7342=ADVANCED_FACE('',(#997),#702,.F.);
#7343=ADVANCED_FACE('',(#998),#703,.F.);
#7344=ADVANCED_FACE('',(#999),#704,.F.);
#7345=ADVANCED_FACE('',(#1000),#705,.F.);
#7346=ADVANCED_FACE('',(#1001),#706,.F.);
#7347=ADVANCED_FACE('',(#1002),#707,.F.);
#7348=ADVANCED_FACE('',(#1003),#708,.F.);
#7349=ADVANCED_FACE('',(#1004),#6823,.T.);
#7350=ADVANCED_FACE('',(#1005),#6824,.T.);
#7351=ADVANCED_FACE('',(#1006),#6825,.T.);
#7352=ADVANCED_FACE('',(#1007),#6826,.T.);
#7353=ADVANCED_FACE('',(#1008),#6827,.T.);
#7354=ADVANCED_FACE('',(#1009),#6828,.T.);
#7355=ADVANCED_FACE('',(#1010),#6829,.T.);
#7356=ADVANCED_FACE('',(#1011),#6830,.T.);
#7357=ADVANCED_FACE('',(#1012),#6831,.T.);
#7358=ADVANCED_FACE('',(#1013),#6832,.T.);
#7359=ADVANCED_FACE('',(#1014),#6833,.T.);
#7360=ADVANCED_FACE('',(#1015),#6834,.T.);
#7361=ADVANCED_FACE('',(#1016),#6835,.T.);
#7362=ADVANCED_FACE('',(#1017),#6836,.T.);
#7363=ADVANCED_FACE('',(#1018),#6837,.T.);
#7364=ADVANCED_FACE('',(#1019),#6838,.T.);
#7365=ADVANCED_FACE('',(#1020),#6839,.T.);
#7366=ADVANCED_FACE('',(#1021),#6840,.T.);
#7367=ADVANCED_FACE('',(#1022),#6841,.T.);
#7368=ADVANCED_FACE('',(#1023),#6842,.T.);
#7369=ADVANCED_FACE('',(#1024),#11,.F.);
#7370=ADVANCED_FACE('',(#1025),#12,.F.);
#7371=ADVANCED_FACE('',(#1026,#300),#6843,.F.);
#7372=ADVANCED_FACE('',(#1027),#6844,.T.);
#7373=ADVANCED_FACE('',(#1028),#709,.T.);
#7374=ADVANCED_FACE('',(#1029,#301,#302),#6845,.T.);
#7375=ADVANCED_FACE('',(#1030),#710,.T.);
#7376=ADVANCED_FACE('',(#1031),#6846,.F.);
#7377=ADVANCED_FACE('',(#1032),#6847,.F.);
#7378=ADVANCED_FACE('',(#1033),#6848,.F.);
#7379=ADVANCED_FACE('',(#1034),#6849,.F.);
#7380=ADVANCED_FACE('',(#1035),#6850,.F.);
#7381=ADVANCED_FACE('',(#1036,#303,#304),#6851,.F.);
#7382=ADVANCED_FACE('',(#1037,#305),#6852,.T.);
#7383=ADVANCED_FACE('',(#1038,#306),#6853,.T.);
#7384=ADVANCED_FACE('',(#1039),#6854,.T.);
#7385=ADVANCED_FACE('',(#1040),#6855,.T.);
#7386=ADVANCED_FACE('',(#1041),#6856,.T.);
#7387=ADVANCED_FACE('',(#1042),#6857,.T.);
#7388=ADVANCED_FACE('',(#1043),#6858,.F.);
#7389=ADVANCED_FACE('',(#1044,#307),#6859,.T.);
#7390=ADVANCED_FACE('',(#1045),#711,.F.);
#7391=ADVANCED_FACE('',(#1046),#6860,.F.);
#7392=ADVANCED_FACE('',(#1047),#712,.F.);
#7393=ADVANCED_FACE('',(#1048),#713,.F.);
#7394=ADVANCED_FACE('',(#1049),#6861,.F.);
#7395=ADVANCED_FACE('',(#1050),#6862,.F.);
#7396=ADVANCED_FACE('',(#1051),#6863,.F.);
#7397=ADVANCED_FACE('',(#1052),#6864,.F.);
#7398=ADVANCED_FACE('',(#1053),#6865,.F.);
#7399=ADVANCED_FACE('',(#1054),#6866,.F.);
#7400=ADVANCED_FACE('',(#1055),#6867,.F.);
#7401=ADVANCED_FACE('',(#1056,#308),#6868,.T.);
#7402=ADVANCED_FACE('',(#1057,#309),#6869,.F.);
#7403=ADVANCED_FACE('',(#1058,#310),#6870,.F.);
#7404=ADVANCED_FACE('',(#1059),#6871,.T.);
#7405=ADVANCED_FACE('',(#1060),#6872,.T.);
#7406=ADVANCED_FACE('',(#1061),#6873,.T.);
#7407=ADVANCED_FACE('',(#1062,#311,#312),#6874,.T.);
#7408=ADVANCED_FACE('',(#1063,#313),#6875,.T.);
#7409=ADVANCED_FACE('',(#1064),#6876,.F.);
#7410=ADVANCED_FACE('',(#1065),#6877,.F.);
#7411=ADVANCED_FACE('',(#1066,#314),#6878,.F.);
#7412=ADVANCED_FACE('',(#1067,#315),#6879,.F.);
#7413=ADVANCED_FACE('',(#1068),#6880,.T.);
#7414=ADVANCED_FACE('',(#1069),#6881,.T.);
#7415=ADVANCED_FACE('',(#1070),#6882,.T.);
#7416=ADVANCED_FACE('',(#1071),#6883,.T.);
#7417=ADVANCED_FACE('',(#1072),#6884,.T.);
#7418=ADVANCED_FACE('',(#1073),#6885,.F.);
#7419=ADVANCED_FACE('',(#1074),#6886,.F.);
#7420=ADVANCED_FACE('',(#1075),#6887,.F.);
#7421=ADVANCED_FACE('',(#1076),#6888,.T.);
#7422=ADVANCED_FACE('',(#1077),#6889,.T.);
#7423=ADVANCED_FACE('',(#1078),#6890,.T.);
#7424=ADVANCED_FACE('',(#1079),#6891,.T.);
#7425=ADVANCED_FACE('',(#1080),#6892,.T.);
#7426=ADVANCED_FACE('',(#1081),#6893,.T.);
#7427=ADVANCED_FACE('',(#1082),#6894,.T.);
#7428=ADVANCED_FACE('',(#1083),#6895,.T.);
#7429=ADVANCED_FACE('',(#1084),#6896,.T.);
#7430=ADVANCED_FACE('',(#1085),#6897,.T.);
#7431=ADVANCED_FACE('',(#1086),#6898,.F.);
#7432=ADVANCED_FACE('',(#1087),#6899,.F.);
#7433=ADVANCED_FACE('',(#1088),#6900,.F.);
#7434=ADVANCED_FACE('',(#1089),#714,.F.);
#7435=ADVANCED_FACE('',(#1090),#715,.F.);
#7436=ADVANCED_FACE('',(#1091),#716,.F.);
#7437=ADVANCED_FACE('',(#1092),#6901,.F.);
#7438=ADVANCED_FACE('',(#1093),#6902,.T.);
#7439=ADVANCED_FACE('',(#1094),#6903,.F.);
#7440=ADVANCED_FACE('',(#1095,#316),#6904,.F.);
#7441=ADVANCED_FACE('',(#1096),#6905,.F.);
#7442=ADVANCED_FACE('',(#1097),#6906,.F.);
#7443=ADVANCED_FACE('',(#1098),#717,.F.);
#7444=ADVANCED_FACE('',(#1099),#6907,.F.);
#7445=ADVANCED_FACE('',(#1100),#6908,.F.);
#7446=ADVANCED_FACE('',(#1101),#6909,.F.);
#7447=ADVANCED_FACE('',(#1102,#317),#6910,.F.);
#7448=ADVANCED_FACE('',(#1103),#6911,.F.);
#7449=ADVANCED_FACE('',(#1104),#6912,.F.);
#7450=CLOSED_SHELL('',(#7063,#7064,#7065,#7066,#7067,#7068,#7069,#7070,
#7071,#7072,#7073,#7074,#7075,#7076,#7077,#7078,#7079,#7080,#7081,#7082,
#7083,#7084,#7085,#7086,#7087,#7088,#7089,#7090,#7091,#7092,#7093,#7094,
#7095,#7096,#7097,#7098,#7099,#7100,#7101,#7102,#7103,#7104,#7105,#7106,
#7107,#7108,#7109,#7110,#7111,#7112,#7113,#7114,#7115,#7116,#7117,#7118,
#7119,#7120,#7121,#7122,#7123,#7124,#7125,#7126,#7127,#7128,#7129,#7130,
#7131));
#7451=CLOSED_SHELL('',(#7132,#7133,#7134,#7135,#7136,#7137,#7138,#7139,
#7140,#7141,#7142,#7143,#7144,#7145,#7146,#7147,#7148,#7149,#7150,#7151,
#7152,#7153,#7154,#7155,#7156,#7157,#7158,#7159,#7160,#7161,#7162,#7163,
#7164,#7165,#7166,#7167,#7168,#7169,#7170,#7171,#7172,#7173,#7174,#7175,
#7176,#7177,#7178,#7179,#7180,#7181,#7182,#7183,#7184,#7185,#7186,#7187,
#7188,#7189,#7190,#7191,#7192,#7193,#7194,#7195,#7196,#7197,#7198,#7199,
#7200,#7201,#7202,#7203));
#7452=CLOSED_SHELL('',(#7204,#7205,#7206,#7207,#7208,#7209,#7210,#7211,
#7212,#7213,#7214,#7215,#7216,#7217,#7218,#7219,#7220,#7221,#7222,#7223,
#7224,#7225,#7226,#7227,#7228,#7229));
#7453=CLOSED_SHELL('',(#7230,#7231,#7232,#7233,#7234,#7235,#7236,#7237,
#7238,#7239,#7240,#7241,#7242,#7243,#7244,#7245,#7246,#7247,#7248,#7249,
#7250,#7251,#7252,#7253,#7254,#7255,#7256,#7257));
#7454=CLOSED_SHELL('',(#7258,#7259,#7260,#7261,#7262,#7263,#7264,#7265,
#7266,#7267,#7268,#7269,#7270,#7271,#7272,#7273,#7274,#7275,#7276,#7277,
#7278,#7279,#7280,#7281,#7282,#7283,#7284,#7285,#7286,#7287,#7288,#7289,
#7290,#7291,#7292,#7293,#7294,#7295,#7296,#7297,#7298,#7299,#7300,#7301,
#7302,#7303,#7304,#7305,#7306,#7307,#7308));
#7455=CLOSED_SHELL('',(#7309,#7310,#7311,#7312,#7313,#7314,#7315,#7316,
#7317,#7318,#7319,#7320,#7321,#7322,#7323,#7324,#7325,#7326,#7327,#7328,
#7329,#7330,#7331,#7332,#7333,#7334,#7335,#7336,#7337,#7338,#7339,#7340,
#7341,#7342,#7343,#7344,#7345,#7346,#7347,#7348,#7349,#7350,#7351,#7352,
#7353,#7354,#7355,#7356,#7357,#7358,#7359,#7360,#7361,#7362,#7363,#7364,
#7365,#7366,#7367,#7368,#7369,#7370,#7371,#7372,#7373,#7374,#7375));
#7456=CLOSED_SHELL('',(#7376,#7377,#7378,#7379,#7380,#7381,#7382,#7383,
#7384,#7385,#7386,#7387,#7388,#7389,#7390,#7391,#7392,#7393,#7394,#7395,
#7396,#7397,#7398,#7399,#7400,#7401,#7402,#7403,#7404,#7405,#7406,#7407,
#7408,#7409,#7410,#7411,#7412,#7413,#7414,#7415,#7416,#7417,#7418,#7419,
#7420,#7421,#7422,#7423,#7424,#7425,#7426,#7427,#7428,#7429,#7430,#7431,
#7432,#7433,#7434,#7435,#7436,#7437,#7438,#7439,#7440,#7441,#7442,#7443,
#7444,#7445,#7446,#7447,#7448,#7449));
#7457=DERIVED_UNIT_ELEMENT(#7465,1.);
#7458=DERIVED_UNIT_ELEMENT(#12472,-3.);
#7459=DERIVED_UNIT_ELEMENT(#7465,1.);
#7460=DERIVED_UNIT_ELEMENT(#12472,-3.);
#7461=DERIVED_UNIT_ELEMENT(#7465,1.);
#7462=DERIVED_UNIT_ELEMENT(#12472,-3.);
#7463=DERIVED_UNIT_ELEMENT(#7465,1.);
#7464=DERIVED_UNIT_ELEMENT(#12472,-3.);
#7465=(
MASS_UNIT()
NAMED_UNIT(*)
SI_UNIT(.KILO.,.GRAM.)
);
#7466=DERIVED_UNIT((#7457,#7458));
#7467=DERIVED_UNIT((#7459,#7460));
#7468=DERIVED_UNIT((#7461,#7462));
#7469=DERIVED_UNIT((#7463,#7464));
#7470=MEASURE_REPRESENTATION_ITEM('density measure',
POSITIVE_RATIO_MEASURE(7850.),#7466);
#7471=MEASURE_REPRESENTATION_ITEM('density measure',
POSITIVE_RATIO_MEASURE(7850.),#7467);
#7472=MEASURE_REPRESENTATION_ITEM('density measure',
POSITIVE_RATIO_MEASURE(7850.),#7468);
#7473=MEASURE_REPRESENTATION_ITEM('density measure',
POSITIVE_RATIO_MEASURE(7850.),#7469);
#7474=PROPERTY_DEFINITION_REPRESENTATION(#7494,#7482);
#7475=PROPERTY_DEFINITION_REPRESENTATION(#7495,#7483);
#7476=PROPERTY_DEFINITION_REPRESENTATION(#7496,#7484);
#7477=PROPERTY_DEFINITION_REPRESENTATION(#7497,#7485);
#7478=PROPERTY_DEFINITION_REPRESENTATION(#7498,#7486);
#7479=PROPERTY_DEFINITION_REPRESENTATION(#7499,#7487);
#7480=PROPERTY_DEFINITION_REPRESENTATION(#7500,#7488);
#7481=PROPERTY_DEFINITION_REPRESENTATION(#7501,#7489);
#7482=REPRESENTATION('material name',(#7490),#12464);
#7483=REPRESENTATION('density',(#7470),#12464);
#7484=REPRESENTATION('material name',(#7491),#12465);
#7485=REPRESENTATION('density',(#7471),#12465);
#7486=REPRESENTATION('material name',(#7492),#12467);
#7487=REPRESENTATION('density',(#7472),#12467);
#7488=REPRESENTATION('material name',(#7493),#12469);
#7489=REPRESENTATION('density',(#7473),#12469);
#7490=DESCRIPTIVE_REPRESENTATION_ITEM('Steel','Steel');
#7491=DESCRIPTIVE_REPRESENTATION_ITEM('Steel','Steel');
#7492=DESCRIPTIVE_REPRESENTATION_ITEM('Steel','Steel');
#7493=DESCRIPTIVE_REPRESENTATION_ITEM('Steel','Steel');
#7494=PROPERTY_DEFINITION('material property','material name',#12523);
#7495=PROPERTY_DEFINITION('material property','density of part',#12523);
#7496=PROPERTY_DEFINITION('material property','material name',#12524);
#7497=PROPERTY_DEFINITION('material property','density of part',#12524);
#7498=PROPERTY_DEFINITION('material property','material name',#12526);
#7499=PROPERTY_DEFINITION('material property','density of part',#12526);
#7500=PROPERTY_DEFINITION('material property','material name',#12528);
#7501=PROPERTY_DEFINITION('material property','density of part',#12528);
#7502=AXIS2_PLACEMENT_3D('',#10203,#8176,#8177);
#7503=AXIS2_PLACEMENT_3D('',#10204,#8178,#8179);
#7504=AXIS2_PLACEMENT_3D('',#10205,#8180,#8181);
#7505=AXIS2_PLACEMENT_3D('',#10206,#8182,#8183);
#7506=AXIS2_PLACEMENT_3D('',#10207,#8184,#8185);
#7507=AXIS2_PLACEMENT_3D('',#10216,#8190,#8191);
#7508=AXIS2_PLACEMENT_3D('',#10230,#8199,#8200);
#7509=AXIS2_PLACEMENT_3D('',#10234,#8203,#8204);
#7510=AXIS2_PLACEMENT_3D('',#10240,#8208,#8209);
#7511=AXIS2_PLACEMENT_3D('',#10244,#8212,#8213);
#7512=AXIS2_PLACEMENT_3D('',#10256,#8220,#8221);
#7513=AXIS2_PLACEMENT_3D('',#10264,#8226,#8227);
#7514=AXIS2_PLACEMENT_3D('',#10268,#8230,#8231);
#7515=AXIS2_PLACEMENT_3D('',#10272,#8234,#8235);
#7516=AXIS2_PLACEMENT_3D('',#10274,#8237,#8238);
#7517=AXIS2_PLACEMENT_3D('',#10278,#8241,#8242);
#7518=AXIS2_PLACEMENT_3D('',#10298,#8253,#8254);
#7519=AXIS2_PLACEMENT_3D('',#10300,#8256,#8257);
#7520=AXIS2_PLACEMENT_3D('',#10306,#8261,#8262);
#7521=AXIS2_PLACEMENT_3D('',#10308,#8263,#8264);
#7522=AXIS2_PLACEMENT_3D('',#10311,#8266,#8267);
#7523=AXIS2_PLACEMENT_3D('',#10312,#8268,#8269);
#7524=AXIS2_PLACEMENT_3D('',#10318,#8273,#8274);
#7525=AXIS2_PLACEMENT_3D('',#10320,#8275,#8276);
#7526=AXIS2_PLACEMENT_3D('',#10323,#8278,#8279);
#7527=AXIS2_PLACEMENT_3D('',#10324,#8280,#8281);
#7528=AXIS2_PLACEMENT_3D('',#10326,#8283,#8284);
#7529=AXIS2_PLACEMENT_3D('',#10328,#8286,#8287);
#7530=AXIS2_PLACEMENT_3D('',#10330,#8288,#8289);
#7531=AXIS2_PLACEMENT_3D('',#10333,#8291,#8292);
#7532=AXIS2_PLACEMENT_3D('',#10334,#8293,#8294);
#7533=AXIS2_PLACEMENT_3D('',#10340,#8298,#8299);
#7534=AXIS2_PLACEMENT_3D('',#10344,#8302,#8303);
#7535=AXIS2_PLACEMENT_3D('',#10348,#8306,#8307);
#7536=AXIS2_PLACEMENT_3D('',#10350,#8309,#8310);
#7537=AXIS2_PLACEMENT_3D('',#10355,#8314,#8315);
#7538=AXIS2_PLACEMENT_3D('',#10367,#8322,#8323);
#7539=AXIS2_PLACEMENT_3D('',#10371,#8326,#8327);
#7540=AXIS2_PLACEMENT_3D('',#10375,#8330,#8331);
#7541=AXIS2_PLACEMENT_3D('',#10379,#8334,#8335);
#7542=AXIS2_PLACEMENT_3D('',#10387,#8340,#8341);
#7543=AXIS2_PLACEMENT_3D('',#10390,#8344,#8345);
#7544=AXIS2_PLACEMENT_3D('',#10397,#8350,#8351);
#7545=AXIS2_PLACEMENT_3D('',#10399,#8352,#8353);
#7546=AXIS2_PLACEMENT_3D('',#10403,#8355,#8356);
#7547=AXIS2_PLACEMENT_3D('',#10411,#8360,#8361);
#7548=AXIS2_PLACEMENT_3D('',#10413,#8363,#8364);
#7549=AXIS2_PLACEMENT_3D('',#10417,#8367,#8368);
#7550=AXIS2_PLACEMENT_3D('',#10419,#8369,#8370);
#7551=AXIS2_PLACEMENT_3D('',#10427,#8374,#8375);
#7552=AXIS2_PLACEMENT_3D('',#10430,#8377,#8378);
#7553=AXIS2_PLACEMENT_3D('',#10431,#8379,#8380);
#7554=AXIS2_PLACEMENT_3D('',#10433,#8382,#8383);
#7555=AXIS2_PLACEMENT_3D('',#10435,#8384,#8385);
#7556=AXIS2_PLACEMENT_3D('',#10439,#8387,#8388);
#7557=AXIS2_PLACEMENT_3D('',#10447,#8392,#8393);
#7558=AXIS2_PLACEMENT_3D('',#10449,#8395,#8396);
#7559=AXIS2_PLACEMENT_3D('',#10453,#8399,#8400);
#7560=AXIS2_PLACEMENT_3D('',#10455,#8401,#8402);
#7561=AXIS2_PLACEMENT_3D('',#10463,#8406,#8407);
#7562=AXIS2_PLACEMENT_3D('',#10466,#8409,#8410);
#7563=AXIS2_PLACEMENT_3D('',#10467,#8411,#8412);
#7564=AXIS2_PLACEMENT_3D('',#10469,#8413,#8414);
#7565=AXIS2_PLACEMENT_3D('',#10473,#8416,#8417);
#7566=AXIS2_PLACEMENT_3D('',#10481,#8421,#8422);
#7567=AXIS2_PLACEMENT_3D('',#10483,#8424,#8425);
#7568=AXIS2_PLACEMENT_3D('',#10487,#8428,#8429);
#7569=AXIS2_PLACEMENT_3D('',#10489,#8430,#8431);
#7570=AXIS2_PLACEMENT_3D('',#10497,#8435,#8436);
#7571=AXIS2_PLACEMENT_3D('',#10500,#8438,#8439);
#7572=AXIS2_PLACEMENT_3D('',#10501,#8440,#8441);
#7573=AXIS2_PLACEMENT_3D('',#10503,#8443,#8444);
#7574=AXIS2_PLACEMENT_3D('',#10505,#8446,#8447);
#7575=AXIS2_PLACEMENT_3D('',#10512,#8451,#8452);
#7576=AXIS2_PLACEMENT_3D('',#10513,#8453,#8454);
#7577=AXIS2_PLACEMENT_3D('',#10515,#8456,#8457);
#7578=AXIS2_PLACEMENT_3D('',#10517,#8459,#8460);
#7579=AXIS2_PLACEMENT_3D('',#10519,#8462,#8463);
#7580=AXIS2_PLACEMENT_3D('',#10520,#8464,#8465);
#7581=AXIS2_PLACEMENT_3D('',#10522,#8467,#8468);
#7582=AXIS2_PLACEMENT_3D('',#10524,#8470,#8471);
#7583=AXIS2_PLACEMENT_3D('',#10526,#8473,#8474);
#7584=AXIS2_PLACEMENT_3D('',#10528,#8476,#8477);
#7585=AXIS2_PLACEMENT_3D('',#10530,#8479,#8480);
#7586=AXIS2_PLACEMENT_3D('',#10532,#8482,#8483);
#7587=AXIS2_PLACEMENT_3D('',#10533,#8484,#8485);
#7588=AXIS2_PLACEMENT_3D('',#10535,#8487,#8488);
#7589=AXIS2_PLACEMENT_3D('',#10537,#8490,#8491);
#7590=AXIS2_PLACEMENT_3D('',#10539,#8493,#8494);
#7591=AXIS2_PLACEMENT_3D('',#10541,#8496,#8497);
#7592=AXIS2_PLACEMENT_3D('',#10543,#8499,#8500);
#7593=AXIS2_PLACEMENT_3D('',#10544,#8501,#8502);
#7594=AXIS2_PLACEMENT_3D('',#10546,#8504,#8505);
#7595=AXIS2_PLACEMENT_3D('',#10548,#8507,#8508);
#7596=AXIS2_PLACEMENT_3D('',#10550,#8510,#8511);
#7597=AXIS2_PLACEMENT_3D('',#10552,#8513,#8514);
#7598=AXIS2_PLACEMENT_3D('',#10554,#8516,#8517);
#7599=AXIS2_PLACEMENT_3D('',#10555,#8518,#8519);
#7600=AXIS2_PLACEMENT_3D('',#10556,#8520,#8521);
#7601=AXIS2_PLACEMENT_3D('',#10557,#8522,#8523);
#7602=AXIS2_PLACEMENT_3D('',#10558,#8524,#8525);
#7603=AXIS2_PLACEMENT_3D('',#10567,#8530,#8531);
#7604=AXIS2_PLACEMENT_3D('',#10573,#8535,#8536);
#7605=AXIS2_PLACEMENT_3D('',#10579,#8540,#8541);
#7606=AXIS2_PLACEMENT_3D('',#10582,#8543,#8544);
#7607=AXIS2_PLACEMENT_3D('',#10584,#8545,#8546);
#7608=AXIS2_PLACEMENT_3D('',#10586,#8547,#8548);
#7609=AXIS2_PLACEMENT_3D('',#10588,#8549,#8550);
#7610=AXIS2_PLACEMENT_3D('',#10590,#8551,#8552);
#7611=AXIS2_PLACEMENT_3D('',#10592,#8553,#8554);
#7612=AXIS2_PLACEMENT_3D('',#10594,#8555,#8556);
#7613=AXIS2_PLACEMENT_3D('',#10596,#8557,#8558);
#7614=AXIS2_PLACEMENT_3D('',#10598,#8559,#8560);
#7615=AXIS2_PLACEMENT_3D('',#10600,#8561,#8562);
#7616=AXIS2_PLACEMENT_3D('',#10602,#8563,#8564);
#7617=AXIS2_PLACEMENT_3D('',#10604,#8565,#8566);
#7618=AXIS2_PLACEMENT_3D('',#10606,#8567,#8568);
#7619=AXIS2_PLACEMENT_3D('',#10608,#8569,#8570);
#7620=AXIS2_PLACEMENT_3D('',#10610,#8571,#8572);
#7621=AXIS2_PLACEMENT_3D('',#10612,#8573,#8574);
#7622=AXIS2_PLACEMENT_3D('',#10614,#8575,#8576);
#7623=AXIS2_PLACEMENT_3D('',#10616,#8577,#8578);
#7624=AXIS2_PLACEMENT_3D('',#10618,#8579,#8580);
#7625=AXIS2_PLACEMENT_3D('',#10620,#8581,#8582);
#7626=AXIS2_PLACEMENT_3D('',#10622,#8583,#8584);
#7627=AXIS2_PLACEMENT_3D('',#10624,#8585,#8586);
#7628=AXIS2_PLACEMENT_3D('',#10626,#8587,#8588);
#7629=AXIS2_PLACEMENT_3D('',#10628,#8589,#8590);
#7630=AXIS2_PLACEMENT_3D('',#10630,#8591,#8592);
#7631=AXIS2_PLACEMENT_3D('',#10632,#8593,#8594);
#7632=AXIS2_PLACEMENT_3D('',#10634,#8595,#8596);
#7633=AXIS2_PLACEMENT_3D('',#10636,#8597,#8598);
#7634=AXIS2_PLACEMENT_3D('',#10638,#8599,#8600);
#7635=AXIS2_PLACEMENT_3D('',#10640,#8601,#8602);
#7636=AXIS2_PLACEMENT_3D('',#10642,#8603,#8604);
#7637=AXIS2_PLACEMENT_3D('',#10644,#8605,#8606);
#7638=AXIS2_PLACEMENT_3D('',#10646,#8607,#8608);
#7639=AXIS2_PLACEMENT_3D('',#10648,#8609,#8610);
#7640=AXIS2_PLACEMENT_3D('',#10650,#8611,#8612);
#7641=AXIS2_PLACEMENT_3D('',#10652,#8613,#8614);
#7642=AXIS2_PLACEMENT_3D('',#10654,#8615,#8616);
#7643=AXIS2_PLACEMENT_3D('',#10656,#8617,#8618);
#7644=AXIS2_PLACEMENT_3D('',#10658,#8619,#8620);
#7645=AXIS2_PLACEMENT_3D('',#10660,#8621,#8622);
#7646=AXIS2_PLACEMENT_3D('',#10662,#8623,#8624);
#7647=AXIS2_PLACEMENT_3D('',#10664,#8625,#8626);
#7648=AXIS2_PLACEMENT_3D('',#10674,#8631,#8632);
#7649=AXIS2_PLACEMENT_3D('',#10676,#8633,#8634);
#7650=AXIS2_PLACEMENT_3D('',#10678,#8635,#8636);
#7651=AXIS2_PLACEMENT_3D('',#10680,#8637,#8638);
#7652=AXIS2_PLACEMENT_3D('',#10682,#8639,#8640);
#7653=AXIS2_PLACEMENT_3D('',#10685,#8641,#8642);
#7654=AXIS2_PLACEMENT_3D('',#10689,#8644,#8645);
#7655=AXIS2_PLACEMENT_3D('',#10692,#8647,#8648);
#7656=AXIS2_PLACEMENT_3D('',#10694,#8649,#8650);
#7657=AXIS2_PLACEMENT_3D('',#10696,#8651,#8652);
#7658=AXIS2_PLACEMENT_3D('',#10699,#8653,#8654);
#7659=AXIS2_PLACEMENT_3D('',#10703,#8656,#8657);
#7660=AXIS2_PLACEMENT_3D('',#10706,#8659,#8660);
#7661=AXIS2_PLACEMENT_3D('',#10708,#8661,#8662);
#7662=AXIS2_PLACEMENT_3D('',#10710,#8663,#8664);
#7663=AXIS2_PLACEMENT_3D('',#10712,#8665,#8666);
#7664=AXIS2_PLACEMENT_3D('',#10713,#8667,#8668);
#7665=AXIS2_PLACEMENT_3D('',#10716,#8670,#8671);
#7666=AXIS2_PLACEMENT_3D('',#10718,#8672,#8673);
#7667=AXIS2_PLACEMENT_3D('',#10720,#8674,#8675);
#7668=AXIS2_PLACEMENT_3D('',#10722,#8676,#8677);
#7669=AXIS2_PLACEMENT_3D('',#10724,#8678,#8679);
#7670=AXIS2_PLACEMENT_3D('',#10726,#8680,#8681);
#7671=AXIS2_PLACEMENT_3D('',#10728,#8682,#8683);
#7672=AXIS2_PLACEMENT_3D('',#10730,#8684,#8685);
#7673=AXIS2_PLACEMENT_3D('',#10732,#8686,#8687);
#7674=AXIS2_PLACEMENT_3D('',#10734,#8688,#8689);
#7675=AXIS2_PLACEMENT_3D('',#10736,#8690,#8691);
#7676=AXIS2_PLACEMENT_3D('',#10738,#8692,#8693);
#7677=AXIS2_PLACEMENT_3D('',#10740,#8694,#8695);
#7678=AXIS2_PLACEMENT_3D('',#10742,#8696,#8697);
#7679=AXIS2_PLACEMENT_3D('',#10744,#8698,#8699);
#7680=AXIS2_PLACEMENT_3D('',#10746,#8700,#8701);
#7681=AXIS2_PLACEMENT_3D('',#10748,#8702,#8703);
#7682=AXIS2_PLACEMENT_3D('',#10750,#8704,#8705);
#7683=AXIS2_PLACEMENT_3D('',#10752,#8706,#8707);
#7684=AXIS2_PLACEMENT_3D('',#10754,#8708,#8709);
#7685=AXIS2_PLACEMENT_3D('',#10756,#8710,#8711);
#7686=AXIS2_PLACEMENT_3D('',#10758,#8712,#8713);
#7687=AXIS2_PLACEMENT_3D('',#10760,#8714,#8715);
#7688=AXIS2_PLACEMENT_3D('',#10762,#8716,#8717);
#7689=AXIS2_PLACEMENT_3D('',#10764,#8718,#8719);
#7690=AXIS2_PLACEMENT_3D('',#10766,#8720,#8721);
#7691=AXIS2_PLACEMENT_3D('',#10768,#8722,#8723);
#7692=AXIS2_PLACEMENT_3D('',#10770,#8724,#8725);
#7693=AXIS2_PLACEMENT_3D('',#10772,#8726,#8727);
#7694=AXIS2_PLACEMENT_3D('',#10774,#8728,#8729);
#7695=AXIS2_PLACEMENT_3D('',#10776,#8730,#8731);
#7696=AXIS2_PLACEMENT_3D('',#10778,#8732,#8733);
#7697=AXIS2_PLACEMENT_3D('',#10780,#8734,#8735);
#7698=AXIS2_PLACEMENT_3D('',#10782,#8736,#8737);
#7699=AXIS2_PLACEMENT_3D('',#10784,#8738,#8739);
#7700=AXIS2_PLACEMENT_3D('',#10786,#8740,#8741);
#7701=AXIS2_PLACEMENT_3D('',#10788,#8742,#8743);
#7702=AXIS2_PLACEMENT_3D('',#10790,#8744,#8745);
#7703=AXIS2_PLACEMENT_3D('',#10792,#8746,#8747);
#7704=AXIS2_PLACEMENT_3D('',#10794,#8748,#8749);
#7705=AXIS2_PLACEMENT_3D('',#10796,#8750,#8751);
#7706=AXIS2_PLACEMENT_3D('',#10798,#8752,#8753);
#7707=AXIS2_PLACEMENT_3D('',#10808,#8758,#8759);
#7708=AXIS2_PLACEMENT_3D('',#10810,#8760,#8761);
#7709=AXIS2_PLACEMENT_3D('',#10812,#8762,#8763);
#7710=AXIS2_PLACEMENT_3D('',#10814,#8764,#8765);
#7711=AXIS2_PLACEMENT_3D('',#10816,#8766,#8767);
#7712=AXIS2_PLACEMENT_3D('',#10819,#8768,#8769);
#7713=AXIS2_PLACEMENT_3D('',#10823,#8771,#8772);
#7714=AXIS2_PLACEMENT_3D('',#10826,#8774,#8775);
#7715=AXIS2_PLACEMENT_3D('',#10828,#8776,#8777);
#7716=AXIS2_PLACEMENT_3D('',#10830,#8778,#8779);
#7717=AXIS2_PLACEMENT_3D('',#10833,#8780,#8781);
#7718=AXIS2_PLACEMENT_3D('',#10837,#8783,#8784);
#7719=AXIS2_PLACEMENT_3D('',#10840,#8786,#8787);
#7720=AXIS2_PLACEMENT_3D('',#10842,#8788,#8789);
#7721=AXIS2_PLACEMENT_3D('',#10844,#8790,#8791);
#7722=AXIS2_PLACEMENT_3D('',#10846,#8792,#8793);
#7723=AXIS2_PLACEMENT_3D('',#10847,#8794,#8795);
#7724=AXIS2_PLACEMENT_3D('',#10848,#8796,#8797);
#7725=AXIS2_PLACEMENT_3D('',#10850,#8799,#8800);
#7726=AXIS2_PLACEMENT_3D('',#10852,#8802,#8803);
#7727=AXIS2_PLACEMENT_3D('',#10854,#8805,#8806);
#7728=AXIS2_PLACEMENT_3D('',#10856,#8808,#8809);
#7729=AXIS2_PLACEMENT_3D('',#10858,#8811,#8812);
#7730=AXIS2_PLACEMENT_3D('',#10860,#8814,#8815);
#7731=AXIS2_PLACEMENT_3D('',#10862,#8817,#8818);
#7732=AXIS2_PLACEMENT_3D('',#10864,#8820,#8821);
#7733=AXIS2_PLACEMENT_3D('',#10866,#8823,#8824);
#7734=AXIS2_PLACEMENT_3D('',#10868,#8826,#8827);
#7735=AXIS2_PLACEMENT_3D('',#10870,#8829,#8830);
#7736=AXIS2_PLACEMENT_3D('',#10872,#8832,#8833);
#7737=AXIS2_PLACEMENT_3D('',#10874,#8835,#8836);
#7738=AXIS2_PLACEMENT_3D('',#10876,#8838,#8839);
#7739=AXIS2_PLACEMENT_3D('',#10878,#8841,#8842);
#7740=AXIS2_PLACEMENT_3D('',#10880,#8844,#8845);
#7741=AXIS2_PLACEMENT_3D('',#10882,#8847,#8848);
#7742=AXIS2_PLACEMENT_3D('',#10884,#8850,#8851);
#7743=AXIS2_PLACEMENT_3D('',#10886,#8853,#8854);
#7744=AXIS2_PLACEMENT_3D('',#10888,#8856,#8857);
#7745=AXIS2_PLACEMENT_3D('',#10890,#8859,#8860);
#7746=AXIS2_PLACEMENT_3D('',#10892,#8862,#8863);
#7747=AXIS2_PLACEMENT_3D('',#10894,#8865,#8866);
#7748=AXIS2_PLACEMENT_3D('',#10896,#8868,#8869);
#7749=AXIS2_PLACEMENT_3D('',#10898,#8871,#8872);
#7750=AXIS2_PLACEMENT_3D('',#10900,#8874,#8875);
#7751=AXIS2_PLACEMENT_3D('',#10902,#8877,#8878);
#7752=AXIS2_PLACEMENT_3D('',#10904,#8880,#8881);
#7753=AXIS2_PLACEMENT_3D('',#10906,#8883,#8884);
#7754=AXIS2_PLACEMENT_3D('',#10908,#8886,#8887);
#7755=AXIS2_PLACEMENT_3D('',#10910,#8889,#8890);
#7756=AXIS2_PLACEMENT_3D('',#10912,#8892,#8893);
#7757=AXIS2_PLACEMENT_3D('',#10914,#8895,#8896);
#7758=AXIS2_PLACEMENT_3D('',#10916,#8898,#8899);
#7759=AXIS2_PLACEMENT_3D('',#10918,#8901,#8902);
#7760=AXIS2_PLACEMENT_3D('',#10920,#8904,#8905);
#7761=AXIS2_PLACEMENT_3D('',#10922,#8907,#8908);
#7762=AXIS2_PLACEMENT_3D('',#10924,#8910,#8911);
#7763=AXIS2_PLACEMENT_3D('',#10926,#8913,#8914);
#7764=AXIS2_PLACEMENT_3D('',#10928,#8916,#8917);
#7765=AXIS2_PLACEMENT_3D('',#10930,#8919,#8920);
#7766=AXIS2_PLACEMENT_3D('',#10932,#8922,#8923);
#7767=AXIS2_PLACEMENT_3D('',#10935,#8926,#8927);
#7768=AXIS2_PLACEMENT_3D('',#10937,#8929,#8930);
#7769=AXIS2_PLACEMENT_3D('',#10939,#8932,#8933);
#7770=AXIS2_PLACEMENT_3D('',#10940,#8934,#8935);
#7771=AXIS2_PLACEMENT_3D('',#10942,#8937,#8938);
#7772=AXIS2_PLACEMENT_3D('',#10944,#8940,#8941);
#7773=AXIS2_PLACEMENT_3D('',#10946,#8943,#8944);
#7774=AXIS2_PLACEMENT_3D('',#10948,#8946,#8947);
#7775=AXIS2_PLACEMENT_3D('',#10950,#8949,#8950);
#7776=AXIS2_PLACEMENT_3D('',#10953,#8953,#8954);
#7777=AXIS2_PLACEMENT_3D('',#10955,#8956,#8957);
#7778=AXIS2_PLACEMENT_3D('',#10957,#8959,#8960);
#7779=AXIS2_PLACEMENT_3D('',#10958,#8961,#8962);
#7780=AXIS2_PLACEMENT_3D('',#10960,#8964,#8965);
#7781=AXIS2_PLACEMENT_3D('',#10962,#8967,#8968);
#7782=AXIS2_PLACEMENT_3D('',#10964,#8970,#8971);
#7783=AXIS2_PLACEMENT_3D('',#10967,#8974,#8975);
#7784=AXIS2_PLACEMENT_3D('',#10969,#8977,#8978);
#7785=AXIS2_PLACEMENT_3D('',#10971,#8980,#8981);
#7786=AXIS2_PLACEMENT_3D('',#10972,#8982,#8983);
#7787=AXIS2_PLACEMENT_3D('',#10974,#8985,#8986);
#7788=AXIS2_PLACEMENT_3D('',#10976,#8988,#8989);
#7789=AXIS2_PLACEMENT_3D('',#10978,#8991,#8992);
#7790=AXIS2_PLACEMENT_3D('',#10980,#8994,#8995);
#7791=AXIS2_PLACEMENT_3D('',#10981,#8996,#8997);
#7792=AXIS2_PLACEMENT_3D('',#10982,#8998,#8999);
#7793=AXIS2_PLACEMENT_3D('',#10991,#9004,#9005);
#7794=AXIS2_PLACEMENT_3D('',#10996,#9007,#9008);
#7795=AXIS2_PLACEMENT_3D('',#11004,#9012,#9013);
#7796=AXIS2_PLACEMENT_3D('',#11007,#9015,#9016);
#7797=AXIS2_PLACEMENT_3D('',#11008,#9017,#9018);
#7798=AXIS2_PLACEMENT_3D('',#11009,#9019,#9020);
#7799=AXIS2_PLACEMENT_3D('',#11011,#9021,#9022);
#7800=AXIS2_PLACEMENT_3D('',#11013,#9024,#9025);
#7801=AXIS2_PLACEMENT_3D('',#11016,#9027,#9028);
#7802=AXIS2_PLACEMENT_3D('',#11017,#9029,#9030);
#7803=AXIS2_PLACEMENT_3D('',#11023,#9033,#9034);
#7804=AXIS2_PLACEMENT_3D('',#11030,#9038,#9039);
#7805=AXIS2_PLACEMENT_3D('',#11031,#9040,#9041);
#7806=AXIS2_PLACEMENT_3D('',#11033,#9043,#9044);
#7807=AXIS2_PLACEMENT_3D('',#11035,#9046,#9047);
#7808=AXIS2_PLACEMENT_3D('',#11045,#9053,#9054);
#7809=AXIS2_PLACEMENT_3D('',#11047,#9056,#9057);
#7810=AXIS2_PLACEMENT_3D('',#11049,#9059,#9060);
#7811=AXIS2_PLACEMENT_3D('',#11059,#9066,#9067);
#7812=AXIS2_PLACEMENT_3D('',#11061,#9069,#9070);
#7813=AXIS2_PLACEMENT_3D('',#11066,#9072,#9073);
#7814=AXIS2_PLACEMENT_3D('',#11070,#9075,#9076);
#7815=AXIS2_PLACEMENT_3D('',#11073,#9078,#9079);
#7816=AXIS2_PLACEMENT_3D('',#11074,#9080,#9081);
#7817=AXIS2_PLACEMENT_3D('',#11075,#9082,#9083);
#7818=AXIS2_PLACEMENT_3D('',#11081,#9087,#9088);
#7819=AXIS2_PLACEMENT_3D('',#11085,#9091,#9092);
#7820=AXIS2_PLACEMENT_3D('',#11089,#9094,#9095);
#7821=AXIS2_PLACEMENT_3D('',#11091,#9096,#9097);
#7822=AXIS2_PLACEMENT_3D('',#11095,#9099,#9100);
#7823=AXIS2_PLACEMENT_3D('',#11098,#9102,#9103);
#7824=AXIS2_PLACEMENT_3D('',#11099,#9104,#9105);
#7825=AXIS2_PLACEMENT_3D('',#11103,#9108,#9109);
#7826=AXIS2_PLACEMENT_3D('',#11105,#9111,#9112);
#7827=AXIS2_PLACEMENT_3D('',#11107,#9114,#9115);
#7828=AXIS2_PLACEMENT_3D('',#11109,#9117,#9118);
#7829=AXIS2_PLACEMENT_3D('',#11111,#9120,#9121);
#7830=AXIS2_PLACEMENT_3D('',#11113,#9123,#9124);
#7831=AXIS2_PLACEMENT_3D('',#11115,#9126,#9127);
#7832=AXIS2_PLACEMENT_3D('',#11117,#9129,#9130);
#7833=AXIS2_PLACEMENT_3D('',#11119,#9132,#9133);
#7834=AXIS2_PLACEMENT_3D('',#11120,#9134,#9135);
#7835=AXIS2_PLACEMENT_3D('',#11121,#9136,#9137);
#7836=AXIS2_PLACEMENT_3D('',#11122,#9138,#9139);
#7837=AXIS2_PLACEMENT_3D('',#11123,#9140,#9141);
#7838=AXIS2_PLACEMENT_3D('',#11128,#9143,#9144);
#7839=AXIS2_PLACEMENT_3D('',#11132,#9146,#9147);
#7840=AXIS2_PLACEMENT_3D('',#11136,#9149,#9150);
#7841=AXIS2_PLACEMENT_3D('',#11139,#9152,#9153);
#7842=AXIS2_PLACEMENT_3D('',#11140,#9154,#9155);
#7843=AXIS2_PLACEMENT_3D('',#11146,#9159,#9160);
#7844=AXIS2_PLACEMENT_3D('',#11149,#9162,#9163);
#7845=AXIS2_PLACEMENT_3D('',#11150,#9164,#9165);
#7846=AXIS2_PLACEMENT_3D('',#11152,#9166,#9167);
#7847=AXIS2_PLACEMENT_3D('',#11154,#9169,#9170);
#7848=AXIS2_PLACEMENT_3D('',#11158,#9173,#9174);
#7849=AXIS2_PLACEMENT_3D('',#11162,#9177,#9178);
#7850=AXIS2_PLACEMENT_3D('',#11165,#9180,#9181);
#7851=AXIS2_PLACEMENT_3D('',#11166,#9182,#9183);
#7852=AXIS2_PLACEMENT_3D('',#11168,#9184,#9185);
#7853=AXIS2_PLACEMENT_3D('',#11170,#9187,#9188);
#7854=AXIS2_PLACEMENT_3D('',#11172,#9190,#9191);
#7855=AXIS2_PLACEMENT_3D('',#11175,#9192,#9193);
#7856=AXIS2_PLACEMENT_3D('',#11179,#9195,#9196);
#7857=AXIS2_PLACEMENT_3D('',#11183,#9198,#9199);
#7858=AXIS2_PLACEMENT_3D('',#11187,#9201,#9202);
#7859=AXIS2_PLACEMENT_3D('',#11189,#9204,#9205);
#7860=AXIS2_PLACEMENT_3D('',#11193,#9207,#9208);
#7861=AXIS2_PLACEMENT_3D('',#11195,#9210,#9211);
#7862=AXIS2_PLACEMENT_3D('',#11199,#9214,#9215);
#7863=AXIS2_PLACEMENT_3D('',#11202,#9217,#9218);
#7864=AXIS2_PLACEMENT_3D('',#11203,#9219,#9220);
#7865=AXIS2_PLACEMENT_3D('',#11207,#9223,#9224);
#7866=AXIS2_PLACEMENT_3D('',#11210,#9226,#9227);
#7867=AXIS2_PLACEMENT_3D('',#11211,#9228,#9229);
#7868=AXIS2_PLACEMENT_3D('',#11215,#9232,#9233);
#7869=AXIS2_PLACEMENT_3D('',#11218,#9235,#9236);
#7870=AXIS2_PLACEMENT_3D('',#11219,#9237,#9238);
#7871=AXIS2_PLACEMENT_3D('',#11221,#9240,#9241);
#7872=AXIS2_PLACEMENT_3D('',#11226,#9243,#9244);
#7873=AXIS2_PLACEMENT_3D('',#11230,#9246,#9247);
#7874=AXIS2_PLACEMENT_3D('',#11234,#9249,#9250);
#7875=AXIS2_PLACEMENT_3D('',#11237,#9252,#9253);
#7876=AXIS2_PLACEMENT_3D('',#11238,#9254,#9255);
#7877=AXIS2_PLACEMENT_3D('',#11244,#9259,#9260);
#7878=AXIS2_PLACEMENT_3D('',#11247,#9262,#9263);
#7879=AXIS2_PLACEMENT_3D('',#11248,#9264,#9265);
#7880=AXIS2_PLACEMENT_3D('',#11250,#9266,#9267);
#7881=AXIS2_PLACEMENT_3D('',#11252,#9269,#9270);
#7882=AXIS2_PLACEMENT_3D('',#11256,#9273,#9274);
#7883=AXIS2_PLACEMENT_3D('',#11260,#9277,#9278);
#7884=AXIS2_PLACEMENT_3D('',#11263,#9280,#9281);
#7885=AXIS2_PLACEMENT_3D('',#11264,#9282,#9283);
#7886=AXIS2_PLACEMENT_3D('',#11266,#9284,#9285);
#7887=AXIS2_PLACEMENT_3D('',#11268,#9287,#9288);
#7888=AXIS2_PLACEMENT_3D('',#11270,#9290,#9291);
#7889=AXIS2_PLACEMENT_3D('',#11271,#9292,#9293);
#7890=AXIS2_PLACEMENT_3D('',#11272,#9294,#9295);
#7891=AXIS2_PLACEMENT_3D('',#11273,#9296,#9297);
#7892=AXIS2_PLACEMENT_3D('',#11274,#9298,#9299);
#7893=AXIS2_PLACEMENT_3D('',#11275,#9300,#9301);
#7894=AXIS2_PLACEMENT_3D('',#11276,#9302,#9303);
#7895=AXIS2_PLACEMENT_3D('',#11277,#9304,#9305);
#7896=AXIS2_PLACEMENT_3D('',#11278,#9306,#9307);
#7897=AXIS2_PLACEMENT_3D('',#11279,#9308,#9309);
#7898=AXIS2_PLACEMENT_3D('',#11280,#9310,#9311);
#7899=AXIS2_PLACEMENT_3D('',#11281,#9312,#9313);
#7900=AXIS2_PLACEMENT_3D('',#11282,#9314,#9315);
#7901=AXIS2_PLACEMENT_3D('',#11283,#9316,#9317);
#7902=AXIS2_PLACEMENT_3D('',#11284,#9318,#9319);
#7903=AXIS2_PLACEMENT_3D('',#11285,#9320,#9321);
#7904=AXIS2_PLACEMENT_3D('',#11287,#9322,#9323);
#7905=AXIS2_PLACEMENT_3D('',#11289,#9324,#9325);
#7906=AXIS2_PLACEMENT_3D('',#11290,#9326,#9327);
#7907=AXIS2_PLACEMENT_3D('',#11292,#9328,#9329);
#7908=AXIS2_PLACEMENT_3D('',#11294,#9331,#9332);
#7909=AXIS2_PLACEMENT_3D('',#11296,#9333,#9334);
#7910=AXIS2_PLACEMENT_3D('',#11298,#9335,#9336);
#7911=AXIS2_PLACEMENT_3D('',#11299,#9337,#9338);
#7912=AXIS2_PLACEMENT_3D('',#11301,#9339,#9340);
#7913=AXIS2_PLACEMENT_3D('',#11303,#9342,#9343);
#7914=AXIS2_PLACEMENT_3D('',#11305,#9344,#9345);
#7915=AXIS2_PLACEMENT_3D('',#11307,#9347,#9348);
#7916=AXIS2_PLACEMENT_3D('',#11309,#9349,#9350);
#7917=AXIS2_PLACEMENT_3D('',#11311,#9352,#9353);
#7918=AXIS2_PLACEMENT_3D('',#11320,#9358,#9359);
#7919=AXIS2_PLACEMENT_3D('',#11326,#9363,#9364);
#7920=AXIS2_PLACEMENT_3D('',#11328,#9365,#9366);
#7921=AXIS2_PLACEMENT_3D('',#11330,#9367,#9368);
#7922=AXIS2_PLACEMENT_3D('',#11331,#9369,#9370);
#7923=AXIS2_PLACEMENT_3D('',#11333,#9371,#9372);
#7924=AXIS2_PLACEMENT_3D('',#11335,#9374,#9375);
#7925=AXIS2_PLACEMENT_3D('',#11338,#9377,#9378);
#7926=AXIS2_PLACEMENT_3D('',#11339,#9379,#9380);
#7927=AXIS2_PLACEMENT_3D('',#11341,#9381,#9382);
#7928=AXIS2_PLACEMENT_3D('',#11343,#9383,#9384);
#7929=AXIS2_PLACEMENT_3D('',#11344,#9385,#9386);
#7930=AXIS2_PLACEMENT_3D('',#11346,#9387,#9388);
#7931=AXIS2_PLACEMENT_3D('',#11348,#9390,#9391);
#7932=AXIS2_PLACEMENT_3D('',#11351,#9393,#9394);
#7933=AXIS2_PLACEMENT_3D('',#11352,#9395,#9396);
#7934=AXIS2_PLACEMENT_3D('',#11354,#9397,#9398);
#7935=AXIS2_PLACEMENT_3D('',#11356,#9399,#9400);
#7936=AXIS2_PLACEMENT_3D('',#11357,#9401,#9402);
#7937=AXIS2_PLACEMENT_3D('',#11359,#9403,#9404);
#7938=AXIS2_PLACEMENT_3D('',#11361,#9406,#9407);
#7939=AXIS2_PLACEMENT_3D('',#11364,#9409,#9410);
#7940=AXIS2_PLACEMENT_3D('',#11365,#9411,#9412);
#7941=AXIS2_PLACEMENT_3D('',#11367,#9413,#9414);
#7942=AXIS2_PLACEMENT_3D('',#11370,#9416,#9417);
#7943=AXIS2_PLACEMENT_3D('',#11371,#9418,#9419);
#7944=AXIS2_PLACEMENT_3D('',#11372,#9420,#9421);
#7945=AXIS2_PLACEMENT_3D('',#11374,#9422,#9423);
#7946=AXIS2_PLACEMENT_3D('',#11377,#9425,#9426);
#7947=AXIS2_PLACEMENT_3D('',#11378,#9427,#9428);
#7948=AXIS2_PLACEMENT_3D('',#11379,#9429,#9430);
#7949=AXIS2_PLACEMENT_3D('',#11381,#9431,#9432);
#7950=AXIS2_PLACEMENT_3D('',#11384,#9434,#9435);
#7951=AXIS2_PLACEMENT_3D('',#11385,#9436,#9437);
#7952=AXIS2_PLACEMENT_3D('',#11386,#9438,#9439);
#7953=AXIS2_PLACEMENT_3D('',#11388,#9440,#9441);
#7954=AXIS2_PLACEMENT_3D('',#11391,#9443,#9444);
#7955=AXIS2_PLACEMENT_3D('',#11392,#9445,#9446);
#7956=AXIS2_PLACEMENT_3D('',#11393,#9447,#9448);
#7957=AXIS2_PLACEMENT_3D('',#11395,#9449,#9450);
#7958=AXIS2_PLACEMENT_3D('',#11398,#9452,#9453);
#7959=AXIS2_PLACEMENT_3D('',#11399,#9454,#9455);
#7960=AXIS2_PLACEMENT_3D('',#11400,#9456,#9457);
#7961=AXIS2_PLACEMENT_3D('',#11409,#9462,#9463);
#7962=AXIS2_PLACEMENT_3D('',#11412,#9464,#9465);
#7963=AXIS2_PLACEMENT_3D('',#11416,#9467,#9468);
#7964=AXIS2_PLACEMENT_3D('',#11420,#9470,#9471);
#7965=AXIS2_PLACEMENT_3D('',#11424,#9473,#9474);
#7966=AXIS2_PLACEMENT_3D('',#11431,#9479,#9480);
#7967=AXIS2_PLACEMENT_3D('',#11437,#9484,#9485);
#7968=AXIS2_PLACEMENT_3D('',#11439,#9487,#9488);
#7969=AXIS2_PLACEMENT_3D('',#11441,#9490,#9491);
#7970=AXIS2_PLACEMENT_3D('',#11450,#9496,#9497);
#7971=AXIS2_PLACEMENT_3D('',#11459,#9502,#9503);
#7972=AXIS2_PLACEMENT_3D('',#11462,#9506,#9507);
#7973=AXIS2_PLACEMENT_3D('',#11467,#9511,#9512);
#7974=AXIS2_PLACEMENT_3D('',#11471,#9515,#9516);
#7975=AXIS2_PLACEMENT_3D('',#11473,#9518,#9519);
#7976=AXIS2_PLACEMENT_3D('',#11478,#9521,#9522);
#7977=AXIS2_PLACEMENT_3D('',#11482,#9524,#9525);
#7978=AXIS2_PLACEMENT_3D('',#11486,#9527,#9528);
#7979=AXIS2_PLACEMENT_3D('',#11489,#9530,#9531);
#7980=AXIS2_PLACEMENT_3D('',#11491,#9532,#9533);
#7981=AXIS2_PLACEMENT_3D('',#11492,#9534,#9535);
#7982=AXIS2_PLACEMENT_3D('',#11495,#9538,#9539);
#7983=AXIS2_PLACEMENT_3D('',#11497,#9541,#9542);
#7984=AXIS2_PLACEMENT_3D('',#11499,#9544,#9545);
#7985=AXIS2_PLACEMENT_3D('',#11501,#9547,#9548);
#7986=AXIS2_PLACEMENT_3D('',#11503,#9550,#9551);
#7987=AXIS2_PLACEMENT_3D('',#11505,#9553,#9554);
#7988=AXIS2_PLACEMENT_3D('',#11507,#9556,#9557);
#7989=AXIS2_PLACEMENT_3D('',#11508,#9558,#9559);
#7990=AXIS2_PLACEMENT_3D('',#11510,#9561,#9562);
#7991=AXIS2_PLACEMENT_3D('',#11511,#9563,#9564);
#7992=AXIS2_PLACEMENT_3D('',#11514,#9566,#9567);
#7993=AXIS2_PLACEMENT_3D('',#11515,#9568,#9569);
#7994=AXIS2_PLACEMENT_3D('',#11516,#9570,#9571);
#7995=AXIS2_PLACEMENT_3D('',#11519,#9572,#9573);
#7996=AXIS2_PLACEMENT_3D('',#11528,#9576,#9577);
#7997=AXIS2_PLACEMENT_3D('',#11536,#9580,#9581);
#7998=AXIS2_PLACEMENT_3D('',#11544,#9584,#9585);
#7999=AXIS2_PLACEMENT_3D('',#11546,#9586,#9587);
#8000=AXIS2_PLACEMENT_3D('',#11555,#9589,#9590);
#8001=AXIS2_PLACEMENT_3D('',#11563,#9593,#9594);
#8002=AXIS2_PLACEMENT_3D('',#11571,#9597,#9598);
#8003=AXIS2_PLACEMENT_3D('',#11573,#9599,#9600);
#8004=AXIS2_PLACEMENT_3D('',#11582,#9602,#9603);
#8005=AXIS2_PLACEMENT_3D('',#11590,#9606,#9607);
#8006=AXIS2_PLACEMENT_3D('',#11598,#9610,#9611);
#8007=AXIS2_PLACEMENT_3D('',#11600,#9612,#9613);
#8008=AXIS2_PLACEMENT_3D('',#11609,#9615,#9616);
#8009=AXIS2_PLACEMENT_3D('',#11617,#9619,#9620);
#8010=AXIS2_PLACEMENT_3D('',#11625,#9623,#9624);
#8011=AXIS2_PLACEMENT_3D('',#11627,#9625,#9626);
#8012=AXIS2_PLACEMENT_3D('',#11637,#9628,#9629);
#8013=AXIS2_PLACEMENT_3D('',#11652,#9633,#9634);
#8014=AXIS2_PLACEMENT_3D('',#11655,#9635,#9636);
#8015=AXIS2_PLACEMENT_3D('',#11664,#9639,#9640);
#8016=AXIS2_PLACEMENT_3D('',#11672,#9643,#9644);
#8017=AXIS2_PLACEMENT_3D('',#11680,#9647,#9648);
#8018=AXIS2_PLACEMENT_3D('',#11682,#9649,#9650);
#8019=AXIS2_PLACEMENT_3D('',#11691,#9652,#9653);
#8020=AXIS2_PLACEMENT_3D('',#11699,#9656,#9657);
#8021=AXIS2_PLACEMENT_3D('',#11707,#9660,#9661);
#8022=AXIS2_PLACEMENT_3D('',#11709,#9662,#9663);
#8023=AXIS2_PLACEMENT_3D('',#11718,#9665,#9666);
#8024=AXIS2_PLACEMENT_3D('',#11726,#9669,#9670);
#8025=AXIS2_PLACEMENT_3D('',#11734,#9673,#9674);
#8026=AXIS2_PLACEMENT_3D('',#11736,#9675,#9676);
#8027=AXIS2_PLACEMENT_3D('',#11745,#9678,#9679);
#8028=AXIS2_PLACEMENT_3D('',#11753,#9682,#9683);
#8029=AXIS2_PLACEMENT_3D('',#11761,#9686,#9687);
#8030=AXIS2_PLACEMENT_3D('',#11763,#9688,#9689);
#8031=AXIS2_PLACEMENT_3D('',#11773,#9691,#9692);
#8032=AXIS2_PLACEMENT_3D('',#11788,#9696,#9697);
#8033=AXIS2_PLACEMENT_3D('',#11789,#9698,#9699);
#8034=AXIS2_PLACEMENT_3D('',#11790,#9700,#9701);
#8035=AXIS2_PLACEMENT_3D('',#11791,#9702,#9703);
#8036=AXIS2_PLACEMENT_3D('',#11792,#9704,#9705);
#8037=AXIS2_PLACEMENT_3D('',#11795,#9706,#9707);
#8038=AXIS2_PLACEMENT_3D('',#11804,#9710,#9711);
#8039=AXIS2_PLACEMENT_3D('',#11807,#9712,#9713);
#8040=AXIS2_PLACEMENT_3D('',#11818,#9716,#9717);
#8041=AXIS2_PLACEMENT_3D('',#11821,#9718,#9719);
#8042=AXIS2_PLACEMENT_3D('',#11832,#9722,#9723);
#8043=AXIS2_PLACEMENT_3D('',#11835,#9724,#9725);
#8044=AXIS2_PLACEMENT_3D('',#11846,#9728,#9729);
#8045=AXIS2_PLACEMENT_3D('',#11849,#9730,#9731);
#8046=AXIS2_PLACEMENT_3D('',#11860,#9734,#9735);
#8047=AXIS2_PLACEMENT_3D('',#11863,#9736,#9737);
#8048=AXIS2_PLACEMENT_3D('',#11874,#9740,#9741);
#8049=AXIS2_PLACEMENT_3D('',#11877,#9742,#9743);
#8050=AXIS2_PLACEMENT_3D('',#11888,#9746,#9747);
#8051=AXIS2_PLACEMENT_3D('',#11891,#9748,#9749);
#8052=AXIS2_PLACEMENT_3D('',#11900,#9752,#9753);
#8053=AXIS2_PLACEMENT_3D('',#11902,#9754,#9755);
#8054=AXIS2_PLACEMENT_3D('',#11912,#9757,#9758);
#8055=AXIS2_PLACEMENT_3D('',#11914,#9759,#9760);
#8056=AXIS2_PLACEMENT_3D('',#11924,#9762,#9763);
#8057=AXIS2_PLACEMENT_3D('',#11932,#9766,#9767);
#8058=AXIS2_PLACEMENT_3D('',#11937,#9769,#9770);
#8059=AXIS2_PLACEMENT_3D('',#11945,#9773,#9774);
#8060=AXIS2_PLACEMENT_3D('',#11950,#9776,#9777);
#8061=AXIS2_PLACEMENT_3D('',#11958,#9780,#9781);
#8062=AXIS2_PLACEMENT_3D('',#11963,#9783,#9784);
#8063=AXIS2_PLACEMENT_3D('',#11971,#9787,#9788);
#8064=AXIS2_PLACEMENT_3D('',#11976,#9790,#9791);
#8065=AXIS2_PLACEMENT_3D('',#11984,#9794,#9795);
#8066=AXIS2_PLACEMENT_3D('',#11989,#9797,#9798);
#8067=AXIS2_PLACEMENT_3D('',#11997,#9801,#9802);
#8068=AXIS2_PLACEMENT_3D('',#12002,#9804,#9805);
#8069=AXIS2_PLACEMENT_3D('',#12010,#9808,#9809);
#8070=AXIS2_PLACEMENT_3D('',#12015,#9811,#9812);
#8071=AXIS2_PLACEMENT_3D('',#12023,#9815,#9816);
#8072=AXIS2_PLACEMENT_3D('',#12028,#9818,#9819);
#8073=AXIS2_PLACEMENT_3D('',#12036,#9822,#9823);
#8074=AXIS2_PLACEMENT_3D('',#12041,#9825,#9826);
#8075=AXIS2_PLACEMENT_3D('',#12049,#9829,#9830);
#8076=AXIS2_PLACEMENT_3D('',#12054,#9832,#9833);
#8077=AXIS2_PLACEMENT_3D('',#12055,#9834,#9835);
#8078=AXIS2_PLACEMENT_3D('',#12056,#9836,#9837);
#8079=AXIS2_PLACEMENT_3D('',#12058,#9838,#9839);
#8080=AXIS2_PLACEMENT_3D('',#12060,#9840,#9841);
#8081=AXIS2_PLACEMENT_3D('',#12061,#9842,#9843);
#8082=AXIS2_PLACEMENT_3D('',#12063,#9844,#9845);
#8083=AXIS2_PLACEMENT_3D('',#12064,#9846,#9847);
#8084=AXIS2_PLACEMENT_3D('',#12066,#9849,#9850);
#8085=AXIS2_PLACEMENT_3D('',#12068,#9851,#9852);
#8086=AXIS2_PLACEMENT_3D('',#12069,#9853,#9854);
#8087=AXIS2_PLACEMENT_3D('',#12071,#9856,#9857);
#8088=AXIS2_PLACEMENT_3D('',#12080,#9862,#9863);
#8089=AXIS2_PLACEMENT_3D('',#12090,#9869,#9870);
#8090=AXIS2_PLACEMENT_3D('',#12100,#9876,#9877);
#8091=AXIS2_PLACEMENT_3D('',#12102,#9879,#9880);
#8092=AXIS2_PLACEMENT_3D('',#12105,#9883,#9884);
#8093=AXIS2_PLACEMENT_3D('',#12119,#9891,#9892);
#8094=AXIS2_PLACEMENT_3D('',#12127,#9896,#9897);
#8095=AXIS2_PLACEMENT_3D('',#12155,#9912,#9913);
#8096=AXIS2_PLACEMENT_3D('',#12173,#9923,#9924);
#8097=AXIS2_PLACEMENT_3D('',#12191,#9934,#9935);
#8098=AXIS2_PLACEMENT_3D('',#12200,#9940,#9941);
#8099=AXIS2_PLACEMENT_3D('',#12209,#9946,#9947);
#8100=AXIS2_PLACEMENT_3D('',#12218,#9952,#9953);
#8101=AXIS2_PLACEMENT_3D('',#12227,#9958,#9959);
#8102=AXIS2_PLACEMENT_3D('',#12233,#9963,#9964);
#8103=AXIS2_PLACEMENT_3D('',#12247,#9971,#9972);
#8104=AXIS2_PLACEMENT_3D('',#12264,#9982,#9983);
#8105=AXIS2_PLACEMENT_3D('',#12265,#9984,#9985);
#8106=AXIS2_PLACEMENT_3D('',#12267,#9986,#9987);
#8107=AXIS2_PLACEMENT_3D('',#12270,#9989,#9990);
#8108=AXIS2_PLACEMENT_3D('',#12271,#9991,#9992);
#8109=AXIS2_PLACEMENT_3D('',#12272,#9993,#9994);
#8110=AXIS2_PLACEMENT_3D('',#12274,#9995,#9996);
#8111=AXIS2_PLACEMENT_3D('',#12277,#9998,#9999);
#8112=AXIS2_PLACEMENT_3D('',#12278,#10000,#10001);
#8113=AXIS2_PLACEMENT_3D('',#12280,#10002,#10003);
#8114=AXIS2_PLACEMENT_3D('',#12283,#10005,#10006);
#8115=AXIS2_PLACEMENT_3D('',#12284,#10007,#10008);
#8116=AXIS2_PLACEMENT_3D('',#12285,#10009,#10010);
#8117=AXIS2_PLACEMENT_3D('',#12286,#10011,#10012);
#8118=AXIS2_PLACEMENT_3D('',#12288,#10014,#10015);
#8119=AXIS2_PLACEMENT_3D('',#12291,#10018,#10019);
#8120=AXIS2_PLACEMENT_3D('',#12294,#10022,#10023);
#8121=AXIS2_PLACEMENT_3D('',#12295,#10024,#10025);
#8122=AXIS2_PLACEMENT_3D('',#12297,#10027,#10028);
#8123=AXIS2_PLACEMENT_3D('',#12308,#10035,#10036);
#8124=AXIS2_PLACEMENT_3D('',#12317,#10041,#10042);
#8125=AXIS2_PLACEMENT_3D('',#12323,#10046,#10047);
#8126=AXIS2_PLACEMENT_3D('',#12329,#10051,#10052);
#8127=AXIS2_PLACEMENT_3D('',#12338,#10057,#10058);
#8128=AXIS2_PLACEMENT_3D('',#12344,#10062,#10063);
#8129=AXIS2_PLACEMENT_3D('',#12352,#10069,#10070);
#8130=AXIS2_PLACEMENT_3D('',#12355,#10073,#10074);
#8131=AXIS2_PLACEMENT_3D('',#12358,#10077,#10078);
#8132=AXIS2_PLACEMENT_3D('',#12360,#10080,#10081);
#8133=AXIS2_PLACEMENT_3D('',#12362,#10083,#10084);
#8134=AXIS2_PLACEMENT_3D('',#12365,#10087,#10088);
#8135=AXIS2_PLACEMENT_3D('',#12366,#10089,#10090);
#8136=AXIS2_PLACEMENT_3D('',#12367,#10091,#10092);
#8137=AXIS2_PLACEMENT_3D('',#12368,#10093,#10094);
#8138=AXIS2_PLACEMENT_3D('',#12369,#10095,#10096);
#8139=AXIS2_PLACEMENT_3D('',#12372,#10099,#10100);
#8140=AXIS2_PLACEMENT_3D('',#12373,#10101,#10102);
#8141=AXIS2_PLACEMENT_3D('',#12375,#10104,#10105);
#8142=AXIS2_PLACEMENT_3D('',#12377,#10107,#10108);
#8143=AXIS2_PLACEMENT_3D('',#12378,#10109,#10110);
#8144=AXIS2_PLACEMENT_3D('',#12379,#10111,#10112);
#8145=AXIS2_PLACEMENT_3D('',#12382,#10115,#10116);
#8146=AXIS2_PLACEMENT_3D('',#12384,#10118,#10119);
#8147=AXIS2_PLACEMENT_3D('',#12387,#10122,#10123);
#8148=AXIS2_PLACEMENT_3D('',#12389,#10125,#10126);
#8149=AXIS2_PLACEMENT_3D('',#12391,#10128,#10129);
#8150=AXIS2_PLACEMENT_3D('',#12392,#10130,#10131);
#8151=AXIS2_PLACEMENT_3D('',#12394,#10133,#10134);
#8152=AXIS2_PLACEMENT_3D('',#12395,#10135,#10136);
#8153=AXIS2_PLACEMENT_3D('',#12396,#10137,#10138);
#8154=AXIS2_PLACEMENT_3D('',#12398,#10140,#10141);
#8155=AXIS2_PLACEMENT_3D('',#12400,#10143,#10144);
#8156=AXIS2_PLACEMENT_3D('',#12401,#10145,#10146);
#8157=AXIS2_PLACEMENT_3D('',#12402,#10147,#10148);
#8158=AXIS2_PLACEMENT_3D('',#12404,#10149,#10150);
#8159=AXIS2_PLACEMENT_3D('',#12407,#10152,#10153);
#8160=AXIS2_PLACEMENT_3D('',#12408,#10154,#10155);
#8161=AXIS2_PLACEMENT_3D('',#12409,#10156,#10157);
#8162=AXIS2_PLACEMENT_3D('',#12418,#10162,#10163);
#8163=AXIS2_PLACEMENT_3D('',#12421,#10166,#10167);
#8164=AXIS2_PLACEMENT_3D('',#12423,#10169,#10170);
#8165=AXIS2_PLACEMENT_3D('',#12425,#10172,#10173);
#8166=AXIS2_PLACEMENT_3D('',#12426,#10174,#10175);
#8167=AXIS2_PLACEMENT_3D('',#12428,#10176,#10177);
#8168=AXIS2_PLACEMENT_3D('',#12431,#10179,#10180);
#8169=AXIS2_PLACEMENT_3D('',#12432,#10181,#10182);
#8170=AXIS2_PLACEMENT_3D('',#12433,#10183,#10184);
#8171=AXIS2_PLACEMENT_3D('',#12442,#10189,#10190);
#8172=AXIS2_PLACEMENT_3D('',#12445,#10193,#10194);
#8173=AXIS2_PLACEMENT_3D('',#12447,#10196,#10197);
#8174=AXIS2_PLACEMENT_3D('',#12449,#10199,#10200);
#8175=AXIS2_PLACEMENT_3D('',#12450,#10201,#10202);
#8176=DIRECTION('axis',(0.,0.,1.));
#8177=DIRECTION('refdir',(1.,0.,0.));
#8178=DIRECTION('axis',(0.,0.,1.));
#8179=DIRECTION('refdir',(1.,0.,0.));
#8180=DIRECTION('axis',(0.,0.,1.));
#8181=DIRECTION('refdir',(1.,0.,0.));
#8182=DIRECTION('axis',(0.,0.,1.));
#8183=DIRECTION('refdir',(1.,0.,0.));
#8184=DIRECTION('center_axis',(0.,-0.990268068741466,0.13917310096081));
#8185=DIRECTION('ref_axis',(0.,-0.13917310096081,-0.990268068741466));
#8186=DIRECTION('',(1.,1.110223024625E-16,0.));
#8187=DIRECTION('',(-0.0694186808304365,0.138837361660873,0.987879159492096));
#8188=DIRECTION('',(1.,1.110223024625E-16,0.));
#8189=DIRECTION('',(0.0694186808304365,0.138837361660873,0.987879159492096));
#8190=DIRECTION('center_axis',(0.,0.,-1.));
#8191=DIRECTION('ref_axis',(0.370454302631933,-0.928850692878833,0.));
#8192=DIRECTION('',(0.707106781186548,-0.707106781186548,0.));
#8193=DIRECTION('',(1.110223024625E-16,-1.,0.));
#8194=DIRECTION('',(-0.707106781186548,-0.707106781186548,0.));
#8195=DIRECTION('',(-1.,-1.110223024625E-16,0.));
#8196=DIRECTION('',(-0.707106781186548,0.707106781186548,0.));
#8197=DIRECTION('',(-1.110223024625E-16,1.,0.));
#8198=DIRECTION('',(0.707106781186548,0.707106781186548,0.));
#8199=DIRECTION('center_axis',(-0.699379129651724,-0.699379129651722,0.147436989982832));
#8200=DIRECTION('ref_axis',(0.206277448965606,0.,0.978493543181682));
#8201=DIRECTION('',(0.707106781186548,-0.707106781186548,0.));
#8202=DIRECTION('',(0.138837361660873,0.069418680830437,0.987879159492096));
#8203=DIRECTION('center_axis',(1.110223024625E-16,-1.,0.));
#8204=DIRECTION('ref_axis',(1.,1.110223024625E-16,0.));
#8205=DIRECTION('',(0.,0.,1.));
#8206=DIRECTION('',(1.,1.110223024625E-16,0.));
#8207=DIRECTION('',(0.,0.,1.));
#8208=DIRECTION('center_axis',(0.699379129651724,-0.699379129651722,0.147436989982832));
#8209=DIRECTION('ref_axis',(0.206277448965606,0.,-0.978493543181682));
#8210=DIRECTION('',(-0.138837361660873,0.069418680830437,0.987879159492096));
#8211=DIRECTION('',(0.707106781186548,0.707106781186548,0.));
#8212=DIRECTION('center_axis',(0.990268068741466,0.,0.139173100960809));
#8213=DIRECTION('ref_axis',(0.139173100960809,0.,-0.990268068741466));
#8214=DIRECTION('',(-0.138837361660873,-0.069418680830437,0.987879159492096));
#8215=DIRECTION('',(-1.110223024625E-16,1.,0.));
#8216=DIRECTION('',(1.144237745222E-17,1.,0.));
#8217=DIRECTION('',(-1.110223024625E-16,1.,0.));
#8218=DIRECTION('',(1.144237745222E-17,1.,0.));
#8219=DIRECTION('',(-1.110223024625E-16,1.,0.));
#8220=DIRECTION('center_axis',(-0.990268068741466,0.,0.139173100960809));
#8221=DIRECTION('ref_axis',(0.139173100960809,0.,0.990268068741466));
#8222=DIRECTION('',(1.110223024625E-16,-1.,0.));
#8223=DIRECTION('',(1.110223024625E-16,-1.,0.));
#8224=DIRECTION('',(1.110223024625E-16,-1.,0.));
#8225=DIRECTION('',(0.138837361660873,-0.069418680830437,0.987879159492096));
#8226=DIRECTION('center_axis',(0.699379129651724,0.699379129651722,0.147436989982832));
#8227=DIRECTION('ref_axis',(0.206277448965606,0.,-0.978493543181682));
#8228=DIRECTION('',(-0.0694186808304365,-0.138837361660873,0.987879159492096));
#8229=DIRECTION('',(-0.707106781186548,0.707106781186548,0.));
#8230=DIRECTION('center_axis',(-0.699379129651724,0.699379129651722,0.147436989982832));
#8231=DIRECTION('ref_axis',(0.206277448965606,0.,0.978493543181682));
#8232=DIRECTION('',(-0.707106781186548,-0.707106781186548,0.));
#8233=DIRECTION('',(0.0694186808304365,-0.138837361660873,0.987879159492096));
#8234=DIRECTION('center_axis',(0.,0.990268068741466,0.13917310096081));
#8235=DIRECTION('ref_axis',(0.,-0.13917310096081,0.990268068741466));
#8236=DIRECTION('',(-1.,-1.110223024625E-16,0.));
#8237=DIRECTION('center_axis',(-0.707106781186548,-0.707106781186548,0.));
#8238=DIRECTION('ref_axis',(0.707106781186548,-0.707106781186548,0.));
#8239=DIRECTION('',(0.707106781186548,-0.707106781186548,0.));
#8240=DIRECTION('',(0.,0.,1.));
#8241=DIRECTION('center_axis',(1.022886882533E-31,-6.310887241768E-27,-1.));
#8242=DIRECTION('ref_axis',(1.,1.217738924546E-16,1.02288688252532E-31));
#8243=DIRECTION('',(0.707106781186548,0.707106781186548,0.));
#8244=DIRECTION('',(-1.110223024625E-16,1.,0.));
#8245=DIRECTION('',(1.,-1.144237745222E-17,0.));
#8246=DIRECTION('',(-1.110223024625E-16,1.,0.));
#8247=DIRECTION('',(0.707106781186548,0.707106781186548,0.));
#8248=DIRECTION('',(1.,1.110223024625E-16,0.));
#8249=DIRECTION('',(0.707106781186548,-0.707106781186548,0.));
#8250=DIRECTION('',(1.110223024625E-16,-1.,0.));
#8251=DIRECTION('',(-1.,-1.110223024625E-16,0.));
#8252=DIRECTION('',(1.110223024625E-16,-1.,0.));
#8253=DIRECTION('center_axis',(0.707106781186548,-0.707106781186548,0.));
#8254=DIRECTION('ref_axis',(0.707106781186548,0.707106781186548,0.));
#8255=DIRECTION('',(0.,0.,1.));
#8256=DIRECTION('center_axis',(1.,1.110223024625E-16,0.));
#8257=DIRECTION('ref_axis',(-1.110223024625E-16,1.,0.));
#8258=DIRECTION('',(0.,0.,1.));
#8259=DIRECTION('',(-1.110223024625E-16,1.,0.));
#8260=DIRECTION('',(0.,0.,1.));
#8261=DIRECTION('center_axis',(-1.144237745222E-17,-1.,0.));
#8262=DIRECTION('ref_axis',(2.22044604925E-15,-2.54071818078092E-32,1.));
#8263=DIRECTION('center_axis',(-1.144237745222E-17,-1.,-5.473822126269E-48));
#8264=DIRECTION('ref_axis',(2.22044604925E-15,-2.54071818078092E-32,1.));
#8265=DIRECTION('',(1.144237745222E-17,1.,0.));
#8266=DIRECTION('center_axis',(-1.144237745222E-17,-1.,-5.473822126269E-48));
#8267=DIRECTION('ref_axis',(2.22044604925E-15,-2.54071818078092E-32,1.));
#8268=DIRECTION('center_axis',(1.,1.110223024625E-16,0.));
#8269=DIRECTION('ref_axis',(-1.110223024625E-16,1.,0.));
#8270=DIRECTION('',(0.,0.,1.));
#8271=DIRECTION('',(-1.110223024625E-16,1.,0.));
#8272=DIRECTION('',(0.,0.,1.));
#8273=DIRECTION('center_axis',(-1.144237745222E-17,-1.,0.));
#8274=DIRECTION('ref_axis',(2.22044604925E-15,-2.54071818078092E-32,1.));
#8275=DIRECTION('center_axis',(-1.144237745222E-17,-1.,-5.473822126269E-48));
#8276=DIRECTION('ref_axis',(2.22044604925E-15,-2.54071818078092E-32,1.));
#8277=DIRECTION('',(1.144237745222E-17,1.,0.));
#8278=DIRECTION('center_axis',(-1.144237745222E-17,-1.,-5.473822126269E-48));
#8279=DIRECTION('ref_axis',(2.22044604925E-15,-2.54071818078092E-32,1.));
#8280=DIRECTION('center_axis',(1.,1.110223024625E-16,0.));
#8281=DIRECTION('ref_axis',(-1.110223024625E-16,1.,0.));
#8282=DIRECTION('',(0.,0.,1.));
#8283=DIRECTION('center_axis',(-1.,-1.110223024625E-16,0.));
#8284=DIRECTION('ref_axis',(1.110223024625E-16,-1.,0.));
#8285=DIRECTION('',(0.,0.,1.));
#8286=DIRECTION('center_axis',(-1.110223024625E-16,1.,0.));
#8287=DIRECTION('ref_axis',(-2.22044604925E-15,-2.46519032881497E-31,1.));
#8288=DIRECTION('center_axis',(-1.110223024625E-16,1.,0.));
#8289=DIRECTION('ref_axis',(-2.22044604925E-15,-2.46519032881497E-31,1.));
#8290=DIRECTION('',(1.110223024625E-16,-1.,0.));
#8291=DIRECTION('center_axis',(-1.110223024625E-16,1.,0.));
#8292=DIRECTION('ref_axis',(-2.22044604925E-15,-2.46519032881497E-31,1.));
#8293=DIRECTION('center_axis',(-1.,-1.110223024625E-16,0.));
#8294=DIRECTION('ref_axis',(1.110223024625E-16,-1.,0.));
#8295=DIRECTION('',(0.,0.,1.));
#8296=DIRECTION('',(1.110223024625E-16,-1.,0.));
#8297=DIRECTION('',(0.,0.,1.));
#8298=DIRECTION('center_axis',(0.707106781186548,0.707106781186548,0.));
#8299=DIRECTION('ref_axis',(-0.707106781186548,0.707106781186548,0.));
#8300=DIRECTION('',(0.,0.,1.));
#8301=DIRECTION('',(-0.707106781186548,0.707106781186548,0.));
#8302=DIRECTION('center_axis',(-0.707106781186548,0.707106781186548,0.));
#8303=DIRECTION('ref_axis',(-0.707106781186548,-0.707106781186548,0.));
#8304=DIRECTION('',(-0.707106781186548,-0.707106781186548,0.));
#8305=DIRECTION('',(0.,0.,1.));
#8306=DIRECTION('center_axis',(-1.110223024625E-16,1.,0.));
#8307=DIRECTION('ref_axis',(-1.,-1.110223024625E-16,0.));
#8308=DIRECTION('',(-1.,-1.110223024625E-16,0.));
#8309=DIRECTION('center_axis',(0.,0.,-1.));
#8310=DIRECTION('ref_axis',(1.,-1.144237745222E-17,0.));
#8311=DIRECTION('',(1.,-1.144237745222E-17,0.));
#8312=DIRECTION('',(-1.110223024625E-16,1.,0.));
#8313=DIRECTION('',(1.144237745222E-17,1.,0.));
#8314=DIRECTION('center_axis',(0.990268068741466,0.,-0.13917310096081));
#8315=DIRECTION('ref_axis',(-0.13917310096081,0.,-0.990268068741466));
#8316=DIRECTION('',(-1.110223024625E-16,1.,0.));
#8317=DIRECTION('',(0.138837361660873,0.069418680830437,0.987879159492096));
#8318=DIRECTION('',(-1.110223024625E-16,1.,0.));
#8319=DIRECTION('',(0.138837361660873,-0.069418680830437,0.987879159492096));
#8320=DIRECTION('',(-1.110223024625E-16,1.,0.));
#8321=DIRECTION('',(-1.110223024625E-16,1.,0.));
#8322=DIRECTION('center_axis',(0.699379129651723,-0.699379129651722,-0.147436989982832));
#8323=DIRECTION('ref_axis',(-0.206277448965606,0.,-0.978493543181682));
#8324=DIRECTION('',(0.707106781186548,0.707106781186548,0.));
#8325=DIRECTION('',(0.0694186808304366,-0.138837361660873,0.987879159492096));
#8326=DIRECTION('center_axis',(0.,-0.990268068741466,-0.13917310096081));
#8327=DIRECTION('ref_axis',(0.,0.13917310096081,-0.990268068741466));
#8328=DIRECTION('',(1.,1.110223024625E-16,0.));
#8329=DIRECTION('',(-0.0694186808304366,-0.138837361660873,0.987879159492096));
#8330=DIRECTION('center_axis',(-0.699379129651723,-0.699379129651722,-0.147436989982832));
#8331=DIRECTION('ref_axis',(-0.206277448965606,0.,0.978493543181682));
#8332=DIRECTION('',(0.707106781186548,-0.707106781186548,0.));
#8333=DIRECTION('',(-0.138837361660873,-0.069418680830437,0.987879159492096));
#8334=DIRECTION('center_axis',(-0.990268068741466,0.,-0.13917310096081));
#8335=DIRECTION('ref_axis',(-0.13917310096081,0.,0.990268068741466));
#8336=DIRECTION('',(1.110223024625E-16,-1.,0.));
#8337=DIRECTION('',(-0.138837361660873,0.069418680830437,0.987879159492096));
#8338=DIRECTION('',(1.110223024625E-16,-1.,0.));
#8339=DIRECTION('',(1.110223024625E-16,-1.,0.));
#8340=DIRECTION('center_axis',(0.,0.,-1.));
#8341=DIRECTION('ref_axis',(-1.,-1.110223024625E-16,0.));
#8342=DIRECTION('',(-1.,-1.110223024625E-16,0.));
#8343=DIRECTION('',(1.110223024625E-16,-1.,0.));
#8344=DIRECTION('center_axis',(1.022886882533E-31,-6.310887241768E-27,-1.));
#8345=DIRECTION('ref_axis',(1.,1.217738924546E-16,1.02288688252532E-31));
#8346=DIRECTION('',(-0.707106781186548,-0.707106781186548,0.));
#8347=DIRECTION('',(-1.,-1.110223024625E-16,0.));
#8348=DIRECTION('',(-0.707106781186548,0.707106781186548,0.));
#8349=DIRECTION('',(1.,-1.144237745222E-17,0.));
#8350=DIRECTION('center_axis',(1.144237745222E-17,1.,0.));
#8351=DIRECTION('ref_axis',(0.,0.,1.));
#8352=DIRECTION('center_axis',(1.144237745222E-17,1.,0.));
#8353=DIRECTION('ref_axis',(-0.98480775301219,1.12685420278381E-17,0.173648177667033));
#8354=DIRECTION('',(0.155518033909023,-1.77949604460927E-18,0.987833053268148));
#8355=DIRECTION('center_axis',(-1.144237745222E-17,-1.,1.094764425254E-47));
#8356=DIRECTION('ref_axis',(-2.22044604925E-15,2.54071818078092E-32,-1.));
#8357=DIRECTION('',(1.,-1.144237745222E-17,0.));
#8358=DIRECTION('',(0.,0.,1.));
#8359=DIRECTION('',(-1.,1.144237745222E-17,0.));
#8360=DIRECTION('center_axis',(1.144237745222E-17,1.,3.851859888774E-34));
#8361=DIRECTION('ref_axis',(0.98480775301219,-1.12685420278381E-17,-0.173648177667033));
#8362=DIRECTION('',(-0.155518033909023,1.77949604460927E-18,-0.987833053268148));
#8363=DIRECTION('center_axis',(-0.987833053268148,1.13031586552717E-17,
0.155518033909023));
#8364=DIRECTION('ref_axis',(-0.155518033909023,1.77949604460927E-18,-0.987833053268148));
#8365=DIRECTION('',(1.144237745222E-17,1.,0.));
#8366=DIRECTION('',(-0.155518033909023,1.77949604460927E-18,-0.987833053268148));
#8367=DIRECTION('center_axis',(1.144237745222E-17,1.,0.));
#8368=DIRECTION('ref_axis',(0.,0.,1.));
#8369=DIRECTION('center_axis',(1.144237745222E-17,1.,3.851859888774E-34));
#8370=DIRECTION('ref_axis',(0.98480775301219,-1.12685420278381E-17,-0.173648177667033));
#8371=DIRECTION('',(-1.,1.144237745222E-17,0.));
#8372=DIRECTION('',(0.,0.,1.));
#8373=DIRECTION('',(1.,-1.144237745222E-17,0.));
#8374=DIRECTION('center_axis',(-1.144237745222E-17,-1.,1.094764425254E-47));
#8375=DIRECTION('ref_axis',(-2.22044604925E-15,2.54071818078092E-32,-1.));
#8376=DIRECTION('',(0.155518033909023,-1.77949604460927E-18,0.987833053268148));
#8377=DIRECTION('center_axis',(1.144237745222E-17,1.,0.));
#8378=DIRECTION('ref_axis',(-0.98480775301219,1.12685420278381E-17,0.173648177667033));
#8379=DIRECTION('center_axis',(1.022886882533E-31,-6.310887241768E-27,-1.));
#8380=DIRECTION('ref_axis',(1.,1.217738924546E-16,1.02288688252532E-31));
#8381=DIRECTION('',(1.,-1.144237745222E-17,0.));
#8382=DIRECTION('center_axis',(1.144237745222E-17,1.,0.));
#8383=DIRECTION('ref_axis',(0.,0.,1.));
#8384=DIRECTION('center_axis',(1.144237745222E-17,1.,0.));
#8385=DIRECTION('ref_axis',(-0.98480775301219,1.12685420278381E-17,0.173648177667033));
#8386=DIRECTION('',(0.155518033909023,-1.77949604460927E-18,0.987833053268148));
#8387=DIRECTION('center_axis',(-1.144237745222E-17,-1.,1.094764425254E-47));
#8388=DIRECTION('ref_axis',(-2.22044604925E-15,2.54071818078092E-32,-1.));
#8389=DIRECTION('',(1.,-1.144237745222E-17,0.));
#8390=DIRECTION('',(0.,0.,1.));
#8391=DIRECTION('',(-1.,1.144237745222E-17,0.));
#8392=DIRECTION('center_axis',(1.144237745222E-17,1.,3.851859888774E-34));
#8393=DIRECTION('ref_axis',(0.98480775301219,-1.12685420278381E-17,-0.173648177667033));
#8394=DIRECTION('',(-0.155518033909023,1.77949604460927E-18,-0.987833053268148));
#8395=DIRECTION('center_axis',(-0.987833053268148,1.13031586552717E-17,
0.155518033909023));
#8396=DIRECTION('ref_axis',(-0.155518033909023,1.77949604460927E-18,-0.987833053268148));
#8397=DIRECTION('',(1.144237745222E-17,1.,0.));
#8398=DIRECTION('',(-0.155518033909023,1.77949604460927E-18,-0.987833053268148));
#8399=DIRECTION('center_axis',(1.144237745222E-17,1.,0.));
#8400=DIRECTION('ref_axis',(0.,0.,1.));
#8401=DIRECTION('center_axis',(1.144237745222E-17,1.,3.851859888774E-34));
#8402=DIRECTION('ref_axis',(0.98480775301219,-1.12685420278381E-17,-0.173648177667033));
#8403=DIRECTION('',(-1.,1.144237745222E-17,0.));
#8404=DIRECTION('',(0.,0.,1.));
#8405=DIRECTION('',(1.,-1.144237745222E-17,0.));
#8406=DIRECTION('center_axis',(-1.144237745222E-17,-1.,1.094764425254E-47));
#8407=DIRECTION('ref_axis',(-2.22044604925E-15,2.54071818078092E-32,-1.));
#8408=DIRECTION('',(0.155518033909023,-1.77949604460927E-18,0.987833053268148));
#8409=DIRECTION('center_axis',(1.144237745222E-17,1.,0.));
#8410=DIRECTION('ref_axis',(-0.98480775301219,1.12685420278381E-17,0.173648177667033));
#8411=DIRECTION('center_axis',(1.110223024625E-16,-1.,0.));
#8412=DIRECTION('ref_axis',(0.,0.,1.));
#8413=DIRECTION('center_axis',(1.110223024625E-16,-1.,0.));
#8414=DIRECTION('ref_axis',(0.98480775301219,1.09335624222334E-16,0.173648177667033));
#8415=DIRECTION('',(-0.155518033909023,-1.72659701989726E-17,0.987833053268148));
#8416=DIRECTION('center_axis',(-1.110223024625E-16,1.,0.));
#8417=DIRECTION('ref_axis',(2.22044604925E-15,2.46519032881497E-31,-1.));
#8418=DIRECTION('',(-1.,-1.110223024625E-16,0.));
#8419=DIRECTION('',(0.,0.,1.));
#8420=DIRECTION('',(1.,1.110223024625E-16,0.));
#8421=DIRECTION('center_axis',(1.110223024625E-16,-1.,0.));
#8422=DIRECTION('ref_axis',(-0.98480775301219,-1.09335624222334E-16,-0.173648177667033));
#8423=DIRECTION('',(0.155518033909023,1.72659701989726E-17,-0.987833053268148));
#8424=DIRECTION('center_axis',(0.987833053268148,1.09671500022416E-16,0.155518033909023));
#8425=DIRECTION('ref_axis',(0.155518033909023,1.72659701989726E-17,-0.987833053268148));
#8426=DIRECTION('',(1.110223024625E-16,-1.,0.));
#8427=DIRECTION('',(0.155518033909023,1.72659701989726E-17,-0.987833053268148));
#8428=DIRECTION('center_axis',(1.110223024625E-16,-1.,0.));
#8429=DIRECTION('ref_axis',(0.,0.,1.));
#8430=DIRECTION('center_axis',(1.110223024625E-16,-1.,0.));
#8431=DIRECTION('ref_axis',(-0.98480775301219,-1.09335624222334E-16,-0.173648177667033));
#8432=DIRECTION('',(1.,1.110223024625E-16,0.));
#8433=DIRECTION('',(0.,0.,1.));
#8434=DIRECTION('',(-1.,-1.110223024625E-16,0.));
#8435=DIRECTION('center_axis',(-1.110223024625E-16,1.,0.));
#8436=DIRECTION('ref_axis',(2.22044604925E-15,2.46519032881497E-31,-1.));
#8437=DIRECTION('',(-0.155518033909023,-1.72659701989726E-17,0.987833053268148));
#8438=DIRECTION('center_axis',(1.110223024625E-16,-1.,0.));
#8439=DIRECTION('ref_axis',(0.98480775301219,1.09335624222334E-16,0.173648177667033));
#8440=DIRECTION('center_axis',(-1.144237745222E-17,-1.,0.));
#8441=DIRECTION('ref_axis',(-0.98480775301219,1.12685420278381E-17,0.173648177667033));
#8442=DIRECTION('',(1.144237745222E-17,1.,0.));
#8443=DIRECTION('center_axis',(0.,0.,-1.));
#8444=DIRECTION('ref_axis',(1.,-1.144237745222E-17,0.));
#8445=DIRECTION('',(1.144237745222E-17,1.,0.));
#8446=DIRECTION('center_axis',(0.,0.,1.));
#8447=DIRECTION('ref_axis',(0.36901367924202,-0.92942396382505,0.));
#8448=DIRECTION('',(-0.707106781186548,0.707106781186548,0.));
#8449=DIRECTION('',(-1.,-1.110223024625E-16,0.));
#8450=DIRECTION('',(-0.707106781186548,-0.707106781186548,0.));
#8451=DIRECTION('center_axis',(0.,0.,-1.));
#8452=DIRECTION('ref_axis',(1.110223024625E-16,-1.,0.));
#8453=DIRECTION('center_axis',(0.699379129651723,0.699379129651722,-0.147436989982832));
#8454=DIRECTION('ref_axis',(-0.206277448965606,0.,-0.978493543181682));
#8455=DIRECTION('',(0.0694186808304366,0.138837361660873,0.987879159492096));
#8456=DIRECTION('center_axis',(-0.699379129651723,0.699379129651722,-0.147436989982832));
#8457=DIRECTION('ref_axis',(-0.206277448965606,0.,0.978493543181682));
#8458=DIRECTION('',(-0.0694186808304366,0.138837361660873,0.987879159492096));
#8459=DIRECTION('center_axis',(-1.110223024625E-16,1.,0.));
#8460=DIRECTION('ref_axis',(0.98480775301219,1.09335624222334E-16,0.173648177667033));
#8461=DIRECTION('',(1.110223024625E-16,-1.,0.));
#8462=DIRECTION('center_axis',(0.,0.990268068741466,-0.13917310096081));
#8463=DIRECTION('ref_axis',(0.,0.13917310096081,0.990268068741466));
#8464=DIRECTION('center_axis',(-1.144237745222E-17,-1.,0.));
#8465=DIRECTION('ref_axis',(-0.98480775301219,1.12685420278381E-17,0.173648177667033));
#8466=DIRECTION('',(1.144237745222E-17,1.,0.));
#8467=DIRECTION('center_axis',(0.987833053268148,-1.13031586552717E-17,
-0.155518033909023));
#8468=DIRECTION('ref_axis',(0.155518033909023,-1.77949604460927E-18,0.987833053268148));
#8469=DIRECTION('',(1.144237745222E-17,1.,0.));
#8470=DIRECTION('center_axis',(-1.144237745222E-17,-1.,0.));
#8471=DIRECTION('ref_axis',(-2.22044604925E-15,2.54071818078092E-32,-1.));
#8472=DIRECTION('',(1.144237745222E-17,1.,0.));
#8473=DIRECTION('center_axis',(0.,0.,-1.));
#8474=DIRECTION('ref_axis',(1.,-1.144237745222E-17,0.));
#8475=DIRECTION('',(1.144237745222E-17,1.,0.));
#8476=DIRECTION('center_axis',(1.,-1.144237745222E-17,0.));
#8477=DIRECTION('ref_axis',(0.,0.,1.));
#8478=DIRECTION('',(1.144237745222E-17,1.,0.));
#8479=DIRECTION('center_axis',(0.,0.,1.));
#8480=DIRECTION('ref_axis',(-1.,1.144237745222E-17,0.));
#8481=DIRECTION('',(1.144237745222E-17,1.,0.));
#8482=DIRECTION('center_axis',(-1.144237745222E-17,-1.,0.));
#8483=DIRECTION('ref_axis',(0.98480775301219,-1.12685420278381E-17,-0.173648177667033));
#8484=DIRECTION('center_axis',(0.987833053268148,-1.13031586552717E-17,
-0.155518033909023));
#8485=DIRECTION('ref_axis',(0.155518033909023,-1.77949604460927E-18,0.987833053268148));
#8486=DIRECTION('',(1.144237745222E-17,1.,0.));
#8487=DIRECTION('center_axis',(-1.144237745222E-17,-1.,0.));
#8488=DIRECTION('ref_axis',(-2.22044604925E-15,2.54071818078092E-32,-1.));
#8489=DIRECTION('',(1.144237745222E-17,1.,0.));
#8490=DIRECTION('center_axis',(0.,0.,-1.));
#8491=DIRECTION('ref_axis',(1.,-1.144237745222E-17,0.));
#8492=DIRECTION('',(1.144237745222E-17,1.,0.));
#8493=DIRECTION('center_axis',(1.,-1.144237745222E-17,0.));
#8494=DIRECTION('ref_axis',(0.,0.,1.));
#8495=DIRECTION('',(1.144237745222E-17,1.,0.));
#8496=DIRECTION('center_axis',(0.,0.,1.));
#8497=DIRECTION('ref_axis',(-1.,1.144237745222E-17,0.));
#8498=DIRECTION('',(1.144237745222E-17,1.,0.));
#8499=DIRECTION('center_axis',(-1.144237745222E-17,-1.,0.));
#8500=DIRECTION('ref_axis',(0.98480775301219,-1.12685420278381E-17,-0.173648177667033));
#8501=DIRECTION('center_axis',(-0.987833053268148,-1.09671500022416E-16,
-0.155518033909023));
#8502=DIRECTION('ref_axis',(-0.155518033909023,-1.72659701989726E-17,0.987833053268148));
#8503=DIRECTION('',(1.110223024625E-16,-1.,0.));
#8504=DIRECTION('center_axis',(-1.110223024625E-16,1.,0.));
#8505=DIRECTION('ref_axis',(2.22044604925E-15,2.46519032881497E-31,-1.));
#8506=DIRECTION('',(1.110223024625E-16,-1.,0.));
#8507=DIRECTION('center_axis',(0.,0.,-1.));
#8508=DIRECTION('ref_axis',(-1.,-1.110223024625E-16,0.));
#8509=DIRECTION('',(1.110223024625E-16,-1.,0.));
#8510=DIRECTION('center_axis',(-1.,-1.110223024625E-16,0.));
#8511=DIRECTION('ref_axis',(0.,0.,1.));
#8512=DIRECTION('',(1.110223024625E-16,-1.,0.));
#8513=DIRECTION('center_axis',(0.,0.,1.));
#8514=DIRECTION('ref_axis',(1.,1.110223024625E-16,0.));
#8515=DIRECTION('',(1.110223024625E-16,-1.,0.));
#8516=DIRECTION('center_axis',(-1.110223024625E-16,1.,0.));
#8517=DIRECTION('ref_axis',(-0.98480775301219,-1.09335624222334E-16,-0.173648177667033));
#8518=DIRECTION('center_axis',(0.,0.,-1.));
#8519=DIRECTION('ref_axis',(1.110223024625E-16,-1.,0.));
#8520=DIRECTION('',(0.,0.,1.));
#8521=DIRECTION('',(1.,0.,0.));
#8522=DIRECTION('axis',(0.,0.,1.));
#8523=DIRECTION('refdir',(1.,0.,0.));
#8524=DIRECTION('center_axis',(0.,-1.,0.));
#8525=DIRECTION('ref_axis',(-1.,0.,0.));
#8526=DIRECTION('',(0.,0.,1.));
#8527=DIRECTION('',(-1.,0.,0.));
#8528=DIRECTION('',(0.,0.,1.));
#8529=DIRECTION('',(-1.,0.,0.));
#8530=DIRECTION('center_axis',(1.,0.,0.));
#8531=DIRECTION('ref_axis',(0.,-1.,0.));
#8532=DIRECTION('',(0.,0.,1.));
#8533=DIRECTION('',(0.,-1.,0.));
#8534=DIRECTION('',(0.,-1.,0.));
#8535=DIRECTION('center_axis',(-1.,0.,0.));
#8536=DIRECTION('ref_axis',(0.,1.,0.));
#8537=DIRECTION('',(0.,1.,0.));
#8538=DIRECTION('',(0.,0.,1.));
#8539=DIRECTION('',(0.,1.,0.));
#8540=DIRECTION('center_axis',(0.,0.,1.));
#8541=DIRECTION('ref_axis',(1.,0.,0.));
#8542=DIRECTION('',(1.,0.,0.));
#8543=DIRECTION('center_axis',(0.,0.,-1.));
#8544=DIRECTION('ref_axis',(0.,-1.,0.));
#8545=DIRECTION('center_axis',(0.,0.,-1.));
#8546=DIRECTION('ref_axis',(0.,-1.,0.));
#8547=DIRECTION('center_axis',(0.,0.,-1.));
#8548=DIRECTION('ref_axis',(0.,-1.,0.));
#8549=DIRECTION('center_axis',(0.,0.,-1.));
#8550=DIRECTION('ref_axis',(0.,-1.,0.));
#8551=DIRECTION('center_axis',(0.,0.,-1.));
#8552=DIRECTION('ref_axis',(0.,-1.,0.));
#8553=DIRECTION('center_axis',(0.,0.,-1.));
#8554=DIRECTION('ref_axis',(0.,-1.,0.));
#8555=DIRECTION('center_axis',(0.,0.,-1.));
#8556=DIRECTION('ref_axis',(0.,-1.,0.));
#8557=DIRECTION('center_axis',(0.,0.,-1.));
#8558=DIRECTION('ref_axis',(0.,-1.,0.));
#8559=DIRECTION('center_axis',(0.,0.,-1.));
#8560=DIRECTION('ref_axis',(0.,-1.,0.));
#8561=DIRECTION('center_axis',(0.,0.,-1.));
#8562=DIRECTION('ref_axis',(0.,-1.,0.));
#8563=DIRECTION('center_axis',(0.,0.,-1.));
#8564=DIRECTION('ref_axis',(0.,-1.,0.));
#8565=DIRECTION('center_axis',(0.,0.,-1.));
#8566=DIRECTION('ref_axis',(0.,-1.,0.));
#8567=DIRECTION('center_axis',(0.,0.,-1.));
#8568=DIRECTION('ref_axis',(0.,-1.,0.));
#8569=DIRECTION('center_axis',(0.,0.,-1.));
#8570=DIRECTION('ref_axis',(0.,-1.,0.));
#8571=DIRECTION('center_axis',(0.,0.,-1.));
#8572=DIRECTION('ref_axis',(0.,-1.,0.));
#8573=DIRECTION('center_axis',(0.,0.,-1.));
#8574=DIRECTION('ref_axis',(0.,-1.,0.));
#8575=DIRECTION('center_axis',(0.,0.,-1.));
#8576=DIRECTION('ref_axis',(0.,-1.,0.));
#8577=DIRECTION('center_axis',(0.,0.,-1.));
#8578=DIRECTION('ref_axis',(0.,-1.,0.));
#8579=DIRECTION('center_axis',(0.,0.,-1.));
#8580=DIRECTION('ref_axis',(0.,-1.,0.));
#8581=DIRECTION('center_axis',(0.,0.,-1.));
#8582=DIRECTION('ref_axis',(0.,-1.,0.));
#8583=DIRECTION('center_axis',(0.,0.,-1.));
#8584=DIRECTION('ref_axis',(0.,-1.,0.));
#8585=DIRECTION('center_axis',(0.,0.,-1.));
#8586=DIRECTION('ref_axis',(0.,-1.,0.));
#8587=DIRECTION('center_axis',(0.,0.,-1.));
#8588=DIRECTION('ref_axis',(0.,-1.,0.));
#8589=DIRECTION('center_axis',(0.,0.,-1.));
#8590=DIRECTION('ref_axis',(0.,-1.,0.));
#8591=DIRECTION('center_axis',(0.,0.,-1.));
#8592=DIRECTION('ref_axis',(0.,-1.,0.));
#8593=DIRECTION('center_axis',(0.,0.,-1.));
#8594=DIRECTION('ref_axis',(0.,-1.,0.));
#8595=DIRECTION('center_axis',(0.,0.,-1.));
#8596=DIRECTION('ref_axis',(0.,-1.,0.));
#8597=DIRECTION('center_axis',(0.,0.,-1.));
#8598=DIRECTION('ref_axis',(0.,-1.,0.));
#8599=DIRECTION('center_axis',(0.,0.,-1.));
#8600=DIRECTION('ref_axis',(0.,-1.,0.));
#8601=DIRECTION('center_axis',(0.,0.,-1.));
#8602=DIRECTION('ref_axis',(0.,-1.,0.));
#8603=DIRECTION('center_axis',(0.,0.,-1.));
#8604=DIRECTION('ref_axis',(0.,-1.,0.));
#8605=DIRECTION('center_axis',(0.,0.,-1.));
#8606=DIRECTION('ref_axis',(0.,-1.,0.));
#8607=DIRECTION('center_axis',(0.,0.,-1.));
#8608=DIRECTION('ref_axis',(0.,-1.,0.));
#8609=DIRECTION('center_axis',(0.,0.,-1.));
#8610=DIRECTION('ref_axis',(0.,-1.,0.));
#8611=DIRECTION('center_axis',(0.,0.,-1.));
#8612=DIRECTION('ref_axis',(0.,-1.,0.));
#8613=DIRECTION('center_axis',(0.,0.,-1.));
#8614=DIRECTION('ref_axis',(0.,-1.,0.));
#8615=DIRECTION('center_axis',(0.,0.,-1.));
#8616=DIRECTION('ref_axis',(0.,-1.,0.));
#8617=DIRECTION('center_axis',(0.,0.,-1.));
#8618=DIRECTION('ref_axis',(0.,-1.,0.));
#8619=DIRECTION('center_axis',(0.,0.,-1.));
#8620=DIRECTION('ref_axis',(0.,-1.,0.));
#8621=DIRECTION('center_axis',(0.,0.,-1.));
#8622=DIRECTION('ref_axis',(0.,-1.,0.));
#8623=DIRECTION('center_axis',(0.,0.,-1.));
#8624=DIRECTION('ref_axis',(0.,-1.,0.));
#8625=DIRECTION('center_axis',(0.,0.,-1.));
#8626=DIRECTION('ref_axis',(0.,-1.,0.));
#8627=DIRECTION('',(1.,0.,0.));
#8628=DIRECTION('',(0.,1.,0.));
#8629=DIRECTION('',(-1.,0.,0.));
#8630=DIRECTION('',(0.,-1.,0.));
#8631=DIRECTION('center_axis',(0.,0.,-1.));
#8632=DIRECTION('ref_axis',(0.,-1.,0.));
#8633=DIRECTION('center_axis',(0.,0.,-1.));
#8634=DIRECTION('ref_axis',(0.,-1.,0.));
#8635=DIRECTION('center_axis',(0.,0.,-1.));
#8636=DIRECTION('ref_axis',(0.,-1.,0.));
#8637=DIRECTION('center_axis',(0.,0.,-1.));
#8638=DIRECTION('ref_axis',(0.,-1.,0.));
#8639=DIRECTION('center_axis',(0.,0.,-1.));
#8640=DIRECTION('ref_axis',(0.,-1.,0.));
#8641=DIRECTION('center_axis',(0.,0.,-1.));
#8642=DIRECTION('ref_axis',(0.,1.,0.));
#8643=DIRECTION('',(-1.,0.,0.));
#8644=DIRECTION('center_axis',(0.,0.,-1.));
#8645=DIRECTION('ref_axis',(0.,-1.,0.));
#8646=DIRECTION('',(1.,0.,0.));
#8647=DIRECTION('center_axis',(0.,0.,-1.));
#8648=DIRECTION('ref_axis',(0.,-1.,0.));
#8649=DIRECTION('center_axis',(0.,0.,-1.));
#8650=DIRECTION('ref_axis',(0.,-1.,0.));
#8651=DIRECTION('center_axis',(0.,0.,-1.));
#8652=DIRECTION('ref_axis',(0.,-1.,0.));
#8653=DIRECTION('center_axis',(0.,0.,-1.));
#8654=DIRECTION('ref_axis',(0.,1.,0.));
#8655=DIRECTION('',(-1.,0.,0.));
#8656=DIRECTION('center_axis',(0.,0.,-1.));
#8657=DIRECTION('ref_axis',(0.,-1.,0.));
#8658=DIRECTION('',(1.,0.,0.));
#8659=DIRECTION('center_axis',(0.,0.,-1.));
#8660=DIRECTION('ref_axis',(0.,-1.,0.));
#8661=DIRECTION('center_axis',(0.,0.,-1.));
#8662=DIRECTION('ref_axis',(0.,-1.,0.));
#8663=DIRECTION('center_axis',(0.,0.,-1.));
#8664=DIRECTION('ref_axis',(0.,-1.,0.));
#8665=DIRECTION('center_axis',(0.,0.,-1.));
#8666=DIRECTION('ref_axis',(0.,-1.,0.));
#8667=DIRECTION('center_axis',(0.,0.,1.));
#8668=DIRECTION('ref_axis',(1.,0.,0.));
#8669=DIRECTION('',(1.,0.,0.));
#8670=DIRECTION('center_axis',(0.,0.,-1.));
#8671=DIRECTION('ref_axis',(0.,-1.,0.));
#8672=DIRECTION('center_axis',(0.,0.,-1.));
#8673=DIRECTION('ref_axis',(0.,-1.,0.));
#8674=DIRECTION('center_axis',(0.,0.,-1.));
#8675=DIRECTION('ref_axis',(0.,-1.,0.));
#8676=DIRECTION('center_axis',(0.,0.,-1.));
#8677=DIRECTION('ref_axis',(0.,-1.,0.));
#8678=DIRECTION('center_axis',(0.,0.,-1.));
#8679=DIRECTION('ref_axis',(0.,-1.,0.));
#8680=DIRECTION('center_axis',(0.,0.,-1.));
#8681=DIRECTION('ref_axis',(0.,-1.,0.));
#8682=DIRECTION('center_axis',(0.,0.,-1.));
#8683=DIRECTION('ref_axis',(0.,-1.,0.));
#8684=DIRECTION('center_axis',(0.,0.,-1.));
#8685=DIRECTION('ref_axis',(0.,-1.,0.));
#8686=DIRECTION('center_axis',(0.,0.,-1.));
#8687=DIRECTION('ref_axis',(0.,-1.,0.));
#8688=DIRECTION('center_axis',(0.,0.,-1.));
#8689=DIRECTION('ref_axis',(0.,-1.,0.));
#8690=DIRECTION('center_axis',(0.,0.,-1.));
#8691=DIRECTION('ref_axis',(0.,-1.,0.));
#8692=DIRECTION('center_axis',(0.,0.,-1.));
#8693=DIRECTION('ref_axis',(0.,-1.,0.));
#8694=DIRECTION('center_axis',(0.,0.,-1.));
#8695=DIRECTION('ref_axis',(0.,-1.,0.));
#8696=DIRECTION('center_axis',(0.,0.,-1.));
#8697=DIRECTION('ref_axis',(0.,-1.,0.));
#8698=DIRECTION('center_axis',(0.,0.,-1.));
#8699=DIRECTION('ref_axis',(0.,-1.,0.));
#8700=DIRECTION('center_axis',(0.,0.,-1.));
#8701=DIRECTION('ref_axis',(0.,-1.,0.));
#8702=DIRECTION('center_axis',(0.,0.,-1.));
#8703=DIRECTION('ref_axis',(0.,-1.,0.));
#8704=DIRECTION('center_axis',(0.,0.,-1.));
#8705=DIRECTION('ref_axis',(0.,-1.,0.));
#8706=DIRECTION('center_axis',(0.,0.,-1.));
#8707=DIRECTION('ref_axis',(0.,-1.,0.));
#8708=DIRECTION('center_axis',(0.,0.,-1.));
#8709=DIRECTION('ref_axis',(0.,-1.,0.));
#8710=DIRECTION('center_axis',(0.,0.,-1.));
#8711=DIRECTION('ref_axis',(0.,-1.,0.));
#8712=DIRECTION('center_axis',(0.,0.,-1.));
#8713=DIRECTION('ref_axis',(0.,-1.,0.));
#8714=DIRECTION('center_axis',(0.,0.,-1.));
#8715=DIRECTION('ref_axis',(0.,-1.,0.));
#8716=DIRECTION('center_axis',(0.,0.,-1.));
#8717=DIRECTION('ref_axis',(0.,-1.,0.));
#8718=DIRECTION('center_axis',(0.,0.,-1.));
#8719=DIRECTION('ref_axis',(0.,-1.,0.));
#8720=DIRECTION('center_axis',(0.,0.,-1.));
#8721=DIRECTION('ref_axis',(0.,-1.,0.));
#8722=DIRECTION('center_axis',(0.,0.,-1.));
#8723=DIRECTION('ref_axis',(0.,-1.,0.));
#8724=DIRECTION('center_axis',(0.,0.,-1.));
#8725=DIRECTION('ref_axis',(0.,-1.,0.));
#8726=DIRECTION('center_axis',(0.,0.,-1.));
#8727=DIRECTION('ref_axis',(0.,-1.,0.));
#8728=DIRECTION('center_axis',(0.,0.,-1.));
#8729=DIRECTION('ref_axis',(0.,-1.,0.));
#8730=DIRECTION('center_axis',(0.,0.,-1.));
#8731=DIRECTION('ref_axis',(0.,-1.,0.));
#8732=DIRECTION('center_axis',(0.,0.,-1.));
#8733=DIRECTION('ref_axis',(0.,-1.,0.));
#8734=DIRECTION('center_axis',(0.,0.,-1.));
#8735=DIRECTION('ref_axis',(0.,-1.,0.));
#8736=DIRECTION('center_axis',(0.,0.,-1.));
#8737=DIRECTION('ref_axis',(0.,-1.,0.));
#8738=DIRECTION('center_axis',(0.,0.,-1.));
#8739=DIRECTION('ref_axis',(0.,-1.,0.));
#8740=DIRECTION('center_axis',(0.,0.,-1.));
#8741=DIRECTION('ref_axis',(0.,-1.,0.));
#8742=DIRECTION('center_axis',(0.,0.,-1.));
#8743=DIRECTION('ref_axis',(0.,-1.,0.));
#8744=DIRECTION('center_axis',(0.,0.,-1.));
#8745=DIRECTION('ref_axis',(0.,-1.,0.));
#8746=DIRECTION('center_axis',(0.,0.,-1.));
#8747=DIRECTION('ref_axis',(0.,-1.,0.));
#8748=DIRECTION('center_axis',(0.,0.,-1.));
#8749=DIRECTION('ref_axis',(0.,-1.,0.));
#8750=DIRECTION('center_axis',(0.,0.,-1.));
#8751=DIRECTION('ref_axis',(0.,-1.,0.));
#8752=DIRECTION('center_axis',(0.,0.,-1.));
#8753=DIRECTION('ref_axis',(0.,-1.,0.));
#8754=DIRECTION('',(1.,0.,0.));
#8755=DIRECTION('',(0.,-1.,0.));
#8756=DIRECTION('',(-1.,0.,0.));
#8757=DIRECTION('',(0.,1.,0.));
#8758=DIRECTION('center_axis',(0.,0.,-1.));
#8759=DIRECTION('ref_axis',(0.,-1.,0.));
#8760=DIRECTION('center_axis',(0.,0.,-1.));
#8761=DIRECTION('ref_axis',(0.,-1.,0.));
#8762=DIRECTION('center_axis',(0.,0.,-1.));
#8763=DIRECTION('ref_axis',(0.,-1.,0.));
#8764=DIRECTION('center_axis',(0.,0.,-1.));
#8765=DIRECTION('ref_axis',(0.,-1.,0.));
#8766=DIRECTION('center_axis',(0.,0.,-1.));
#8767=DIRECTION('ref_axis',(0.,-1.,0.));
#8768=DIRECTION('center_axis',(0.,0.,-1.));
#8769=DIRECTION('ref_axis',(0.,1.,0.));
#8770=DIRECTION('',(1.,0.,0.));
#8771=DIRECTION('center_axis',(0.,0.,-1.));
#8772=DIRECTION('ref_axis',(0.,-1.,0.));
#8773=DIRECTION('',(-1.,0.,0.));
#8774=DIRECTION('center_axis',(0.,0.,-1.));
#8775=DIRECTION('ref_axis',(0.,-1.,0.));
#8776=DIRECTION('center_axis',(0.,0.,-1.));
#8777=DIRECTION('ref_axis',(0.,-1.,0.));
#8778=DIRECTION('center_axis',(0.,0.,-1.));
#8779=DIRECTION('ref_axis',(0.,-1.,0.));
#8780=DIRECTION('center_axis',(0.,0.,-1.));
#8781=DIRECTION('ref_axis',(0.,1.,0.));
#8782=DIRECTION('',(1.,0.,0.));
#8783=DIRECTION('center_axis',(0.,0.,-1.));
#8784=DIRECTION('ref_axis',(0.,-1.,0.));
#8785=DIRECTION('',(-1.,0.,0.));
#8786=DIRECTION('center_axis',(0.,0.,-1.));
#8787=DIRECTION('ref_axis',(0.,-1.,0.));
#8788=DIRECTION('center_axis',(0.,0.,-1.));
#8789=DIRECTION('ref_axis',(0.,-1.,0.));
#8790=DIRECTION('center_axis',(0.,0.,-1.));
#8791=DIRECTION('ref_axis',(0.,-1.,0.));
#8792=DIRECTION('center_axis',(0.,0.,-1.));
#8793=DIRECTION('ref_axis',(0.,-1.,0.));
#8794=DIRECTION('center_axis',(0.,1.,0.));
#8795=DIRECTION('ref_axis',(1.,0.,0.));
#8796=DIRECTION('center_axis',(0.,0.,-1.));
#8797=DIRECTION('ref_axis',(0.,-1.,0.));
#8798=DIRECTION('',(0.,0.,-1.));
#8799=DIRECTION('center_axis',(0.,0.,-1.));
#8800=DIRECTION('ref_axis',(0.,-1.,0.));
#8801=DIRECTION('',(0.,0.,-1.));
#8802=DIRECTION('center_axis',(0.,0.,-1.));
#8803=DIRECTION('ref_axis',(0.,-1.,0.));
#8804=DIRECTION('',(0.,0.,-1.));
#8805=DIRECTION('center_axis',(0.,0.,-1.));
#8806=DIRECTION('ref_axis',(0.,-1.,0.));
#8807=DIRECTION('',(0.,0.,-1.));
#8808=DIRECTION('center_axis',(0.,0.,-1.));
#8809=DIRECTION('ref_axis',(0.,-1.,0.));
#8810=DIRECTION('',(0.,0.,-1.));
#8811=DIRECTION('center_axis',(0.,0.,-1.));
#8812=DIRECTION('ref_axis',(0.,-1.,0.));
#8813=DIRECTION('',(0.,0.,-1.));
#8814=DIRECTION('center_axis',(0.,0.,-1.));
#8815=DIRECTION('ref_axis',(0.,-1.,0.));
#8816=DIRECTION('',(0.,0.,-1.));
#8817=DIRECTION('center_axis',(0.,0.,-1.));
#8818=DIRECTION('ref_axis',(0.,-1.,0.));
#8819=DIRECTION('',(0.,0.,-1.));
#8820=DIRECTION('center_axis',(0.,0.,-1.));
#8821=DIRECTION('ref_axis',(0.,-1.,0.));
#8822=DIRECTION('',(0.,0.,-1.));
#8823=DIRECTION('center_axis',(0.,0.,-1.));
#8824=DIRECTION('ref_axis',(0.,-1.,0.));
#8825=DIRECTION('',(0.,0.,-1.));
#8826=DIRECTION('center_axis',(0.,0.,-1.));
#8827=DIRECTION('ref_axis',(0.,-1.,0.));
#8828=DIRECTION('',(0.,0.,-1.));
#8829=DIRECTION('center_axis',(0.,0.,-1.));
#8830=DIRECTION('ref_axis',(0.,-1.,0.));
#8831=DIRECTION('',(0.,0.,-1.));
#8832=DIRECTION('center_axis',(0.,0.,-1.));
#8833=DIRECTION('ref_axis',(0.,-1.,0.));
#8834=DIRECTION('',(0.,0.,-1.));
#8835=DIRECTION('center_axis',(0.,0.,-1.));
#8836=DIRECTION('ref_axis',(0.,-1.,0.));
#8837=DIRECTION('',(0.,0.,-1.));
#8838=DIRECTION('center_axis',(0.,0.,-1.));
#8839=DIRECTION('ref_axis',(0.,-1.,0.));
#8840=DIRECTION('',(0.,0.,-1.));
#8841=DIRECTION('center_axis',(0.,0.,-1.));
#8842=DIRECTION('ref_axis',(0.,-1.,0.));
#8843=DIRECTION('',(0.,0.,-1.));
#8844=DIRECTION('center_axis',(0.,0.,-1.));
#8845=DIRECTION('ref_axis',(0.,-1.,0.));
#8846=DIRECTION('',(0.,0.,-1.));
#8847=DIRECTION('center_axis',(0.,0.,-1.));
#8848=DIRECTION('ref_axis',(0.,-1.,0.));
#8849=DIRECTION('',(0.,0.,-1.));
#8850=DIRECTION('center_axis',(0.,0.,-1.));
#8851=DIRECTION('ref_axis',(0.,-1.,0.));
#8852=DIRECTION('',(0.,0.,-1.));
#8853=DIRECTION('center_axis',(0.,0.,-1.));
#8854=DIRECTION('ref_axis',(0.,-1.,0.));
#8855=DIRECTION('',(0.,0.,-1.));
#8856=DIRECTION('center_axis',(0.,0.,-1.));
#8857=DIRECTION('ref_axis',(0.,-1.,0.));
#8858=DIRECTION('',(0.,0.,-1.));
#8859=DIRECTION('center_axis',(0.,0.,-1.));
#8860=DIRECTION('ref_axis',(0.,-1.,0.));
#8861=DIRECTION('',(0.,0.,-1.));
#8862=DIRECTION('center_axis',(0.,0.,-1.));
#8863=DIRECTION('ref_axis',(0.,-1.,0.));
#8864=DIRECTION('',(0.,0.,-1.));
#8865=DIRECTION('center_axis',(0.,0.,-1.));
#8866=DIRECTION('ref_axis',(0.,-1.,0.));
#8867=DIRECTION('',(0.,0.,-1.));
#8868=DIRECTION('center_axis',(0.,0.,-1.));
#8869=DIRECTION('ref_axis',(0.,-1.,0.));
#8870=DIRECTION('',(0.,0.,-1.));
#8871=DIRECTION('center_axis',(0.,0.,-1.));
#8872=DIRECTION('ref_axis',(0.,-1.,0.));
#8873=DIRECTION('',(0.,0.,-1.));
#8874=DIRECTION('center_axis',(0.,0.,-1.));
#8875=DIRECTION('ref_axis',(0.,-1.,0.));
#8876=DIRECTION('',(0.,0.,-1.));
#8877=DIRECTION('center_axis',(0.,0.,-1.));
#8878=DIRECTION('ref_axis',(0.,-1.,0.));
#8879=DIRECTION('',(0.,0.,-1.));
#8880=DIRECTION('center_axis',(0.,0.,-1.));
#8881=DIRECTION('ref_axis',(0.,-1.,0.));
#8882=DIRECTION('',(0.,0.,-1.));
#8883=DIRECTION('center_axis',(0.,0.,-1.));
#8884=DIRECTION('ref_axis',(0.,-1.,0.));
#8885=DIRECTION('',(0.,0.,-1.));
#8886=DIRECTION('center_axis',(0.,0.,-1.));
#8887=DIRECTION('ref_axis',(0.,-1.,0.));
#8888=DIRECTION('',(0.,0.,-1.));
#8889=DIRECTION('center_axis',(0.,0.,-1.));
#8890=DIRECTION('ref_axis',(0.,-1.,0.));
#8891=DIRECTION('',(0.,0.,-1.));
#8892=DIRECTION('center_axis',(0.,0.,-1.));
#8893=DIRECTION('ref_axis',(0.,-1.,0.));
#8894=DIRECTION('',(0.,0.,-1.));
#8895=DIRECTION('center_axis',(0.,0.,-1.));
#8896=DIRECTION('ref_axis',(0.,-1.,0.));
#8897=DIRECTION('',(0.,0.,-1.));
#8898=DIRECTION('center_axis',(0.,0.,-1.));
#8899=DIRECTION('ref_axis',(0.,-1.,0.));
#8900=DIRECTION('',(0.,0.,-1.));
#8901=DIRECTION('center_axis',(0.,0.,-1.));
#8902=DIRECTION('ref_axis',(0.,-1.,0.));
#8903=DIRECTION('',(0.,0.,-1.));
#8904=DIRECTION('center_axis',(0.,0.,-1.));
#8905=DIRECTION('ref_axis',(0.,-1.,0.));
#8906=DIRECTION('',(0.,0.,-1.));
#8907=DIRECTION('center_axis',(0.,0.,-1.));
#8908=DIRECTION('ref_axis',(0.,-1.,0.));
#8909=DIRECTION('',(0.,0.,-1.));
#8910=DIRECTION('center_axis',(0.,0.,-1.));
#8911=DIRECTION('ref_axis',(0.,-1.,0.));
#8912=DIRECTION('',(0.,0.,-1.));
#8913=DIRECTION('center_axis',(0.,0.,-1.));
#8914=DIRECTION('ref_axis',(0.,-1.,0.));
#8915=DIRECTION('',(0.,0.,-1.));
#8916=DIRECTION('center_axis',(0.,0.,-1.));
#8917=DIRECTION('ref_axis',(0.,-1.,0.));
#8918=DIRECTION('',(0.,0.,-1.));
#8919=DIRECTION('center_axis',(0.,0.,-1.));
#8920=DIRECTION('ref_axis',(0.,-1.,0.));
#8921=DIRECTION('',(0.,0.,-1.));
#8922=DIRECTION('center_axis',(0.,1.,0.));
#8923=DIRECTION('ref_axis',(1.,0.,0.));
#8924=DIRECTION('',(0.,0.,1.));
#8925=DIRECTION('',(0.,0.,1.));
#8926=DIRECTION('center_axis',(1.,0.,0.));
#8927=DIRECTION('ref_axis',(0.,-1.,0.));
#8928=DIRECTION('',(0.,0.,1.));
#8929=DIRECTION('center_axis',(-1.,0.,0.));
#8930=DIRECTION('ref_axis',(0.,1.,0.));
#8931=DIRECTION('',(0.,0.,1.));
#8932=DIRECTION('center_axis',(0.,-1.,0.));
#8933=DIRECTION('ref_axis',(-1.,0.,0.));
#8934=DIRECTION('center_axis',(0.,0.,-1.));
#8935=DIRECTION('ref_axis',(0.,-1.,0.));
#8936=DIRECTION('',(0.,0.,-1.));
#8937=DIRECTION('center_axis',(0.,0.,-1.));
#8938=DIRECTION('ref_axis',(0.,-1.,0.));
#8939=DIRECTION('',(0.,0.,-1.));
#8940=DIRECTION('center_axis',(0.,0.,-1.));
#8941=DIRECTION('ref_axis',(0.,-1.,0.));
#8942=DIRECTION('',(0.,0.,-1.));
#8943=DIRECTION('center_axis',(0.,0.,-1.));
#8944=DIRECTION('ref_axis',(0.,-1.,0.));
#8945=DIRECTION('',(0.,0.,-1.));
#8946=DIRECTION('center_axis',(0.,0.,-1.));
#8947=DIRECTION('ref_axis',(0.,-1.,0.));
#8948=DIRECTION('',(0.,0.,-1.));
#8949=DIRECTION('center_axis',(0.,0.,-1.));
#8950=DIRECTION('ref_axis',(0.,1.,0.));
#8951=DIRECTION('',(0.,0.,1.));
#8952=DIRECTION('',(0.,0.,1.));
#8953=DIRECTION('center_axis',(0.,1.,0.));
#8954=DIRECTION('ref_axis',(1.,0.,0.));
#8955=DIRECTION('',(0.,0.,1.));
#8956=DIRECTION('center_axis',(0.,0.,-1.));
#8957=DIRECTION('ref_axis',(0.,-1.,0.));
#8958=DIRECTION('',(0.,0.,1.));
#8959=DIRECTION('center_axis',(0.,-1.,0.));
#8960=DIRECTION('ref_axis',(-1.,0.,0.));
#8961=DIRECTION('center_axis',(0.,0.,-1.));
#8962=DIRECTION('ref_axis',(0.,-1.,0.));
#8963=DIRECTION('',(0.,0.,-1.));
#8964=DIRECTION('center_axis',(0.,0.,-1.));
#8965=DIRECTION('ref_axis',(0.,-1.,0.));
#8966=DIRECTION('',(0.,0.,-1.));
#8967=DIRECTION('center_axis',(0.,0.,-1.));
#8968=DIRECTION('ref_axis',(0.,-1.,0.));
#8969=DIRECTION('',(0.,0.,-1.));
#8970=DIRECTION('center_axis',(0.,0.,-1.));
#8971=DIRECTION('ref_axis',(0.,1.,0.));
#8972=DIRECTION('',(0.,0.,1.));
#8973=DIRECTION('',(0.,0.,1.));
#8974=DIRECTION('center_axis',(0.,1.,0.));
#8975=DIRECTION('ref_axis',(1.,0.,0.));
#8976=DIRECTION('',(0.,0.,1.));
#8977=DIRECTION('center_axis',(0.,0.,-1.));
#8978=DIRECTION('ref_axis',(0.,-1.,0.));
#8979=DIRECTION('',(0.,0.,1.));
#8980=DIRECTION('center_axis',(0.,-1.,0.));
#8981=DIRECTION('ref_axis',(-1.,0.,0.));
#8982=DIRECTION('center_axis',(0.,0.,-1.));
#8983=DIRECTION('ref_axis',(0.,-1.,0.));
#8984=DIRECTION('',(0.,0.,-1.));
#8985=DIRECTION('center_axis',(0.,0.,-1.));
#8986=DIRECTION('ref_axis',(0.,-1.,0.));
#8987=DIRECTION('',(0.,0.,-1.));
#8988=DIRECTION('center_axis',(0.,0.,-1.));
#8989=DIRECTION('ref_axis',(0.,-1.,0.));
#8990=DIRECTION('',(0.,0.,-1.));
#8991=DIRECTION('center_axis',(0.,0.,-1.));
#8992=DIRECTION('ref_axis',(0.,-1.,0.));
#8993=DIRECTION('',(0.,0.,-1.));
#8994=DIRECTION('axis',(0.,0.,1.));
#8995=DIRECTION('refdir',(1.,0.,0.));
#8996=DIRECTION('axis',(0.,0.,1.));
#8997=DIRECTION('refdir',(1.,0.,0.));
#8998=DIRECTION('center_axis',(1.,0.,0.));
#8999=DIRECTION('ref_axis',(0.,0.,1.));
#9000=DIRECTION('',(0.,0.,1.));
#9001=DIRECTION('',(0.,1.,0.));
#9002=DIRECTION('',(0.,0.,1.));
#9003=DIRECTION('',(0.,1.,0.));
#9004=DIRECTION('center_axis',(0.,1.,0.));
#9005=DIRECTION('ref_axis',(0.,0.,1.));
#9006=DIRECTION('',(1.,0.,0.));
#9007=DIRECTION('center_axis',(0.,1.,0.));
#9008=DIRECTION('ref_axis',(0.,0.,1.));
#9009=DIRECTION('',(1.,0.,0.));
#9010=DIRECTION('',(0.,0.,1.));
#9011=DIRECTION('',(1.,0.,0.));
#9012=DIRECTION('center_axis',(0.,-1.,0.));
#9013=DIRECTION('ref_axis',(0.,0.,1.));
#9014=DIRECTION('',(1.,0.,0.));
#9015=DIRECTION('center_axis',(0.,1.,0.));
#9016=DIRECTION('ref_axis',(0.,0.,1.));
#9017=DIRECTION('center_axis',(0.,-1.,0.));
#9018=DIRECTION('ref_axis',(0.,0.,1.));
#9019=DIRECTION('center_axis',(0.,1.,0.));
#9020=DIRECTION('ref_axis',(-1.,0.,0.));
#9021=DIRECTION('center_axis',(0.,-1.,0.));
#9022=DIRECTION('ref_axis',(0.,0.,1.));
#9023=DIRECTION('',(0.,1.,0.));
#9024=DIRECTION('center_axis',(0.,1.,0.));
#9025=DIRECTION('ref_axis',(-1.,0.,0.));
#9026=DIRECTION('',(0.,1.,0.));
#9027=DIRECTION('center_axis',(0.,1.,0.));
#9028=DIRECTION('ref_axis',(0.,0.,1.));
#9029=DIRECTION('center_axis',(0.,1.,0.));
#9030=DIRECTION('ref_axis',(0.,0.,1.));
#9031=DIRECTION('',(1.,0.,0.));
#9032=DIRECTION('',(1.,0.,0.));
#9033=DIRECTION('center_axis',(0.,-1.,0.));
#9034=DIRECTION('ref_axis',(0.,0.,1.));
#9035=DIRECTION('',(1.,0.,0.));
#9036=DIRECTION('',(0.,0.,1.));
#9037=DIRECTION('',(1.,0.,0.));
#9038=DIRECTION('center_axis',(0.,1.,0.));
#9039=DIRECTION('ref_axis',(0.,0.,1.));
#9040=DIRECTION('center_axis',(0.,0.,1.));
#9041=DIRECTION('ref_axis',(1.,0.,0.));
#9042=DIRECTION('',(0.,1.,0.));
#9043=DIRECTION('center_axis',(0.,1.,0.));
#9044=DIRECTION('ref_axis',(1.,0.,0.));
#9045=DIRECTION('',(0.,1.,0.));
#9046=DIRECTION('center_axis',(0.,1.,0.));
#9047=DIRECTION('ref_axis',(0.,0.,1.));
#9048=DIRECTION('',(1.,0.,0.));
#9049=DIRECTION('',(1.,0.,0.));
#9050=DIRECTION('',(0.,0.,1.));
#9051=DIRECTION('',(1.,0.,0.));
#9052=DIRECTION('',(1.,0.,0.));
#9053=DIRECTION('center_axis',(0.,0.,1.));
#9054=DIRECTION('ref_axis',(1.,0.,0.));
#9055=DIRECTION('',(0.,1.,0.));
#9056=DIRECTION('center_axis',(0.,1.,0.));
#9057=DIRECTION('ref_axis',(1.,0.,0.));
#9058=DIRECTION('',(0.,1.,0.));
#9059=DIRECTION('center_axis',(0.,1.,0.));
#9060=DIRECTION('ref_axis',(0.,0.,1.));
#9061=DIRECTION('',(1.,0.,0.));
#9062=DIRECTION('',(1.,0.,0.));
#9063=DIRECTION('',(0.,0.,1.));
#9064=DIRECTION('',(1.,0.,0.));
#9065=DIRECTION('',(1.,0.,0.));
#9066=DIRECTION('center_axis',(0.,0.,1.));
#9067=DIRECTION('ref_axis',(1.,0.,0.));
#9068=DIRECTION('',(0.,1.,0.));
#9069=DIRECTION('center_axis',(0.,1.,0.));
#9070=DIRECTION('ref_axis',(0.,0.,1.));
#9071=DIRECTION('',(1.,0.,0.));
#9072=DIRECTION('center_axis',(0.,1.,0.));
#9073=DIRECTION('ref_axis',(0.,0.,1.));
#9074=DIRECTION('',(0.,0.,1.));
#9075=DIRECTION('center_axis',(0.,-1.,0.));
#9076=DIRECTION('ref_axis',(0.,0.,1.));
#9077=DIRECTION('',(1.,0.,0.));
#9078=DIRECTION('center_axis',(0.,1.,0.));
#9079=DIRECTION('ref_axis',(0.,0.,1.));
#9080=DIRECTION('center_axis',(0.,-1.,0.));
#9081=DIRECTION('ref_axis',(0.,0.,1.));
#9082=DIRECTION('center_axis',(0.,1.,0.));
#9083=DIRECTION('ref_axis',(0.,0.,1.));
#9084=DIRECTION('',(0.,0.,1.));
#9085=DIRECTION('',(1.,0.,0.));
#9086=DIRECTION('',(0.,0.,1.));
#9087=DIRECTION('center_axis',(1.,0.,0.));
#9088=DIRECTION('ref_axis',(0.,0.,1.));
#9089=DIRECTION('',(0.,1.,0.));
#9090=DIRECTION('',(0.,0.,1.));
#9091=DIRECTION('center_axis',(0.,1.,0.));
#9092=DIRECTION('ref_axis',(0.,0.,1.));
#9093=DIRECTION('',(1.,0.,0.));
#9094=DIRECTION('center_axis',(0.,-1.,0.));
#9095=DIRECTION('ref_axis',(0.,0.,1.));
#9096=DIRECTION('center_axis',(0.,1.,0.));
#9097=DIRECTION('ref_axis',(0.,0.,1.));
#9098=DIRECTION('',(1.,0.,0.));
#9099=DIRECTION('center_axis',(0.,-1.,0.));
#9100=DIRECTION('ref_axis',(0.,0.,1.));
#9101=DIRECTION('',(0.,0.,1.));
#9102=DIRECTION('center_axis',(0.,1.,0.));
#9103=DIRECTION('ref_axis',(0.,0.,1.));
#9104=DIRECTION('center_axis',(0.,1.,0.));
#9105=DIRECTION('ref_axis',(0.,0.,1.));
#9106=DIRECTION('',(1.,0.,0.));
#9107=DIRECTION('',(0.,0.,1.));
#9108=DIRECTION('center_axis',(0.,1.,0.));
#9109=DIRECTION('ref_axis',(-1.,0.,0.));
#9110=DIRECTION('',(0.,1.,0.));
#9111=DIRECTION('center_axis',(0.,0.,1.));
#9112=DIRECTION('ref_axis',(1.,0.,0.));
#9113=DIRECTION('',(0.,1.,0.));
#9114=DIRECTION('center_axis',(0.,1.,0.));
#9115=DIRECTION('ref_axis',(1.,0.,0.));
#9116=DIRECTION('',(0.,1.,0.));
#9117=DIRECTION('center_axis',(1.,0.,0.));
#9118=DIRECTION('ref_axis',(0.,0.,1.));
#9119=DIRECTION('',(0.,1.,0.));
#9120=DIRECTION('center_axis',(0.,1.,0.));
#9121=DIRECTION('ref_axis',(1.,0.,0.));
#9122=DIRECTION('',(0.,1.,0.));
#9123=DIRECTION('center_axis',(0.,0.,1.));
#9124=DIRECTION('ref_axis',(1.,0.,0.));
#9125=DIRECTION('',(0.,1.,0.));
#9126=DIRECTION('center_axis',(0.,1.,0.));
#9127=DIRECTION('ref_axis',(-1.,0.,0.));
#9128=DIRECTION('',(0.,1.,0.));
#9129=DIRECTION('center_axis',(1.,0.,0.));
#9130=DIRECTION('ref_axis',(0.,0.,1.));
#9131=DIRECTION('',(0.,1.,0.));
#9132=DIRECTION('center_axis',(0.,0.,1.));
#9133=DIRECTION('ref_axis',(1.,0.,0.));
#9134=DIRECTION('',(0.,0.,1.));
#9135=DIRECTION('',(1.,0.,0.));
#9136=DIRECTION('axis',(0.,0.,1.));
#9137=DIRECTION('refdir',(1.,0.,0.));
#9138=DIRECTION('axis',(0.,0.,1.));
#9139=DIRECTION('refdir',(1.,0.,0.));
#9140=DIRECTION('center_axis',(1.,0.,0.));
#9141=DIRECTION('ref_axis',(0.,0.,1.));
#9142=DIRECTION('',(0.,0.,1.));
#9143=DIRECTION('center_axis',(-1.,0.,0.));
#9144=DIRECTION('ref_axis',(0.,0.,1.));
#9145=DIRECTION('',(0.,1.,0.));
#9146=DIRECTION('center_axis',(1.,0.,0.));
#9147=DIRECTION('ref_axis',(0.,0.,1.));
#9148=DIRECTION('',(0.,0.,1.));
#9149=DIRECTION('center_axis',(-1.,0.,0.));
#9150=DIRECTION('ref_axis',(0.,0.,1.));
#9151=DIRECTION('',(0.,1.,0.));
#9152=DIRECTION('center_axis',(1.,0.,0.));
#9153=DIRECTION('ref_axis',(0.,0.,1.));
#9154=DIRECTION('center_axis',(0.,1.,0.));
#9155=DIRECTION('ref_axis',(0.,0.,1.));
#9156=DIRECTION('',(0.,0.,1.));
#9157=DIRECTION('',(1.,0.,0.));
#9158=DIRECTION('',(1.,0.,0.));
#9159=DIRECTION('center_axis',(1.,0.,0.));
#9160=DIRECTION('ref_axis',(0.,-1.,0.));
#9161=DIRECTION('',(1.,0.,0.));
#9162=DIRECTION('center_axis',(1.,0.,0.));
#9163=DIRECTION('ref_axis',(0.,0.,1.));
#9164=DIRECTION('center_axis',(1.,0.,0.));
#9165=DIRECTION('ref_axis',(0.,-1.,0.));
#9166=DIRECTION('center_axis',(-1.,0.,0.));
#9167=DIRECTION('ref_axis',(0.,0.,1.));
#9168=DIRECTION('',(1.,0.,0.));
#9169=DIRECTION('center_axis',(0.,0.,1.));
#9170=DIRECTION('ref_axis',(1.,0.,0.));
#9171=DIRECTION('',(1.,0.,0.));
#9172=DIRECTION('',(0.,1.,0.));
#9173=DIRECTION('center_axis',(0.,0.,1.));
#9174=DIRECTION('ref_axis',(1.,0.,0.));
#9175=DIRECTION('',(0.,1.,0.));
#9176=DIRECTION('',(1.,0.,0.));
#9177=DIRECTION('center_axis',(1.,0.,0.));
#9178=DIRECTION('ref_axis',(0.,1.,0.));
#9179=DIRECTION('',(1.,0.,0.));
#9180=DIRECTION('center_axis',(-1.,0.,0.));
#9181=DIRECTION('ref_axis',(0.,0.,1.));
#9182=DIRECTION('center_axis',(1.,0.,0.));
#9183=DIRECTION('ref_axis',(0.,1.,0.));
#9184=DIRECTION('center_axis',(1.,0.,0.));
#9185=DIRECTION('ref_axis',(0.,0.,1.));
#9186=DIRECTION('',(1.,0.,0.));
#9187=DIRECTION('center_axis',(0.,1.,0.));
#9188=DIRECTION('ref_axis',(0.,0.,1.));
#9189=DIRECTION('',(0.,0.,1.));
#9190=DIRECTION('center_axis',(1.,0.,0.));
#9191=DIRECTION('ref_axis',(0.,0.,1.));
#9192=DIRECTION('center_axis',(1.,0.,0.));
#9193=DIRECTION('ref_axis',(0.,0.,1.));
#9194=DIRECTION('',(0.,0.,1.));
#9195=DIRECTION('center_axis',(-1.,0.,0.));
#9196=DIRECTION('ref_axis',(0.,0.,1.));
#9197=DIRECTION('',(0.,1.,0.));
#9198=DIRECTION('center_axis',(1.,0.,0.));
#9199=DIRECTION('ref_axis',(0.,0.,1.));
#9200=DIRECTION('',(0.,0.,1.));
#9201=DIRECTION('center_axis',(-1.,0.,0.));
#9202=DIRECTION('ref_axis',(0.,0.,1.));
#9203=DIRECTION('',(0.,1.,0.));
#9204=DIRECTION('center_axis',(1.,0.,0.));
#9205=DIRECTION('ref_axis',(0.,-1.,0.));
#9206=DIRECTION('',(1.,0.,0.));
#9207=DIRECTION('center_axis',(1.,0.,0.));
#9208=DIRECTION('ref_axis',(0.,0.,1.));
#9209=DIRECTION('',(1.,0.,0.));
#9210=DIRECTION('center_axis',(0.,0.,1.));
#9211=DIRECTION('ref_axis',(1.,0.,0.));
#9212=DIRECTION('',(1.,0.,0.));
#9213=DIRECTION('',(0.,1.,0.));
#9214=DIRECTION('center_axis',(1.,0.,0.));
#9215=DIRECTION('ref_axis',(0.,1.,0.));
#9216=DIRECTION('',(1.,0.,0.));
#9217=DIRECTION('center_axis',(-1.,0.,0.));
#9218=DIRECTION('ref_axis',(0.,0.,1.));
#9219=DIRECTION('center_axis',(0.,1.,0.));
#9220=DIRECTION('ref_axis',(0.,0.,1.));
#9221=DIRECTION('',(0.,0.,1.));
#9222=DIRECTION('',(1.,0.,0.));
#9223=DIRECTION('center_axis',(1.,0.,0.));
#9224=DIRECTION('ref_axis',(0.,1.,0.));
#9225=DIRECTION('',(1.,0.,0.));
#9226=DIRECTION('center_axis',(1.,0.,0.));
#9227=DIRECTION('ref_axis',(0.,0.,1.));
#9228=DIRECTION('center_axis',(0.,0.,1.));
#9229=DIRECTION('ref_axis',(1.,0.,0.));
#9230=DIRECTION('',(1.,0.,0.));
#9231=DIRECTION('',(0.,1.,0.));
#9232=DIRECTION('center_axis',(1.,0.,0.));
#9233=DIRECTION('ref_axis',(0.,-1.,0.));
#9234=DIRECTION('',(1.,0.,0.));
#9235=DIRECTION('center_axis',(-1.,0.,0.));
#9236=DIRECTION('ref_axis',(0.,0.,1.));
#9237=DIRECTION('center_axis',(0.,1.,0.));
#9238=DIRECTION('ref_axis',(0.,0.,1.));
#9239=DIRECTION('',(0.,0.,1.));
#9240=DIRECTION('center_axis',(1.,0.,0.));
#9241=DIRECTION('ref_axis',(0.,0.,1.));
#9242=DIRECTION('',(0.,0.,1.));
#9243=DIRECTION('center_axis',(-1.,0.,0.));
#9244=DIRECTION('ref_axis',(0.,0.,1.));
#9245=DIRECTION('',(0.,1.,0.));
#9246=DIRECTION('center_axis',(1.,0.,0.));
#9247=DIRECTION('ref_axis',(0.,0.,1.));
#9248=DIRECTION('',(0.,0.,1.));
#9249=DIRECTION('center_axis',(-1.,0.,0.));
#9250=DIRECTION('ref_axis',(0.,0.,1.));
#9251=DIRECTION('',(0.,1.,0.));
#9252=DIRECTION('center_axis',(1.,0.,0.));
#9253=DIRECTION('ref_axis',(0.,0.,1.));
#9254=DIRECTION('center_axis',(0.,1.,0.));
#9255=DIRECTION('ref_axis',(0.,0.,1.));
#9256=DIRECTION('',(0.,0.,1.));
#9257=DIRECTION('',(1.,0.,0.));
#9258=DIRECTION('',(1.,0.,0.));
#9259=DIRECTION('center_axis',(1.,0.,0.));
#9260=DIRECTION('ref_axis',(0.,-1.,0.));
#9261=DIRECTION('',(1.,0.,0.));
#9262=DIRECTION('center_axis',(1.,0.,0.));
#9263=DIRECTION('ref_axis',(0.,0.,1.));
#9264=DIRECTION('center_axis',(1.,0.,0.));
#9265=DIRECTION('ref_axis',(0.,-1.,0.));
#9266=DIRECTION('center_axis',(-1.,0.,0.));
#9267=DIRECTION('ref_axis',(0.,0.,1.));
#9268=DIRECTION('',(1.,0.,0.));
#9269=DIRECTION('center_axis',(0.,0.,1.));
#9270=DIRECTION('ref_axis',(1.,0.,0.));
#9271=DIRECTION('',(1.,0.,0.));
#9272=DIRECTION('',(0.,1.,0.));
#9273=DIRECTION('center_axis',(0.,0.,1.));
#9274=DIRECTION('ref_axis',(1.,0.,0.));
#9275=DIRECTION('',(0.,1.,0.));
#9276=DIRECTION('',(1.,0.,0.));
#9277=DIRECTION('center_axis',(1.,0.,0.));
#9278=DIRECTION('ref_axis',(0.,1.,0.));
#9279=DIRECTION('',(1.,0.,0.));
#9280=DIRECTION('center_axis',(-1.,0.,0.));
#9281=DIRECTION('ref_axis',(0.,0.,1.));
#9282=DIRECTION('center_axis',(1.,0.,0.));
#9283=DIRECTION('ref_axis',(0.,1.,0.));
#9284=DIRECTION('center_axis',(1.,0.,0.));
#9285=DIRECTION('ref_axis',(0.,0.,1.));
#9286=DIRECTION('',(1.,0.,0.));
#9287=DIRECTION('center_axis',(0.,1.,0.));
#9288=DIRECTION('ref_axis',(0.,0.,1.));
#9289=DIRECTION('',(0.,0.,1.));
#9290=DIRECTION('center_axis',(1.,0.,0.));
#9291=DIRECTION('ref_axis',(0.,0.,1.));
#9292=DIRECTION('',(0.,0.,1.));
#9293=DIRECTION('',(1.,0.,0.));
#9294=DIRECTION('',(0.,0.,1.));
#9295=DIRECTION('',(1.,0.,0.));
#9296=DIRECTION('',(0.,0.,1.));
#9297=DIRECTION('',(1.110223024625E-16,-1.,0.));
#9298=DIRECTION('',(0.,0.,1.));
#9299=DIRECTION('',(1.110223024625E-16,-1.,0.));
#9300=DIRECTION('',(0.,0.,1.));
#9301=DIRECTION('',(1.,0.,0.));
#9302=DIRECTION('',(0.,0.,1.));
#9303=DIRECTION('',(1.110223024625E-16,1.,0.));
#9304=DIRECTION('',(0.,0.,1.));
#9305=DIRECTION('',(1.110223024625E-16,1.,0.));
#9306=DIRECTION('',(0.,0.,1.));
#9307=DIRECTION('',(1.110223024625E-16,1.,0.));
#9308=DIRECTION('',(0.,0.,1.));
#9309=DIRECTION('',(1.110223024625E-16,-1.,0.));
#9310=DIRECTION('',(0.,0.,1.));
#9311=DIRECTION('',(1.110223024625E-16,-1.,0.));
#9312=DIRECTION('',(0.,0.,1.));
#9313=DIRECTION('',(1.110223024625E-16,-1.,0.));
#9314=DIRECTION('',(0.,0.,1.));
#9315=DIRECTION('',(1.110223024625E-16,1.,0.));
#9316=DIRECTION('',(0.,0.,1.));
#9317=DIRECTION('',(1.110223024625E-16,1.,0.));
#9318=DIRECTION('',(0.,0.,1.));
#9319=DIRECTION('',(1.110223024625E-16,-1.,0.));
#9320=DIRECTION('center_axis',(0.,1.,-2.22044604925032E-16));
#9321=DIRECTION('ref_axis',(0.,-2.22044604925032E-16,-1.));
#9322=DIRECTION('center_axis',(0.,1.,-2.22044604925032E-16));
#9323=DIRECTION('ref_axis',(0.,-2.22044604925032E-16,-1.));
#9324=DIRECTION('center_axis',(0.,-1.,2.22044604925032E-16));
#9325=DIRECTION('ref_axis',(0.,0.,1.));
#9326=DIRECTION('center_axis',(0.,1.,-2.22044604925032E-16));
#9327=DIRECTION('ref_axis',(0.,-2.22044604925032E-16,-1.));
#9328=DIRECTION('center_axis',(0.,1.,-2.22044604925032E-16));
#9329=DIRECTION('ref_axis',(0.,-2.22044604925032E-16,-1.));
#9330=DIRECTION('',(0.,1.,-2.22044604925032E-16));
#9331=DIRECTION('center_axis',(0.,1.,-2.22044604925032E-16));
#9332=DIRECTION('ref_axis',(0.,-2.22044604925032E-16,-1.));
#9333=DIRECTION('center_axis',(0.,1.,-2.22044604925032E-16));
#9334=DIRECTION('ref_axis',(0.,-2.22044604925032E-16,-1.));
#9335=DIRECTION('center_axis',(0.,-1.,2.22044604925032E-16));
#9336=DIRECTION('ref_axis',(0.,0.,1.));
#9337=DIRECTION('center_axis',(0.,1.,-2.22044604925032E-16));
#9338=DIRECTION('ref_axis',(0.,-2.22044604925032E-16,-1.));
#9339=DIRECTION('center_axis',(0.,1.,-2.22044604925032E-16));
#9340=DIRECTION('ref_axis',(0.,-2.22044604925032E-16,-1.));
#9341=DIRECTION('',(0.,1.,-2.22044604925032E-16));
#9342=DIRECTION('center_axis',(0.,-1.,0.));
#9343=DIRECTION('ref_axis',(0.,0.,1.));
#9344=DIRECTION('center_axis',(5.47382212626881E-48,-1.,2.22044604925032E-16));
#9345=DIRECTION('ref_axis',(0.,0.,1.));
#9346=DIRECTION('',(0.,-1.,0.));
#9347=DIRECTION('center_axis',(0.,-1.,0.));
#9348=DIRECTION('ref_axis',(0.,0.,1.));
#9349=DIRECTION('center_axis',(5.47382212626881E-48,-1.,2.22044604925032E-16));
#9350=DIRECTION('ref_axis',(0.,0.,1.));
#9351=DIRECTION('',(0.,-1.,0.));
#9352=DIRECTION('center_axis',(0.,0.,-1.));
#9353=DIRECTION('ref_axis',(-1.,0.,0.));
#9354=DIRECTION('',(0.,1.,0.));
#9355=DIRECTION('',(-1.,0.,0.));
#9356=DIRECTION('',(0.,-1.,0.));
#9357=DIRECTION('',(1.,5.47382212626881E-48,0.));
#9358=DIRECTION('center_axis',(1.,0.,0.));
#9359=DIRECTION('ref_axis',(0.,0.,-1.));
#9360=DIRECTION('',(0.,-2.22044604925032E-16,-1.));
#9361=DIRECTION('',(0.,1.,0.));
#9362=DIRECTION('',(0.,0.,1.));
#9363=DIRECTION('center_axis',(0.,1.,-2.22044604925032E-16));
#9364=DIRECTION('ref_axis',(0.,-2.22044604925032E-16,-1.));
#9365=DIRECTION('center_axis',(0.,1.,-2.22044604925032E-16));
#9366=DIRECTION('ref_axis',(0.,-2.22044604925032E-16,-1.));
#9367=DIRECTION('center_axis',(0.,1.,-2.22044604925032E-16));
#9368=DIRECTION('ref_axis',(0.,-2.22044604925032E-16,-1.));
#9369=DIRECTION('center_axis',(0.,1.,-2.22044604925032E-16));
#9370=DIRECTION('ref_axis',(0.,-2.22044604925032E-16,-1.));
#9371=DIRECTION('center_axis',(0.,1.,-2.22044604925032E-16));
#9372=DIRECTION('ref_axis',(0.,-2.22044604925032E-16,-1.));
#9373=DIRECTION('',(0.,1.,-2.22044604925032E-16));
#9374=DIRECTION('center_axis',(0.,1.,-2.22044604925032E-16));
#9375=DIRECTION('ref_axis',(0.,-2.22044604925032E-16,-1.));
#9376=DIRECTION('',(0.,1.,-2.22044604925032E-16));
#9377=DIRECTION('center_axis',(5.47382212626881E-48,-1.,2.22044604925032E-16));
#9378=DIRECTION('ref_axis',(0.,-2.22044604925032E-16,-1.));
#9379=DIRECTION('center_axis',(0.,1.,-2.22044604925032E-16));
#9380=DIRECTION('ref_axis',(0.,-2.22044604925032E-16,-1.));
#9381=DIRECTION('center_axis',(0.,1.,-2.22044604925032E-16));
#9382=DIRECTION('ref_axis',(0.,-2.22044604925032E-16,-1.));
#9383=DIRECTION('center_axis',(0.,1.,-2.22044604925032E-16));
#9384=DIRECTION('ref_axis',(0.,-2.22044604925032E-16,-1.));
#9385=DIRECTION('center_axis',(0.,1.,-2.22044604925032E-16));
#9386=DIRECTION('ref_axis',(0.,-2.22044604925032E-16,-1.));
#9387=DIRECTION('center_axis',(0.,1.,-2.22044604925032E-16));
#9388=DIRECTION('ref_axis',(0.,-2.22044604925032E-16,-1.));
#9389=DIRECTION('',(0.,1.,-2.22044604925032E-16));
#9390=DIRECTION('center_axis',(0.,1.,-2.22044604925032E-16));
#9391=DIRECTION('ref_axis',(0.,-2.22044604925032E-16,-1.));
#9392=DIRECTION('',(0.,1.,-2.22044604925032E-16));
#9393=DIRECTION('center_axis',(5.47382212626881E-48,-1.,2.22044604925032E-16));
#9394=DIRECTION('ref_axis',(0.,-2.22044604925032E-16,-1.));
#9395=DIRECTION('center_axis',(0.,1.,-2.22044604925032E-16));
#9396=DIRECTION('ref_axis',(0.,-2.22044604925032E-16,-1.));
#9397=DIRECTION('center_axis',(0.,1.,-2.22044604925032E-16));
#9398=DIRECTION('ref_axis',(0.,-2.22044604925032E-16,-1.));
#9399=DIRECTION('center_axis',(0.,1.,-2.22044604925032E-16));
#9400=DIRECTION('ref_axis',(0.,-2.22044604925032E-16,-1.));
#9401=DIRECTION('center_axis',(0.,1.,-2.22044604925032E-16));
#9402=DIRECTION('ref_axis',(0.,-2.22044604925032E-16,-1.));
#9403=DIRECTION('center_axis',(0.,1.,-2.22044604925032E-16));
#9404=DIRECTION('ref_axis',(0.,-2.22044604925032E-16,-1.));
#9405=DIRECTION('',(0.,1.,-2.22044604925032E-16));
#9406=DIRECTION('center_axis',(0.,1.,-2.22044604925032E-16));
#9407=DIRECTION('ref_axis',(0.,-2.22044604925032E-16,-1.));
#9408=DIRECTION('',(0.,1.,-2.22044604925032E-16));
#9409=DIRECTION('center_axis',(5.47382212626881E-48,-1.,2.22044604925032E-16));
#9410=DIRECTION('ref_axis',(0.,-2.22044604925032E-16,-1.));
#9411=DIRECTION('center_axis',(0.,-1.,2.22044604925032E-16));
#9412=DIRECTION('ref_axis',(0.,2.22044604925032E-16,1.));
#9413=DIRECTION('center_axis',(0.,-1.,2.22044604925032E-16));
#9414=DIRECTION('ref_axis',(0.,2.22044604925032E-16,1.));
#9415=DIRECTION('',(0.,-1.,2.22044604925032E-16));
#9416=DIRECTION('center_axis',(0.,-1.,2.22044604925032E-16));
#9417=DIRECTION('ref_axis',(0.,2.22044604925032E-16,1.));
#9418=DIRECTION('center_axis',(0.,-1.,2.22044604925032E-16));
#9419=DIRECTION('ref_axis',(0.,2.22044604925032E-16,1.));
#9420=DIRECTION('center_axis',(0.,-1.,4.93038065763132E-32));
#9421=DIRECTION('ref_axis',(0.,4.93038065763132E-32,1.));
#9422=DIRECTION('center_axis',(0.,-1.,4.93038065763132E-32));
#9423=DIRECTION('ref_axis',(0.,4.93038065763132E-32,1.));
#9424=DIRECTION('',(0.,-1.,4.93038065763132E-32));
#9425=DIRECTION('center_axis',(0.,-1.,4.93038065763132E-32));
#9426=DIRECTION('ref_axis',(0.,4.93038065763132E-32,1.));
#9427=DIRECTION('center_axis',(0.,-1.,4.93038065763132E-32));
#9428=DIRECTION('ref_axis',(0.,4.93038065763132E-32,1.));
#9429=DIRECTION('center_axis',(0.,-1.,4.93038065763132E-32));
#9430=DIRECTION('ref_axis',(0.,4.93038065763132E-32,1.));
#9431=DIRECTION('center_axis',(0.,-1.,4.93038065763132E-32));
#9432=DIRECTION('ref_axis',(0.,4.93038065763132E-32,1.));
#9433=DIRECTION('',(0.,-1.,4.93038065763132E-32));
#9434=DIRECTION('center_axis',(0.,-1.,4.93038065763132E-32));
#9435=DIRECTION('ref_axis',(0.,4.93038065763132E-32,1.));
#9436=DIRECTION('center_axis',(0.,-1.,4.93038065763132E-32));
#9437=DIRECTION('ref_axis',(0.,4.93038065763132E-32,1.));
#9438=DIRECTION('center_axis',(0.,-1.,0.));
#9439=DIRECTION('ref_axis',(-1.,0.,0.));
#9440=DIRECTION('center_axis',(-5.47382212626881E-48,1.,-2.22044604925032E-16));
#9441=DIRECTION('ref_axis',(-1.,0.,0.));
#9442=DIRECTION('',(0.,1.,0.));
#9443=DIRECTION('center_axis',(0.,-1.,4.93038065763132E-32));
#9444=DIRECTION('ref_axis',(-1.,0.,0.));
#9445=DIRECTION('center_axis',(0.,1.,-4.93038065763132E-32));
#9446=DIRECTION('ref_axis',(-1.,0.,0.));
#9447=DIRECTION('center_axis',(0.,-1.,0.));
#9448=DIRECTION('ref_axis',(-1.,0.,0.));
#9449=DIRECTION('center_axis',(-5.47382212626881E-48,1.,-2.22044604925032E-16));
#9450=DIRECTION('ref_axis',(-1.,0.,0.));
#9451=DIRECTION('',(0.,1.,0.));
#9452=DIRECTION('center_axis',(0.,-1.,4.93038065763132E-32));
#9453=DIRECTION('ref_axis',(-1.,0.,0.));
#9454=DIRECTION('center_axis',(0.,1.,-4.93038065763132E-32));
#9455=DIRECTION('ref_axis',(-1.,0.,0.));
#9456=DIRECTION('center_axis',(-1.,0.,0.));
#9457=DIRECTION('ref_axis',(0.,0.,1.));
#9458=DIRECTION('',(0.,-2.22044604925032E-16,-1.));
#9459=DIRECTION('',(0.,1.,0.));
#9460=DIRECTION('',(0.,2.22044604925032E-16,1.));
#9461=DIRECTION('',(0.,-1.,0.));
#9462=DIRECTION('center_axis',(-5.47382212626882E-48,-1.,2.22044604925032E-16));
#9463=DIRECTION('ref_axis',(1.,-5.47382212626882E-48,1.21543267145726E-63));
#9464=DIRECTION('center_axis',(5.47382212626882E-48,1.,-2.22044604925032E-16));
#9465=DIRECTION('ref_axis',(-0.707106781186546,0.,0.707106781186549));
#9466=DIRECTION('',(1.,-5.47382212626882E-48,0.));
#9467=DIRECTION('center_axis',(5.47382212626882E-48,1.,-2.22044604925032E-16));
#9468=DIRECTION('ref_axis',(0.707106781186546,0.,0.707106781186549));
#9469=DIRECTION('',(0.,-2.22044604925032E-16,-1.));
#9470=DIRECTION('center_axis',(5.47382212626882E-48,1.,-2.22044604925032E-16));
#9471=DIRECTION('ref_axis',(0.707106781186547,0.,-0.707106781186547));
#9472=DIRECTION('',(-1.,5.47382212626882E-48,0.));
#9473=DIRECTION('center_axis',(5.47382212626882E-48,1.,-2.22044604925032E-16));
#9474=DIRECTION('ref_axis',(-0.707106781186547,0.,-0.707106781186547));
#9475=DIRECTION('',(0.,2.22044604925032E-16,1.));
#9476=DIRECTION('',(-1.,5.47382212626882E-48,0.));
#9477=DIRECTION('',(1.,-5.47382212626882E-48,0.));
#9478=DIRECTION('',(0.,2.22044604925032E-16,1.));
#9479=DIRECTION('center_axis',(1.,0.,0.));
#9480=DIRECTION('ref_axis',(0.,0.,-1.));
#9481=DIRECTION('',(0.,1.,0.));
#9482=DIRECTION('',(0.,-2.22044604925032E-16,-1.));
#9483=DIRECTION('',(0.,-1.,0.));
#9484=DIRECTION('center_axis',(0.,0.,-1.));
#9485=DIRECTION('ref_axis',(-1.,0.,0.));
#9486=DIRECTION('',(-1.,0.,0.));
#9487=DIRECTION('center_axis',(0.,0.,1.));
#9488=DIRECTION('ref_axis',(1.,0.,0.));
#9489=DIRECTION('',(1.,0.,0.));
#9490=DIRECTION('center_axis',(1.,0.,0.));
#9491=DIRECTION('ref_axis',(0.,1.,-2.22044604925032E-16));
#9492=DIRECTION('',(0.,0.,-1.));
#9493=DIRECTION('',(0.,1.,-2.22044604925032E-16));
#9494=DIRECTION('',(0.,-2.22044604925032E-16,-1.));
#9495=DIRECTION('',(0.,1.,0.));
#9496=DIRECTION('center_axis',(-1.,0.,0.));
#9497=DIRECTION('ref_axis',(0.,-1.,2.22044604925032E-16));
#9498=DIRECTION('',(0.,0.,-1.));
#9499=DIRECTION('',(0.,-1.,0.));
#9500=DIRECTION('',(0.,2.22044604925031E-16,1.));
#9501=DIRECTION('',(0.,1.,-2.22044604925032E-16));
#9502=DIRECTION('center_axis',(0.,2.22044604925032E-16,1.));
#9503=DIRECTION('ref_axis',(0.,1.,-2.22044604925032E-16));
#9504=DIRECTION('',(-1.,0.,0.));
#9505=DIRECTION('',(1.,0.,0.));
#9506=DIRECTION('center_axis',(0.,1.,0.));
#9507=DIRECTION('ref_axis',(0.,0.,1.));
#9508=DIRECTION('',(-1.,0.,0.));
#9509=DIRECTION('',(-1.,0.,0.));
#9510=DIRECTION('',(0.,0.,-1.));
#9511=DIRECTION('center_axis',(-1.,0.,0.));
#9512=DIRECTION('ref_axis',(0.,0.,1.));
#9513=DIRECTION('',(0.,-1.,0.));
#9514=DIRECTION('',(0.,2.22044604925032E-16,1.));
#9515=DIRECTION('center_axis',(0.,0.,1.));
#9516=DIRECTION('ref_axis',(1.,0.,0.));
#9517=DIRECTION('',(1.,5.47382212626881E-48,0.));
#9518=DIRECTION('center_axis',(5.47382212626881E-48,-1.,2.22044604925032E-16));
#9519=DIRECTION('ref_axis',(1.,5.47382212626881E-48,-1.21543267145725E-63));
#9520=DIRECTION('',(1.,5.47382212626881E-48,0.));
#9521=DIRECTION('center_axis',(-5.47382212626881E-48,1.,-2.22044604925032E-16));
#9522=DIRECTION('ref_axis',(-0.707106781186546,0.,0.707106781186549));
#9523=DIRECTION('',(0.,2.22044604925032E-16,1.));
#9524=DIRECTION('center_axis',(-5.47382212626881E-48,1.,-2.22044604925032E-16));
#9525=DIRECTION('ref_axis',(-0.707106781186547,0.,-0.707106781186547));
#9526=DIRECTION('',(-1.,-5.47382212626881E-48,0.));
#9527=DIRECTION('center_axis',(-5.47382212626881E-48,1.,-2.22044604925032E-16));
#9528=DIRECTION('ref_axis',(0.707106781186547,0.,-0.707106781186547));
#9529=DIRECTION('',(0.,-2.22044604925032E-16,-1.));
#9530=DIRECTION('center_axis',(-5.47382212626881E-48,1.,-2.22044604925032E-16));
#9531=DIRECTION('ref_axis',(0.707106781186546,0.,0.707106781186549));
#9532=DIRECTION('center_axis',(-5.47382212626881E-48,1.,-2.22044604925032E-16));
#9533=DIRECTION('ref_axis',(1.,0.,0.));
#9534=DIRECTION('center_axis',(0.,1.,0.));
#9535=DIRECTION('ref_axis',(-0.707106781186546,0.,0.707106781186549));
#9536=DIRECTION('',(0.,1.,0.));
#9537=DIRECTION('',(0.,-1.,0.));
#9538=DIRECTION('center_axis',(-1.,0.,0.));
#9539=DIRECTION('ref_axis',(0.,-2.22044604925032E-16,-1.));
#9540=DIRECTION('',(0.,-1.,0.));
#9541=DIRECTION('center_axis',(0.,1.,0.));
#9542=DIRECTION('ref_axis',(-0.707106781186547,0.,-0.707106781186547));
#9543=DIRECTION('',(0.,1.,0.));
#9544=DIRECTION('center_axis',(0.,0.,1.));
#9545=DIRECTION('ref_axis',(-1.,0.,0.));
#9546=DIRECTION('',(0.,1.,0.));
#9547=DIRECTION('center_axis',(0.,0.,-1.));
#9548=DIRECTION('ref_axis',(1.,0.,0.));
#9549=DIRECTION('',(0.,-1.,0.));
#9550=DIRECTION('center_axis',(0.,1.,0.));
#9551=DIRECTION('ref_axis',(0.707106781186547,0.,-0.707106781186547));
#9552=DIRECTION('',(0.,1.,0.));
#9553=DIRECTION('center_axis',(1.,0.,0.));
#9554=DIRECTION('ref_axis',(0.,2.22044604925032E-16,1.));
#9555=DIRECTION('',(0.,-1.,0.));
#9556=DIRECTION('center_axis',(0.,1.,0.));
#9557=DIRECTION('ref_axis',(0.707106781186546,0.,0.707106781186549));
#9558=DIRECTION('center_axis',(0.,0.,-1.));
#9559=DIRECTION('ref_axis',(-1.,0.,0.));
#9560=DIRECTION('',(-1.,0.,0.));
#9561=DIRECTION('center_axis',(0.,-1.,2.22044604925032E-16));
#9562=DIRECTION('ref_axis',(0.,2.22044604925032E-16,1.));
#9563=DIRECTION('center_axis',(0.,-1.,0.));
#9564=DIRECTION('ref_axis',(1.,0.,0.));
#9565=DIRECTION('',(0.,1.,0.));
#9566=DIRECTION('center_axis',(0.,1.,-2.22044604925032E-16));
#9567=DIRECTION('ref_axis',(1.,0.,0.));
#9568=DIRECTION('center_axis',(0.,-1.,2.22044604925032E-16));
#9569=DIRECTION('ref_axis',(1.,0.,0.));
#9570=DIRECTION('center_axis',(1.897114247248E-17,-1.,-2.03422927774842E-16));
#9571=DIRECTION('ref_axis',(-1.05879118406296E-21,-2.03422927774842E-16,
1.));
#9572=DIRECTION('center_axis',(0.,1.,-2.22044604925031E-16));
#9573=DIRECTION('ref_axis',(-1.05879118406296E-21,-2.03422927774842E-16,
1.));
#9574=DIRECTION('',(1.897114247248E-17,-1.,-2.03422927774842E-16));
#9575=DIRECTION('',(1.897114247248E-17,-1.,-2.03422927774842E-16));
#9576=DIRECTION('center_axis',(-0.206115023595933,-4.36973588241912E-16,
0.978527770197682));
#9577=DIRECTION('ref_axis',(0.978527770197682,-1.36040097128184E-16,0.206115023595933));
#9578=DIRECTION('',(0.978527770197682,4.57667289834725E-17,0.206115023595933));
#9579=DIRECTION('',(4.30521914489304E-17,1.,4.55630698767184E-16));
#9580=DIRECTION('center_axis',(-0.741914749166038,3.37438807808098E-16,
-0.670494224412034));
#9581=DIRECTION('ref_axis',(-0.670494224412034,-3.09172889873761E-16,0.741914749166038));
#9582=DIRECTION('',(-0.670494224412034,1.64738167366627E-16,0.741914749166038));
#9583=DIRECTION('',(1.897114247248E-17,-1.,-2.03422927774842E-16));
#9584=DIRECTION('center_axis',(1.897114247248E-17,-1.,-2.03422927774842E-16));
#9585=DIRECTION('ref_axis',(-1.05879118406296E-21,-2.03422927774842E-16,
1.));
#9586=DIRECTION('center_axis',(0.,1.,-2.22044604925031E-16));
#9587=DIRECTION('ref_axis',(-1.05879118406296E-21,-2.03422927774842E-16,
1.));
#9588=DIRECTION('',(1.897114247248E-17,-1.,-2.03422927774842E-16));
#9589=DIRECTION('center_axis',(0.106354674161051,-4.34266461391515E-16,
0.994328257309475));
#9590=DIRECTION('ref_axis',(0.994328257309475,-7.21626897734368E-17,-0.106354674161051));
#9591=DIRECTION('',(0.994328257309475,-2.3615481606021E-17,-0.106354674161051));
#9592=DIRECTION('',(1.17939669565603E-16,1.,4.24128574405933E-16));
#9593=DIRECTION('center_axis',(-0.912796966703734,2.80874865581498E-16,
-0.408413635394881));
#9594=DIRECTION('ref_axis',(-0.408413635394881,-3.38975107005062E-16,0.912796966703734));
#9595=DIRECTION('',(-0.408413635394881,2.02681641848498E-16,0.912796966703734));
#9596=DIRECTION('',(1.897114247248E-17,-1.,-2.03422927774842E-16));
#9597=DIRECTION('center_axis',(1.897114247248E-17,-1.,-2.03422927774842E-16));
#9598=DIRECTION('ref_axis',(-1.05879118406296E-21,-2.03422927774842E-16,
1.));
#9599=DIRECTION('center_axis',(0.,1.,-2.22044604925031E-16));
#9600=DIRECTION('ref_axis',(-1.05879118406296E-21,-2.03422927774842E-16,
1.));
#9601=DIRECTION('',(1.897114247248E-17,-1.,-2.03422927774842E-16));
#9602=DIRECTION('center_axis',(0.408413635394881,-4.11952626330041E-16,
0.912796966703734));
#9603=DIRECTION('ref_axis',(0.912796966703734,-1.2248213467346E-17,-0.408413635394881));
#9604=DIRECTION('',(0.912796966703734,-9.06860443172521E-17,-0.408413635394881));
#9605=DIRECTION('',(1.79427201830841E-16,1.,3.71026770350234E-16));
#9606=DIRECTION('center_axis',(-0.994328257309475,2.17869968176002E-16,
-0.106354674161051));
#9607=DIRECTION('ref_axis',(-0.106354674161051,-3.49839480391574E-16,0.994328257309475));
#9608=DIRECTION('',(-0.106354674161051,2.20785225060077E-16,0.994328257309475));
#9609=DIRECTION('',(1.897114247248E-17,-1.,-2.03422927774842E-16));
#9610=DIRECTION('center_axis',(1.897114247248E-17,-1.,-2.03422927774842E-16));
#9611=DIRECTION('ref_axis',(-1.05879118406296E-21,-2.03422927774842E-16,
1.));
#9612=DIRECTION('center_axis',(0.,1.,-2.22044604925031E-16));
#9613=DIRECTION('ref_axis',(-1.05879118406296E-21,-2.03422927774842E-16,
1.));
#9614=DIRECTION('',(1.897114247248E-17,-1.,-2.03422927774842E-16));
#9615=DIRECTION('center_axis',(0.670494224412034,-3.72216316704165E-16,
0.741914749166038));
#9616=DIRECTION('ref_axis',(0.741914749166038,3.78384854003226E-17,-0.670494224412034));
#9617=DIRECTION('',(0.741914749166038,-1.48879625164085E-16,-0.670494224412034));
#9618=DIRECTION('',(2.21495960177133E-16,1.,3.01523261164787E-16));
#9619=DIRECTION('center_axis',(-0.978527770197682,1.54591473930222E-16,
0.206115023595933));
#9620=DIRECTION('ref_axis',(0.206115023595933,-3.40702529468343E-16,0.978527770197682));
#9621=DIRECTION('',(0.206115023595933,2.17276812141716E-16,0.978527770197682));
#9622=DIRECTION('',(1.897114247248E-17,-1.,-2.03422927774842E-16));
#9623=DIRECTION('center_axis',(1.897114247248E-17,-1.,-2.03422927774842E-16));
#9624=DIRECTION('ref_axis',(-1.05879118406296E-21,-2.03422927774842E-16,
1.));
#9625=DIRECTION('center_axis',(0.,1.,-2.22044604925031E-16));
#9626=DIRECTION('ref_axis',(-1.05879118406296E-21,-2.03422927774842E-16,
1.));
#9627=DIRECTION('',(1.897114247248E-17,-1.,-2.03422927774842E-16));
#9628=DIRECTION('center_axis',(-1.,-3.08145264618905E-32,-1.05879118406788E-21));
#9629=DIRECTION('ref_axis',(-3.08144676871729E-32,1.,-5.55111512312577E-17));
#9630=DIRECTION('',(-1.05879118406788E-21,2.22044604925031E-16,1.));
#9631=DIRECTION('',(1.05879118406788E-21,-5.55111512312577E-17,-1.));
#9632=DIRECTION('',(-1.897114247248E-17,1.,2.03422927774842E-16));
#9633=DIRECTION('center_axis',(1.897114247248E-17,-1.,-2.03422927774842E-16));
#9634=DIRECTION('ref_axis',(-1.05879118406296E-21,-2.03422927774842E-16,
1.));
#9635=DIRECTION('center_axis',(0.,1.,-2.22044604925031E-16));
#9636=DIRECTION('ref_axis',(-1.05879118406296E-21,-2.03422927774842E-16,
1.));
#9637=DIRECTION('',(1.897114247248E-17,-1.,-2.03422927774842E-16));
#9638=DIRECTION('',(1.897114247248E-17,-1.,-2.03422927774842E-16));
#9639=DIRECTION('center_axis',(0.206115023595933,-3.09603839511965E-17,
-0.978527770197682));
#9640=DIRECTION('ref_axis',(-0.978527770197682,-8.92548160278028E-17,-0.206115023595933));
#9641=DIRECTION('',(-0.978527770197682,-4.57667289834725E-17,-0.206115023595933));
#9642=DIRECTION('',(-8.09569158385259E-17,1.,-4.86923539838656E-17));
#9643=DIRECTION('center_axis',(0.741914749166038,9.27110720268041E-17,0.670494224412034));
#9644=DIRECTION('ref_axis',(0.670494224412034,1.81555689036365E-17,-0.741914749166038));
#9645=DIRECTION('',(0.670494224412034,-1.64738167366627E-16,-0.741914749166038));
#9646=DIRECTION('',(1.897114247248E-17,-1.,-2.03422927774842E-16));
#9647=DIRECTION('center_axis',(1.897114247248E-17,-1.,-2.03422927774842E-16));
#9648=DIRECTION('ref_axis',(-1.05879118406296E-21,-2.03422927774842E-16,
1.));
#9649=DIRECTION('center_axis',(0.,1.,-2.22044604925031E-16));
#9650=DIRECTION('ref_axis',(-1.05879118406296E-21,-2.03422927774842E-16,
1.));
#9651=DIRECTION('',(1.897114247248E-17,-1.,-2.03422927774842E-16));
#9652=DIRECTION('center_axis',(-0.106354674161051,-3.36675108019389E-17,
-0.994328257309475));
#9653=DIRECTION('ref_axis',(-0.994328257309475,-1.53132223382771E-16,0.106354674161051));
#9654=DIRECTION('',(-0.994328257309475,2.3615481606021E-17,0.106354674161051));
#9655=DIRECTION('',(-1.55844393955092E-16,1.,-1.7190229622227E-17));
#9656=DIRECTION('center_axis',(0.912796966703734,1.49275014253276E-16,0.408413635394881));
#9657=DIRECTION('ref_axis',(0.408413635394881,4.7957786035087E-17,-0.912796966703734));
#9658=DIRECTION('',(0.408413635394881,-2.02681641848498E-16,-0.912796966703734));
#9659=DIRECTION('',(1.897114247248E-17,-1.,-2.03422927774842E-16));
#9660=DIRECTION('center_axis',(1.897114247248E-17,-1.,-2.03422927774842E-16));
#9661=DIRECTION('ref_axis',(-1.05879118406296E-21,-2.03422927774842E-16,
1.));
#9662=DIRECTION('center_axis',(0.,1.,-2.22044604925031E-16));
#9663=DIRECTION('ref_axis',(-1.05879118406296E-21,-2.03422927774842E-16,
1.));
#9664=DIRECTION('',(1.897114247248E-17,-1.,-2.03422927774842E-16));
#9665=DIRECTION('center_axis',(-0.408413635394881,-5.59813458630727E-17,
-0.912796966703734));
#9666=DIRECTION('ref_axis',(-0.912796966703734,-2.13046699688718E-16,0.408413635394881));
#9667=DIRECTION('',(-0.912796966703734,9.06860443172521E-17,0.408413635394881));
#9668=DIRECTION('',(-2.17331926220391E-16,1.,3.59115744329686E-17));
#9669=DIRECTION('center_axis',(0.994328257309475,2.12279911659004E-16,0.106354674161051));
#9670=DIRECTION('ref_axis',(0.106354674161051,5.88221594213353E-17,-0.994328257309475));
#9671=DIRECTION('',(0.106354674161051,-2.20785225060077E-16,-0.994328257309475));
#9672=DIRECTION('',(1.897114247248E-17,-1.,-2.03422927774842E-16));
#9673=DIRECTION('center_axis',(1.897114247248E-17,-1.,-2.03422927774842E-16));
#9674=DIRECTION('ref_axis',(-1.05879118406296E-21,-2.03422927774842E-16,
1.));
#9675=DIRECTION('center_axis',(0.,1.,-2.22044604925031E-16));
#9676=DIRECTION('ref_axis',(-1.05879118406296E-21,-2.03422927774842E-16,
1.));
#9677=DIRECTION('',(1.897114247248E-17,-1.,-2.03422927774842E-16));
#9678=DIRECTION('center_axis',(-0.670494224412034,-9.57176554890993E-17,
-0.741914749166038));
#9679=DIRECTION('ref_axis',(-0.741914749166038,-2.63133398556394E-16,0.670494224412034));
#9680=DIRECTION('',(-0.741914749166038,1.48879625164085E-16,0.670494224412034));
#9681=DIRECTION('',(-2.59400684566928E-16,1.,1.05415083619063E-16));
#9682=DIRECTION('center_axis',(0.978527770197682,2.75558405904539E-16,-0.206115023595933));
#9683=DIRECTION('ref_axis',(-0.206115023595933,4.96852084983373E-17,-0.978527770197682));
#9684=DIRECTION('',(-0.206115023595933,-2.17276812141716E-16,-0.978527770197682));
#9685=DIRECTION('',(1.897114247248E-17,-1.,-2.03422927774842E-16));
#9686=DIRECTION('center_axis',(1.897114247248E-17,-1.,-2.03422927774842E-16));
#9687=DIRECTION('ref_axis',(-1.05879118406296E-21,-2.03422927774842E-16,
1.));
#9688=DIRECTION('center_axis',(0.,1.,-2.22044604925031E-16));
#9689=DIRECTION('ref_axis',(-1.05879118406296E-21,-2.03422927774842E-16,
1.));
#9690=DIRECTION('',(-1.897114247248E-17,1.,2.03422927774842E-16));
#9691=DIRECTION('center_axis',(-1.,-3.08145264618905E-32,-1.05879118406788E-21));
#9692=DIRECTION('ref_axis',(-3.08144676871729E-32,1.,-5.55111512312577E-17));
#9693=DIRECTION('',(-1.05879118406788E-21,2.22044604925031E-16,1.));
#9694=DIRECTION('',(1.05879118406788E-21,-5.55111512312577E-17,-1.));
#9695=DIRECTION('',(1.897114247248E-17,-1.,-2.03422927774842E-16));
#9696=DIRECTION('center_axis',(-3.08144676871729E-32,1.,-5.55111512312577E-17));
#9697=DIRECTION('ref_axis',(1.05879118406788E-21,-5.55111512312577E-17,
-1.));
#9698=DIRECTION('center_axis',(3.08144676871729E-32,-1.,5.55111512312577E-17));
#9699=DIRECTION('ref_axis',(-1.05879118406788E-21,5.55111512312577E-17,
1.));
#9700=DIRECTION('center_axis',(-3.08144676871729E-32,1.,-5.55111512312577E-17));
#9701=DIRECTION('ref_axis',(1.05879118406788E-21,-5.55111512312577E-17,
-1.));
#9702=DIRECTION('center_axis',(3.08144676871729E-32,-1.,5.55111512312577E-17));
#9703=DIRECTION('ref_axis',(-1.05879118406788E-21,5.55111512312577E-17,
1.));
#9704=DIRECTION('center_axis',(1.897114247248E-17,-1.,-2.03422927774842E-16));
#9705=DIRECTION('ref_axis',(-1.05879118406296E-21,-2.03422927774842E-16,
1.));
#9706=DIRECTION('center_axis',(0.,1.,-2.22044604925031E-16));
#9707=DIRECTION('ref_axis',(-1.05879118406296E-21,-2.03422927774842E-16,
1.));
#9708=DIRECTION('',(1.897114247248E-17,-1.,-2.03422927774842E-16));
#9709=DIRECTION('',(1.897114247248E-17,-1.,-2.03422927774842E-16));
#9710=DIRECTION('center_axis',(1.897114247248E-17,-1.,-2.03422927774842E-16));
#9711=DIRECTION('ref_axis',(-1.05879118406296E-21,-2.03422927774842E-16,
1.));
#9712=DIRECTION('center_axis',(0.,1.,-2.22044604925031E-16));
#9713=DIRECTION('ref_axis',(-1.05879118406296E-21,-2.03422927774842E-16,
1.));
#9714=DIRECTION('',(1.897114247248E-17,-1.,-2.03422927774842E-16));
#9715=DIRECTION('',(1.897114247248E-17,-1.,-2.03422927774842E-16));
#9716=DIRECTION('center_axis',(1.897114247248E-17,-1.,-2.03422927774842E-16));
#9717=DIRECTION('ref_axis',(-1.05879118406296E-21,-2.03422927774842E-16,
1.));
#9718=DIRECTION('center_axis',(0.,1.,-2.22044604925031E-16));
#9719=DIRECTION('ref_axis',(-1.05879118406296E-21,-2.03422927774842E-16,
1.));
#9720=DIRECTION('',(1.897114247248E-17,-1.,-2.03422927774842E-16));
#9721=DIRECTION('',(1.897114247248E-17,-1.,-2.03422927774842E-16));
#9722=DIRECTION('center_axis',(1.897114247248E-17,-1.,-2.03422927774842E-16));
#9723=DIRECTION('ref_axis',(-1.05879118406296E-21,-2.03422927774842E-16,
1.));
#9724=DIRECTION('center_axis',(0.,1.,-2.22044604925031E-16));
#9725=DIRECTION('ref_axis',(-1.05879118406296E-21,-2.03422927774842E-16,
1.));
#9726=DIRECTION('',(1.897114247248E-17,-1.,-2.03422927774842E-16));
#9727=DIRECTION('',(1.897114247248E-17,-1.,-2.03422927774842E-16));
#9728=DIRECTION('center_axis',(1.897114247248E-17,-1.,-2.03422927774842E-16));
#9729=DIRECTION('ref_axis',(-1.05879118406296E-21,-2.03422927774842E-16,
1.));
#9730=DIRECTION('center_axis',(0.,1.,-2.22044604925031E-16));
#9731=DIRECTION('ref_axis',(-1.05879118406296E-21,-2.03422927774842E-16,
1.));
#9732=DIRECTION('',(1.897114247248E-17,-1.,-2.03422927774842E-16));
#9733=DIRECTION('',(1.897114247248E-17,-1.,-2.03422927774842E-16));
#9734=DIRECTION('center_axis',(1.897114247248E-17,-1.,-2.03422927774842E-16));
#9735=DIRECTION('ref_axis',(-1.05879118406296E-21,-2.03422927774842E-16,
1.));
#9736=DIRECTION('center_axis',(0.,1.,-2.22044604925031E-16));
#9737=DIRECTION('ref_axis',(-1.05879118406296E-21,-2.03422927774842E-16,
1.));
#9738=DIRECTION('',(1.897114247248E-17,-1.,-2.03422927774842E-16));
#9739=DIRECTION('',(1.897114247248E-17,-1.,-2.03422927774842E-16));
#9740=DIRECTION('center_axis',(1.897114247248E-17,-1.,-2.03422927774842E-16));
#9741=DIRECTION('ref_axis',(-1.05879118406296E-21,-2.03422927774842E-16,
1.));
#9742=DIRECTION('center_axis',(0.,1.,-2.22044604925031E-16));
#9743=DIRECTION('ref_axis',(-1.05879118406296E-21,-2.03422927774842E-16,
1.));
#9744=DIRECTION('',(1.897114247248E-17,-1.,-2.03422927774842E-16));
#9745=DIRECTION('',(1.897114247248E-17,-1.,-2.03422927774842E-16));
#9746=DIRECTION('center_axis',(1.897114247248E-17,-1.,-2.03422927774842E-16));
#9747=DIRECTION('ref_axis',(-1.05879118406296E-21,-2.03422927774842E-16,
1.));
#9748=DIRECTION('center_axis',(0.,1.,-2.22044604925031E-16));
#9749=DIRECTION('ref_axis',(-1.05879118406296E-21,-2.03422927774842E-16,
1.));
#9750=DIRECTION('',(1.897114247248E-17,-1.,-2.03422927774842E-16));
#9751=DIRECTION('',(1.897114247248E-17,-1.,-2.03422927774842E-16));
#9752=DIRECTION('center_axis',(1.897114247248E-17,-1.,-2.03422927774842E-16));
#9753=DIRECTION('ref_axis',(-1.05879118406296E-21,-2.03422927774842E-16,
1.));
#9754=DIRECTION('center_axis',(0.,1.,-2.22044604925031E-16));
#9755=DIRECTION('ref_axis',(-1.05879118406296E-21,-2.03422927774842E-16,
1.));
#9756=DIRECTION('',(1.897114247248E-17,-1.,-2.03422927774842E-16));
#9757=DIRECTION('center_axis',(1.897114247248E-17,-1.,-2.03422927774842E-16));
#9758=DIRECTION('ref_axis',(-1.05879118406296E-21,-2.03422927774842E-16,
1.));
#9759=DIRECTION('center_axis',(0.,1.,-2.22044604925031E-16));
#9760=DIRECTION('ref_axis',(-1.05879118406296E-21,-2.03422927774842E-16,
1.));
#9761=DIRECTION('',(1.897114247248E-17,-1.,-2.03422927774842E-16));
#9762=DIRECTION('center_axis',(0.498408746756847,4.81249577485705E-17,0.866942167134734));
#9763=DIRECTION('ref_axis',(0.866942167134734,-2.76672433162009E-17,-0.498408746756847));
#9764=DIRECTION('',(0.866942167134734,-1.10668973264804E-16,-0.498408746756847));
#9765=DIRECTION('',(-2.13946871671426E-32,1.,-5.55111512312577E-17));
#9766=DIRECTION('center_axis',(0.498408746756847,-4.81249577485705E-17,
-0.866942167134734));
#9767=DIRECTION('ref_axis',(-0.866942167134734,-2.7667243316201E-17,-0.498408746756847));
#9768=DIRECTION('',(-0.866942167134734,-1.10668973264804E-16,-0.498408746756847));
#9769=DIRECTION('center_axis',(0.206115023595933,1.98810709340001E-17,0.978527770197682));
#9770=DIRECTION('ref_axis',(0.978527770197682,-8.50251944978641E-17,-0.206115023595933));
#9771=DIRECTION('',(0.978527770197682,-4.57667289834725E-17,-0.206115023595933));
#9772=DIRECTION('',(7.91017265780196E-17,1.,-3.69791499803808E-17));
#9773=DIRECTION('center_axis',(0.741914749166038,-8.34810441182436E-17,
-0.670494224412034));
#9774=DIRECTION('ref_axis',(-0.670494224412034,2.56018740294669E-17,-0.741914749166038));
#9775=DIRECTION('',(-0.670494224412034,-1.64738167366627E-16,-0.741914749166038));
#9776=DIRECTION('center_axis',(-0.670494224412034,5.1410710528747E-17,0.741914749166038));
#9777=DIRECTION('ref_axis',(0.741914749166038,-2.67872528375694E-16,0.670494224412034));
#9778=DIRECTION('',(0.741914749166038,1.48879625164085E-16,0.670494224412034));
#9779=DIRECTION('',(-2.33209164180772E-16,-1.,-1.41464618748171E-16));
#9780=DIRECTION('center_axis',(0.978527770197682,-2.57359626646745E-16,
0.206115023595933));
#9781=DIRECTION('ref_axis',(0.206115023595933,9.03591455673241E-17,-0.978527770197682));
#9782=DIRECTION('',(0.206115023595933,-2.17276812141716E-16,-0.978527770197682));
#9783=DIRECTION('center_axis',(-0.408413635394881,2.16084933972727E-17,
0.912796966703734));
#9784=DIRECTION('ref_axis',(0.912796966703734,-2.11308586149119E-16,0.408413635394881));
#9785=DIRECTION('',(0.912796966703734,9.06860443172521E-17,0.408413635394881));
#9786=DIRECTION('',(2.01707039819231E-16,1.,6.65771406312791E-17));
#9787=DIRECTION('center_axis',(0.994328257309475,-1.93482219292095E-16,
-0.106354674161051));
#9788=DIRECTION('ref_axis',(-0.106354674161051,8.7652018716649E-17,-0.994328257309475));
#9789=DIRECTION('',(-0.106354674161051,-2.20785225060077E-16,-0.994328257309475));
#9790=DIRECTION('center_axis',(-0.106354674161051,1.07441200111179E-17,
0.994328257309475));
#9791=DIRECTION('ref_axis',(0.994328257309475,-1.48303688743668E-16,0.106354674161051));
#9792=DIRECTION('',(0.994328257309475,2.3615481606021E-17,0.106354674161051));
#9793=DIRECTION('',(1.48605235763769E-16,1.,5.08960836621257E-18));
#9794=DIRECTION('center_axis',(0.912796966703734,-1.33567742985881E-16,
-0.408413635394881));
#9795=DIRECTION('ref_axis',(-0.408413635394881,6.53381836554419E-17,-0.912796966703734));
#9796=DIRECTION('',(-0.408413635394881,-2.02681641848498E-16,-0.912796966703734));
#9797=DIRECTION('center_axis',(0.670494224412034,3.78739169306165E-16,-0.741914749166038));
#9798=DIRECTION('ref_axis',(-0.741914749166038,-2.31447925944206E-17,-0.670494224412034));
#9799=DIRECTION('',(-0.741914749166038,-1.48879625164085E-16,-0.670494224412034));
#9800=DIRECTION('',(2.71113888570229E-16,-1.,-2.65473726035685E-16));
#9801=DIRECTION('center_axis',(-0.978527770197682,-2.10574345546303E-16,
-0.206115023595933));
#9802=DIRECTION('ref_axis',(-0.206115023595933,-3.15654058723351E-16,0.978527770197682));
#9803=DIRECTION('',(-0.206115023595933,2.17276812141716E-16,0.978527770197682));
#9804=DIRECTION('center_axis',(0.408413635394881,4.08541386437442E-16,-0.912796966703734));
#9805=DIRECTION('ref_axis',(-0.912796966703734,-7.97087348209163E-17,-0.408413635394881));
#9806=DIRECTION('',(-0.912796966703734,-9.06860443172521E-17,-0.408413635394881));
#9807=DIRECTION('',(-2.3961176420901E-16,1.,3.40361204151872E-16));
#9808=DIRECTION('center_axis',(-0.994328257309475,-2.74451752901429E-16,
0.106354674161051));
#9809=DIRECTION('ref_axis',(0.106354674161051,-3.12946931872857E-16,0.994328257309475));
#9810=DIRECTION('',(0.106354674161051,2.20785225060077E-16,0.994328257309475));
#9811=DIRECTION('center_axis',(0.106354674161051,4.19405759823907E-16,-0.994328257309475));
#9812=DIRECTION('ref_axis',(-0.994328257309475,-1.42713632226571E-16,-0.106354674161051));
#9813=DIRECTION('',(-0.994328257309475,-2.3615481606021E-17,-0.106354674161051));
#9814=DIRECTION('',(-1.86509960153429E-16,1.,4.01848736417472E-16));
#9815=DIRECTION('center_axis',(-0.912796966703734,-3.34366229207183E-16,
0.408413635394881));
#9816=DIRECTION('ref_axis',(0.408413635394881,-2.90633096811476E-16,0.912796966703734));
#9817=DIRECTION('',(0.408413635394881,2.02681641848498E-16,0.912796966703734));
#9818=DIRECTION('center_axis',(-0.206115023595933,4.1026880890072E-16,-0.978527770197682));
#9819=DIRECTION('ref_axis',(-0.978527770197682,-2.05992126472161E-16,0.206115023595933));
#9820=DIRECTION('',(-0.978527770197682,4.57667289834725E-17,0.206115023595933));
#9821=DIRECTION('',(-1.17006450967714E-16,1.,4.43917494763641E-16));
#9822=DIRECTION('center_axis',(-0.741914749166038,-3.84452928075E-16,0.670494224412034));
#9823=DIRECTION('ref_axis',(0.670494224412034,-2.50896787185558E-16,0.741914749166038));
#9824=DIRECTION('',(0.670494224412034,1.64738167366627E-16,0.741914749166038));
#9825=DIRECTION('center_axis',(-0.498408746756847,3.82024922086198E-16,
-0.866942167134734));
#9826=DIRECTION('ref_axis',(-0.866942167134734,-2.6335007765381E-16,0.498408746756847));
#9827=DIRECTION('',(-0.866942167134734,1.10668973264804E-16,0.498408746756847));
#9828=DIRECTION('',(-3.79047243895197E-17,1.,4.62449496014691E-16));
#9829=DIRECTION('center_axis',(-0.498408746756847,-4.19809014444486E-16,
0.866942167134734));
#9830=DIRECTION('ref_axis',(0.866942167134734,-1.9762766983983E-16,0.498408746756847));
#9831=DIRECTION('',(0.866942167134734,1.10668973264804E-16,0.498408746756847));
#9832=DIRECTION('center_axis',(3.08144676871729E-32,-1.,5.55111512312577E-17));
#9833=DIRECTION('ref_axis',(-1.05879118406788E-21,5.55111512312577E-17,
1.));
#9834=DIRECTION('center_axis',(3.08144676871729E-32,-1.,5.55111512312577E-17));
#9835=DIRECTION('ref_axis',(-1.05879118406788E-21,5.55111512312577E-17,
1.));
#9836=DIRECTION('center_axis',(0.,1.,0.));
#9837=DIRECTION('ref_axis',(0.,0.,1.));
#9838=DIRECTION('center_axis',(0.,-1.,0.));
#9839=DIRECTION('ref_axis',(1.,0.,0.));
#9840=DIRECTION('center_axis',(0.,1.,0.));
#9841=DIRECTION('ref_axis',(1.,0.,0.));
#9842=DIRECTION('center_axis',(0.,1.,-2.22044604925031E-16));
#9843=DIRECTION('ref_axis',(1.,0.,0.));
#9844=DIRECTION('center_axis',(0.,1.,-2.22044604925031E-16));
#9845=DIRECTION('ref_axis',(1.,0.,0.));
#9846=DIRECTION('center_axis',(0.,1.,-2.22044604925031E-16));
#9847=DIRECTION('ref_axis',(1.,0.,0.));
#9848=DIRECTION('',(0.,-1.,2.22044604925031E-16));
#9849=DIRECTION('center_axis',(0.,-1.,2.22044604925031E-16));
#9850=DIRECTION('ref_axis',(-1.,0.,0.));
#9851=DIRECTION('center_axis',(0.,1.,-2.22044604925031E-16));
#9852=DIRECTION('ref_axis',(1.,0.,0.));
#9853=DIRECTION('center_axis',(0.,1.,-2.22044604925031E-16));
#9854=DIRECTION('ref_axis',(1.,0.,0.));
#9855=DIRECTION('',(0.,-1.,2.22044604925031E-16));
#9856=DIRECTION('center_axis',(0.,0.,-1.));
#9857=DIRECTION('ref_axis',(-1.,0.,0.));
#9858=DIRECTION('',(-1.,0.,0.));
#9859=DIRECTION('',(0.,-1.,0.));
#9860=DIRECTION('',(1.,0.,0.));
#9861=DIRECTION('',(0.,1.,0.));
#9862=DIRECTION('center_axis',(-1.,0.,0.));
#9863=DIRECTION('ref_axis',(0.,1.,0.));
#9864=DIRECTION('',(0.,0.,1.));
#9865=DIRECTION('',(0.,0.,-1.));
#9866=DIRECTION('',(0.,1.,0.));
#9867=DIRECTION('',(0.,0.,-1.));
#9868=DIRECTION('',(0.,-1.,0.));
#9869=DIRECTION('center_axis',(1.,0.,0.));
#9870=DIRECTION('ref_axis',(0.,-1.,0.));
#9871=DIRECTION('',(0.,0.,-1.));
#9872=DIRECTION('',(0.,1.,0.));
#9873=DIRECTION('',(0.,0.,-1.));
#9874=DIRECTION('',(0.,-1.,0.));
#9875=DIRECTION('',(0.,0.,-1.));
#9876=DIRECTION('center_axis',(0.,1.,0.));
#9877=DIRECTION('ref_axis',(1.,0.,0.));
#9878=DIRECTION('',(1.,0.,0.));
#9879=DIRECTION('center_axis',(0.,-1.,0.));
#9880=DIRECTION('ref_axis',(-1.,0.,0.));
#9881=DIRECTION('',(1.,0.,0.));
#9882=DIRECTION('',(-1.,0.,0.));
#9883=DIRECTION('center_axis',(0.,1.,0.));
#9884=DIRECTION('ref_axis',(0.,0.,-1.));
#9885=DIRECTION('',(-1.,0.,0.));
#9886=DIRECTION('',(0.,0.,-1.));
#9887=DIRECTION('',(1.,0.,0.));
#9888=DIRECTION('',(0.,0.,-1.));
#9889=DIRECTION('',(1.,0.,0.));
#9890=DIRECTION('',(0.,0.,1.));
#9891=DIRECTION('center_axis',(0.,1.,0.));
#9892=DIRECTION('ref_axis',(0.,0.,1.));
#9893=DIRECTION('',(0.,0.,1.));
#9894=DIRECTION('',(1.,0.,0.));
#9895=DIRECTION('',(0.,0.,-1.));
#9896=DIRECTION('center_axis',(0.,1.,0.));
#9897=DIRECTION('ref_axis',(0.,0.,1.));
#9898=DIRECTION('',(0.,0.,-1.));
#9899=DIRECTION('',(1.,0.,0.));
#9900=DIRECTION('',(0.,0.,1.));
#9901=DIRECTION('',(1.,0.,0.));
#9902=DIRECTION('',(0.,0.,1.));
#9903=DIRECTION('',(-1.,0.,0.));
#9904=DIRECTION('',(1.,0.,0.));
#9905=DIRECTION('',(0.,0.,-1.));
#9906=DIRECTION('',(-1.,0.,0.));
#9907=DIRECTION('',(0.,0.,1.));
#9908=DIRECTION('',(1.,0.,0.));
#9909=DIRECTION('',(0.,0.,-1.));
#9910=DIRECTION('',(-1.,0.,0.));
#9911=DIRECTION('',(0.,0.,1.));
#9912=DIRECTION('center_axis',(1.,0.,0.));
#9913=DIRECTION('ref_axis',(0.,1.,0.));
#9914=DIRECTION('',(0.,1.,0.));
#9915=DIRECTION('',(0.,0.,-1.));
#9916=DIRECTION('',(0.,1.,0.));
#9917=DIRECTION('',(0.,-1.,0.));
#9918=DIRECTION('',(0.,0.,1.));
#9919=DIRECTION('',(0.,1.,0.));
#9920=DIRECTION('',(0.,0.,-1.));
#9921=DIRECTION('',(0.,-1.,0.));
#9922=DIRECTION('',(0.,0.,1.));
#9923=DIRECTION('center_axis',(-1.,0.,0.));
#9924=DIRECTION('ref_axis',(0.,-1.,0.));
#9925=DIRECTION('',(0.,1.,0.));
#9926=DIRECTION('',(0.,-1.,0.));
#9927=DIRECTION('',(0.,0.,1.));
#9928=DIRECTION('',(0.,-1.,0.));
#9929=DIRECTION('',(0.,0.,-1.));
#9930=DIRECTION('',(0.,-1.,0.));
#9931=DIRECTION('',(0.,0.,-1.));
#9932=DIRECTION('',(0.,1.,0.));
#9933=DIRECTION('',(0.,0.,1.));
#9934=DIRECTION('center_axis',(0.,-1.,0.));
#9935=DIRECTION('ref_axis',(0.,0.,-1.));
#9936=DIRECTION('',(-1.,0.,0.));
#9937=DIRECTION('',(0.,0.,-1.));
#9938=DIRECTION('',(1.,0.,0.));
#9939=DIRECTION('',(0.,0.,1.));
#9940=DIRECTION('center_axis',(0.,-1.,0.));
#9941=DIRECTION('ref_axis',(0.,0.,-1.));
#9942=DIRECTION('',(-1.,0.,0.));
#9943=DIRECTION('',(0.,0.,-1.));
#9944=DIRECTION('',(1.,0.,0.));
#9945=DIRECTION('',(0.,0.,1.));
#9946=DIRECTION('center_axis',(0.,0.,1.));
#9947=DIRECTION('ref_axis',(1.,0.,0.));
#9948=DIRECTION('',(1.,0.,0.));
#9949=DIRECTION('',(0.,1.,0.));
#9950=DIRECTION('',(-1.,0.,0.));
#9951=DIRECTION('',(0.,-1.,0.));
#9952=DIRECTION('center_axis',(0.,0.,1.));
#9953=DIRECTION('ref_axis',(1.,0.,0.));
#9954=DIRECTION('',(1.,0.,0.));
#9955=DIRECTION('',(0.,1.,0.));
#9956=DIRECTION('',(-1.,0.,0.));
#9957=DIRECTION('',(0.,-1.,0.));
#9958=DIRECTION('center_axis',(0.,0.,1.));
#9959=DIRECTION('ref_axis',(1.,0.,0.));
#9960=DIRECTION('',(-1.,0.,0.));
#9961=DIRECTION('',(0.,1.,0.));
#9962=DIRECTION('',(0.,-1.,0.));
#9963=DIRECTION('center_axis',(0.,1.,0.));
#9964=DIRECTION('ref_axis',(0.,0.,-1.));
#9965=DIRECTION('',(0.,0.,-1.));
#9966=DIRECTION('',(-1.,0.,0.));
#9967=DIRECTION('',(0.,0.,1.));
#9968=DIRECTION('',(1.,0.,0.));
#9969=DIRECTION('',(0.,0.,1.));
#9970=DIRECTION('',(0.,0.,-1.));
#9971=DIRECTION('center_axis',(0.,-1.,0.));
#9972=DIRECTION('ref_axis',(0.,0.,1.));
#9973=DIRECTION('',(0.,0.,-1.));
#9974=DIRECTION('',(-1.,0.,0.));
#9975=DIRECTION('',(0.,0.,1.));
#9976=DIRECTION('',(-1.,0.,0.));
#9977=DIRECTION('',(1.,0.,0.));
#9978=DIRECTION('',(-1.,0.,0.));
#9979=DIRECTION('',(0.,0.,-1.));
#9980=DIRECTION('',(-1.,0.,0.));
#9981=DIRECTION('',(0.,0.,1.));
#9982=DIRECTION('center_axis',(0.,-1.,0.));
#9983=DIRECTION('ref_axis',(0.,0.,1.));
#9984=DIRECTION('center_axis',(0.,1.,-2.22044604925032E-16));
#9985=DIRECTION('ref_axis',(0.,-2.22044604925032E-16,-1.));
#9986=DIRECTION('center_axis',(0.,1.,0.));
#9987=DIRECTION('ref_axis',(0.,-2.22044604925032E-16,-1.));
#9988=DIRECTION('',(0.,1.,-2.22044604925032E-16));
#9989=DIRECTION('center_axis',(0.,1.,-2.22044604925032E-16));
#9990=DIRECTION('ref_axis',(0.,-2.22044604925032E-16,-1.));
#9991=DIRECTION('center_axis',(0.,1.,-2.22044604925032E-16));
#9992=DIRECTION('ref_axis',(0.,-2.22044604925032E-16,-1.));
#9993=DIRECTION('center_axis',(0.,1.,-2.22044604925032E-16));
#9994=DIRECTION('ref_axis',(0.,-2.22044604925032E-16,-1.));
#9995=DIRECTION('center_axis',(0.,1.,0.));
#9996=DIRECTION('ref_axis',(0.,-2.22044604925032E-16,-1.));
#9997=DIRECTION('',(0.,1.,-2.22044604925032E-16));
#9998=DIRECTION('center_axis',(0.,1.,-2.22044604925032E-16));
#9999=DIRECTION('ref_axis',(0.,-2.22044604925032E-16,-1.));
#10000=DIRECTION('center_axis',(0.,1.,-2.22044604925032E-16));
#10001=DIRECTION('ref_axis',(0.,-2.22044604925032E-16,-1.));
#10002=DIRECTION('center_axis',(0.,1.,0.));
#10003=DIRECTION('ref_axis',(0.,-2.22044604925032E-16,-1.));
#10004=DIRECTION('',(0.,1.,-2.22044604925032E-16));
#10005=DIRECTION('center_axis',(0.,1.,-2.22044604925032E-16));
#10006=DIRECTION('ref_axis',(0.,-2.22044604925032E-16,-1.));
#10007=DIRECTION('center_axis',(0.,1.,-2.22044604925032E-16));
#10008=DIRECTION('ref_axis',(0.,-2.22044604925032E-16,-1.));
#10009=DIRECTION('center_axis',(0.,1.,-2.22044604925032E-16));
#10010=DIRECTION('ref_axis',(0.,-2.22044604925032E-16,-1.));
#10011=DIRECTION('center_axis',(0.,0.,1.));
#10012=DIRECTION('ref_axis',(-1.,0.,0.));
#10013=DIRECTION('',(0.,-1.,0.));
#10014=DIRECTION('center_axis',(0.,0.,1.));
#10015=DIRECTION('ref_axis',(1.,0.,0.));
#10016=DIRECTION('',(0.,1.,0.));
#10017=DIRECTION('',(0.,-1.,0.));
#10018=DIRECTION('center_axis',(0.,0.,1.));
#10019=DIRECTION('ref_axis',(1.,0.,0.));
#10020=DIRECTION('',(0.,-1.,0.));
#10021=DIRECTION('',(0.,1.,0.));
#10022=DIRECTION('center_axis',(-1.,0.,0.));
#10023=DIRECTION('ref_axis',(0.,0.,-1.));
#10024=DIRECTION('center_axis',(1.,0.,0.));
#10025=DIRECTION('ref_axis',(0.,0.,1.));
#10026=DIRECTION('',(0.,1.,0.));
#10027=DIRECTION('center_axis',(0.,-1.,0.));
#10028=DIRECTION('ref_axis',(0.,0.,-1.));
#10029=DIRECTION('',(0.,0.,-1.));
#10030=DIRECTION('',(1.,0.,0.));
#10031=DIRECTION('',(0.,0.,1.));
#10032=DIRECTION('',(-1.,0.,0.));
#10033=DIRECTION('',(1.,0.,0.));
#10034=DIRECTION('',(-1.,0.,-6.33625999835365E-16));
#10035=DIRECTION('center_axis',(0.,1.,0.));
#10036=DIRECTION('ref_axis',(0.,0.,1.));
#10037=DIRECTION('',(-1.,0.,0.));
#10038=DIRECTION('',(0.,0.,1.));
#10039=DIRECTION('',(-1.,0.,0.));
#10040=DIRECTION('',(0.,0.,-1.));
#10041=DIRECTION('center_axis',(0.,1.,0.));
#10042=DIRECTION('ref_axis',(0.,0.,1.));
#10043=DIRECTION('',(1.,0.,6.33625999835365E-16));
#10044=DIRECTION('',(0.,0.,1.));
#10045=DIRECTION('',(0.,0.,1.));
#10046=DIRECTION('center_axis',(0.,1.,0.));
#10047=DIRECTION('ref_axis',(0.,0.,1.));
#10048=DIRECTION('',(1.,0.,0.));
#10049=DIRECTION('',(0.,0.,1.));
#10050=DIRECTION('',(0.,0.,1.));
#10051=DIRECTION('center_axis',(0.,1.,0.));
#10052=DIRECTION('ref_axis',(0.,0.,1.));
#10053=DIRECTION('',(-1.,0.,0.));
#10054=DIRECTION('',(0.,0.,-1.));
#10055=DIRECTION('',(-1.,0.,0.));
#10056=DIRECTION('',(0.,0.,1.));
#10057=DIRECTION('center_axis',(0.,1.,0.));
#10058=DIRECTION('ref_axis',(0.,0.,1.));
#10059=DIRECTION('',(1.,0.,0.));
#10060=DIRECTION('',(0.,0.,1.));
#10061=DIRECTION('',(0.,0.,1.));
#10062=DIRECTION('center_axis',(0.,0.,1.));
#10063=DIRECTION('ref_axis',(0.,-1.,0.));
#10064=DIRECTION('',(1.,0.,6.33625999835365E-16));
#10065=DIRECTION('',(0.,1.,0.));
#10066=DIRECTION('',(0.,-1.,0.));
#10067=DIRECTION('',(0.,1.,0.));
#10068=DIRECTION('',(0.,-1.,0.));
#10069=DIRECTION('center_axis',(0.,0.,-1.));
#10070=DIRECTION('ref_axis',(0.,1.,0.));
#10071=DIRECTION('',(0.,1.,0.));
#10072=DIRECTION('',(0.,-1.,0.));
#10073=DIRECTION('center_axis',(0.,0.,1.));
#10074=DIRECTION('ref_axis',(1.,0.,0.));
#10075=DIRECTION('',(0.,-1.,0.));
#10076=DIRECTION('',(0.,-1.,0.));
#10077=DIRECTION('center_axis',(1.,0.,0.));
#10078=DIRECTION('ref_axis',(0.,1.,0.));
#10079=DIRECTION('',(0.,-1.,0.));
#10080=DIRECTION('center_axis',(0.,0.,-1.));
#10081=DIRECTION('ref_axis',(0.,1.,0.));
#10082=DIRECTION('',(0.,1.,0.));
#10083=DIRECTION('center_axis',(0.,1.,0.));
#10084=DIRECTION('ref_axis',(0.,0.,1.));
#10085=DIRECTION('',(0.,0.,1.));
#10086=DIRECTION('',(0.,0.,1.));
#10087=DIRECTION('center_axis',(1.,0.,0.));
#10088=DIRECTION('ref_axis',(0.,0.,-1.));
#10089=DIRECTION('center_axis',(-1.,0.,0.));
#10090=DIRECTION('ref_axis',(0.,0.,1.));
#10091=DIRECTION('center_axis',(-1.,0.,0.));
#10092=DIRECTION('ref_axis',(0.,0.,1.));
#10093=DIRECTION('center_axis',(1.,0.,0.));
#10094=DIRECTION('ref_axis',(0.,0.,-1.));
#10095=DIRECTION('center_axis',(0.,0.,-1.));
#10096=DIRECTION('ref_axis',(-1.,0.,0.));
#10097=DIRECTION('',(0.,1.,0.));
#10098=DIRECTION('',(0.,1.,0.));
#10099=DIRECTION('center_axis',(0.,0.,1.));
#10100=DIRECTION('ref_axis',(1.,0.,0.));
#10101=DIRECTION('center_axis',(1.,0.,0.));
#10102=DIRECTION('ref_axis',(0.,0.,1.));
#10103=DIRECTION('',(0.,-1.,0.));
#10104=DIRECTION('center_axis',(-1.,0.,0.));
#10105=DIRECTION('ref_axis',(0.,0.,-1.));
#10106=DIRECTION('',(0.,1.,0.));
#10107=DIRECTION('center_axis',(-1.,0.,0.));
#10108=DIRECTION('ref_axis',(0.,0.,1.));
#10109=DIRECTION('center_axis',(1.,0.,0.));
#10110=DIRECTION('ref_axis',(0.,0.,-1.));
#10111=DIRECTION('center_axis',(1.,0.,0.));
#10112=DIRECTION('ref_axis',(0.,0.,-1.));
#10113=DIRECTION('',(0.,1.,0.));
#10114=DIRECTION('',(0.,1.,0.));
#10115=DIRECTION('center_axis',(0.,0.,-1.));
#10116=DIRECTION('ref_axis',(-1.,0.,0.));
#10117=DIRECTION('',(0.,1.,0.));
#10118=DIRECTION('center_axis',(1.,0.,0.));
#10119=DIRECTION('ref_axis',(0.,0.,-1.));
#10120=DIRECTION('',(0.,1.,0.));
#10121=DIRECTION('',(0.,1.,0.));
#10122=DIRECTION('center_axis',(0.,0.,-1.));
#10123=DIRECTION('ref_axis',(-1.,0.,0.));
#10124=DIRECTION('',(0.,1.,0.));
#10125=DIRECTION('center_axis',(-1.,0.,0.));
#10126=DIRECTION('ref_axis',(0.,0.,1.));
#10127=DIRECTION('',(0.,1.,0.));
#10128=DIRECTION('center_axis',(0.,0.,1.));
#10129=DIRECTION('ref_axis',(1.,0.,0.));
#10130=DIRECTION('center_axis',(-1.,0.,0.));
#10131=DIRECTION('ref_axis',(0.,0.,1.));
#10132=DIRECTION('',(0.,1.,0.));
#10133=DIRECTION('center_axis',(0.,0.,1.));
#10134=DIRECTION('ref_axis',(1.,0.,0.));
#10135=DIRECTION('center_axis',(-1.,0.,0.));
#10136=DIRECTION('ref_axis',(0.,-1.,0.));
#10137=DIRECTION('center_axis',(1.,0.,0.));
#10138=DIRECTION('ref_axis',(0.,0.,1.));
#10139=DIRECTION('',(0.,1.,0.));
#10140=DIRECTION('center_axis',(-1.,0.,0.));
#10141=DIRECTION('ref_axis',(0.,0.,-1.));
#10142=DIRECTION('',(0.,-1.,0.));
#10143=DIRECTION('center_axis',(0.,-1.,0.));
#10144=DIRECTION('ref_axis',(0.,0.,1.));
#10145=DIRECTION('center_axis',(0.,-1.,0.));
#10146=DIRECTION('ref_axis',(0.,0.,1.));
#10147=DIRECTION('center_axis',(0.,1.,0.));
#10148=DIRECTION('ref_axis',(0.,0.,-1.));
#10149=DIRECTION('center_axis',(0.,1.,0.));
#10150=DIRECTION('ref_axis',(0.,0.,-1.));
#10151=DIRECTION('',(0.,1.,0.));
#10152=DIRECTION('center_axis',(0.,1.,0.));
#10153=DIRECTION('ref_axis',(0.,0.,-1.));
#10154=DIRECTION('center_axis',(0.,1.,0.));
#10155=DIRECTION('ref_axis',(0.,0.,-1.));
#10156=DIRECTION('center_axis',(-1.,0.,0.));
#10157=DIRECTION('ref_axis',(0.,1.,0.));
#10158=DIRECTION('',(0.,0.,-1.));
#10159=DIRECTION('',(0.,-1.,0.));
#10160=DIRECTION('',(0.,0.,1.));
#10161=DIRECTION('',(0.,1.,0.));
#10162=DIRECTION('center_axis',(0.,0.,-1.));
#10163=DIRECTION('ref_axis',(-1.,0.,0.));
#10164=DIRECTION('',(1.,0.,0.));
#10165=DIRECTION('',(1.,0.,0.));
#10166=DIRECTION('center_axis',(0.,1.,0.));
#10167=DIRECTION('ref_axis',(1.,0.,0.));
#10168=DIRECTION('',(1.,0.,0.));
#10169=DIRECTION('center_axis',(0.,0.,1.));
#10170=DIRECTION('ref_axis',(1.,0.,0.));
#10171=DIRECTION('',(1.,0.,0.));
#10172=DIRECTION('center_axis',(0.,-1.,0.));
#10173=DIRECTION('ref_axis',(-1.,0.,0.));
#10174=DIRECTION('center_axis',(0.,1.,0.));
#10175=DIRECTION('ref_axis',(0.,0.,-1.));
#10176=DIRECTION('center_axis',(0.,1.,0.));
#10177=DIRECTION('ref_axis',(0.,0.,-1.));
#10178=DIRECTION('',(0.,1.,0.));
#10179=DIRECTION('center_axis',(0.,1.,0.));
#10180=DIRECTION('ref_axis',(0.,0.,-1.));
#10181=DIRECTION('center_axis',(0.,1.,0.));
#10182=DIRECTION('ref_axis',(0.,0.,-1.));
#10183=DIRECTION('center_axis',(-1.,0.,0.));
#10184=DIRECTION('ref_axis',(0.,1.,0.));
#10185=DIRECTION('',(0.,0.,1.));
#10186=DIRECTION('',(0.,-1.,0.));
#10187=DIRECTION('',(0.,0.,-1.));
#10188=DIRECTION('',(0.,1.,0.));
#10189=DIRECTION('center_axis',(0.,0.,-1.));
#10190=DIRECTION('ref_axis',(-1.,0.,0.));
#10191=DIRECTION('',(1.,0.,0.));
#10192=DIRECTION('',(1.,0.,0.));
#10193=DIRECTION('center_axis',(0.,1.,0.));
#10194=DIRECTION('ref_axis',(1.,0.,0.));
#10195=DIRECTION('',(1.,0.,0.));
#10196=DIRECTION('center_axis',(0.,0.,1.));
#10197=DIRECTION('ref_axis',(1.,0.,0.));
#10198=DIRECTION('',(1.,0.,0.));
#10199=DIRECTION('center_axis',(0.,-1.,0.));
#10200=DIRECTION('ref_axis',(-1.,0.,0.));
#10201=DIRECTION('',(0.,1.,-2.22044604925032E-16));
#10202=DIRECTION('',(1.,0.,0.));
#10203=CARTESIAN_POINT('',(0.,0.,0.));
#10204=CARTESIAN_POINT('',(0.,0.,0.));
#10205=CARTESIAN_POINT('',(0.,0.,0.));
#10206=CARTESIAN_POINT('',(0.,0.,0.));
#10207=CARTESIAN_POINT('Origin',(0.,1.433243103516,0.1));
#10208=CARTESIAN_POINT('',(-0.571621551758,1.433243103516,0.1));
#10209=CARTESIAN_POINT('',(0.571621551758,1.433243103516,0.1));
#10210=CARTESIAN_POINT('',(-0.571621551758,1.433243103516,0.1));
#10211=CARTESIAN_POINT('',(-0.605,1.5,0.575));
#10212=CARTESIAN_POINT('',(-0.571621551758,1.433243103516,0.1));
#10213=CARTESIAN_POINT('',(0.605,1.5,0.575));
#10214=CARTESIAN_POINT('',(-0.605,1.5,0.575));
#10215=CARTESIAN_POINT('',(0.571621551758,1.433243103516,0.1));
#10216=CARTESIAN_POINT('Origin',(-0.571621551758,1.433243103516,0.1));
#10217=CARTESIAN_POINT('',(0.633243103516,1.371621551758,0.1));
#10218=CARTESIAN_POINT('',(0.571621551758,1.433243103516,0.1));
#10219=CARTESIAN_POINT('',(0.633243103516,-1.371621551758,0.1));
#10220=CARTESIAN_POINT('',(0.633243103516,1.371621551758,0.1));
#10221=CARTESIAN_POINT('',(0.571621551758,-1.433243103516,0.1));
#10222=CARTESIAN_POINT('',(0.633243103516,-1.371621551758,0.1));
#10223=CARTESIAN_POINT('',(-0.571621551758,-1.433243103516,0.1));
#10224=CARTESIAN_POINT('',(0.571621551758,-1.433243103516,0.1));
#10225=CARTESIAN_POINT('',(-0.633243103516,-1.371621551758,0.1));
#10226=CARTESIAN_POINT('',(-0.571621551758,-1.433243103516,0.1));
#10227=CARTESIAN_POINT('',(-0.633243103516,1.371621551758,0.1));
#10228=CARTESIAN_POINT('',(-0.633243103516,-1.371621551758,0.1));
#10229=CARTESIAN_POINT('',(-0.633243103516,1.371621551758,0.1));
#10230=CARTESIAN_POINT('Origin',(0.602432327637,1.402432327637,0.1));
#10231=CARTESIAN_POINT('',(0.7,1.405,0.575));
#10232=CARTESIAN_POINT('',(0.605,1.5,0.575));
#10233=CARTESIAN_POINT('',(0.633243103516,1.371621551758,0.1));
#10234=CARTESIAN_POINT('Origin',(-0.605,1.5,0.725));
#10235=CARTESIAN_POINT('',(-0.605,1.5,0.725));
#10236=CARTESIAN_POINT('',(-0.605,1.5,0.575));
#10237=CARTESIAN_POINT('',(0.605,1.5,0.725));
#10238=CARTESIAN_POINT('',(-0.605,1.5,0.725));
#10239=CARTESIAN_POINT('',(0.605,1.5,0.575));
#10240=CARTESIAN_POINT('Origin',(-0.602432327637,1.402432327637,0.1));
#10241=CARTESIAN_POINT('',(-0.7,1.405,0.575));
#10242=CARTESIAN_POINT('',(-0.633243103516,1.371621551758,0.1));
#10243=CARTESIAN_POINT('',(-0.7,1.405,0.575));
#10244=CARTESIAN_POINT('Origin',(-0.633243103516,2.77555756156289E-16,0.1));
#10245=CARTESIAN_POINT('',(-0.7,-1.405,0.575));
#10246=CARTESIAN_POINT('',(-0.633243103516,-1.371621551758,0.1));
#10247=CARTESIAN_POINT('',(-0.7,-1.15,0.575));
#10248=CARTESIAN_POINT('',(-0.7,-1.405,0.575));
#10249=CARTESIAN_POINT('',(-0.7,-0.75,0.575));
#10250=CARTESIAN_POINT('',(-0.7,-1.15,0.575));
#10251=CARTESIAN_POINT('',(-0.7,0.75,0.575));
#10252=CARTESIAN_POINT('',(-0.7,-1.405,0.575));
#10253=CARTESIAN_POINT('',(-0.7,1.15,0.575));
#10254=CARTESIAN_POINT('',(-0.7,0.75,0.575));
#10255=CARTESIAN_POINT('',(-0.7,-1.405,0.575));
#10256=CARTESIAN_POINT('Origin',(0.633243103516,-2.77555756156289E-16,0.1));
#10257=CARTESIAN_POINT('',(0.7,0.2,0.575));
#10258=CARTESIAN_POINT('',(0.7,1.405,0.575));
#10259=CARTESIAN_POINT('',(0.7,-0.2,0.575));
#10260=CARTESIAN_POINT('',(0.7,0.2,0.575));
#10261=CARTESIAN_POINT('',(0.7,-1.405,0.575));
#10262=CARTESIAN_POINT('',(0.7,1.405,0.575));
#10263=CARTESIAN_POINT('',(0.633243103516,-1.371621551758,0.1));
#10264=CARTESIAN_POINT('Origin',(-0.602432327637,-1.402432327637,0.1));
#10265=CARTESIAN_POINT('',(-0.605,-1.5,0.575));
#10266=CARTESIAN_POINT('',(-0.571621551758,-1.433243103516,0.1));
#10267=CARTESIAN_POINT('',(-0.605,-1.5,0.575));
#10268=CARTESIAN_POINT('Origin',(0.602432327637,-1.402432327637,0.1));
#10269=CARTESIAN_POINT('',(0.605,-1.5,0.575));
#10270=CARTESIAN_POINT('',(0.7,-1.405,0.575));
#10271=CARTESIAN_POINT('',(0.571621551758,-1.433243103516,0.1));
#10272=CARTESIAN_POINT('Origin',(0.,-1.433243103516,0.1));
#10273=CARTESIAN_POINT('',(0.605,-1.5,0.575));
#10274=CARTESIAN_POINT('Origin',(0.605,1.5,0.725));
#10275=CARTESIAN_POINT('',(0.7,1.405,0.725));
#10276=CARTESIAN_POINT('',(0.605,1.5,0.725));
#10277=CARTESIAN_POINT('',(0.7,1.405,0.575));
#10278=CARTESIAN_POINT('Origin',(-1.486299604971E-16,1.4875,0.725));
#10279=CARTESIAN_POINT('',(-0.7,1.405,0.725));
#10280=CARTESIAN_POINT('',(-0.7,1.405,0.725));
#10281=CARTESIAN_POINT('',(-0.7,1.15,0.725));
#10282=CARTESIAN_POINT('',(-0.7,-1.405,0.725));
#10283=CARTESIAN_POINT('',(-0.675,1.15,0.725));
#10284=CARTESIAN_POINT('',(-0.7,1.15,0.725));
#10285=CARTESIAN_POINT('',(-0.675,1.3925,0.725));
#10286=CARTESIAN_POINT('',(-0.675,-1.3925,0.725));
#10287=CARTESIAN_POINT('',(-0.5925,1.475,0.725));
#10288=CARTESIAN_POINT('',(-0.675,1.3925,0.725));
#10289=CARTESIAN_POINT('',(0.5925,1.475,0.725));
#10290=CARTESIAN_POINT('',(-0.5925,1.475,0.725));
#10291=CARTESIAN_POINT('',(0.675,1.3925,0.725));
#10292=CARTESIAN_POINT('',(0.5925,1.475,0.725));
#10293=CARTESIAN_POINT('',(0.675,0.2,0.725));
#10294=CARTESIAN_POINT('',(0.675,1.3925,0.725));
#10295=CARTESIAN_POINT('',(0.7,0.2,0.725));
#10296=CARTESIAN_POINT('',(0.7,0.2,0.725));
#10297=CARTESIAN_POINT('',(0.7,1.405,0.725));
#10298=CARTESIAN_POINT('Origin',(-0.7,1.405,0.725));
#10299=CARTESIAN_POINT('',(-0.7,1.405,0.575));
#10300=CARTESIAN_POINT('Origin',(-0.7,-1.405,0.725));
#10301=CARTESIAN_POINT('',(-0.7,-1.405,0.725));
#10302=CARTESIAN_POINT('',(-0.7,-1.405,0.575));
#10303=CARTESIAN_POINT('',(-0.7,-1.15,0.725));
#10304=CARTESIAN_POINT('',(-0.7,-1.405,0.725));
#10305=CARTESIAN_POINT('',(-0.7,-1.15,0.529763586955));
#10306=CARTESIAN_POINT('Origin',(-0.7,-1.15,0.475));
#10307=CARTESIAN_POINT('',(-0.798480775301,-1.15,0.492364817767));
#10308=CARTESIAN_POINT('Origin',(-0.7,-1.15,0.475));
#10309=CARTESIAN_POINT('',(-0.798480775301,-0.75,0.492364817767));
#10310=CARTESIAN_POINT('',(-0.798480775301,-1.15,0.492364817767));
#10311=CARTESIAN_POINT('Origin',(-0.7,-0.75,0.475));
#10312=CARTESIAN_POINT('Origin',(-0.7,-1.405,0.725));
#10313=CARTESIAN_POINT('',(-0.7,-0.75,0.725));
#10314=CARTESIAN_POINT('',(-0.7,-0.75,0.529763586955));
#10315=CARTESIAN_POINT('',(-0.7,0.75,0.725));
#10316=CARTESIAN_POINT('',(-0.7,-1.405,0.725));
#10317=CARTESIAN_POINT('',(-0.7,0.75,0.529763586955));
#10318=CARTESIAN_POINT('Origin',(-0.7,0.75,0.475));
#10319=CARTESIAN_POINT('',(-0.798480775301,0.75,0.492364817767));
#10320=CARTESIAN_POINT('Origin',(-0.7,0.75,0.475));
#10321=CARTESIAN_POINT('',(-0.798480775301,1.15,0.492364817767));
#10322=CARTESIAN_POINT('',(-0.798480775301,0.75,0.492364817767));
#10323=CARTESIAN_POINT('Origin',(-0.7,1.15,0.475));
#10324=CARTESIAN_POINT('Origin',(-0.7,-1.405,0.725));
#10325=CARTESIAN_POINT('',(-0.7,1.15,0.529763586955));
#10326=CARTESIAN_POINT('Origin',(0.7,1.405,0.725));
#10327=CARTESIAN_POINT('',(0.7,0.2,0.529763586955));
#10328=CARTESIAN_POINT('Origin',(0.7,0.2,0.475));
#10329=CARTESIAN_POINT('',(0.798480775301,0.2,0.492364817767));
#10330=CARTESIAN_POINT('Origin',(0.7,0.2,0.475));
#10331=CARTESIAN_POINT('',(0.798480775301,-0.2,0.492364817767));
#10332=CARTESIAN_POINT('',(0.798480775301,0.2,0.492364817767));
#10333=CARTESIAN_POINT('Origin',(0.7,-0.2,0.475));
#10334=CARTESIAN_POINT('Origin',(0.7,1.405,0.725));
#10335=CARTESIAN_POINT('',(0.7,-0.2,0.725));
#10336=CARTESIAN_POINT('',(0.7,-0.2,0.529763586955));
#10337=CARTESIAN_POINT('',(0.7,-1.405,0.725));
#10338=CARTESIAN_POINT('',(0.7,1.405,0.725));
#10339=CARTESIAN_POINT('',(0.7,-1.405,0.575));
#10340=CARTESIAN_POINT('Origin',(-0.605,-1.5,0.725));
#10341=CARTESIAN_POINT('',(-0.605,-1.5,0.725));
#10342=CARTESIAN_POINT('',(-0.605,-1.5,0.575));
#10343=CARTESIAN_POINT('',(-0.605,-1.5,0.725));
#10344=CARTESIAN_POINT('Origin',(0.7,-1.405,0.725));
#10345=CARTESIAN_POINT('',(0.605,-1.5,0.725));
#10346=CARTESIAN_POINT('',(0.7,-1.405,0.725));
#10347=CARTESIAN_POINT('',(0.605,-1.5,0.575));
#10348=CARTESIAN_POINT('Origin',(0.605,-1.5,0.725));
#10349=CARTESIAN_POINT('',(0.605,-1.5,0.725));
#10350=CARTESIAN_POINT('Origin',(-0.7,0.75,0.725));
#10351=CARTESIAN_POINT('',(-0.675,0.75,0.725));
#10352=CARTESIAN_POINT('',(-0.7,0.75,0.725));
#10353=CARTESIAN_POINT('',(-0.675,-1.3925,0.725));
#10354=CARTESIAN_POINT('',(-0.7,0.75,0.725));
#10355=CARTESIAN_POINT('Origin',(-0.675,0.,0.725));
#10356=CARTESIAN_POINT('',(-0.675,-1.3925,0.725));
#10357=CARTESIAN_POINT('',(-0.675,-1.15,0.725));
#10358=CARTESIAN_POINT('',(-0.675,-1.3925,0.725));
#10359=CARTESIAN_POINT('',(-0.608243103516,-1.359121551758,1.2));
#10360=CARTESIAN_POINT('',(-0.675,-1.3925,0.725));
#10361=CARTESIAN_POINT('',(-0.608243103516,1.359121551758,1.2));
#10362=CARTESIAN_POINT('',(-0.608243103516,-1.359121551758,1.2));
#10363=CARTESIAN_POINT('',(-0.675,1.3925,0.725));
#10364=CARTESIAN_POINT('',(-0.675,-0.75,0.725));
#10365=CARTESIAN_POINT('',(-0.675,-1.3925,0.725));
#10366=CARTESIAN_POINT('',(-0.675,-1.3925,0.725));
#10367=CARTESIAN_POINT('Origin',(-0.63375,1.43375,0.725));
#10368=CARTESIAN_POINT('',(-0.559121551758,1.408243103516,1.2));
#10369=CARTESIAN_POINT('',(-0.608243103516,1.359121551758,1.2));
#10370=CARTESIAN_POINT('',(-0.5925,1.475,0.725));
#10371=CARTESIAN_POINT('Origin',(-6.93889390390723E-17,1.475,0.725));
#10372=CARTESIAN_POINT('',(0.559121551758,1.408243103516,1.2));
#10373=CARTESIAN_POINT('',(-0.559121551758,1.408243103516,1.2));
#10374=CARTESIAN_POINT('',(0.5925,1.475,0.725));
#10375=CARTESIAN_POINT('Origin',(0.63375,1.43375,0.725));
#10376=CARTESIAN_POINT('',(0.608243103516,1.359121551758,1.2));
#10377=CARTESIAN_POINT('',(0.559121551758,1.408243103516,1.2));
#10378=CARTESIAN_POINT('',(0.675,1.3925,0.725));
#10379=CARTESIAN_POINT('Origin',(0.675,0.,0.725));
#10380=CARTESIAN_POINT('',(0.608243103516,-1.359121551758,1.2));
#10381=CARTESIAN_POINT('',(0.608243103516,1.359121551758,1.2));
#10382=CARTESIAN_POINT('',(0.675,-1.3925,0.725));
#10383=CARTESIAN_POINT('',(0.675,-1.3925,0.725));
#10384=CARTESIAN_POINT('',(0.675,-0.2,0.725));
#10385=CARTESIAN_POINT('',(0.675,1.3925,0.725));
#10386=CARTESIAN_POINT('',(0.675,1.3925,0.725));
#10387=CARTESIAN_POINT('Origin',(0.7,0.2,0.725));
#10388=CARTESIAN_POINT('',(0.7,-0.2,0.725));
#10389=CARTESIAN_POINT('',(0.7,0.2,0.725));
#10390=CARTESIAN_POINT('Origin',(-1.486299604971E-16,1.4875,0.725));
#10391=CARTESIAN_POINT('',(0.5925,-1.475,0.725));
#10392=CARTESIAN_POINT('',(0.675,-1.3925,0.725));
#10393=CARTESIAN_POINT('',(-0.5925,-1.475,0.725));
#10394=CARTESIAN_POINT('',(0.5925,-1.475,0.725));
#10395=CARTESIAN_POINT('',(-0.5925,-1.475,0.725));
#10396=CARTESIAN_POINT('',(-0.7,-1.15,0.725));
#10397=CARTESIAN_POINT('Origin',(-0.931323080229,-1.15,0.33452717391));
#10398=CARTESIAN_POINT('',(-0.946201938253,-1.15,0.518412044417));
#10399=CARTESIAN_POINT('Origin',(-0.7,-1.15,0.475));
#10400=CARTESIAN_POINT('',(-0.991192795358,-1.15,0.232635182233));
#10401=CARTESIAN_POINT('',(-0.991192795358,-1.15,0.232635182233));
#10402=CARTESIAN_POINT('',(-1.089673570659,-1.15,0.15));
#10403=CARTESIAN_POINT('Origin',(-1.089673570659,-1.15,0.25));
#10404=CARTESIAN_POINT('',(-1.25,-1.15,0.15));
#10405=CARTESIAN_POINT('',(-1.25,-1.15,0.15));
#10406=CARTESIAN_POINT('',(-1.25,-1.15,5.551115123126E-17));
#10407=CARTESIAN_POINT('',(-1.25,-1.15,5.551115123126E-17));
#10408=CARTESIAN_POINT('',(-1.089673570659,-1.15,5.551115123126E-17));
#10409=CARTESIAN_POINT('',(-1.089673570659,-1.15,5.551115123126E-17));
#10410=CARTESIAN_POINT('',(-0.843471632406,-1.15,0.206587955583));
#10411=CARTESIAN_POINT('Origin',(-1.089673570659,-1.15,0.25));
#10412=CARTESIAN_POINT('',(-0.798480775301,-1.15,0.492364817767));
#10413=CARTESIAN_POINT('Origin',(-0.798480775301,-1.15,0.492364817767));
#10414=CARTESIAN_POINT('',(-0.843471632406,-0.75,0.206587955583));
#10415=CARTESIAN_POINT('',(-0.843471632406,-1.15,0.206587955583));
#10416=CARTESIAN_POINT('',(-0.798480775301,-0.75,0.492364817767));
#10417=CARTESIAN_POINT('Origin',(-0.931323080229,-0.75,0.33452717391));
#10418=CARTESIAN_POINT('',(-1.089673570659,-0.75,5.551115123126E-17));
#10419=CARTESIAN_POINT('Origin',(-1.089673570659,-0.75,0.25));
#10420=CARTESIAN_POINT('',(-1.25,-0.75,5.551115123126E-17));
#10421=CARTESIAN_POINT('',(-1.089673570659,-0.75,5.551115123126E-17));
#10422=CARTESIAN_POINT('',(-1.25,-0.75,0.15));
#10423=CARTESIAN_POINT('',(-1.25,-0.75,5.551115123126E-17));
#10424=CARTESIAN_POINT('',(-1.089673570659,-0.75,0.15));
#10425=CARTESIAN_POINT('',(-1.25,-0.75,0.15));
#10426=CARTESIAN_POINT('',(-0.991192795358,-0.75,0.232635182233));
#10427=CARTESIAN_POINT('Origin',(-1.089673570659,-0.75,0.25));
#10428=CARTESIAN_POINT('',(-0.946201938253,-0.75,0.518412044417));
#10429=CARTESIAN_POINT('',(-0.991192795358,-0.75,0.232635182233));
#10430=CARTESIAN_POINT('Origin',(-0.7,-0.75,0.475));
#10431=CARTESIAN_POINT('Origin',(-1.486299604971E-16,1.4875,0.725));
#10432=CARTESIAN_POINT('',(-0.7,-0.75,0.725));
#10433=CARTESIAN_POINT('Origin',(-0.931323080229,0.75,0.33452717391));
#10434=CARTESIAN_POINT('',(-0.946201938253,0.75,0.518412044417));
#10435=CARTESIAN_POINT('Origin',(-0.7,0.75,0.475));
#10436=CARTESIAN_POINT('',(-0.991192795358,0.75,0.232635182233));
#10437=CARTESIAN_POINT('',(-0.991192795358,0.75,0.232635182233));
#10438=CARTESIAN_POINT('',(-1.089673570659,0.75,0.15));
#10439=CARTESIAN_POINT('Origin',(-1.089673570659,0.75,0.25));
#10440=CARTESIAN_POINT('',(-1.25,0.75,0.15));
#10441=CARTESIAN_POINT('',(-1.25,0.75,0.15));
#10442=CARTESIAN_POINT('',(-1.25,0.75,5.551115123126E-17));
#10443=CARTESIAN_POINT('',(-1.25,0.75,5.551115123126E-17));
#10444=CARTESIAN_POINT('',(-1.089673570659,0.75,5.551115123126E-17));
#10445=CARTESIAN_POINT('',(-1.089673570659,0.75,5.551115123126E-17));
#10446=CARTESIAN_POINT('',(-0.843471632406,0.75,0.206587955583));
#10447=CARTESIAN_POINT('Origin',(-1.089673570659,0.75,0.25));
#10448=CARTESIAN_POINT('',(-0.798480775301,0.75,0.492364817767));
#10449=CARTESIAN_POINT('Origin',(-0.798480775301,0.75,0.492364817767));
#10450=CARTESIAN_POINT('',(-0.843471632406,1.15,0.206587955583));
#10451=CARTESIAN_POINT('',(-0.843471632406,0.75,0.206587955583));
#10452=CARTESIAN_POINT('',(-0.798480775301,1.15,0.492364817767));
#10453=CARTESIAN_POINT('Origin',(-0.931323080229,1.15,0.33452717391));
#10454=CARTESIAN_POINT('',(-1.089673570659,1.15,5.551115123126E-17));
#10455=CARTESIAN_POINT('Origin',(-1.089673570659,1.15,0.25));
#10456=CARTESIAN_POINT('',(-1.25,1.15,5.551115123126E-17));
#10457=CARTESIAN_POINT('',(-1.089673570659,1.15,5.551115123126E-17));
#10458=CARTESIAN_POINT('',(-1.25,1.15,0.15));
#10459=CARTESIAN_POINT('',(-1.25,1.15,5.551115123126E-17));
#10460=CARTESIAN_POINT('',(-1.089673570659,1.15,0.15));
#10461=CARTESIAN_POINT('',(-1.25,1.15,0.15));
#10462=CARTESIAN_POINT('',(-0.991192795358,1.15,0.232635182233));
#10463=CARTESIAN_POINT('Origin',(-1.089673570659,1.15,0.25));
#10464=CARTESIAN_POINT('',(-0.946201938253,1.15,0.518412044417));
#10465=CARTESIAN_POINT('',(-0.991192795358,1.15,0.232635182233));
#10466=CARTESIAN_POINT('Origin',(-0.7,1.15,0.475));
#10467=CARTESIAN_POINT('Origin',(0.931323080229,0.2,0.33452717391));
#10468=CARTESIAN_POINT('',(0.946201938253,0.2,0.518412044417));
#10469=CARTESIAN_POINT('Origin',(0.7,0.2,0.475));
#10470=CARTESIAN_POINT('',(0.991192795358,0.2,0.232635182233));
#10471=CARTESIAN_POINT('',(0.991192795358,0.2,0.232635182233));
#10472=CARTESIAN_POINT('',(1.089673570659,0.2,0.15));
#10473=CARTESIAN_POINT('Origin',(1.089673570659,0.2,0.25));
#10474=CARTESIAN_POINT('',(1.25,0.2,0.15));
#10475=CARTESIAN_POINT('',(1.25,0.2,0.15));
#10476=CARTESIAN_POINT('',(1.25,0.2,5.551115123126E-17));
#10477=CARTESIAN_POINT('',(1.25,0.2,5.551115123126E-17));
#10478=CARTESIAN_POINT('',(1.089673570659,0.2,5.551115123126E-17));
#10479=CARTESIAN_POINT('',(1.089673570659,0.2,5.551115123126E-17));
#10480=CARTESIAN_POINT('',(0.843471632406,0.2,0.206587955583));
#10481=CARTESIAN_POINT('Origin',(1.089673570659,0.2,0.25));
#10482=CARTESIAN_POINT('',(0.798480775301,0.2,0.492364817767));
#10483=CARTESIAN_POINT('Origin',(0.798480775301,0.2,0.492364817767));
#10484=CARTESIAN_POINT('',(0.843471632406,-0.2,0.206587955583));
#10485=CARTESIAN_POINT('',(0.843471632406,0.2,0.206587955583));
#10486=CARTESIAN_POINT('',(0.798480775301,-0.2,0.492364817767));
#10487=CARTESIAN_POINT('Origin',(0.931323080229,-0.2,0.33452717391));
#10488=CARTESIAN_POINT('',(1.089673570659,-0.2,5.551115123126E-17));
#10489=CARTESIAN_POINT('Origin',(1.089673570659,-0.2,0.25));
#10490=CARTESIAN_POINT('',(1.25,-0.2,5.551115123126E-17));
#10491=CARTESIAN_POINT('',(1.089673570659,-0.2,5.551115123126E-17));
#10492=CARTESIAN_POINT('',(1.25,-0.2,0.15));
#10493=CARTESIAN_POINT('',(1.25,-0.2,5.551115123126E-17));
#10494=CARTESIAN_POINT('',(1.089673570659,-0.2,0.15));
#10495=CARTESIAN_POINT('',(1.25,-0.2,0.15));
#10496=CARTESIAN_POINT('',(0.991192795358,-0.2,0.232635182233));
#10497=CARTESIAN_POINT('Origin',(1.089673570659,-0.2,0.25));
#10498=CARTESIAN_POINT('',(0.946201938253,-0.2,0.518412044417));
#10499=CARTESIAN_POINT('',(0.991192795358,-0.2,0.232635182233));
#10500=CARTESIAN_POINT('Origin',(0.7,-0.2,0.475));
#10501=CARTESIAN_POINT('Origin',(-0.7,0.75,0.475));
#10502=CARTESIAN_POINT('',(-0.946201938253,0.75,0.518412044417));
#10503=CARTESIAN_POINT('Origin',(-0.7,-1.15,0.725));
#10504=CARTESIAN_POINT('',(-0.7,-1.15,0.725));
#10505=CARTESIAN_POINT('Origin',(-0.559121551758,1.408243103516,1.2));
#10506=CARTESIAN_POINT('',(-0.559121551758,-1.408243103516,1.2));
#10507=CARTESIAN_POINT('',(-0.559121551758,-1.408243103516,1.2));
#10508=CARTESIAN_POINT('',(0.559121551758,-1.408243103516,1.2));
#10509=CARTESIAN_POINT('',(0.559121551758,-1.408243103516,1.2));
#10510=CARTESIAN_POINT('',(0.608243103516,-1.359121551758,1.2));
#10511=CARTESIAN_POINT('',(-0.428243103516,1.178243103516,1.2));
#10512=CARTESIAN_POINT('Origin',(-0.428243103516,1.228243103516,1.2));
#10513=CARTESIAN_POINT('Origin',(-0.63375,-1.43375,0.725));
#10514=CARTESIAN_POINT('',(-0.5925,-1.475,0.725));
#10515=CARTESIAN_POINT('Origin',(0.63375,-1.43375,0.725));
#10516=CARTESIAN_POINT('',(0.5925,-1.475,0.725));
#10517=CARTESIAN_POINT('Origin',(0.7,0.2,0.475));
#10518=CARTESIAN_POINT('',(0.946201938253,0.2,0.518412044417));
#10519=CARTESIAN_POINT('Origin',(6.93889390390723E-17,-1.475,0.725));
#10520=CARTESIAN_POINT('Origin',(-0.7,-1.15,0.475));
#10521=CARTESIAN_POINT('',(-0.946201938253,-1.15,0.518412044417));
#10522=CARTESIAN_POINT('Origin',(-0.991192795358,-1.15,0.232635182233));
#10523=CARTESIAN_POINT('',(-0.991192795358,-1.15,0.232635182233));
#10524=CARTESIAN_POINT('Origin',(-1.089673570659,-1.15,0.25));
#10525=CARTESIAN_POINT('',(-1.089673570659,-1.15,0.15));
#10526=CARTESIAN_POINT('Origin',(-1.25,-1.15,0.15));
#10527=CARTESIAN_POINT('',(-1.25,-1.15,0.15));
#10528=CARTESIAN_POINT('Origin',(-1.25,-1.15,5.551115123126E-17));
#10529=CARTESIAN_POINT('',(-1.25,-1.15,5.551115123126E-17));
#10530=CARTESIAN_POINT('Origin',(-1.089673570659,-1.15,5.551115123126E-17));
#10531=CARTESIAN_POINT('',(-1.089673570659,-1.15,5.551115123126E-17));
#10532=CARTESIAN_POINT('Origin',(-1.089673570659,-1.15,0.25));
#10533=CARTESIAN_POINT('Origin',(-0.991192795358,0.75,0.232635182233));
#10534=CARTESIAN_POINT('',(-0.991192795358,0.75,0.232635182233));
#10535=CARTESIAN_POINT('Origin',(-1.089673570659,0.75,0.25));
#10536=CARTESIAN_POINT('',(-1.089673570659,0.75,0.15));
#10537=CARTESIAN_POINT('Origin',(-1.25,0.75,0.15));
#10538=CARTESIAN_POINT('',(-1.25,0.75,0.15));
#10539=CARTESIAN_POINT('Origin',(-1.25,0.75,5.551115123126E-17));
#10540=CARTESIAN_POINT('',(-1.25,0.75,5.551115123126E-17));
#10541=CARTESIAN_POINT('Origin',(-1.089673570659,0.75,5.551115123126E-17));
#10542=CARTESIAN_POINT('',(-1.089673570659,0.75,5.551115123126E-17));
#10543=CARTESIAN_POINT('Origin',(-1.089673570659,0.75,0.25));
#10544=CARTESIAN_POINT('Origin',(0.991192795358,0.2,0.232635182233));
#10545=CARTESIAN_POINT('',(0.991192795358,0.2,0.232635182233));
#10546=CARTESIAN_POINT('Origin',(1.089673570659,0.2,0.25));
#10547=CARTESIAN_POINT('',(1.089673570659,0.2,0.15));
#10548=CARTESIAN_POINT('Origin',(1.25,0.2,0.15));
#10549=CARTESIAN_POINT('',(1.25,0.2,0.15));
#10550=CARTESIAN_POINT('Origin',(1.25,0.2,5.551115123126E-17));
#10551=CARTESIAN_POINT('',(1.25,0.2,5.551115123126E-17));
#10552=CARTESIAN_POINT('Origin',(1.089673570659,0.2,5.551115123126E-17));
#10553=CARTESIAN_POINT('',(1.089673570659,0.2,5.551115123126E-17));
#10554=CARTESIAN_POINT('Origin',(1.089673570659,0.2,0.25));
#10555=CARTESIAN_POINT('Origin',(-0.428243103516,1.228243103516,1.2));
#10556=CARTESIAN_POINT('',(0.,0.,0.));
#10557=CARTESIAN_POINT('',(0.,0.,0.));
#10558=CARTESIAN_POINT('Origin',(170.5,-145.25,0.));
#10559=CARTESIAN_POINT('',(170.5,-145.25,0.));
#10560=CARTESIAN_POINT('',(170.5,-145.25,1.51));
#10561=CARTESIAN_POINT('',(170.5,-145.25,0.));
#10562=CARTESIAN_POINT('',(110.5,-145.25,1.51));
#10563=CARTESIAN_POINT('',(170.5,-145.25,1.51));
#10564=CARTESIAN_POINT('',(110.5,-145.25,0.));
#10565=CARTESIAN_POINT('',(110.5,-145.25,0.));
#10566=CARTESIAN_POINT('',(170.5,-145.25,0.));
#10567=CARTESIAN_POINT('Origin',(170.5,-40.25,0.));
#10568=CARTESIAN_POINT('',(170.5,-40.25,0.));
#10569=CARTESIAN_POINT('',(170.5,-40.25,1.51));
#10570=CARTESIAN_POINT('',(170.5,-40.25,0.));
#10571=CARTESIAN_POINT('',(170.5,-40.25,1.51));
#10572=CARTESIAN_POINT('',(170.5,-40.25,0.));
#10573=CARTESIAN_POINT('Origin',(110.5,-145.25,0.));
#10574=CARTESIAN_POINT('',(110.5,-40.25,1.51));
#10575=CARTESIAN_POINT('',(110.5,-145.25,1.51));
#10576=CARTESIAN_POINT('',(110.5,-40.25,0.));
#10577=CARTESIAN_POINT('',(110.5,-40.25,0.));
#10578=CARTESIAN_POINT('',(110.5,-145.25,0.));
#10579=CARTESIAN_POINT('Origin',(0.,0.,0.));
#10580=CARTESIAN_POINT('',(110.5,-40.25,0.));
#10581=CARTESIAN_POINT('',(132.88,-136.442,0.));
#10582=CARTESIAN_POINT('Origin',(132.88,-136.95,0.));
#10583=CARTESIAN_POINT('',(132.88,-133.902,0.));
#10584=CARTESIAN_POINT('Origin',(132.88,-134.41,0.));
#10585=CARTESIAN_POINT('',(132.88,-131.362,0.));
#10586=CARTESIAN_POINT('Origin',(132.88,-131.87,0.));
#10587=CARTESIAN_POINT('',(132.88,-128.822,0.));
#10588=CARTESIAN_POINT('Origin',(132.88,-129.33,0.));
#10589=CARTESIAN_POINT('',(132.88,-126.282,0.));
#10590=CARTESIAN_POINT('Origin',(132.88,-126.79,0.));
#10591=CARTESIAN_POINT('',(132.88,-123.742,0.));
#10592=CARTESIAN_POINT('Origin',(132.88,-124.25,0.));
#10593=CARTESIAN_POINT('',(132.88,-121.202,0.));
#10594=CARTESIAN_POINT('Origin',(132.88,-121.71,0.));
#10595=CARTESIAN_POINT('',(132.88,-118.662,0.));
#10596=CARTESIAN_POINT('Origin',(132.88,-119.17,0.));
#10597=CARTESIAN_POINT('',(132.88,-116.122,0.));
#10598=CARTESIAN_POINT('Origin',(132.88,-116.63,0.));
#10599=CARTESIAN_POINT('',(132.88,-113.582,0.));
#10600=CARTESIAN_POINT('Origin',(132.88,-114.09,0.));
#10601=CARTESIAN_POINT('',(132.88,-111.042,0.));
#10602=CARTESIAN_POINT('Origin',(132.88,-111.55,0.));
#10603=CARTESIAN_POINT('',(132.88,-108.502,0.));
#10604=CARTESIAN_POINT('Origin',(132.88,-109.01,0.));
#10605=CARTESIAN_POINT('',(135.15,-95.685,0.));
#10606=CARTESIAN_POINT('Origin',(135.15,-96.035,0.));
#10607=CARTESIAN_POINT('',(135.15,-93.905,0.));
#10608=CARTESIAN_POINT('Origin',(135.15,-94.255,0.));
#10609=CARTESIAN_POINT('',(140.5,-136.15,0.));
#10610=CARTESIAN_POINT('Origin',(140.5,-137.25,0.));
#10611=CARTESIAN_POINT('',(148.12,-136.442,0.));
#10612=CARTESIAN_POINT('Origin',(148.12,-136.95,0.));
#10613=CARTESIAN_POINT('',(148.12,-133.902,0.));
#10614=CARTESIAN_POINT('Origin',(148.12,-134.41,0.));
#10615=CARTESIAN_POINT('',(148.12,-131.362,0.));
#10616=CARTESIAN_POINT('Origin',(148.12,-131.87,0.));
#10617=CARTESIAN_POINT('',(148.12,-128.822,0.));
#10618=CARTESIAN_POINT('Origin',(148.12,-129.33,0.));
#10619=CARTESIAN_POINT('',(148.12,-126.282,0.));
#10620=CARTESIAN_POINT('Origin',(148.12,-126.79,0.));
#10621=CARTESIAN_POINT('',(148.12,-123.742,0.));
#10622=CARTESIAN_POINT('Origin',(148.12,-124.25,0.));
#10623=CARTESIAN_POINT('',(148.12,-121.202,0.));
#10624=CARTESIAN_POINT('Origin',(148.12,-121.71,0.));
#10625=CARTESIAN_POINT('',(148.12,-118.662,0.));
#10626=CARTESIAN_POINT('Origin',(148.12,-119.17,0.));
#10627=CARTESIAN_POINT('',(148.12,-116.122,0.));
#10628=CARTESIAN_POINT('Origin',(148.12,-116.63,0.));
#10629=CARTESIAN_POINT('',(148.12,-113.582,0.));
#10630=CARTESIAN_POINT('Origin',(148.12,-114.09,0.));
#10631=CARTESIAN_POINT('',(148.12,-111.042,0.));
#10632=CARTESIAN_POINT('Origin',(148.12,-111.55,0.));
#10633=CARTESIAN_POINT('',(148.12,-108.502,0.));
#10634=CARTESIAN_POINT('Origin',(148.12,-109.01,0.));
#10635=CARTESIAN_POINT('',(145.85,-96.575,0.));
#10636=CARTESIAN_POINT('Origin',(145.85,-96.925,0.));
#10637=CARTESIAN_POINT('',(145.85,-94.795,0.));
#10638=CARTESIAN_POINT('Origin',(145.85,-95.145,0.));
#10639=CARTESIAN_POINT('',(145.85,-93.015,0.));
#10640=CARTESIAN_POINT('Origin',(145.85,-93.365,0.));
#10641=CARTESIAN_POINT('',(135.15,-92.125,0.));
#10642=CARTESIAN_POINT('Origin',(135.15,-92.475,0.));
#10643=CARTESIAN_POINT('',(135.15,-90.345,0.));
#10644=CARTESIAN_POINT('Origin',(135.15,-90.695,0.));
#10645=CARTESIAN_POINT('',(135.15,-88.565,0.));
#10646=CARTESIAN_POINT('Origin',(135.15,-88.915,0.));
#10647=CARTESIAN_POINT('',(135.15,-86.785,0.));
#10648=CARTESIAN_POINT('Origin',(135.15,-87.135,0.));
#10649=CARTESIAN_POINT('',(135.15,-85.005,0.));
#10650=CARTESIAN_POINT('Origin',(135.15,-85.355,0.));
#10651=CARTESIAN_POINT('',(135.15,-83.225,0.));
#10652=CARTESIAN_POINT('Origin',(135.15,-83.575,0.));
#10653=CARTESIAN_POINT('',(123.5,-62.58,0.));
#10654=CARTESIAN_POINT('Origin',(123.5,-63.33,0.));
#10655=CARTESIAN_POINT('',(118.5,-47.15,0.));
#10656=CARTESIAN_POINT('Origin',(118.5,-48.25,0.));
#10657=CARTESIAN_POINT('',(123.5,-57.5,0.));
#10658=CARTESIAN_POINT('Origin',(123.5,-58.25,0.));
#10659=CARTESIAN_POINT('',(123.5,-52.42,0.));
#10660=CARTESIAN_POINT('Origin',(123.5,-53.17,0.));
#10661=CARTESIAN_POINT('',(133.55,-64.65,0.));
#10662=CARTESIAN_POINT('Origin',(133.55,-65.15,0.));
#10663=CARTESIAN_POINT('',(133.55,-59.65,0.));
#10664=CARTESIAN_POINT('Origin',(133.55,-60.15,0.));
#10665=CARTESIAN_POINT('',(136.055,-98.1875,0.));
#10666=CARTESIAN_POINT('',(144.945,-98.1875,0.));
#10667=CARTESIAN_POINT('',(136.055,-98.1875,0.));
#10668=CARTESIAN_POINT('',(144.945,-82.3125,0.));
#10669=CARTESIAN_POINT('',(144.945,-98.1875,0.));
#10670=CARTESIAN_POINT('',(136.055,-82.3125,0.));
#10671=CARTESIAN_POINT('',(144.945,-82.3125,0.));
#10672=CARTESIAN_POINT('',(136.055,-82.3125,0.));
#10673=CARTESIAN_POINT('',(145.85,-91.235,0.));
#10674=CARTESIAN_POINT('Origin',(145.85,-91.585,0.));
#10675=CARTESIAN_POINT('',(145.85,-89.455,0.));
#10676=CARTESIAN_POINT('Origin',(145.85,-89.805,0.));
#10677=CARTESIAN_POINT('',(145.85,-87.675,0.));
#10678=CARTESIAN_POINT('Origin',(145.85,-88.025,0.));
#10679=CARTESIAN_POINT('',(145.85,-85.895,0.));
#10680=CARTESIAN_POINT('Origin',(145.85,-86.245,0.));
#10681=CARTESIAN_POINT('',(145.85,-84.115,0.));
#10682=CARTESIAN_POINT('Origin',(145.85,-84.465,0.));
#10683=CARTESIAN_POINT('',(139.9,-69.,0.));
#10684=CARTESIAN_POINT('',(139.9,-67.5,0.));
#10685=CARTESIAN_POINT('Origin',(139.9,-68.25,0.));
#10686=CARTESIAN_POINT('',(141.2,-69.,0.));
#10687=CARTESIAN_POINT('',(69.95,-69.,0.));
#10688=CARTESIAN_POINT('',(141.2,-67.5,0.));
#10689=CARTESIAN_POINT('Origin',(141.2,-68.25,0.));
#10690=CARTESIAN_POINT('',(70.6,-67.5,0.));
#10691=CARTESIAN_POINT('',(148.05,-64.65,0.));
#10692=CARTESIAN_POINT('Origin',(148.05,-65.15,0.));
#10693=CARTESIAN_POINT('',(148.05,-62.15,0.));
#10694=CARTESIAN_POINT('Origin',(148.05,-62.65,0.));
#10695=CARTESIAN_POINT('',(148.05,-59.65,0.));
#10696=CARTESIAN_POINT('Origin',(148.05,-60.15,0.));
#10697=CARTESIAN_POINT('',(139.9,-57.8,0.));
#10698=CARTESIAN_POINT('',(139.9,-56.3,0.));
#10699=CARTESIAN_POINT('Origin',(139.9,-57.05,0.));
#10700=CARTESIAN_POINT('',(141.2,-57.8,0.));
#10701=CARTESIAN_POINT('',(69.95,-57.8,0.));
#10702=CARTESIAN_POINT('',(141.2,-56.3,0.));
#10703=CARTESIAN_POINT('Origin',(141.2,-57.05,0.));
#10704=CARTESIAN_POINT('',(70.6,-56.3,0.));
#10705=CARTESIAN_POINT('',(158.5,-62.58,0.));
#10706=CARTESIAN_POINT('Origin',(158.5,-63.33,0.));
#10707=CARTESIAN_POINT('',(158.5,-57.5,0.));
#10708=CARTESIAN_POINT('Origin',(158.5,-58.25,0.));
#10709=CARTESIAN_POINT('',(158.5,-52.42,0.));
#10710=CARTESIAN_POINT('Origin',(158.5,-53.17,0.));
#10711=CARTESIAN_POINT('',(162.5,-47.15,0.));
#10712=CARTESIAN_POINT('Origin',(162.5,-48.25,0.));
#10713=CARTESIAN_POINT('Origin',(0.,0.,1.51));
#10714=CARTESIAN_POINT('',(110.5,-40.25,1.51));
#10715=CARTESIAN_POINT('',(132.88,-136.442,1.51));
#10716=CARTESIAN_POINT('Origin',(132.88,-136.95,1.51));
#10717=CARTESIAN_POINT('',(132.88,-133.902,1.51));
#10718=CARTESIAN_POINT('Origin',(132.88,-134.41,1.51));
#10719=CARTESIAN_POINT('',(132.88,-131.362,1.51));
#10720=CARTESIAN_POINT('Origin',(132.88,-131.87,1.51));
#10721=CARTESIAN_POINT('',(132.88,-128.822,1.51));
#10722=CARTESIAN_POINT('Origin',(132.88,-129.33,1.51));
#10723=CARTESIAN_POINT('',(132.88,-126.282,1.51));
#10724=CARTESIAN_POINT('Origin',(132.88,-126.79,1.51));
#10725=CARTESIAN_POINT('',(132.88,-123.742,1.51));
#10726=CARTESIAN_POINT('Origin',(132.88,-124.25,1.51));
#10727=CARTESIAN_POINT('',(132.88,-121.202,1.51));
#10728=CARTESIAN_POINT('Origin',(132.88,-121.71,1.51));
#10729=CARTESIAN_POINT('',(132.88,-118.662,1.51));
#10730=CARTESIAN_POINT('Origin',(132.88,-119.17,1.51));
#10731=CARTESIAN_POINT('',(132.88,-116.122,1.51));
#10732=CARTESIAN_POINT('Origin',(132.88,-116.63,1.51));
#10733=CARTESIAN_POINT('',(132.88,-113.582,1.51));
#10734=CARTESIAN_POINT('Origin',(132.88,-114.09,1.51));
#10735=CARTESIAN_POINT('',(132.88,-111.042,1.51));
#10736=CARTESIAN_POINT('Origin',(132.88,-111.55,1.51));
#10737=CARTESIAN_POINT('',(132.88,-108.502,1.51));
#10738=CARTESIAN_POINT('Origin',(132.88,-109.01,1.51));
#10739=CARTESIAN_POINT('',(135.15,-95.685,1.51));
#10740=CARTESIAN_POINT('Origin',(135.15,-96.035,1.51));
#10741=CARTESIAN_POINT('',(135.15,-93.905,1.51));
#10742=CARTESIAN_POINT('Origin',(135.15,-94.255,1.51));
#10743=CARTESIAN_POINT('',(140.5,-136.15,1.51));
#10744=CARTESIAN_POINT('Origin',(140.5,-137.25,1.51));
#10745=CARTESIAN_POINT('',(148.12,-136.442,1.51));
#10746=CARTESIAN_POINT('Origin',(148.12,-136.95,1.51));
#10747=CARTESIAN_POINT('',(148.12,-133.902,1.51));
#10748=CARTESIAN_POINT('Origin',(148.12,-134.41,1.51));
#10749=CARTESIAN_POINT('',(148.12,-131.362,1.51));
#10750=CARTESIAN_POINT('Origin',(148.12,-131.87,1.51));
#10751=CARTESIAN_POINT('',(148.12,-128.822,1.51));
#10752=CARTESIAN_POINT('Origin',(148.12,-129.33,1.51));
#10753=CARTESIAN_POINT('',(148.12,-126.282,1.51));
#10754=CARTESIAN_POINT('Origin',(148.12,-126.79,1.51));
#10755=CARTESIAN_POINT('',(148.12,-123.742,1.51));
#10756=CARTESIAN_POINT('Origin',(148.12,-124.25,1.51));
#10757=CARTESIAN_POINT('',(148.12,-121.202,1.51));
#10758=CARTESIAN_POINT('Origin',(148.12,-121.71,1.51));
#10759=CARTESIAN_POINT('',(148.12,-118.662,1.51));
#10760=CARTESIAN_POINT('Origin',(148.12,-119.17,1.51));
#10761=CARTESIAN_POINT('',(148.12,-116.122,1.51));
#10762=CARTESIAN_POINT('Origin',(148.12,-116.63,1.51));
#10763=CARTESIAN_POINT('',(148.12,-113.582,1.51));
#10764=CARTESIAN_POINT('Origin',(148.12,-114.09,1.51));
#10765=CARTESIAN_POINT('',(148.12,-111.042,1.51));
#10766=CARTESIAN_POINT('Origin',(148.12,-111.55,1.51));
#10767=CARTESIAN_POINT('',(148.12,-108.502,1.51));
#10768=CARTESIAN_POINT('Origin',(148.12,-109.01,1.51));
#10769=CARTESIAN_POINT('',(145.85,-96.575,1.51));
#10770=CARTESIAN_POINT('Origin',(145.85,-96.925,1.51));
#10771=CARTESIAN_POINT('',(145.85,-94.795,1.51));
#10772=CARTESIAN_POINT('Origin',(145.85,-95.145,1.51));
#10773=CARTESIAN_POINT('',(145.85,-93.015,1.51));
#10774=CARTESIAN_POINT('Origin',(145.85,-93.365,1.51));
#10775=CARTESIAN_POINT('',(135.15,-92.125,1.51));
#10776=CARTESIAN_POINT('Origin',(135.15,-92.475,1.51));
#10777=CARTESIAN_POINT('',(135.15,-90.345,1.51));
#10778=CARTESIAN_POINT('Origin',(135.15,-90.695,1.51));
#10779=CARTESIAN_POINT('',(135.15,-88.565,1.51));
#10780=CARTESIAN_POINT('Origin',(135.15,-88.915,1.51));
#10781=CARTESIAN_POINT('',(135.15,-86.785,1.51));
#10782=CARTESIAN_POINT('Origin',(135.15,-87.135,1.51));
#10783=CARTESIAN_POINT('',(135.15,-85.005,1.51));
#10784=CARTESIAN_POINT('Origin',(135.15,-85.355,1.51));
#10785=CARTESIAN_POINT('',(135.15,-83.225,1.51));
#10786=CARTESIAN_POINT('Origin',(135.15,-83.575,1.51));
#10787=CARTESIAN_POINT('',(123.5,-62.58,1.51));
#10788=CARTESIAN_POINT('Origin',(123.5,-63.33,1.51));
#10789=CARTESIAN_POINT('',(118.5,-47.15,1.51));
#10790=CARTESIAN_POINT('Origin',(118.5,-48.25,1.51));
#10791=CARTESIAN_POINT('',(123.5,-57.5,1.51));
#10792=CARTESIAN_POINT('Origin',(123.5,-58.25,1.51));
#10793=CARTESIAN_POINT('',(123.5,-52.42,1.51));
#10794=CARTESIAN_POINT('Origin',(123.5,-53.17,1.51));
#10795=CARTESIAN_POINT('',(133.55,-64.65,1.51));
#10796=CARTESIAN_POINT('Origin',(133.55,-65.15,1.51));
#10797=CARTESIAN_POINT('',(133.55,-59.65,1.51));
#10798=CARTESIAN_POINT('Origin',(133.55,-60.15,1.51));
#10799=CARTESIAN_POINT('',(136.055,-98.1875,1.51));
#10800=CARTESIAN_POINT('',(144.945,-98.1875,1.51));
#10801=CARTESIAN_POINT('',(136.055,-98.1875,1.51));
#10802=CARTESIAN_POINT('',(136.055,-82.3125,1.51));
#10803=CARTESIAN_POINT('',(136.055,-82.3125,1.51));
#10804=CARTESIAN_POINT('',(144.945,-82.3125,1.51));
#10805=CARTESIAN_POINT('',(144.945,-82.3125,1.51));
#10806=CARTESIAN_POINT('',(144.945,-98.1875,1.51));
#10807=CARTESIAN_POINT('',(145.85,-91.235,1.51));
#10808=CARTESIAN_POINT('Origin',(145.85,-91.585,1.51));
#10809=CARTESIAN_POINT('',(145.85,-89.455,1.51));
#10810=CARTESIAN_POINT('Origin',(145.85,-89.805,1.51));
#10811=CARTESIAN_POINT('',(145.85,-87.675,1.51));
#10812=CARTESIAN_POINT('Origin',(145.85,-88.025,1.51));
#10813=CARTESIAN_POINT('',(145.85,-85.895,1.51));
#10814=CARTESIAN_POINT('Origin',(145.85,-86.245,1.51));
#10815=CARTESIAN_POINT('',(145.85,-84.115,1.51));
#10816=CARTESIAN_POINT('Origin',(145.85,-84.465,1.51));
#10817=CARTESIAN_POINT('',(139.9,-69.,1.51));
#10818=CARTESIAN_POINT('',(139.9,-67.5,1.51));
#10819=CARTESIAN_POINT('Origin',(139.9,-68.25,1.51));
#10820=CARTESIAN_POINT('',(141.2,-67.5,1.51));
#10821=CARTESIAN_POINT('',(70.6,-67.5,1.51));
#10822=CARTESIAN_POINT('',(141.2,-69.,1.51));
#10823=CARTESIAN_POINT('Origin',(141.2,-68.25,1.51));
#10824=CARTESIAN_POINT('',(69.95,-69.,1.51));
#10825=CARTESIAN_POINT('',(148.05,-64.65,1.51));
#10826=CARTESIAN_POINT('Origin',(148.05,-65.15,1.51));
#10827=CARTESIAN_POINT('',(148.05,-62.15,1.51));
#10828=CARTESIAN_POINT('Origin',(148.05,-62.65,1.51));
#10829=CARTESIAN_POINT('',(148.05,-59.65,1.51));
#10830=CARTESIAN_POINT('Origin',(148.05,-60.15,1.51));
#10831=CARTESIAN_POINT('',(139.9,-57.8,1.51));
#10832=CARTESIAN_POINT('',(139.9,-56.3,1.51));
#10833=CARTESIAN_POINT('Origin',(139.9,-57.05,1.51));
#10834=CARTESIAN_POINT('',(141.2,-56.3,1.51));
#10835=CARTESIAN_POINT('',(70.6,-56.3,1.51));
#10836=CARTESIAN_POINT('',(141.2,-57.8,1.51));
#10837=CARTESIAN_POINT('Origin',(141.2,-57.05,1.51));
#10838=CARTESIAN_POINT('',(69.95,-57.8,1.51));
#10839=CARTESIAN_POINT('',(158.5,-62.58,1.51));
#10840=CARTESIAN_POINT('Origin',(158.5,-63.33,1.51));
#10841=CARTESIAN_POINT('',(158.5,-57.5,1.51));
#10842=CARTESIAN_POINT('Origin',(158.5,-58.25,1.51));
#10843=CARTESIAN_POINT('',(158.5,-52.42,1.51));
#10844=CARTESIAN_POINT('Origin',(158.5,-53.17,1.51));
#10845=CARTESIAN_POINT('',(162.5,-47.15,1.51));
#10846=CARTESIAN_POINT('Origin',(162.5,-48.25,1.51));
#10847=CARTESIAN_POINT('Origin',(110.5,-40.25,0.));
#10848=CARTESIAN_POINT('Origin',(132.88,-136.95,-0.046));
#10849=CARTESIAN_POINT('',(132.88,-136.442,-0.046));
#10850=CARTESIAN_POINT('Origin',(132.88,-134.41,-0.046));
#10851=CARTESIAN_POINT('',(132.88,-133.902,-0.046));
#10852=CARTESIAN_POINT('Origin',(132.88,-131.87,-0.046));
#10853=CARTESIAN_POINT('',(132.88,-131.362,-0.046));
#10854=CARTESIAN_POINT('Origin',(132.88,-129.33,-0.046));
#10855=CARTESIAN_POINT('',(132.88,-128.822,-0.046));
#10856=CARTESIAN_POINT('Origin',(132.88,-126.79,-0.046));
#10857=CARTESIAN_POINT('',(132.88,-126.282,-0.046));
#10858=CARTESIAN_POINT('Origin',(132.88,-124.25,-0.046));
#10859=CARTESIAN_POINT('',(132.88,-123.742,-0.046));
#10860=CARTESIAN_POINT('Origin',(132.88,-121.71,-0.046));
#10861=CARTESIAN_POINT('',(132.88,-121.202,-0.046));
#10862=CARTESIAN_POINT('Origin',(132.88,-119.17,-0.046));
#10863=CARTESIAN_POINT('',(132.88,-118.662,-0.046));
#10864=CARTESIAN_POINT('Origin',(132.88,-116.63,-0.046));
#10865=CARTESIAN_POINT('',(132.88,-116.122,-0.046));
#10866=CARTESIAN_POINT('Origin',(132.88,-114.09,-0.046));
#10867=CARTESIAN_POINT('',(132.88,-113.582,-0.046));
#10868=CARTESIAN_POINT('Origin',(132.88,-111.55,-0.046));
#10869=CARTESIAN_POINT('',(132.88,-111.042,-0.046));
#10870=CARTESIAN_POINT('Origin',(132.88,-109.01,-0.046));
#10871=CARTESIAN_POINT('',(132.88,-108.502,-0.046));
#10872=CARTESIAN_POINT('Origin',(135.15,-96.035,-0.046));
#10873=CARTESIAN_POINT('',(135.15,-95.685,-0.046));
#10874=CARTESIAN_POINT('Origin',(135.15,-94.255,-0.046));
#10875=CARTESIAN_POINT('',(135.15,-93.905,-0.046));
#10876=CARTESIAN_POINT('Origin',(140.5,-137.25,-0.046));
#10877=CARTESIAN_POINT('',(140.5,-136.15,-0.046));
#10878=CARTESIAN_POINT('Origin',(148.12,-136.95,-0.046));
#10879=CARTESIAN_POINT('',(148.12,-136.442,-0.046));
#10880=CARTESIAN_POINT('Origin',(148.12,-134.41,-0.046));
#10881=CARTESIAN_POINT('',(148.12,-133.902,-0.046));
#10882=CARTESIAN_POINT('Origin',(148.12,-131.87,-0.046));
#10883=CARTESIAN_POINT('',(148.12,-131.362,-0.046));
#10884=CARTESIAN_POINT('Origin',(148.12,-129.33,-0.046));
#10885=CARTESIAN_POINT('',(148.12,-128.822,-0.046));
#10886=CARTESIAN_POINT('Origin',(148.12,-126.79,-0.046));
#10887=CARTESIAN_POINT('',(148.12,-126.282,-0.046));
#10888=CARTESIAN_POINT('Origin',(148.12,-124.25,-0.046));
#10889=CARTESIAN_POINT('',(148.12,-123.742,-0.046));
#10890=CARTESIAN_POINT('Origin',(148.12,-121.71,-0.046));
#10891=CARTESIAN_POINT('',(148.12,-121.202,-0.046));
#10892=CARTESIAN_POINT('Origin',(148.12,-119.17,-0.046));
#10893=CARTESIAN_POINT('',(148.12,-118.662,-0.046));
#10894=CARTESIAN_POINT('Origin',(148.12,-116.63,-0.046));
#10895=CARTESIAN_POINT('',(148.12,-116.122,-0.046));
#10896=CARTESIAN_POINT('Origin',(148.12,-114.09,-0.046));
#10897=CARTESIAN_POINT('',(148.12,-113.582,-0.046));
#10898=CARTESIAN_POINT('Origin',(148.12,-111.55,-0.046));
#10899=CARTESIAN_POINT('',(148.12,-111.042,-0.046));
#10900=CARTESIAN_POINT('Origin',(148.12,-109.01,-0.046));
#10901=CARTESIAN_POINT('',(148.12,-108.502,-0.046));
#10902=CARTESIAN_POINT('Origin',(145.85,-96.925,-0.046));
#10903=CARTESIAN_POINT('',(145.85,-96.575,-0.046));
#10904=CARTESIAN_POINT('Origin',(145.85,-95.145,-0.046));
#10905=CARTESIAN_POINT('',(145.85,-94.795,-0.046));
#10906=CARTESIAN_POINT('Origin',(145.85,-93.365,-0.046));
#10907=CARTESIAN_POINT('',(145.85,-93.015,-0.046));
#10908=CARTESIAN_POINT('Origin',(135.15,-92.475,-0.046));
#10909=CARTESIAN_POINT('',(135.15,-92.125,-0.046));
#10910=CARTESIAN_POINT('Origin',(135.15,-90.695,-0.046));
#10911=CARTESIAN_POINT('',(135.15,-90.345,-0.046));
#10912=CARTESIAN_POINT('Origin',(135.15,-88.915,-0.046));
#10913=CARTESIAN_POINT('',(135.15,-88.565,-0.046));
#10914=CARTESIAN_POINT('Origin',(135.15,-87.135,-0.046));
#10915=CARTESIAN_POINT('',(135.15,-86.785,-0.046));
#10916=CARTESIAN_POINT('Origin',(135.15,-85.355,-0.046));
#10917=CARTESIAN_POINT('',(135.15,-85.005,-0.046));
#10918=CARTESIAN_POINT('Origin',(135.15,-83.575,-0.046));
#10919=CARTESIAN_POINT('',(135.15,-83.225,-0.046));
#10920=CARTESIAN_POINT('Origin',(123.5,-63.33,-0.046));
#10921=CARTESIAN_POINT('',(123.5,-62.58,-0.046));
#10922=CARTESIAN_POINT('Origin',(118.5,-48.25,-0.046));
#10923=CARTESIAN_POINT('',(118.5,-47.15,-0.046));
#10924=CARTESIAN_POINT('Origin',(123.5,-58.25,-0.046));
#10925=CARTESIAN_POINT('',(123.5,-57.5,-0.046));
#10926=CARTESIAN_POINT('Origin',(123.5,-53.17,-0.046));
#10927=CARTESIAN_POINT('',(123.5,-52.42,-0.046));
#10928=CARTESIAN_POINT('Origin',(133.55,-65.15,-0.046));
#10929=CARTESIAN_POINT('',(133.55,-64.65,-0.046));
#10930=CARTESIAN_POINT('Origin',(133.55,-60.15,-0.046));
#10931=CARTESIAN_POINT('',(133.55,-59.65,-0.046));
#10932=CARTESIAN_POINT('Origin',(136.055,-98.1875,0.));
#10933=CARTESIAN_POINT('',(136.055,-98.1875,0.));
#10934=CARTESIAN_POINT('',(144.945,-98.1875,0.));
#10935=CARTESIAN_POINT('Origin',(136.055,-82.3125,0.));
#10936=CARTESIAN_POINT('',(136.055,-82.3125,0.));
#10937=CARTESIAN_POINT('Origin',(144.945,-98.1875,0.));
#10938=CARTESIAN_POINT('',(144.945,-82.3125,0.));
#10939=CARTESIAN_POINT('Origin',(144.945,-82.3125,0.));
#10940=CARTESIAN_POINT('Origin',(145.85,-91.585,-0.046));
#10941=CARTESIAN_POINT('',(145.85,-91.235,-0.046));
#10942=CARTESIAN_POINT('Origin',(145.85,-89.805,-0.046));
#10943=CARTESIAN_POINT('',(145.85,-89.455,-0.046));
#10944=CARTESIAN_POINT('Origin',(145.85,-88.025,-0.046));
#10945=CARTESIAN_POINT('',(145.85,-87.675,-0.046));
#10946=CARTESIAN_POINT('Origin',(145.85,-86.245,-0.046));
#10947=CARTESIAN_POINT('',(145.85,-85.895,-0.046));
#10948=CARTESIAN_POINT('Origin',(145.85,-84.465,-0.046));
#10949=CARTESIAN_POINT('',(145.85,-84.115,-0.046));
#10950=CARTESIAN_POINT('Origin',(139.9,-68.25,-0.046));
#10951=CARTESIAN_POINT('',(139.9,-67.5,-0.046));
#10952=CARTESIAN_POINT('',(139.9,-69.,-0.046));
#10953=CARTESIAN_POINT('Origin',(139.9,-69.,-0.046));
#10954=CARTESIAN_POINT('',(141.2,-69.,-0.046));
#10955=CARTESIAN_POINT('Origin',(141.2,-68.25,-0.046));
#10956=CARTESIAN_POINT('',(141.2,-67.5,-0.046));
#10957=CARTESIAN_POINT('Origin',(141.2,-67.5,-0.046));
#10958=CARTESIAN_POINT('Origin',(148.05,-65.15,-0.046));
#10959=CARTESIAN_POINT('',(148.05,-64.65,-0.046));
#10960=CARTESIAN_POINT('Origin',(148.05,-62.65,-0.046));
#10961=CARTESIAN_POINT('',(148.05,-62.15,-0.046));
#10962=CARTESIAN_POINT('Origin',(148.05,-60.15,-0.046));
#10963=CARTESIAN_POINT('',(148.05,-59.65,-0.046));
#10964=CARTESIAN_POINT('Origin',(139.9,-57.05,-0.046));
#10965=CARTESIAN_POINT('',(139.9,-56.3,-0.046));
#10966=CARTESIAN_POINT('',(139.9,-57.8,-0.046));
#10967=CARTESIAN_POINT('Origin',(139.9,-57.8,-0.046));
#10968=CARTESIAN_POINT('',(141.2,-57.8,-0.046));
#10969=CARTESIAN_POINT('Origin',(141.2,-57.05,-0.046));
#10970=CARTESIAN_POINT('',(141.2,-56.3,-0.046));
#10971=CARTESIAN_POINT('Origin',(141.2,-56.3,-0.046));
#10972=CARTESIAN_POINT('Origin',(158.5,-63.33,-0.046));
#10973=CARTESIAN_POINT('',(158.5,-62.58,-0.046));
#10974=CARTESIAN_POINT('Origin',(158.5,-58.25,-0.046));
#10975=CARTESIAN_POINT('',(158.5,-57.5,-0.046));
#10976=CARTESIAN_POINT('Origin',(158.5,-53.17,-0.046));
#10977=CARTESIAN_POINT('',(158.5,-52.42,-0.046));
#10978=CARTESIAN_POINT('Origin',(162.5,-48.25,-0.046));
#10979=CARTESIAN_POINT('',(162.5,-47.15,-0.046));
#10980=CARTESIAN_POINT('',(0.,0.,0.));
#10981=CARTESIAN_POINT('',(0.,0.,0.));
#10982=CARTESIAN_POINT('Origin',(-1.,-0.6,0.));
#10983=CARTESIAN_POINT('',(-1.,-0.6,0.045));
#10984=CARTESIAN_POINT('',(-1.,-0.6,0.405));
#10985=CARTESIAN_POINT('',(-1.,-0.6,0.));
#10986=CARTESIAN_POINT('',(-1.,0.6,0.405));
#10987=CARTESIAN_POINT('',(-1.,-0.6,0.405));
#10988=CARTESIAN_POINT('',(-1.,0.6,0.045));
#10989=CARTESIAN_POINT('',(-1.,0.6,0.));
#10990=CARTESIAN_POINT('',(-1.,-0.6,0.045));
#10991=CARTESIAN_POINT('Origin',(-1.,-0.6,0.));
#10992=CARTESIAN_POINT('',(-0.955,-0.6,-2.775557561563E-17));
#10993=CARTESIAN_POINT('',(-0.745,-0.6,-2.775557561563E-17));
#10994=CARTESIAN_POINT('',(-1.,-0.6,0.));
#10995=CARTESIAN_POINT('',(-0.7,-0.6,0.045));
#10996=CARTESIAN_POINT('Origin',(-0.745,-0.6,0.045));
#10997=CARTESIAN_POINT('',(-0.955,-0.6,0.045));
#10998=CARTESIAN_POINT('',(-0.955,-0.6,0.045));
#10999=CARTESIAN_POINT('',(-0.955,-0.6,0.405));
#11000=CARTESIAN_POINT('',(-0.955,-0.6,0.045));
#11001=CARTESIAN_POINT('',(-0.7,-0.6,0.405));
#11002=CARTESIAN_POINT('',(-0.955,-0.6,0.405));
#11003=CARTESIAN_POINT('',(-0.745,-0.6,0.45));
#11004=CARTESIAN_POINT('Origin',(-0.745,-0.6,0.405));
#11005=CARTESIAN_POINT('',(-0.955,-0.6,0.45));
#11006=CARTESIAN_POINT('',(-1.,-0.6,0.45));
#11007=CARTESIAN_POINT('Origin',(-0.955,-0.6,0.405));
#11008=CARTESIAN_POINT('Origin',(-0.955,-0.6,0.045));
#11009=CARTESIAN_POINT('Origin',(-0.955,-0.6,0.045));
#11010=CARTESIAN_POINT('',(-0.955,0.6,-2.775557561563E-17));
#11011=CARTESIAN_POINT('Origin',(-0.955,0.6,0.045));
#11012=CARTESIAN_POINT('',(-0.955,-0.6,-2.775557561563E-17));
#11013=CARTESIAN_POINT('Origin',(-0.955,-0.6,0.405));
#11014=CARTESIAN_POINT('',(-0.955,0.6,0.45));
#11015=CARTESIAN_POINT('',(-0.955,-0.6,0.45));
#11016=CARTESIAN_POINT('Origin',(-0.955,0.6,0.405));
#11017=CARTESIAN_POINT('Origin',(-1.,0.6,0.));
#11018=CARTESIAN_POINT('',(-0.745,0.6,-2.775557561563E-17));
#11019=CARTESIAN_POINT('',(-1.,0.6,0.));
#11020=CARTESIAN_POINT('',(-0.745,0.6,0.45));
#11021=CARTESIAN_POINT('',(-1.,0.6,0.45));
#11022=CARTESIAN_POINT('',(-0.7,0.6,0.405));
#11023=CARTESIAN_POINT('Origin',(-0.745,0.6,0.405));
#11024=CARTESIAN_POINT('',(-0.955,0.6,0.405));
#11025=CARTESIAN_POINT('',(-0.955,0.6,0.405));
#11026=CARTESIAN_POINT('',(-0.955,0.6,0.045));
#11027=CARTESIAN_POINT('',(-0.955,0.6,0.045));
#11028=CARTESIAN_POINT('',(-0.7,0.6,0.045));
#11029=CARTESIAN_POINT('',(-0.955,0.6,0.045));
#11030=CARTESIAN_POINT('Origin',(-0.745,0.6,0.045));
#11031=CARTESIAN_POINT('Origin',(-1.,-0.6,0.));
#11032=CARTESIAN_POINT('',(-0.745,-0.6,-2.775557561563E-17));
#11033=CARTESIAN_POINT('Origin',(-0.745,-0.6,0.045));
#11034=CARTESIAN_POINT('',(-0.7,-0.6,0.045));
#11035=CARTESIAN_POINT('Origin',(-0.955,-0.6,0.045));
#11036=CARTESIAN_POINT('',(0.7,-0.6,0.045));
#11037=CARTESIAN_POINT('',(-0.955,-0.6,0.045));
#11038=CARTESIAN_POINT('',(0.955,-0.6,0.045));
#11039=CARTESIAN_POINT('',(-0.955,-0.6,0.045));
#11040=CARTESIAN_POINT('',(0.955,-0.6,0.405));
#11041=CARTESIAN_POINT('',(0.955,-0.6,0.045));
#11042=CARTESIAN_POINT('',(0.7,-0.6,0.405));
#11043=CARTESIAN_POINT('',(-0.955,-0.6,0.405));
#11044=CARTESIAN_POINT('',(-0.7,-0.6,0.405));
#11045=CARTESIAN_POINT('Origin',(-1.,-0.6,0.45));
#11046=CARTESIAN_POINT('',(-0.745,-0.6,0.45));
#11047=CARTESIAN_POINT('Origin',(-0.745,-0.6,0.405));
#11048=CARTESIAN_POINT('',(-0.7,-0.6,0.405));
#11049=CARTESIAN_POINT('Origin',(-0.955,0.6,0.045));
#11050=CARTESIAN_POINT('',(0.7,0.6,0.405));
#11051=CARTESIAN_POINT('',(-0.7,0.6,0.405));
#11052=CARTESIAN_POINT('',(0.955,0.6,0.405));
#11053=CARTESIAN_POINT('',(-0.955,0.6,0.405));
#11054=CARTESIAN_POINT('',(0.955,0.6,0.045));
#11055=CARTESIAN_POINT('',(0.955,0.6,0.045));
#11056=CARTESIAN_POINT('',(0.7,0.6,0.045));
#11057=CARTESIAN_POINT('',(-0.955,0.6,0.045));
#11058=CARTESIAN_POINT('',(-0.955,0.6,0.045));
#11059=CARTESIAN_POINT('Origin',(-0.955,-0.6,0.045));
#11060=CARTESIAN_POINT('',(0.7,-0.6,0.045));
#11061=CARTESIAN_POINT('Origin',(0.7,-0.6,0.));
#11062=CARTESIAN_POINT('',(0.745,-0.6,-2.775557561563E-17));
#11063=CARTESIAN_POINT('',(0.955,-0.6,-2.775557561563E-17));
#11064=CARTESIAN_POINT('',(0.7,-0.6,0.));
#11065=CARTESIAN_POINT('',(1.,-0.6,0.045));
#11066=CARTESIAN_POINT('Origin',(0.955,-0.6,0.045));
#11067=CARTESIAN_POINT('',(1.,-0.6,0.405));
#11068=CARTESIAN_POINT('',(1.,-0.6,0.));
#11069=CARTESIAN_POINT('',(0.955,-0.6,0.45));
#11070=CARTESIAN_POINT('Origin',(0.955,-0.6,0.405));
#11071=CARTESIAN_POINT('',(0.745,-0.6,0.45));
#11072=CARTESIAN_POINT('',(0.7,-0.6,0.45));
#11073=CARTESIAN_POINT('Origin',(0.745,-0.6,0.405));
#11074=CARTESIAN_POINT('Origin',(0.745,-0.6,0.045));
#11075=CARTESIAN_POINT('Origin',(-0.7,-0.6,0.405));
#11076=CARTESIAN_POINT('',(0.7,-0.6,0.45));
#11077=CARTESIAN_POINT('',(0.7,-0.6,0.405));
#11078=CARTESIAN_POINT('',(-0.7,-0.6,0.45));
#11079=CARTESIAN_POINT('',(-0.7,-0.6,0.45));
#11080=CARTESIAN_POINT('',(-0.7,-0.6,0.405));
#11081=CARTESIAN_POINT('Origin',(-0.7,-0.6,0.405));
#11082=CARTESIAN_POINT('',(-0.7,0.6,0.45));
#11083=CARTESIAN_POINT('',(-0.7,-0.6,0.45));
#11084=CARTESIAN_POINT('',(-0.7,0.6,0.405));
#11085=CARTESIAN_POINT('Origin',(0.7,0.6,0.));
#11086=CARTESIAN_POINT('',(0.745,0.6,-2.775557561563E-17));
#11087=CARTESIAN_POINT('',(0.955,0.6,-2.775557561563E-17));
#11088=CARTESIAN_POINT('',(0.7,0.6,0.));
#11089=CARTESIAN_POINT('Origin',(0.745,0.6,0.045));
#11090=CARTESIAN_POINT('',(0.745,0.6,0.45));
#11091=CARTESIAN_POINT('Origin',(0.745,0.6,0.405));
#11092=CARTESIAN_POINT('',(0.955,0.6,0.45));
#11093=CARTESIAN_POINT('',(0.7,0.6,0.45));
#11094=CARTESIAN_POINT('',(1.,0.6,0.405));
#11095=CARTESIAN_POINT('Origin',(0.955,0.6,0.405));
#11096=CARTESIAN_POINT('',(1.,0.6,0.045));
#11097=CARTESIAN_POINT('',(1.,0.6,0.));
#11098=CARTESIAN_POINT('Origin',(0.955,0.6,0.045));
#11099=CARTESIAN_POINT('Origin',(-0.7,0.6,0.405));
#11100=CARTESIAN_POINT('',(0.7,0.6,0.45));
#11101=CARTESIAN_POINT('',(-0.7,0.6,0.45));
#11102=CARTESIAN_POINT('',(0.7,0.6,0.405));
#11103=CARTESIAN_POINT('Origin',(0.745,-0.6,0.045));
#11104=CARTESIAN_POINT('',(0.745,-0.6,-2.775557561563E-17));
#11105=CARTESIAN_POINT('Origin',(0.7,-0.6,0.));
#11106=CARTESIAN_POINT('',(0.955,-0.6,-2.775557561563E-17));
#11107=CARTESIAN_POINT('Origin',(0.955,-0.6,0.045));
#11108=CARTESIAN_POINT('',(1.,-0.6,0.045));
#11109=CARTESIAN_POINT('Origin',(1.,-0.6,0.));
#11110=CARTESIAN_POINT('',(1.,-0.6,0.405));
#11111=CARTESIAN_POINT('Origin',(0.955,-0.6,0.405));
#11112=CARTESIAN_POINT('',(0.955,-0.6,0.45));
#11113=CARTESIAN_POINT('Origin',(0.7,-0.6,0.45));
#11114=CARTESIAN_POINT('',(0.745,-0.6,0.45));
#11115=CARTESIAN_POINT('Origin',(0.745,-0.6,0.405));
#11116=CARTESIAN_POINT('',(0.7,-0.6,0.405));
#11117=CARTESIAN_POINT('Origin',(0.7,-0.6,0.405));
#11118=CARTESIAN_POINT('',(0.7,-0.6,0.45));
#11119=CARTESIAN_POINT('Origin',(-0.7,-0.6,0.45));
#11120=CARTESIAN_POINT('',(0.,0.,0.));
#11121=CARTESIAN_POINT('',(0.,0.,0.));
#11122=CARTESIAN_POINT('',(0.,0.,0.));
#11123=CARTESIAN_POINT('Origin',(-1.,-0.625,0.));
#11124=CARTESIAN_POINT('',(-1.,-0.625,0.04));
#11125=CARTESIAN_POINT('',(-1.,-0.625,1.21));
#11126=CARTESIAN_POINT('',(-1.,-0.625,0.));
#11127=CARTESIAN_POINT('',(-1.,-0.585,1.25));
#11128=CARTESIAN_POINT('Origin',(-1.,-0.585,1.21));
#11129=CARTESIAN_POINT('',(-1.,0.585,1.25));
#11130=CARTESIAN_POINT('',(-1.,-0.625,1.25));
#11131=CARTESIAN_POINT('',(-1.,0.625,1.21));
#11132=CARTESIAN_POINT('Origin',(-1.,0.585,1.21));
#11133=CARTESIAN_POINT('',(-1.,0.625,0.04));
#11134=CARTESIAN_POINT('',(-1.,0.625,0.));
#11135=CARTESIAN_POINT('',(-1.,0.585,0.));
#11136=CARTESIAN_POINT('Origin',(-1.,0.585,0.04));
#11137=CARTESIAN_POINT('',(-1.,-0.585,0.));
#11138=CARTESIAN_POINT('',(-1.,-0.625,0.));
#11139=CARTESIAN_POINT('Origin',(-1.,-0.585,0.04));
#11140=CARTESIAN_POINT('Origin',(-1.,-0.625,0.));
#11141=CARTESIAN_POINT('',(-0.6,-0.625,0.04));
#11142=CARTESIAN_POINT('',(-0.6,-0.625,1.21));
#11143=CARTESIAN_POINT('',(-0.6,-0.625,0.));
#11144=CARTESIAN_POINT('',(-1.,-0.625,1.21));
#11145=CARTESIAN_POINT('',(-1.,-0.625,0.04));
#11146=CARTESIAN_POINT('Origin',(-1.,-0.585,0.04));
#11147=CARTESIAN_POINT('',(-0.6,-0.585,0.));
#11148=CARTESIAN_POINT('',(-1.,-0.585,0.));
#11149=CARTESIAN_POINT('Origin',(-0.6,-0.585,0.04));
#11150=CARTESIAN_POINT('Origin',(-1.,-0.585,1.21));
#11151=CARTESIAN_POINT('',(-0.6,-0.585,1.25));
#11152=CARTESIAN_POINT('Origin',(-0.6,-0.585,1.21));
#11153=CARTESIAN_POINT('',(-1.,-0.585,1.25));
#11154=CARTESIAN_POINT('Origin',(-1.,-0.625,0.));
#11155=CARTESIAN_POINT('',(-0.6,0.585,0.));
#11156=CARTESIAN_POINT('',(-1.,0.585,0.));
#11157=CARTESIAN_POINT('',(-0.6,-0.625,0.));
#11158=CARTESIAN_POINT('Origin',(-1.,-0.625,1.25));
#11159=CARTESIAN_POINT('',(-0.6,0.585,1.25));
#11160=CARTESIAN_POINT('',(-0.6,-0.625,1.25));
#11161=CARTESIAN_POINT('',(-1.,0.585,1.25));
#11162=CARTESIAN_POINT('Origin',(-1.,0.585,0.04));
#11163=CARTESIAN_POINT('',(-0.6,0.625,0.04));
#11164=CARTESIAN_POINT('',(-1.,0.625,0.04));
#11165=CARTESIAN_POINT('Origin',(-0.6,0.585,0.04));
#11166=CARTESIAN_POINT('Origin',(-1.,0.585,1.21));
#11167=CARTESIAN_POINT('',(-0.6,0.625,1.21));
#11168=CARTESIAN_POINT('Origin',(-0.6,0.585,1.21));
#11169=CARTESIAN_POINT('',(-1.,0.625,1.21));
#11170=CARTESIAN_POINT('Origin',(-1.,0.625,0.));
#11171=CARTESIAN_POINT('',(-0.6,0.625,0.));
#11172=CARTESIAN_POINT('Origin',(-0.6,-0.625,0.));
#11173=CARTESIAN_POINT('',(-0.6,-0.585,0.08));
#11174=CARTESIAN_POINT('',(-0.6,-0.545,0.04));
#11175=CARTESIAN_POINT('Origin',(-0.6,-0.545,0.08));
#11176=CARTESIAN_POINT('',(-0.6,-0.585,1.17));
#11177=CARTESIAN_POINT('',(-0.6,-0.585,0.04));
#11178=CARTESIAN_POINT('',(-0.6,-0.545,1.21));
#11179=CARTESIAN_POINT('Origin',(-0.6,-0.545,1.17));
#11180=CARTESIAN_POINT('',(-0.6,0.545,1.21));
#11181=CARTESIAN_POINT('',(-0.6,-0.585,1.21));
#11182=CARTESIAN_POINT('',(-0.6,0.585,1.17));
#11183=CARTESIAN_POINT('Origin',(-0.6,0.545,1.17));
#11184=CARTESIAN_POINT('',(-0.6,0.585,0.08));
#11185=CARTESIAN_POINT('',(-0.6,0.585,0.04));
#11186=CARTESIAN_POINT('',(-0.6,0.545,0.04));
#11187=CARTESIAN_POINT('Origin',(-0.6,0.545,0.08));
#11188=CARTESIAN_POINT('',(-0.6,-0.585,0.04));
#11189=CARTESIAN_POINT('Origin',(-0.6,-0.545,0.08));
#11190=CARTESIAN_POINT('',(0.6,-0.545,0.04));
#11191=CARTESIAN_POINT('',(-0.6,-0.545,0.04));
#11192=CARTESIAN_POINT('',(0.6,-0.585,0.08));
#11193=CARTESIAN_POINT('Origin',(0.6,-0.545,0.08));
#11194=CARTESIAN_POINT('',(-0.6,-0.585,0.08));
#11195=CARTESIAN_POINT('Origin',(-0.6,-0.585,0.04));
#11196=CARTESIAN_POINT('',(0.6,0.545,0.04));
#11197=CARTESIAN_POINT('',(-0.6,0.545,0.04));
#11198=CARTESIAN_POINT('',(0.6,-0.585,0.04));
#11199=CARTESIAN_POINT('Origin',(-0.6,0.545,0.08));
#11200=CARTESIAN_POINT('',(0.6,0.585,0.08));
#11201=CARTESIAN_POINT('',(-0.6,0.585,0.08));
#11202=CARTESIAN_POINT('Origin',(0.6,0.545,0.08));
#11203=CARTESIAN_POINT('Origin',(-0.6,0.585,0.04));
#11204=CARTESIAN_POINT('',(0.6,0.585,1.17));
#11205=CARTESIAN_POINT('',(0.6,0.585,0.04));
#11206=CARTESIAN_POINT('',(-0.6,0.585,1.17));
#11207=CARTESIAN_POINT('Origin',(-0.6,0.545,1.17));
#11208=CARTESIAN_POINT('',(0.6,0.545,1.21));
#11209=CARTESIAN_POINT('',(-0.6,0.545,1.21));
#11210=CARTESIAN_POINT('Origin',(0.6,0.545,1.17));
#11211=CARTESIAN_POINT('Origin',(-0.6,-0.585,1.21));
#11212=CARTESIAN_POINT('',(0.6,-0.545,1.21));
#11213=CARTESIAN_POINT('',(-0.6,-0.545,1.21));
#11214=CARTESIAN_POINT('',(0.6,-0.585,1.21));
#11215=CARTESIAN_POINT('Origin',(-0.6,-0.545,1.17));
#11216=CARTESIAN_POINT('',(0.6,-0.585,1.17));
#11217=CARTESIAN_POINT('',(-0.6,-0.585,1.17));
#11218=CARTESIAN_POINT('Origin',(0.6,-0.545,1.17));
#11219=CARTESIAN_POINT('Origin',(-0.6,-0.585,0.04));
#11220=CARTESIAN_POINT('',(0.6,-0.585,0.04));
#11221=CARTESIAN_POINT('Origin',(0.6,-0.625,0.));
#11222=CARTESIAN_POINT('',(0.6,-0.625,0.04));
#11223=CARTESIAN_POINT('',(0.6,-0.625,1.21));
#11224=CARTESIAN_POINT('',(0.6,-0.625,0.));
#11225=CARTESIAN_POINT('',(0.6,-0.585,1.25));
#11226=CARTESIAN_POINT('Origin',(0.6,-0.585,1.21));
#11227=CARTESIAN_POINT('',(0.6,0.585,1.25));
#11228=CARTESIAN_POINT('',(0.6,-0.625,1.25));
#11229=CARTESIAN_POINT('',(0.6,0.625,1.21));
#11230=CARTESIAN_POINT('Origin',(0.6,0.585,1.21));
#11231=CARTESIAN_POINT('',(0.6,0.625,0.04));
#11232=CARTESIAN_POINT('',(0.6,0.625,0.));
#11233=CARTESIAN_POINT('',(0.6,0.585,0.));
#11234=CARTESIAN_POINT('Origin',(0.6,0.585,0.04));
#11235=CARTESIAN_POINT('',(0.6,-0.585,0.));
#11236=CARTESIAN_POINT('',(0.6,-0.625,0.));
#11237=CARTESIAN_POINT('Origin',(0.6,-0.585,0.04));
#11238=CARTESIAN_POINT('Origin',(0.6,-0.625,0.));
#11239=CARTESIAN_POINT('',(1.,-0.625,0.04));
#11240=CARTESIAN_POINT('',(1.,-0.625,1.21));
#11241=CARTESIAN_POINT('',(1.,-0.625,0.));
#11242=CARTESIAN_POINT('',(0.6,-0.625,1.21));
#11243=CARTESIAN_POINT('',(0.6,-0.625,0.04));
#11244=CARTESIAN_POINT('Origin',(0.6,-0.585,0.04));
#11245=CARTESIAN_POINT('',(1.,-0.585,0.));
#11246=CARTESIAN_POINT('',(0.6,-0.585,0.));
#11247=CARTESIAN_POINT('Origin',(1.,-0.585,0.04));
#11248=CARTESIAN_POINT('Origin',(0.6,-0.585,1.21));
#11249=CARTESIAN_POINT('',(1.,-0.585,1.25));
#11250=CARTESIAN_POINT('Origin',(1.,-0.585,1.21));
#11251=CARTESIAN_POINT('',(0.6,-0.585,1.25));
#11252=CARTESIAN_POINT('Origin',(0.6,-0.625,0.));
#11253=CARTESIAN_POINT('',(1.,0.585,0.));
#11254=CARTESIAN_POINT('',(0.6,0.585,0.));
#11255=CARTESIAN_POINT('',(1.,-0.625,0.));
#11256=CARTESIAN_POINT('Origin',(0.6,-0.625,1.25));
#11257=CARTESIAN_POINT('',(1.,0.585,1.25));
#11258=CARTESIAN_POINT('',(1.,-0.625,1.25));
#11259=CARTESIAN_POINT('',(0.6,0.585,1.25));
#11260=CARTESIAN_POINT('Origin',(0.6,0.585,0.04));
#11261=CARTESIAN_POINT('',(1.,0.625,0.04));
#11262=CARTESIAN_POINT('',(0.6,0.625,0.04));
#11263=CARTESIAN_POINT('Origin',(1.,0.585,0.04));
#11264=CARTESIAN_POINT('Origin',(0.6,0.585,1.21));
#11265=CARTESIAN_POINT('',(1.,0.625,1.21));
#11266=CARTESIAN_POINT('Origin',(1.,0.585,1.21));
#11267=CARTESIAN_POINT('',(0.6,0.625,1.21));
#11268=CARTESIAN_POINT('Origin',(0.6,0.625,0.));
#11269=CARTESIAN_POINT('',(1.,0.625,0.));
#11270=CARTESIAN_POINT('Origin',(1.,-0.625,0.));
#11271=CARTESIAN_POINT('',(0.,0.,0.));
#11272=CARTESIAN_POINT('',(126.,-96.05,1.595));
#11273=CARTESIAN_POINT('',(136.51,-100.7875,1.595));
#11274=CARTESIAN_POINT('',(140.4,-102.45,1.595));
#11275=CARTESIAN_POINT('',(0.,0.,0.));
#11276=CARTESIAN_POINT('',(136.61,-104.8875,1.595));
#11277=CARTESIAN_POINT('',(150.6,-95.85,1.595));
#11278=CARTESIAN_POINT('',(132.7,-96.8875,1.595));
#11279=CARTESIAN_POINT('',(148.6,-91.75,1.595));
#11280=CARTESIAN_POINT('',(133.6,-104.8875,1.595));
#11281=CARTESIAN_POINT('',(148.2,-95.85,1.595));
#11282=CARTESIAN_POINT('',(133.5,-100.7875,1.595));
#11283=CARTESIAN_POINT('',(151.,-87.7125,1.595));
#11284=CARTESIAN_POINT('',(148.6,-87.7125,1.595));
#11285=CARTESIAN_POINT('Origin',(170.241301290732,-4.26499977350235,83.7500013038516));
#11286=CARTESIAN_POINT('',(170.241301290732,-4.26499977350235,85.7500013038516));
#11287=CARTESIAN_POINT('Origin',(170.241301290732,-4.26499977350235,83.7500013038516));
#11288=CARTESIAN_POINT('',(170.241301290732,-4.26499977350235,82.4500013038516));
#11289=CARTESIAN_POINT('Origin',(170.241301290732,-4.26499977350235,83.7500013038516));
#11290=CARTESIAN_POINT('Origin',(170.241301290732,-4.76499977350235,83.7500013038516));
#11291=CARTESIAN_POINT('',(170.241301290732,-5.26499977350235,85.7500013038516));
#11292=CARTESIAN_POINT('Origin',(170.241301290732,-5.26499977350235,83.7500013038516));
#11293=CARTESIAN_POINT('',(170.241301290732,-4.76499977350235,85.7500013038516));
#11294=CARTESIAN_POINT('Origin',(109.741301290732,-4.26499977350235,83.7500013038516));
#11295=CARTESIAN_POINT('',(109.741301290732,-4.26499977350235,85.7500013038516));
#11296=CARTESIAN_POINT('Origin',(109.741301290732,-4.26499977350235,83.7500013038516));
#11297=CARTESIAN_POINT('',(109.741301290732,-4.26499977350235,82.4500013038516));
#11298=CARTESIAN_POINT('Origin',(109.741301290732,-4.26499977350235,83.7500013038516));
#11299=CARTESIAN_POINT('Origin',(109.741301290732,-4.76499977350235,83.7500013038516));
#11300=CARTESIAN_POINT('',(109.741301290732,-5.26499977350235,85.7500013038516));
#11301=CARTESIAN_POINT('Origin',(109.741301290732,-5.26499977350235,83.7500013038516));
#11302=CARTESIAN_POINT('',(109.741301290732,-4.76499977350235,85.7500013038516));
#11303=CARTESIAN_POINT('Origin',(109.741301290732,-4.13250004470348,83.7500013038516));
#11304=CARTESIAN_POINT('',(109.741301290732,-3.16499999999998,82.4500013038516));
#11305=CARTESIAN_POINT('Origin',(109.741301290732,-3.16499999999998,83.7500013038516));
#11306=CARTESIAN_POINT('',(109.741301290732,-4.13250004470348,82.4500013038516));
#11307=CARTESIAN_POINT('Origin',(170.241301290732,-4.13250004470348,83.7500013038516));
#11308=CARTESIAN_POINT('',(170.241301290732,-3.16499999999998,82.4500013038516));
#11309=CARTESIAN_POINT('Origin',(170.241301290732,-3.16499999999998,83.7500013038516));
#11310=CARTESIAN_POINT('',(170.241301290732,-4.13250004470348,82.4500013038516));
#11311=CARTESIAN_POINT('Origin',(140.491301290732,-3.36499977350235,152.014719614232));
#11312=CARTESIAN_POINT('',(107.991301290732,-3.56499977350235,152.014719614232));
#11313=CARTESIAN_POINT('',(107.991301290732,-3.16499999999996,152.014719614232));
#11314=CARTESIAN_POINT('',(107.991301290732,-3.46499977350235,152.014719614232));
#11315=CARTESIAN_POINT('',(171.991301290732,-3.56499977350235,152.014719614232));
#11316=CARTESIAN_POINT('',(107.991301290732,-3.56499977350235,152.014719614232));
#11317=CARTESIAN_POINT('',(171.991301290732,-3.16499999999997,152.014719614232));
#11318=CARTESIAN_POINT('',(171.991301290732,-3.46499977350235,152.014719614232));
#11319=CARTESIAN_POINT('',(140.495650645366,-3.16499999999997,152.014719614232));
#11320=CARTESIAN_POINT('Origin',(107.991301290732,-3.56499977350235,153.014719614232));
#11321=CARTESIAN_POINT('',(107.991301290732,-3.16499999999999,34.0147196142322));
#11322=CARTESIAN_POINT('',(107.991301290732,-3.16499999999997,122.279859807116));
#11323=CARTESIAN_POINT('',(107.991301290732,-3.56499977350235,34.0147196142322));
#11324=CARTESIAN_POINT('',(107.991301290732,-3.56499977350235,34.0147196142322));
#11325=CARTESIAN_POINT('',(107.991301290732,-3.56499977350235,123.014719614232));
#11326=CARTESIAN_POINT('Origin',(139.890684630514,-4.26499977350234,150.638492272621));
#11327=CARTESIAN_POINT('',(139.890684630514,-4.26499977350234,152.638492272621));
#11328=CARTESIAN_POINT('Origin',(139.890684630514,-4.26499977350234,150.638492272621));
#11329=CARTESIAN_POINT('',(139.890684630514,-4.26499977350233,151.938492272621));
#11330=CARTESIAN_POINT('Origin',(139.890684630514,-4.26499977350233,150.638492272621));
#11331=CARTESIAN_POINT('Origin',(139.890684630514,-4.76499977350234,150.638492272621));
#11332=CARTESIAN_POINT('',(139.890684630514,-5.26499977350234,152.638492272621));
#11333=CARTESIAN_POINT('Origin',(139.890684630514,-5.26499977350234,150.638492272621));
#11334=CARTESIAN_POINT('',(139.890684630514,-4.76499977350234,152.638492272621));
#11335=CARTESIAN_POINT('Origin',(139.890684630514,44.2350002264977,150.63849227262));
#11336=CARTESIAN_POINT('',(139.890684630514,-3.16499999999997,151.938492272621));
#11337=CARTESIAN_POINT('',(139.890684630514,44.2350002264977,151.93849227262));
#11338=CARTESIAN_POINT('Origin',(139.890684630514,-3.16499999999997,150.638492272621));
#11339=CARTESIAN_POINT('Origin',(163.311747607368,-4.26499977350236,36.332553358623));
#11340=CARTESIAN_POINT('',(163.311747607368,-4.26499977350236,38.332553358623));
#11341=CARTESIAN_POINT('Origin',(163.311747607368,-4.26499977350236,36.332553358623));
#11342=CARTESIAN_POINT('',(163.311747607368,-4.26499977350236,37.6325533586229));
#11343=CARTESIAN_POINT('Origin',(163.311747607368,-4.26499977350236,36.332553358623));
#11344=CARTESIAN_POINT('Origin',(163.311747607368,-4.76499977350236,36.332553358623));
#11345=CARTESIAN_POINT('',(163.311747607368,-5.26499977350236,38.332553358623));
#11346=CARTESIAN_POINT('Origin',(163.311747607368,-5.26499977350236,36.332553358623));
#11347=CARTESIAN_POINT('',(163.311747607368,-4.76499977350236,38.332553358623));
#11348=CARTESIAN_POINT('Origin',(163.311747607368,44.2350002264976,36.3325533586229));
#11349=CARTESIAN_POINT('',(163.311747607368,-3.16499999999999,37.6325533586229));
#11350=CARTESIAN_POINT('',(163.311747607368,44.2350002264976,37.6325533586229));
#11351=CARTESIAN_POINT('Origin',(163.311747607368,-3.16499999999999,36.332553358623));
#11352=CARTESIAN_POINT('Origin',(116.519260406494,-4.26499977350236,36.8535280227661));
#11353=CARTESIAN_POINT('',(116.519260406494,-4.26499977350236,38.8535280227661));
#11354=CARTESIAN_POINT('Origin',(116.519260406494,-4.26499977350236,36.8535280227661));
#11355=CARTESIAN_POINT('',(116.519260406494,-4.26499977350236,38.1535280227661));
#11356=CARTESIAN_POINT('Origin',(116.519260406494,-4.26499977350236,36.8535280227661));
#11357=CARTESIAN_POINT('Origin',(116.519260406494,-4.76499977350236,36.8535280227661));
#11358=CARTESIAN_POINT('',(116.519260406494,-5.26499977350236,38.8535280227661));
#11359=CARTESIAN_POINT('Origin',(116.519260406494,-5.26499977350236,36.8535280227661));
#11360=CARTESIAN_POINT('',(116.519260406494,-4.76499977350236,38.8535280227661));
#11361=CARTESIAN_POINT('Origin',(116.519260406494,44.2350002264976,36.8535280227661));
#11362=CARTESIAN_POINT('',(116.519260406494,-3.16499999999999,38.1535280227661));
#11363=CARTESIAN_POINT('',(116.519260406494,44.2350002264976,38.1535280227661));
#11364=CARTESIAN_POINT('Origin',(116.519260406494,-3.16499999999999,36.8535280227661));
#11365=CARTESIAN_POINT('Origin',(118.5,-2.49999999999999,48.25));
#11366=CARTESIAN_POINT('',(118.5,-0.49999999999999,46.8));
#11367=CARTESIAN_POINT('Origin',(118.5,-0.499999999999989,48.25));
#11368=CARTESIAN_POINT('',(118.5,-4.49999999999999,46.8));
#11369=CARTESIAN_POINT('',(118.5,-2.49999999999999,46.8));
#11370=CARTESIAN_POINT('Origin',(118.5,-4.49999999999999,48.25));
#11371=CARTESIAN_POINT('Origin',(118.5,-4.49999999999999,48.25));
#11372=CARTESIAN_POINT('Origin',(162.5,-2.49999999999999,48.25));
#11373=CARTESIAN_POINT('',(162.5,-0.49999999999999,46.8));
#11374=CARTESIAN_POINT('Origin',(162.5,-0.49999999999999,48.25));
#11375=CARTESIAN_POINT('',(162.5,-4.49999999999999,46.8));
#11376=CARTESIAN_POINT('',(162.5,-2.49999999999999,46.8));
#11377=CARTESIAN_POINT('Origin',(162.5,-4.49999999999999,48.25));
#11378=CARTESIAN_POINT('Origin',(162.5,-4.49999999999999,48.25));
#11379=CARTESIAN_POINT('Origin',(140.5,-2.49999999999999,137.25));
#11380=CARTESIAN_POINT('',(140.5,-0.499999999999989,135.8));
#11381=CARTESIAN_POINT('Origin',(140.5,-0.499999999999989,137.25));
#11382=CARTESIAN_POINT('',(140.5,-4.49999999999999,135.8));
#11383=CARTESIAN_POINT('',(140.5,-2.49999999999999,135.8));
#11384=CARTESIAN_POINT('Origin',(140.5,-4.49999999999999,137.25));
#11385=CARTESIAN_POINT('Origin',(140.5,-4.49999999999999,137.25));
#11386=CARTESIAN_POINT('Origin',(140.5,-0.499999999999989,137.25));
#11387=CARTESIAN_POINT('',(143.1,-3.16499999999998,137.25));
#11388=CARTESIAN_POINT('Origin',(140.5,-3.16499999999998,137.25));
#11389=CARTESIAN_POINT('',(143.1,-0.499999999999989,137.25));
#11390=CARTESIAN_POINT('',(143.1,-0.499999999999989,137.25));
#11391=CARTESIAN_POINT('Origin',(140.5,-0.499999999999989,137.25));
#11392=CARTESIAN_POINT('Origin',(140.5,-0.499999999999989,137.25));
#11393=CARTESIAN_POINT('Origin',(162.5,-0.49999999999999,48.25));
#11394=CARTESIAN_POINT('',(165.1,-3.16499999999998,48.25));
#11395=CARTESIAN_POINT('Origin',(162.5,-3.16499999999998,48.25));
#11396=CARTESIAN_POINT('',(165.1,-0.49999999999999,48.25));
#11397=CARTESIAN_POINT('',(165.1,-0.49999999999999,48.25));
#11398=CARTESIAN_POINT('Origin',(162.5,-0.49999999999999,48.25));
#11399=CARTESIAN_POINT('Origin',(162.5,-0.49999999999999,48.25));
#11400=CARTESIAN_POINT('Origin',(137.275,-3.56499999999998,97.32));
#11401=CARTESIAN_POINT('',(137.275,-3.66499999999998,98.32));
#11402=CARTESIAN_POINT('',(137.275,-3.66499999999998,87.17));
#11403=CARTESIAN_POINT('',(137.275,-3.66499999999998,94.4325));
#11404=CARTESIAN_POINT('',(137.275,-5.26499977350235,98.32));
#11405=CARTESIAN_POINT('',(137.275,-3.56499999999998,98.32));
#11406=CARTESIAN_POINT('',(137.275,-5.26499977350235,87.17));
#11407=CARTESIAN_POINT('',(137.275,-5.26499977350235,92.91));
#11408=CARTESIAN_POINT('',(137.275,-3.56499999999998,87.17));
#11409=CARTESIAN_POINT('Origin',(140.5,-3.66499999999998,91.545));
#11410=CARTESIAN_POINT('',(130.875,-3.66499999999998,95.27));
#11411=CARTESIAN_POINT('',(137.925,-3.66499999999998,102.32));
#11412=CARTESIAN_POINT('Origin',(137.925,-3.66499999999998,95.27));
#11413=CARTESIAN_POINT('',(143.075,-3.66499999999998,102.32));
#11414=CARTESIAN_POINT('',(141.6875,-3.66499999999998,102.32));
#11415=CARTESIAN_POINT('',(150.125,-3.66499999999998,95.27));
#11416=CARTESIAN_POINT('Origin',(143.075,-3.66499999999998,95.27));
#11417=CARTESIAN_POINT('',(150.125,-3.66499999999998,87.82));
#11418=CARTESIAN_POINT('',(150.125,-3.66499999999998,89.7825));
#11419=CARTESIAN_POINT('',(143.075,-3.66499999999998,80.77));
#11420=CARTESIAN_POINT('Origin',(143.075,-3.66499999999998,87.82));
#11421=CARTESIAN_POINT('',(137.925,-3.66499999999998,80.77));
#11422=CARTESIAN_POINT('',(139.3125,-3.66499999999998,80.77));
#11423=CARTESIAN_POINT('',(130.875,-3.66499999999998,87.82));
#11424=CARTESIAN_POINT('Origin',(137.925,-3.66499999999998,87.82));
#11425=CARTESIAN_POINT('',(130.875,-3.66499999999998,93.3075));
#11426=CARTESIAN_POINT('',(143.725,-3.66499999999998,98.32));
#11427=CARTESIAN_POINT('',(139.3875,-3.66499999999998,98.32));
#11428=CARTESIAN_POINT('',(143.725,-3.66499999999998,87.17));
#11429=CARTESIAN_POINT('',(139.3875,-3.66499999999998,87.17));
#11430=CARTESIAN_POINT('',(143.725,-3.66499999999998,89.8575));
#11431=CARTESIAN_POINT('Origin',(143.725,-3.56499999999998,88.17));
#11432=CARTESIAN_POINT('',(143.725,-5.26499977350235,87.17));
#11433=CARTESIAN_POINT('',(143.725,-3.56499999999998,87.17));
#11434=CARTESIAN_POINT('',(143.725,-5.26499977350235,98.32));
#11435=CARTESIAN_POINT('',(143.725,-5.26499977350235,88.335));
#11436=CARTESIAN_POINT('',(143.725,-3.56499999999998,98.32));
#11437=CARTESIAN_POINT('Origin',(138.275,-3.56499999999998,87.17));
#11438=CARTESIAN_POINT('',(139.1375,-5.26499977350235,87.17));
#11439=CARTESIAN_POINT('Origin',(142.725,-3.56499999999998,98.32));
#11440=CARTESIAN_POINT('',(139.1375,-5.26499977350235,98.32));
#11441=CARTESIAN_POINT('Origin',(105.,-4.56499977350235,88.5));
#11442=CARTESIAN_POINT('',(105.,-3.56499977350235,155.));
#11443=CARTESIAN_POINT('',(105.,-3.56499977350235,31.));
#11444=CARTESIAN_POINT('',(105.,-3.56499977350235,90.7573598071161));
#11445=CARTESIAN_POINT('',(105.,-5.26499977350236,31.));
#11446=CARTESIAN_POINT('',(105.,-4.56499977350236,31.));
#11447=CARTESIAN_POINT('',(105.,-5.26499977350234,155.));
#11448=CARTESIAN_POINT('',(105.,-5.26499977350235,88.5));
#11449=CARTESIAN_POINT('',(105.,-4.56499977350234,155.));
#11450=CARTESIAN_POINT('Origin',(175.,-4.56499977350235,88.5));
#11451=CARTESIAN_POINT('',(175.,-3.56499977350235,155.));
#11452=CARTESIAN_POINT('',(175.,-3.56499977350235,31.));
#11453=CARTESIAN_POINT('',(175.,-3.56499977350235,90.7573598071161));
#11454=CARTESIAN_POINT('',(175.,-5.26499977350234,155.));
#11455=CARTESIAN_POINT('',(175.,-4.56499977350234,155.));
#11456=CARTESIAN_POINT('',(175.,-5.26499977350236,31.));
#11457=CARTESIAN_POINT('',(175.,-5.26499977350234,146.));
#11458=CARTESIAN_POINT('',(175.,-4.56499977350236,31.));
#11459=CARTESIAN_POINT('Origin',(140.,-4.56499977350236,31.));
#11460=CARTESIAN_POINT('',(139.995650645366,-3.56499977350235,31.));
#11461=CARTESIAN_POINT('',(140.,-5.26499977350236,31.));
#11462=CARTESIAN_POINT('Origin',(139.991301290732,-3.56499977350235,93.0147196142322));
#11463=CARTESIAN_POINT('',(139.995650645366,-3.56499977350235,155.));
#11464=CARTESIAN_POINT('',(171.991301290732,-3.56499977350235,34.0147196142322));
#11465=CARTESIAN_POINT('',(123.491301290732,-3.56499977350235,34.0147196142322));
#11466=CARTESIAN_POINT('',(171.991301290732,-3.56499977350235,63.0147196142322));
#11467=CARTESIAN_POINT('Origin',(171.991301290732,-3.56499977350235,33.0147196142322));
#11468=CARTESIAN_POINT('',(171.991301290732,-3.16499999999999,34.0147196142322));
#11469=CARTESIAN_POINT('',(171.991301290732,-3.56499977350235,34.0147196142322));
#11470=CARTESIAN_POINT('',(171.991301290732,-3.16499999999999,62.2798598071161));
#11471=CARTESIAN_POINT('Origin',(106.991301290732,-3.56499977350235,34.0147196142322));
#11472=CARTESIAN_POINT('',(123.745650645366,-3.16499999999999,34.0147196142322));
#11473=CARTESIAN_POINT('Origin',(140.5,-3.16499999999998,91.545));
#11474=CARTESIAN_POINT('',(143.075,-3.16499999999998,102.32));
#11475=CARTESIAN_POINT('',(137.925,-3.16499999999998,102.32));
#11476=CARTESIAN_POINT('',(141.6875,-3.16499999999998,102.32));
#11477=CARTESIAN_POINT('',(130.875,-3.16499999999998,95.27));
#11478=CARTESIAN_POINT('Origin',(137.925,-3.16499999999998,95.27));
#11479=CARTESIAN_POINT('',(130.875,-3.16499999999998,87.82));
#11480=CARTESIAN_POINT('',(130.875,-3.16499999999998,93.3075));
#11481=CARTESIAN_POINT('',(137.925,-3.16499999999998,80.77));
#11482=CARTESIAN_POINT('Origin',(137.925,-3.16499999999998,87.82));
#11483=CARTESIAN_POINT('',(143.075,-3.16499999999998,80.77));
#11484=CARTESIAN_POINT('',(139.3125,-3.16499999999998,80.77));
#11485=CARTESIAN_POINT('',(150.125,-3.16499999999998,87.82));
#11486=CARTESIAN_POINT('Origin',(143.075,-3.16499999999998,87.82));
#11487=CARTESIAN_POINT('',(150.125,-3.16499999999998,95.27));
#11488=CARTESIAN_POINT('',(150.125,-3.16499999999998,89.7825));
#11489=CARTESIAN_POINT('Origin',(143.075,-3.16499999999998,95.27));
#11490=CARTESIAN_POINT('',(115.9,-3.16499999999998,48.25));
#11491=CARTESIAN_POINT('Origin',(118.5,-3.16499999999998,48.25));
#11492=CARTESIAN_POINT('Origin',(137.925,-3.26499999999998,95.27));
#11493=CARTESIAN_POINT('',(130.875,-3.26499999999998,95.27));
#11494=CARTESIAN_POINT('',(137.925,-3.26499999999998,102.32));
#11495=CARTESIAN_POINT('Origin',(130.875,-3.26499999999998,95.07));
#11496=CARTESIAN_POINT('',(130.875,-3.26499999999998,87.82));
#11497=CARTESIAN_POINT('Origin',(137.925,-3.26499999999998,87.82));
#11498=CARTESIAN_POINT('',(137.925,-3.26499999999998,80.77));
#11499=CARTESIAN_POINT('Origin',(142.875,-3.26499999999998,102.32));
#11500=CARTESIAN_POINT('',(143.075,-3.26499999999998,102.32));
#11501=CARTESIAN_POINT('Origin',(138.125,-3.26499999999998,80.77));
#11502=CARTESIAN_POINT('',(143.075,-3.26499999999998,80.77));
#11503=CARTESIAN_POINT('Origin',(143.075,-3.26499999999998,87.82));
#11504=CARTESIAN_POINT('',(150.125,-3.26499999999998,87.82));
#11505=CARTESIAN_POINT('Origin',(150.125,-3.26499999999998,88.02));
#11506=CARTESIAN_POINT('',(150.125,-3.26499999999998,95.27));
#11507=CARTESIAN_POINT('Origin',(143.075,-3.26499999999998,95.27));
#11508=CARTESIAN_POINT('Origin',(140.,-4.56499977350234,155.));
#11509=CARTESIAN_POINT('',(140.,-5.26499977350234,155.));
#11510=CARTESIAN_POINT('Origin',(140.,-5.26499977350235,88.5));
#11511=CARTESIAN_POINT('Origin',(118.5,1.07205910815367E-14,48.25));
#11512=CARTESIAN_POINT('',(115.9,-0.499999999999989,48.25));
#11513=CARTESIAN_POINT('',(115.9,1.07205910815367E-14,48.25));
#11514=CARTESIAN_POINT('Origin',(118.5,-0.499999999999989,48.25));
#11515=CARTESIAN_POINT('Origin',(118.5,-0.499999999999989,48.25));
#11516=CARTESIAN_POINT('Origin',(140.544083425793,14.894144787108,62.6222057756318));
#11517=CARTESIAN_POINT('',(143.635213080266,15.895374991525,62.3878610312191));
#11518=CARTESIAN_POINT('',(143.556468940913,15.895374991525,61.8904042258287));
#11519=CARTESIAN_POINT('Origin',(140.544083425793,15.895374991525,62.6222057756318));
#11520=CARTESIAN_POINT('',(143.635213080266,21.8563567408337,62.3878610312191));
#11521=CARTESIAN_POINT('',(143.635213080266,14.894144787108,62.3878610312191));
#11522=CARTESIAN_POINT('',(143.556468940913,21.8563947425642,61.8904042258287));
#11523=CARTESIAN_POINT('Ctrl Pts',(143.556468940913,21.8563947425642,61.8904042258287));
#11524=CARTESIAN_POINT('Ctrl Pts',(143.596636497787,21.8563815142399,62.0557498260635));
#11525=CARTESIAN_POINT('Ctrl Pts',(143.622718544218,21.8563687508299,62.2230515707189));
#11526=CARTESIAN_POINT('Ctrl Pts',(143.635213080266,21.8563567408337,62.3878610312191));
#11527=CARTESIAN_POINT('',(143.556468940913,14.894144787108,61.8904042258287));
#11528=CARTESIAN_POINT('Origin',(143.710978091315,14.600374991524,61.9229497070618));
#11529=CARTESIAN_POINT('',(143.095863666651,15.895374991525,61.7933833033118));
#11530=CARTESIAN_POINT('',(142.510444786987,15.895374991525,61.6700719064661));
#11531=CARTESIAN_POINT('',(143.09586366665,22.1706869761758,61.7933833033121));
#11532=CARTESIAN_POINT('Ctrl Pts',(143.556468940913,21.8563947425642,61.8904042258288));
#11533=CARTESIAN_POINT('Ctrl Pts',(143.309559528383,22.0279784259981,61.8383957484614));
#11534=CARTESIAN_POINT('Ctrl Pts',(143.095863666649,22.1706869761746,61.7933833033116));
#11535=CARTESIAN_POINT('',(143.095863666651,14.600374991524,61.7933833033118));
#11536=CARTESIAN_POINT('Origin',(143.517344468373,14.600374991524,61.3270066934868));
#11537=CARTESIAN_POINT('',(143.411505917827,15.895374991525,61.4441190843498));
#11538=CARTESIAN_POINT('',(142.633638679139,15.895374991525,62.3048441379945));
#11539=CARTESIAN_POINT('',(143.411505917827,21.8564320069256,61.4441190843498));
#11540=CARTESIAN_POINT('Ctrl Pts',(143.095863666649,22.1706869761746,61.793383303313));
#11541=CARTESIAN_POINT('Ctrl Pts',(143.242305801211,22.0280001299642,61.6313422661577));
#11542=CARTESIAN_POINT('Ctrl Pts',(143.411505917826,21.8564320069267,61.444119084351));
#11543=CARTESIAN_POINT('',(143.411505917827,14.894144787108,61.4441190843498));
#11544=CARTESIAN_POINT('Origin',(140.544083425793,14.894144787108,62.6222057756318));
#11545=CARTESIAN_POINT('',(143.182893184142,15.895374991525,60.9953428252757));
#11546=CARTESIAN_POINT('Origin',(140.544083425793,15.895374991525,62.6222057756318));
#11547=CARTESIAN_POINT('',(143.182893184142,21.856473014781,60.9953428252757));
#11548=CARTESIAN_POINT('Ctrl Pts',(143.182893184142,21.856473014781,60.9953428252757));
#11549=CARTESIAN_POINT('Ctrl Pts',(143.268999689301,21.8564596140421,61.1350095907042));
#11550=CARTESIAN_POINT('Ctrl Pts',(143.344679882032,21.8564460928559,61.2827961220826));
#11551=CARTESIAN_POINT('Ctrl Pts',(143.409167956231,21.8564325021356,61.4384405702994));
#11552=CARTESIAN_POINT('Ctrl Pts',(143.41033904833,21.8564322545006,61.4412789641225));
#11553=CARTESIAN_POINT('Ctrl Pts',(143.411505917827,21.8564320069256,61.4441190843498));
#11554=CARTESIAN_POINT('',(143.182893184142,14.894144787108,60.9953428252757));
#11555=CARTESIAN_POINT('Origin',(143.339897225251,14.600374991524,60.9785494640176));
#11556=CARTESIAN_POINT('',(142.714850422747,15.895374991525,61.0454053021445));
#11557=CARTESIAN_POINT('',(142.119591942452,15.895374991525,61.1090749416705));
#11558=CARTESIAN_POINT('',(142.714850422746,22.1707659459134,61.0454053021451));
#11559=CARTESIAN_POINT('Ctrl Pts',(143.182893184142,21.8564730147811,60.9953428252757));
#11560=CARTESIAN_POINT('Ctrl Pts',(142.931996228804,22.0280575678471,61.0221790976403));
#11561=CARTESIAN_POINT('Ctrl Pts',(142.714850422745,22.1707659459122,61.0454053021447));
#11562=CARTESIAN_POINT('',(142.714850422747,14.600374991524,61.0454053021445));
#11563=CARTESIAN_POINT('Origin',(142.971584187503,14.600374991524,60.471610057788));
#11564=CARTESIAN_POINT('',(142.90711546336,15.895374991525,60.6156964710355));
#11565=CARTESIAN_POINT('',(142.405233180515,15.895374991525,61.7373941464334));
#11566=CARTESIAN_POINT('',(142.90711546336,21.8565112216355,60.6156964710355));
#11567=CARTESIAN_POINT('Ctrl Pts',(142.714850422746,22.1707659459122,61.045405302146));
#11568=CARTESIAN_POINT('Ctrl Pts',(142.804051488655,22.0280797462979,60.8460425597402));
#11569=CARTESIAN_POINT('Ctrl Pts',(142.907115463359,21.8565112216366,60.615696471037));
#11570=CARTESIAN_POINT('',(142.90711546336,14.894144787108,60.6156964710355));
#11571=CARTESIAN_POINT('Origin',(140.544083425793,14.894144787108,62.6222057756318));
#11572=CARTESIAN_POINT('',(142.551012342555,15.895374991525,60.2595301053244));
#11573=CARTESIAN_POINT('Origin',(140.544083425793,15.895374991525,62.6222057756318));
#11574=CARTESIAN_POINT('',(142.551012342555,21.8565512215802,60.2595301053244));
#11575=CARTESIAN_POINT('Ctrl Pts',(142.551012342555,21.8565512215802,60.2595301053244));
#11576=CARTESIAN_POINT('Ctrl Pts',(142.615657098901,21.856544638847,60.3144413368817));
#11577=CARTESIAN_POINT('Ctrl Pts',(142.677365338165,21.8565380362145,60.3714380001984));
#11578=CARTESIAN_POINT('Ctrl Pts',(142.794678491289,21.8565248619679,60.4887264325444));
#11579=CARTESIAN_POINT('Ctrl Pts',(142.851950614266,21.8565181000135,60.5507297622061));
#11580=CARTESIAN_POINT('Ctrl Pts',(142.90711546336,21.8565112216355,60.6156964710355));
#11581=CARTESIAN_POINT('',(142.551012342555,14.894144787108,60.2595301053244));
#11582=CARTESIAN_POINT('Origin',(142.695142624915,14.600374991524,60.1950417527812));
#11583=CARTESIAN_POINT('',(142.121347380559,15.895374991525,60.4517755175374));
#11584=CARTESIAN_POINT('',(141.552194674312,15.895374991525,60.7064320669481));
#11585=CARTESIAN_POINT('',(142.121347380558,22.1708429755122,60.4517755175382));
#11586=CARTESIAN_POINT('Ctrl Pts',(142.551012342555,21.8565512215803,60.2595301053245));
#11587=CARTESIAN_POINT('Ctrl Pts',(142.320687528718,22.0281357003113,60.3625845609945));
#11588=CARTESIAN_POINT('Ctrl Pts',(142.121347380558,22.1708429755111,60.4517755175381));
#11589=CARTESIAN_POINT('',(142.121347380559,14.600374991524,60.4517755175374));
#11590=CARTESIAN_POINT('Origin',(142.188203218686,14.600374991524,59.8267287150337));
#11591=CARTESIAN_POINT('',(142.171414968844,15.895374991525,59.9836849686283));
#11592=CARTESIAN_POINT('',(142.032469249593,15.895374991525,61.2827125475576));
#11593=CARTESIAN_POINT('',(142.171414968844,21.8565866308829,59.9836849686283));
#11594=CARTESIAN_POINT('Ctrl Pts',(142.121347380559,22.1708429755111,60.4517755175389));
#11595=CARTESIAN_POINT('Ctrl Pts',(142.144576087662,22.0281564708301,60.2346063142522));
#11596=CARTESIAN_POINT('Ctrl Pts',(142.171414968844,21.856586630884,59.9836849686299));
#11597=CARTESIAN_POINT('',(142.171414968844,14.894144787108,59.9836849686283));
#11598=CARTESIAN_POINT('Origin',(140.544083425793,14.894144787108,62.6222057756318));
#11599=CARTESIAN_POINT('',(141.722679315499,15.895374991525,59.7549925417116));
#11600=CARTESIAN_POINT('Origin',(140.544083425793,15.895374991525,62.6222057756318));
#11601=CARTESIAN_POINT('',(141.722679315499,21.8566217071572,59.7549925417116));
#11602=CARTESIAN_POINT('Ctrl Pts',(141.722679315499,21.8566217071572,59.7549925417116));
#11603=CARTESIAN_POINT('Ctrl Pts',(141.725177581976,21.8566215290257,59.7560194784479));
#11604=CARTESIAN_POINT('Ctrl Pts',(141.727674511187,21.8566213507238,59.7570496824084));
#11605=CARTESIAN_POINT('Ctrl Pts',(141.883333360404,21.8566102187709,59.8215109185661));
#11606=CARTESIAN_POINT('Ctrl Pts',(142.031454871699,21.8565986152045,59.8973633143714));
#11607=CARTESIAN_POINT('Ctrl Pts',(142.171414968844,21.8565866308829,59.9836849686283));
#11608=CARTESIAN_POINT('',(141.722679315499,14.894144787108,59.7549925417116));
#11609=CARTESIAN_POINT('Origin',(141.839827362858,14.600374991524,59.6491217671469));
#11610=CARTESIAN_POINT('',(141.373450753033,15.895374991525,60.0706025688697));
#11611=CARTESIAN_POINT('',(140.876036354122,15.895374991525,60.5201333026694));
#11612=CARTESIAN_POINT('',(141.373450753033,22.1709105241477,60.0706025688705));
#11613=CARTESIAN_POINT('Ctrl Pts',(141.722679315499,21.8566217071572,59.7549925417116));
#11614=CARTESIAN_POINT('Ctrl Pts',(141.535472697431,22.0282051747264,59.9241776890988));
#11615=CARTESIAN_POINT('Ctrl Pts',(141.373450753032,22.1709105241467,60.0706025688706));
#11616=CARTESIAN_POINT('',(141.373450753033,14.600374991524,60.0706025688697));
#11617=CARTESIAN_POINT('Origin',(141.243884349283,14.600374991524,59.455488144204));
#11618=CARTESIAN_POINT('',(141.276419924607,15.895374991525,59.6099502664653));
#11619=CARTESIAN_POINT('',(141.561947919918,15.895374991525,60.9654898467714));
#11620=CARTESIAN_POINT('',(141.276419924607,21.8566508523829,59.6099502664653));
#11621=CARTESIAN_POINT('Ctrl Pts',(141.373450753033,22.1709105241467,60.070602568871));
#11622=CARTESIAN_POINT('Ctrl Pts',(141.328433734628,22.0282227925494,59.8568849956813));
#11623=CARTESIAN_POINT('Ctrl Pts',(141.276419924608,21.856650852384,59.6099502664669));
#11624=CARTESIAN_POINT('',(141.276419924607,14.894144787108,59.6099502664653));
#11625=CARTESIAN_POINT('Origin',(140.544083425793,14.894144787108,62.6222057756318));
#11626=CARTESIAN_POINT('',(140.850728445705,15.895374991525,59.5374093752574));
#11627=CARTESIAN_POINT('Origin',(140.544083425793,15.895374991525,62.6222057756318));
#11628=CARTESIAN_POINT('',(140.850728445705,21.8566740707566,59.5374093752574));
#11629=CARTESIAN_POINT('Ctrl Pts',(140.850728445705,21.8566740707566,59.5374093752574));
#11630=CARTESIAN_POINT('Ctrl Pts',(140.884098093363,21.8566724156904,59.5407264941017));
#11631=CARTESIAN_POINT('Ctrl Pts',(140.917435821397,21.8566707241258,59.5445872492746));
#11632=CARTESIAN_POINT('Ctrl Pts',(140.950728445705,21.8566689965655,59.5489925015845));
#11633=CARTESIAN_POINT('Ctrl Pts',(141.059264167936,21.8566633646273,59.5633538579214));
#11634=CARTESIAN_POINT('Ctrl Pts',(141.168271539819,21.8566572987336,59.5836573410388));
#11635=CARTESIAN_POINT('Ctrl Pts',(141.276419924607,21.8566508523829,59.6099502664653));
#11636=CARTESIAN_POINT('',(140.850728445705,14.894144787108,59.5374093752574));
#11637=CARTESIAN_POINT('Origin',(140.850728445705,14.600374991524,58.8533854705256));
#11638=CARTESIAN_POINT('',(140.850728445705,15.895374991525,65.7070021760063));
#11639=CARTESIAN_POINT('',(140.850728445705,15.895374991525,60.7518359588544));
#11640=CARTESIAN_POINT('',(140.850728445705,22.500374991524,60.3973373179173));
#11641=CARTESIAN_POINT('Ctrl Pts',(140.850728445705,22.500374991524,60.3973373179173));
#11642=CARTESIAN_POINT('Ctrl Pts',(140.850728445705,22.2306555181591,60.0360735897189));
#11643=CARTESIAN_POINT('Ctrl Pts',(140.850728445705,21.8566740707569,59.5374093752579));
#11644=CARTESIAN_POINT('',(140.850728445705,22.500374991524,64.8465013389798));
#11645=CARTESIAN_POINT('',(140.850728445705,22.500374991524,60.7376523994871));
#11646=CARTESIAN_POINT('',(140.850728445705,21.8562444187922,65.7070021760063));
#11647=CARTESIAN_POINT('Ctrl Pts',(140.850728445705,21.8562444187922,65.7070021760063));
#11648=CARTESIAN_POINT('Ctrl Pts',(140.850728445705,21.8696750962712,65.6890938383142));
#11649=CARTESIAN_POINT('Ctrl Pts',(140.850728445705,22.239947021195,65.1953199775248));
#11650=CARTESIAN_POINT('Ctrl Pts',(140.850728445705,22.500374991524,64.8465013389798));
#11651=CARTESIAN_POINT('',(140.850728445705,14.894144787108,65.7070021760063));
#11652=CARTESIAN_POINT('Origin',(140.544083425793,14.894144787108,62.6222057756318));
#11653=CARTESIAN_POINT('',(137.452953771319,15.895374991525,62.8565505200447));
#11654=CARTESIAN_POINT('',(137.531697910672,15.895374991525,63.3540073254345));
#11655=CARTESIAN_POINT('Origin',(140.544083425793,15.895374991525,62.6222057756318));
#11656=CARTESIAN_POINT('',(137.452953771319,21.8565879043193,62.8565505200447));
#11657=CARTESIAN_POINT('',(137.452953771319,14.894144787108,62.8565505200447));
#11658=CARTESIAN_POINT('',(137.531697910672,21.8565498994469,63.3540073254345));
#11659=CARTESIAN_POINT('Ctrl Pts',(137.531697910672,21.8565498994469,63.3540073254345));
#11660=CARTESIAN_POINT('Ctrl Pts',(137.491530901879,21.8565631284691,63.1886639813174));
#11661=CARTESIAN_POINT('Ctrl Pts',(137.465448486938,21.8565758929621,63.0213623491708));
#11662=CARTESIAN_POINT('Ctrl Pts',(137.452953771319,21.8565879043193,62.8565505200447));
#11663=CARTESIAN_POINT('',(137.531697910672,14.894144787108,63.3540073254345));
#11664=CARTESIAN_POINT('Origin',(137.377188760269,14.600374991524,63.3214618442013));
#11665=CARTESIAN_POINT('',(137.992303184935,15.895374991525,63.4510282479515));
#11666=CARTESIAN_POINT('',(139.067977210162,15.895374991525,63.6776059536066));
#11667=CARTESIAN_POINT('',(137.992303184935,22.1708052157023,63.4510282479515));
#11668=CARTESIAN_POINT('Ctrl Pts',(137.531697910672,21.8565498994469,63.3540073254345));
#11669=CARTESIAN_POINT('Ctrl Pts',(137.778606414154,22.0281160298665,63.4060156113217));
#11670=CARTESIAN_POINT('Ctrl Pts',(137.992303184935,22.1708052157023,63.4510282479515));
#11671=CARTESIAN_POINT('',(137.992303184935,14.600374991524,63.4510282479515));
#11672=CARTESIAN_POINT('Origin',(137.570822383212,14.600374991524,63.9174048577764));
#11673=CARTESIAN_POINT('',(137.676660933758,15.895374991525,63.8002924669137));
#11674=CARTESIAN_POINT('',(138.668079482381,15.895374991525,62.7032687834286));
#11675=CARTESIAN_POINT('',(137.676660933758,21.8565126332051,63.8002924669137));
#11676=CARTESIAN_POINT('Ctrl Pts',(137.992303184935,22.1708052157023,63.4510282479514));
#11677=CARTESIAN_POINT('Ctrl Pts',(137.845862931597,22.0281002217727,63.6130672034973));
#11678=CARTESIAN_POINT('Ctrl Pts',(137.676660933759,21.8565126332062,63.8002924669125));
#11679=CARTESIAN_POINT('',(137.676660933758,14.894144787108,63.8002924669137));
#11680=CARTESIAN_POINT('Origin',(140.544083425793,14.894144787108,62.6222057756318));
#11681=CARTESIAN_POINT('',(137.905273667444,15.895374991525,64.2490687259883));
#11682=CARTESIAN_POINT('Origin',(140.544083425793,15.895374991525,62.6222057756318));
#11683=CARTESIAN_POINT('',(137.905273667444,21.8564716246543,64.2490687259883));
#11684=CARTESIAN_POINT('Ctrl Pts',(137.905273667444,21.8564716246543,64.2490687259883));
#11685=CARTESIAN_POINT('Ctrl Pts',(137.819061860004,21.8564850417734,64.1092311577985));
#11686=CARTESIAN_POINT('Ctrl Pts',(137.743300946646,21.8564985800542,63.9612518665857));
#11687=CARTESIAN_POINT('Ctrl Pts',(137.678843021391,21.8565121709434,63.8055931338696));
#11688=CARTESIAN_POINT('Ctrl Pts',(137.677750138058,21.8565124021004,63.8029435527208));
#11689=CARTESIAN_POINT('Ctrl Pts',(137.676660933758,21.8565126332051,63.8002924669137));
#11690=CARTESIAN_POINT('',(137.905273667444,14.894144787108,64.2490687259883));
#11691=CARTESIAN_POINT('Origin',(137.748269626334,14.600374991524,64.2658620872465));
#11692=CARTESIAN_POINT('',(138.373316428838,15.895374991525,64.1990062491196));
#11693=CARTESIAN_POINT('',(139.465972858729,15.895374991525,64.0821342627139));
#11694=CARTESIAN_POINT('',(138.373316428838,22.1707262444301,64.1990062491196));
#11695=CARTESIAN_POINT('Ctrl Pts',(137.905273667444,21.8564716246542,64.2490687259883));
#11696=CARTESIAN_POINT('Ctrl Pts',(138.156168406616,22.0280368859208,64.2222326906677));
#11697=CARTESIAN_POINT('Ctrl Pts',(138.373316428838,22.1707262444301,64.1990062491196));
#11698=CARTESIAN_POINT('',(138.373316428838,14.600374991524,64.1990062491196));
#11699=CARTESIAN_POINT('Origin',(138.116582664082,14.600374991524,64.7728014934761));
#11700=CARTESIAN_POINT('',(138.181051388225,15.895374991525,64.6287150802278));
#11701=CARTESIAN_POINT('',(138.756882252099,15.895374991525,63.3417436857247));
#11702=CARTESIAN_POINT('',(138.181051388225,21.8564334184473,64.6287150802278));
#11703=CARTESIAN_POINT('Ctrl Pts',(138.373316428838,22.1707262444301,64.1990062491196));
#11704=CARTESIAN_POINT('Ctrl Pts',(138.284116016438,22.0280206046327,64.3983675309438));
#11705=CARTESIAN_POINT('Ctrl Pts',(138.181051388226,21.8564334184484,64.6287150802263));
#11706=CARTESIAN_POINT('',(138.181051388225,14.894144787108,64.6287150802278));
#11707=CARTESIAN_POINT('Origin',(140.544083425793,14.894144787108,62.6222057756318));
#11708=CARTESIAN_POINT('',(138.537154509031,15.895374991525,64.9848814459396));
#11709=CARTESIAN_POINT('Origin',(140.544083425793,15.895374991525,62.6222057756318));
#11710=CARTESIAN_POINT('',(138.537154509031,21.8563934205194,64.9848814459396));
#11711=CARTESIAN_POINT('Ctrl Pts',(138.537154509031,21.8563934205194,64.9848814459396));
#11712=CARTESIAN_POINT('Ctrl Pts',(138.472340467301,21.856400020045,64.9298264182037));
#11713=CARTESIAN_POINT('Ctrl Pts',(138.410477599706,21.856406639709,64.8726743314007));
#11714=CARTESIAN_POINT('Ctrl Pts',(138.293189021958,21.856419813972,64.7553610329828));
#11715=CARTESIAN_POINT('Ctrl Pts',(138.23607235646,21.856426558238,64.693512343006));
#11716=CARTESIAN_POINT('Ctrl Pts',(138.181051388225,21.8564334184473,64.6287150802278));
#11717=CARTESIAN_POINT('',(138.537154509031,14.894144787108,64.9848814459396));
#11718=CARTESIAN_POINT('Origin',(138.39302422667,14.600374991524,65.0493697984829));
#11719=CARTESIAN_POINT('',(138.966819471027,15.895374991525,64.7926360337267));
#11720=CARTESIAN_POINT('',(139.947178808459,15.895374991525,64.3539929010266));
#11721=CARTESIAN_POINT('',(138.966819471027,22.170649219278,64.7926360337267));
#11722=CARTESIAN_POINT('Ctrl Pts',(138.537154509031,21.8563934205193,64.9848814459396));
#11723=CARTESIAN_POINT('Ctrl Pts',(138.767476301104,22.0279587570821,64.8818283423003));
#11724=CARTESIAN_POINT('Ctrl Pts',(138.966819471027,22.1706492192779,64.7926360337267));
#11725=CARTESIAN_POINT('',(138.966819471027,14.600374991524,64.7926360337267));
#11726=CARTESIAN_POINT('Origin',(138.8999636329,14.600374991524,65.4176828362304));
#11727=CARTESIAN_POINT('',(138.916751882742,15.895374991525,65.2607265826356));
#11728=CARTESIAN_POINT('',(139.058452597951,15.895374991525,63.9359420696391));
#11729=CARTESIAN_POINT('',(138.916751882742,21.8563580141448,65.2607265826356));
#11730=CARTESIAN_POINT('Ctrl Pts',(138.966819471027,22.170649219278,64.7926360337267));
#11731=CARTESIAN_POINT('Ctrl Pts',(138.943590789223,22.0279438848899,65.0098050004867));
#11732=CARTESIAN_POINT('Ctrl Pts',(138.916751882742,21.8563580141459,65.260726582634));
#11733=CARTESIAN_POINT('',(138.916751882742,14.894144787108,65.2607265826356));
#11734=CARTESIAN_POINT('Origin',(140.544083425793,14.894144787108,62.6222057756318));
#11735=CARTESIAN_POINT('',(139.365487536086,15.895374991525,65.489419009552));
#11736=CARTESIAN_POINT('Origin',(140.544083425793,15.895374991525,62.6222057756318));
#11737=CARTESIAN_POINT('',(139.365487536086,21.8563229418291,65.489419009552));
#11738=CARTESIAN_POINT('Ctrl Pts',(139.365487536086,21.8563229418291,65.489419009552));
#11739=CARTESIAN_POINT('Ctrl Pts',(139.362834449336,21.8563231309754,65.4883284324361));
#11740=CARTESIAN_POINT('Ctrl Pts',(139.360182870387,21.856323320314,65.4872341704598));
#11741=CARTESIAN_POINT('Ctrl Pts',(139.204535869889,21.8563344520584,65.422748301731));
#11742=CARTESIAN_POINT('Ctrl Pts',(139.05657237334,21.8563460429487,65.3469621332935));
#11743=CARTESIAN_POINT('Ctrl Pts',(138.916751882742,21.8563580141448,65.2607265826356));
#11744=CARTESIAN_POINT('',(139.365487536086,14.894144787108,65.489419009552));
#11745=CARTESIAN_POINT('Origin',(139.248339488727,14.600374991524,65.5952897841172));
#11746=CARTESIAN_POINT('',(139.714716098552,15.895374991525,65.1738089823944));
#11747=CARTESIAN_POINT('',(140.476733841892,15.895374991525,64.4851469812906));
#11748=CARTESIAN_POINT('',(139.714716098552,22.1705816793713,65.1738089823944));
#11749=CARTESIAN_POINT('Ctrl Pts',(139.365487536086,21.8563229418291,65.489419009552));
#11750=CARTESIAN_POINT('Ctrl Pts',(139.55269113602,22.0278892906293,65.3202365897582));
#11751=CARTESIAN_POINT('Ctrl Pts',(139.714716098552,22.1705816793713,65.1738089823944));
#11752=CARTESIAN_POINT('',(139.714716098552,14.600374991524,65.1738089823944));
#11753=CARTESIAN_POINT('Origin',(139.844282502302,14.600374991524,65.7889234070601));
#11754=CARTESIAN_POINT('',(139.811746926977,15.895374991525,65.6344612847981));
#11755=CARTESIAN_POINT('',(139.553383016105,15.895374991525,64.4078827598842));
#11756=CARTESIAN_POINT('',(139.811746926977,21.8562938006936,65.6344612847981));
#11757=CARTESIAN_POINT('Ctrl Pts',(139.714716098552,22.1705816793713,65.1738089823944));
#11758=CARTESIAN_POINT('Ctrl Pts',(139.759733353505,22.0278775717261,65.3875276785908));
#11759=CARTESIAN_POINT('Ctrl Pts',(139.811746926977,21.8562938006947,65.6344612847966));
#11760=CARTESIAN_POINT('',(139.811746926977,14.894144787108,65.6344612847981));
#11761=CARTESIAN_POINT('Origin',(140.544083425793,14.894144787108,62.6222057756318));
#11762=CARTESIAN_POINT('',(140.256174697273,15.895374991525,65.7088072342011));
#11763=CARTESIAN_POINT('Origin',(140.544083425793,15.895374991525,62.6222057756318));
#11764=CARTESIAN_POINT('',(140.256174697273,21.8562696609767,65.7088072342011));
#11765=CARTESIAN_POINT('Ctrl Pts',(140.256174697273,21.8562696609767,65.7088072342011));
#11766=CARTESIAN_POINT('Ctrl Pts',(140.222808404891,21.8562713013511,65.7056949286625));
#11767=CARTESIAN_POINT('Ctrl Pts',(140.189470687726,21.8562729783249,65.7020395477539));
#11768=CARTESIAN_POINT('Ctrl Pts',(140.156174697273,21.8562746914024,65.6978401522017));
#11769=CARTESIAN_POINT('Ctrl Pts',(140.041448130217,21.8562805940805,65.6833704749562));
#11770=CARTESIAN_POINT('Ctrl Pts',(139.926119790046,21.8562869843651,65.6622674990599));
#11771=CARTESIAN_POINT('Ctrl Pts',(139.811746926977,21.8562938006936,65.6344612847981));
#11772=CARTESIAN_POINT('',(140.256174697273,14.894144787108,65.7088072342011));
#11773=CARTESIAN_POINT('Origin',(140.256174697273,14.600374991524,58.8533854705256));
#11774=CARTESIAN_POINT('',(140.256174697273,15.895374991525,59.5356043170625));
#11775=CARTESIAN_POINT('',(140.256174697273,15.895374991525,60.7518359588544));
#11776=CARTESIAN_POINT('',(140.256174697273,22.500374991524,64.8490505684884));
#11777=CARTESIAN_POINT('Ctrl Pts',(140.256174697273,21.8562696609768,65.7088072342009));
#11778=CARTESIAN_POINT('Ctrl Pts',(140.256174697273,22.0008858233563,65.5160922570415));
#11779=CARTESIAN_POINT('Ctrl Pts',(140.256174697273,22.3330928232602,65.0728527505536));
#11780=CARTESIAN_POINT('Ctrl Pts',(140.256174697273,22.500374991524,64.8490505684884));
#11781=CARTESIAN_POINT('',(140.256174697273,22.500374991524,60.3947880884087));
#11782=CARTESIAN_POINT('',(140.256174697273,22.500374991524,60.7376523994871));
#11783=CARTESIAN_POINT('',(140.256174697273,21.8566995690187,59.5356043170625));
#11784=CARTESIAN_POINT('Ctrl Pts',(140.256174697273,22.500374991524,60.3947880884087));
#11785=CARTESIAN_POINT('Ctrl Pts',(140.256174697273,22.2305784086523,60.0338347089355));
#11786=CARTESIAN_POINT('Ctrl Pts',(140.256174697273,21.856699569019,59.5356043170629));
#11787=CARTESIAN_POINT('',(140.256174697273,14.894144787108,59.5356043170625));
#11788=CARTESIAN_POINT('Origin',(140.54390791054,22.500374991524,62.6219193284486));
#11789=CARTESIAN_POINT('Origin',(140.54390791054,22.500374991524,62.6219193284486));
#11790=CARTESIAN_POINT('Origin',(140.54390791054,22.500374991524,62.6219193284486));
#11791=CARTESIAN_POINT('Origin',(140.54390791054,22.500374991524,62.6219193284486));
#11792=CARTESIAN_POINT('Origin',(140.544083425793,14.894144787108,62.6222057756318));
#11793=CARTESIAN_POINT('',(143.556338934959,15.895374991525,63.354542274447));
#11794=CARTESIAN_POINT('',(143.63517141494,15.895374991525,62.8570994608383));
#11795=CARTESIAN_POINT('Origin',(140.544083425793,15.895374991525,62.6222057756318));
#11796=CARTESIAN_POINT('',(143.556338934959,21.8562927902159,63.354542274447));
#11797=CARTESIAN_POINT('',(143.556338934959,14.894144787108,63.354542274447));
#11798=CARTESIAN_POINT('',(143.63517141494,21.8563240663936,62.8570994608383));
#11799=CARTESIAN_POINT('Ctrl Pts',(143.63517141494,21.8563240663936,62.8570994608383));
#11800=CARTESIAN_POINT('Ctrl Pts',(143.622650715048,21.8563131269224,63.0218658529916));
#11801=CARTESIAN_POINT('Ctrl Pts',(143.596541628243,21.8563025899027,63.1891800611415));
#11802=CARTESIAN_POINT('Ctrl Pts',(143.556338934959,21.8562927902159,63.354542274447));
#11803=CARTESIAN_POINT('',(143.63517141494,14.894144787108,62.8570994608383));
#11804=CARTESIAN_POINT('Origin',(140.544083425793,14.894144787108,62.6222057756318));
#11805=CARTESIAN_POINT('',(143.182604232797,15.895374991525,64.2495373186825));
#11806=CARTESIAN_POINT('',(143.411296659713,15.895374991525,63.8008016653386));
#11807=CARTESIAN_POINT('Origin',(140.544083425793,15.895374991525,62.6222057756318));
#11808=CARTESIAN_POINT('',(143.182604232797,21.8562464138569,64.2495373186825));
#11809=CARTESIAN_POINT('',(143.182604232797,14.894144787108,64.2495373186825));
#11810=CARTESIAN_POINT('',(143.411296659713,21.8562679035749,63.8008016653386));
#11811=CARTESIAN_POINT('Ctrl Pts',(143.411296659713,21.8562679035749,63.8008016653386));
#11812=CARTESIAN_POINT('Ctrl Pts',(143.410261023997,21.8562677723234,63.8033210941405));
#11813=CARTESIAN_POINT('Ctrl Pts',(143.409222065454,21.8562676413083,63.8058391629658));
#11814=CARTESIAN_POINT('Ctrl Pts',(143.344757543383,21.8562595527295,63.9614961966761));
#11815=CARTESIAN_POINT('Ctrl Pts',(143.268914342297,21.8562524759369,64.1095959399611));
#11816=CARTESIAN_POINT('Ctrl Pts',(143.182604232797,21.8562464138569,64.2495373186825));
#11817=CARTESIAN_POINT('',(143.411296659713,14.894144787108,63.8008016653386));
#11818=CARTESIAN_POINT('Origin',(140.544083425793,14.894144787108,62.6222057756318));
#11819=CARTESIAN_POINT('',(142.550592730389,15.895374991525,64.9852378131993));
#11820=CARTESIAN_POINT('',(142.906759096101,15.895374991525,64.6291346923935));
#11821=CARTESIAN_POINT('Origin',(140.544083425793,15.895374991525,62.6222057756318));
#11822=CARTESIAN_POINT('',(142.550592730389,21.8562221502547,64.9852378131993));
#11823=CARTESIAN_POINT('',(142.550592730389,14.894144787108,64.9852378131993));
#11824=CARTESIAN_POINT('',(142.906759096101,21.8562317505118,64.6291346923935));
#11825=CARTESIAN_POINT('Ctrl Pts',(142.906759096101,21.8562317505118,64.6291346923935));
#11826=CARTESIAN_POINT('Ctrl Pts',(142.851793353342,21.8562295898076,64.6938436225566));
#11827=CARTESIAN_POINT('Ctrl Pts',(142.794737674287,21.8562277231348,64.7556106051162));
#11828=CARTESIAN_POINT('Ctrl Pts',(142.677439486218,21.8562245595678,64.8729147293661));
#11829=CARTESIAN_POINT('Ctrl Pts',(142.615494915675,21.8562232185975,64.9301277526518));
#11830=CARTESIAN_POINT('Ctrl Pts',(142.550592730389,21.8562221502547,64.9852378131993));
#11831=CARTESIAN_POINT('',(142.906759096101,14.894144787108,64.6291346923935));
#11832=CARTESIAN_POINT('Origin',(140.544083425793,14.894144787108,62.6222057756318));
#11833=CARTESIAN_POINT('',(141.722170117075,15.895374991525,65.489628267666));
#11834=CARTESIAN_POINT('',(142.170946376149,15.895374991525,65.261015533981));
#11835=CARTESIAN_POINT('Origin',(140.544083425793,15.895374991525,62.6222057756318));
#11836=CARTESIAN_POINT('',(141.722170117075,21.8562223737976,65.489628267666));
#11837=CARTESIAN_POINT('',(141.722170117075,14.894144787108,65.489628267666));
#11838=CARTESIAN_POINT('',(142.170946376149,21.8562191451402,65.261015533981));
#11839=CARTESIAN_POINT('Ctrl Pts',(142.170946376149,21.8562191451402,65.261015533981));
#11840=CARTESIAN_POINT('Ctrl Pts',(142.031180389279,21.8562191083297,65.3471832105401));
#11841=CARTESIAN_POINT('Ctrl Pts',(141.883282357603,21.856220145512,65.422910041063));
#11842=CARTESIAN_POINT('Ctrl Pts',(141.727629795815,21.8562222973656,65.4873805879354));
#11843=CARTESIAN_POINT('Ctrl Pts',(141.724900754509,21.8562223354117,65.4885063794095));
#11844=CARTESIAN_POINT('Ctrl Pts',(141.722170117075,21.8562223737976,65.489628267666));
#11845=CARTESIAN_POINT('',(142.170946376149,14.894144787108,65.261015533981));
#11846=CARTESIAN_POINT('Origin',(140.544083425793,14.894144787108,62.6222057756318));
#11847=CARTESIAN_POINT('',(137.905562618789,15.895374991525,60.9948742325806));
#11848=CARTESIAN_POINT('',(137.676870191872,15.895374991525,61.4436098859259));
#11849=CARTESIAN_POINT('Origin',(140.544083425793,15.895374991525,62.6222057756318));
#11850=CARTESIAN_POINT('',(137.905562618789,21.8566982474234,60.9948742325806));
#11851=CARTESIAN_POINT('',(137.905562618789,14.894144787108,60.9948742325806));
#11852=CARTESIAN_POINT('',(137.676870191872,21.8566767537468,61.4436098859259));
#11853=CARTESIAN_POINT('Ctrl Pts',(137.676870191872,21.8566767537468,61.4436098859259));
#11854=CARTESIAN_POINT('Ctrl Pts',(137.677952069917,21.8566768908828,61.4409779617221));
#11855=CARTESIAN_POINT('Ctrl Pts',(137.679037574254,21.8566770277608,61.4383475214051));
#11856=CARTESIAN_POINT('Ctrl Pts',(137.743520156888,21.8566851164149,61.2826987059528));
#11857=CARTESIAN_POINT('Ctrl Pts',(137.81931552212,21.8566921885976,61.1347134436359));
#11858=CARTESIAN_POINT('Ctrl Pts',(137.905562618789,21.8566982474234,60.9948742325806));
#11859=CARTESIAN_POINT('',(137.676870191872,14.894144787108,61.4436098859259));
#11860=CARTESIAN_POINT('Origin',(140.544083425793,14.894144787108,62.6222057756318));
#11861=CARTESIAN_POINT('',(138.537574121196,15.895374991525,60.2591737380648));
#11862=CARTESIAN_POINT('',(138.181407755485,15.895374991525,60.6152768588697));
#11863=CARTESIAN_POINT('Origin',(140.544083425793,15.895374991525,62.6222057756318));
#11864=CARTESIAN_POINT('',(138.537574121196,21.8567225159705,60.2591737380648));
#11865=CARTESIAN_POINT('',(138.537574121196,14.894144787108,60.2591737380648));
#11866=CARTESIAN_POINT('',(138.181407755485,21.8567129136966,60.6152768588697));
#11867=CARTESIAN_POINT('Ctrl Pts',(138.181407755485,21.8567129136966,60.6152768588697));
#11868=CARTESIAN_POINT('Ctrl Pts',(138.236408272057,21.8567150762131,60.5505269909126));
#11869=CARTESIAN_POINT('Ctrl Pts',(138.293501334803,21.8567169442682,60.4887228588129));
#11870=CARTESIAN_POINT('Ctrl Pts',(138.41080488217,21.8567201078196,60.3714252477356));
#11871=CARTESIAN_POINT('Ctrl Pts',(138.472712337258,21.8567214480641,60.3142494928223));
#11872=CARTESIAN_POINT('Ctrl Pts',(138.537574121196,21.8567225159705,60.2591737380648));
#11873=CARTESIAN_POINT('',(138.181407755485,14.894144787108,60.6152768588697));
#11874=CARTESIAN_POINT('Origin',(140.544083425793,14.894144787108,62.6222057756318));
#11875=CARTESIAN_POINT('',(139.36599673451,15.895374991525,59.7547832835977));
#11876=CARTESIAN_POINT('',(138.917220475436,15.895374991525,59.983396017283));
#11877=CARTESIAN_POINT('Origin',(140.544083425793,15.895374991525,62.6222057756318));
#11878=CARTESIAN_POINT('',(139.36599673451,21.8567222923797,59.7547832835977));
#11879=CARTESIAN_POINT('',(139.36599673451,14.894144787108,59.7547832835977));
#11880=CARTESIAN_POINT('',(138.917220475436,21.8567255217325,59.983396017283));
#11881=CARTESIAN_POINT('Ctrl Pts',(138.917220475436,21.8567255217325,59.983396017283));
#11882=CARTESIAN_POINT('Ctrl Pts',(139.056958825239,21.8567255585436,59.8972453793601));
#11883=CARTESIAN_POINT('Ctrl Pts',(139.204826610696,21.8567245215519,59.8215310960334));
#11884=CARTESIAN_POINT('Ctrl Pts',(139.360477230143,21.8567223696622,59.7570556433057));
#11885=CARTESIAN_POINT('Ctrl Pts',(139.36323616671,21.8567223311947,59.7559174688095));
#11886=CARTESIAN_POINT('Ctrl Pts',(139.36599673451,21.8567222923797,59.7547832835977));
#11887=CARTESIAN_POINT('',(138.917220475436,14.894144787108,59.983396017283));
#11888=CARTESIAN_POINT('Origin',(140.544083425793,14.894144787108,62.6222057756318));
#11889=CARTESIAN_POINT('',(137.531827916626,15.895374991525,61.889869276817));
#11890=CARTESIAN_POINT('',(137.452995436645,15.895374991525,62.3873120904261));
#11891=CARTESIAN_POINT('Origin',(140.544083425793,15.895374991525,62.6222057756318));
#11892=CARTESIAN_POINT('',(137.531827916626,21.8566518630155,61.8898692768169));
#11893=CARTESIAN_POINT('',(137.531827916626,14.894144787108,61.889869276817));
#11894=CARTESIAN_POINT('',(137.452995436645,21.8566205824494,62.3873120904261));
#11895=CARTESIAN_POINT('Ctrl Pts',(137.452995436645,21.8566205824494,62.3873120904261));
#11896=CARTESIAN_POINT('Ctrl Pts',(137.465515894132,21.8566315230972,62.2225488882049));
#11897=CARTESIAN_POINT('Ctrl Pts',(137.491624575197,21.8566420616645,62.055234156082));
#11898=CARTESIAN_POINT('Ctrl Pts',(137.531827916626,21.8566518630155,61.8898692768169));
#11899=CARTESIAN_POINT('',(137.452995436645,14.894144787108,62.3873120904261));
#11900=CARTESIAN_POINT('Origin',(140.544083425793,14.894144787108,62.6222057756318));
#11901=CARTESIAN_POINT('',(141.275884975596,15.895374991525,65.634591290752));
#11902=CARTESIAN_POINT('Origin',(140.544083425793,15.895374991525,62.6222057756318));
#11903=CARTESIAN_POINT('',(141.275884975596,21.8562313209833,65.634591290752));
#11904=CARTESIAN_POINT('Ctrl Pts',(141.275884975596,21.8562313209833,65.634591290752));
#11905=CARTESIAN_POINT('Ctrl Pts',(141.167928644297,21.856234100913,65.6608172203879));
#11906=CARTESIAN_POINT('Ctrl Pts',(141.059104580837,21.8562373333331,65.6810767328736));
#11907=CARTESIAN_POINT('Ctrl Pts',(140.950728445705,21.8562409586864,65.6954190496791));
#11908=CARTESIAN_POINT('Ctrl Pts',(140.917435821394,21.8562420724218,65.6998243019895));
#11909=CARTESIAN_POINT('Ctrl Pts',(140.88409809336,21.8562432259979,65.7036850571622));
#11910=CARTESIAN_POINT('Ctrl Pts',(140.850728445705,21.8562444187922,65.7070021760063));
#11911=CARTESIAN_POINT('',(141.275884975596,14.894144787108,65.634591290752));
#11912=CARTESIAN_POINT('Origin',(140.544083425793,14.894144787108,62.6222057756318));
#11913=CARTESIAN_POINT('',(139.81228187599,15.895374991525,59.6098202605116));
#11914=CARTESIAN_POINT('Origin',(140.544083425793,15.895374991525,62.6222057756318));
#11915=CARTESIAN_POINT('',(139.81228187599,21.8567133433136,59.6098202605116));
#11916=CARTESIAN_POINT('Ctrl Pts',(139.81228187599,21.8567133433137,59.6098202605115));
#11917=CARTESIAN_POINT('Ctrl Pts',(139.926461497935,21.8567104025244,59.5820825012256));
#11918=CARTESIAN_POINT('Ctrl Pts',(140.041605054845,21.8567069554458,59.5610234641241));
#11919=CARTESIAN_POINT('Ctrl Pts',(140.156174697273,21.8567030727097,59.546571399062));
#11920=CARTESIAN_POINT('Ctrl Pts',(140.189470687731,21.8567019442729,59.5423720035091));
#11921=CARTESIAN_POINT('Ctrl Pts',(140.222808404897,21.856700776167,59.5387166226006));
#11922=CARTESIAN_POINT('Ctrl Pts',(140.256174697273,21.8566995690187,59.5356043170625));
#11923=CARTESIAN_POINT('',(139.81228187599,14.894144787108,59.6098202605116));
#11924=CARTESIAN_POINT('Origin',(137.316105609118,14.600374991524,62.9352251117351));
#11925=CARTESIAN_POINT('',(137.861075970304,15.895374991525,62.6219193284485));
#11926=CARTESIAN_POINT('',(138.780907817746,15.895374991525,62.0931040790698));
#11927=CARTESIAN_POINT('',(137.861075970304,22.1708784026156,62.6219193284485));
#11928=CARTESIAN_POINT('',(137.861075970304,14.600374991524,62.6219193284486));
#11929=CARTESIAN_POINT('Ctrl Pts',(137.861075970304,22.1708784026156,62.6219193284486));
#11930=CARTESIAN_POINT('Ctrl Pts',(137.671730625781,22.0281749427137,62.7307747739969));
#11931=CARTESIAN_POINT('Ctrl Pts',(137.45295377132,21.8565879043203,62.8565505200439));
#11932=CARTESIAN_POINT('Origin',(137.316105609118,14.600374991524,62.308613545162));
#11933=CARTESIAN_POINT('',(138.793165010305,15.895374991525,63.1577812900693));
#11934=CARTESIAN_POINT('Ctrl Pts',(137.452995436645,21.8566205824494,62.3873120904261));
#11935=CARTESIAN_POINT('Ctrl Pts',(137.671748536521,22.0281884414589,62.513074179861));
#11936=CARTESIAN_POINT('Ctrl Pts',(137.861075970304,22.1708784026156,62.6219193284485));
#11937=CARTESIAN_POINT('Origin',(137.377365794364,14.600374991524,61.9224048521418));
#11938=CARTESIAN_POINT('',(137.99248021903,15.895374991525,61.7928384483916));
#11939=CARTESIAN_POINT('',(139.062350971747,15.895374991525,61.5674831318059));
#11940=CARTESIAN_POINT('',(137.99248021903,22.1709386401445,61.7928384483916));
#11941=CARTESIAN_POINT('',(137.99248021903,14.600374991524,61.7928384483916));
#11942=CARTESIAN_POINT('Ctrl Pts',(137.99248021903,22.1709386401444,61.7928384483916));
#11943=CARTESIAN_POINT('Ctrl Pts',(137.778764189366,22.0282374523859,61.8378551416716));
#11944=CARTESIAN_POINT('Ctrl Pts',(137.531827916628,21.8566518630165,61.8898692768166));
#11945=CARTESIAN_POINT('Origin',(137.570999417307,14.600374991524,61.3264618385668));
#11946=CARTESIAN_POINT('',(138.682320958998,15.895374991525,62.5561604889451));
#11947=CARTESIAN_POINT('Ctrl Pts',(137.676870191872,21.8566767537468,61.4436098859259));
#11948=CARTESIAN_POINT('Ctrl Pts',(137.846054581267,22.0282470315524,61.6308156652606));
#11949=CARTESIAN_POINT('Ctrl Pts',(137.99248021903,22.1709386401445,61.7928384483917));
#11950=CARTESIAN_POINT('Origin',(139.248884343648,14.600374991524,59.6489447330519));
#11951=CARTESIAN_POINT('',(139.715260953473,15.895374991525,60.0704255347747));
#11952=CARTESIAN_POINT('',(140.491141492838,15.895374991525,60.7716158279491));
#11953=CARTESIAN_POINT('',(139.715260953473,22.1709923003333,60.070425534775));
#11954=CARTESIAN_POINT('',(139.715260953473,14.600374991524,60.0704255347747));
#11955=CARTESIAN_POINT('Ctrl Pts',(139.715260953473,22.170992300333,60.0704255347751));
#11956=CARTESIAN_POINT('Ctrl Pts',(139.553222239786,22.0282999083921,59.9239855000133));
#11957=CARTESIAN_POINT('Ctrl Pts',(139.365996734511,21.8567222923808,59.7547832835988));
#11958=CARTESIAN_POINT('Origin',(139.844827357223,14.600374991524,59.455311110109));
#11959=CARTESIAN_POINT('',(139.548234874171,15.895374991525,60.8633791685904));
#11960=CARTESIAN_POINT('Ctrl Pts',(139.81228187599,21.8567133433137,59.6098202605116));
#11961=CARTESIAN_POINT('Ctrl Pts',(139.760273045604,22.0282924554556,59.8567313489899));
#11962=CARTESIAN_POINT('Ctrl Pts',(139.715260953473,22.170992300333,60.0704255347752));
#11963=CARTESIAN_POINT('Origin',(138.393487707948,14.600374991524,60.1947050139212));
#11964=CARTESIAN_POINT('',(138.967282952305,15.895374991525,60.4514387786774));
#11965=CARTESIAN_POINT('',(139.957980410362,15.895374991525,60.8947075067527));
#11966=CARTESIAN_POINT('',(138.967282952305,22.1709985207013,60.4514387786775));
#11967=CARTESIAN_POINT('',(138.967282952305,14.600374991524,60.4514387786774));
#11968=CARTESIAN_POINT('Ctrl Pts',(138.967282952305,22.170998520701,60.4514387786775));
#11969=CARTESIAN_POINT('Ctrl Pts',(138.767922836924,22.0283031517271,60.3622388881811));
#11970=CARTESIAN_POINT('Ctrl Pts',(138.537574121198,21.8567225159716,60.2591737380655));
#11971=CARTESIAN_POINT('Origin',(138.900427114178,14.600374991524,59.8263919761737));
#11972=CARTESIAN_POINT('',(139.061900835203,15.895374991525,61.3360377429864));
#11973=CARTESIAN_POINT('Ctrl Pts',(138.917220475436,21.8567255217326,59.983396017283));
#11974=CARTESIAN_POINT('Ctrl Pts',(138.944056834232,22.0283017158115,60.234293780677));
#11975=CARTESIAN_POINT('Ctrl Pts',(138.967282952305,22.1709985207011,60.4514387786776));
#11976=CARTESIAN_POINT('Origin',(137.748606365194,14.600374991524,60.9780859827386));
#11977=CARTESIAN_POINT('',(138.373653167698,15.895374991525,61.0449418208655));
#11978=CARTESIAN_POINT('',(139.469137211503,15.895374991525,61.1621162526198));
#11979=CARTESIAN_POINT('',(138.373653167698,22.1709800304427,61.0449418208655));
#11980=CARTESIAN_POINT('',(138.373653167698,14.600374991524,61.0449418208655));
#11981=CARTESIAN_POINT('Ctrl Pts',(138.373653167698,22.1709800304426,61.0449418208656));
#11982=CARTESIAN_POINT('Ctrl Pts',(138.156486293535,22.0282816306197,61.0217133628887));
#11983=CARTESIAN_POINT('Ctrl Pts',(137.905562618791,21.8566982474244,60.9948742325808));
#11984=CARTESIAN_POINT('Origin',(138.116919402942,14.600374991524,60.471146576509));
#11985=CARTESIAN_POINT('',(138.767745737891,15.895374991525,61.925731470126));
#11986=CARTESIAN_POINT('Ctrl Pts',(138.181407755485,21.8567129136966,60.6152768588697));
#11987=CARTESIAN_POINT('Ctrl Pts',(138.284462142923,22.0282860636236,60.8456015202092));
#11988=CARTESIAN_POINT('Ctrl Pts',(138.373653167698,22.1709800304426,61.0449418208656));
#11989=CARTESIAN_POINT('Origin',(141.839282507938,14.600374991524,65.5954668182122));
#11990=CARTESIAN_POINT('',(141.372905898113,15.895374991525,65.1739860164894));
#11991=CARTESIAN_POINT('',(140.889566138273,15.895374991525,64.7371750247065));
#11992=CARTESIAN_POINT('',(141.372905898113,22.1704999197893,65.1739860164893));
#11993=CARTESIAN_POINT('',(141.372905898113,14.600374991524,65.1739860164894));
#11994=CARTESIAN_POINT('Ctrl Pts',(141.372905898113,22.1704999197891,65.1739860164893));
#11995=CARTESIAN_POINT('Ctrl Pts',(141.534947176637,22.0278004710298,65.3204283691846));
#11996=CARTESIAN_POINT('Ctrl Pts',(141.722170117074,21.8562223737987,65.489628267665));
#11997=CARTESIAN_POINT('Origin',(141.243339494363,14.600374991524,65.7891004411551));
#11998=CARTESIAN_POINT('',(141.555768921311,15.895374991525,64.3058467454154));
#11999=CARTESIAN_POINT('Ctrl Pts',(141.275884975596,21.8562313209833,65.6345912907519));
#12000=CARTESIAN_POINT('Ctrl Pts',(141.327892908678,22.0278020261743,65.387684462207));
#12001=CARTESIAN_POINT('Ctrl Pts',(141.372905898113,22.1704999197892,65.1739860164892));
#12002=CARTESIAN_POINT('Origin',(142.694679143636,14.600374991524,65.0497065373429));
#12003=CARTESIAN_POINT('',(142.12088389928,15.895374991525,64.7929727725867));
#12004=CARTESIAN_POINT('',(141.562329949654,15.895374991525,64.5430584351686));
#12005=CARTESIAN_POINT('',(142.12088389928,22.1704937009533,64.7929727725865));
#12006=CARTESIAN_POINT('',(142.12088389928,14.600374991524,64.7929727725867));
#12007=CARTESIAN_POINT('Ctrl Pts',(142.120883899279,22.170493700953,64.7929727725865));
#12008=CARTESIAN_POINT('Ctrl Pts',(142.320247807212,22.0277972284995,64.8821743599882));
#12009=CARTESIAN_POINT('Ctrl Pts',(142.550592730387,21.8562221502557,64.9852378131987));
#12010=CARTESIAN_POINT('Origin',(142.187739737407,14.600374991524,65.4180195750905));
#12011=CARTESIAN_POINT('',(142.034960156246,15.895374991525,63.9896568267086));
#12012=CARTESIAN_POINT('Ctrl Pts',(142.170946376149,21.8562191451401,65.2610155339809));
#12013=CARTESIAN_POINT('Ctrl Pts',(142.144110427166,22.0277927679136,65.0101216019959));
#12014=CARTESIAN_POINT('Ctrl Pts',(142.12088389928,22.170493700953,64.7929727725863));
#12015=CARTESIAN_POINT('Origin',(143.339560486392,14.600374991524,64.2663255685245));
#12016=CARTESIAN_POINT('',(142.714513683888,15.895374991525,64.1994697303976));
#12017=CARTESIAN_POINT('',(142.122366733585,15.895374991525,64.136132904262));
#12018=CARTESIAN_POINT('',(142.714513683888,22.1705121867653,64.1994697303973));
#12019=CARTESIAN_POINT('',(142.714513683888,14.600374991524,64.1994697303976));
#12020=CARTESIAN_POINT('Ctrl Pts',(142.714513683887,22.1705121867647,64.1994697303975));
#12021=CARTESIAN_POINT('Ctrl Pts',(142.931684978812,22.0278187448174,64.222698661225));
#12022=CARTESIAN_POINT('Ctrl Pts',(143.182604232795,21.856246413858,64.2495373186823));
#12023=CARTESIAN_POINT('Origin',(142.971247448644,14.600374991524,64.7732649747541));
#12024=CARTESIAN_POINT('',(142.41530657197,15.895374991525,63.5307473359782));
#12025=CARTESIAN_POINT('Ctrl Pts',(142.906759096101,21.8562317505118,64.6291346923934));
#12026=CARTESIAN_POINT('Ctrl Pts',(142.803705924074,22.027808416476,64.398812747476));
#12027=CARTESIAN_POINT('Ctrl Pts',(142.714513683888,22.1705121867648,64.1994697303969));
#12028=CARTESIAN_POINT('Origin',(143.71080105722,14.600374991524,63.3220066991223));
#12029=CARTESIAN_POINT('',(143.095686632555,15.895374991525,63.4515731028725));
#12030=CARTESIAN_POINT('',(142.50474388486,15.895374991525,63.576048035618));
#12031=CARTESIAN_POINT('',(143.095686632554,22.170553568337,63.4515731028723));
#12032=CARTESIAN_POINT('',(143.095686632555,14.600374991524,63.4515731028725));
#12033=CARTESIAN_POINT('Ctrl Pts',(143.095686632554,22.1705535683363,63.4515731028727));
#12034=CARTESIAN_POINT('Ctrl Pts',(143.309406871731,22.027862914497,63.4065555229096));
#12035=CARTESIAN_POINT('Ctrl Pts',(143.556338934958,21.8562927902171,63.3545422744474));
#12036=CARTESIAN_POINT('Origin',(143.517167434277,14.600374991524,63.9179497126974));
#12037=CARTESIAN_POINT('',(142.647334637619,15.895374991525,62.9554630011744));
#12038=CARTESIAN_POINT('Ctrl Pts',(143.411296659713,21.8562679035749,63.8008016653386));
#12039=CARTESIAN_POINT('Ctrl Pts',(143.2421134821,22.0278474405862,63.6135972268635));
#12040=CARTESIAN_POINT('Ctrl Pts',(143.095686632554,22.1705535683363,63.4515731028717));
#12041=CARTESIAN_POINT('Origin',(143.772061242467,14.600374991524,62.309186439529));
#12042=CARTESIAN_POINT('',(143.227090881281,15.895374991525,62.6224922228156));
#12043=CARTESIAN_POINT('',(142.675498718995,15.895374991525,62.9396049077763));
#12044=CARTESIAN_POINT('',(143.22709088128,22.1706137961891,62.6224922228156));
#12045=CARTESIAN_POINT('',(143.227090881281,14.600374991524,62.6224922228156));
#12046=CARTESIAN_POINT('Ctrl Pts',(143.22709088128,22.1706137961881,62.6224922228163));
#12047=CARTESIAN_POINT('Ctrl Pts',(143.416439465299,22.0279254151156,62.5136349148678));
#12048=CARTESIAN_POINT('Ctrl Pts',(143.635213080265,21.8563567408348,62.3878610312199));
#12049=CARTESIAN_POINT('Origin',(143.772061242467,14.600374991524,62.9357980061021));
#12050=CARTESIAN_POINT('',(142.687508368734,15.895374991525,62.3122839366745));
#12051=CARTESIAN_POINT('Ctrl Pts',(143.63517141494,21.8563240663937,62.8570994608384));
#12052=CARTESIAN_POINT('Ctrl Pts',(143.416418715374,22.0279060214218,62.7313376015432));
#12053=CARTESIAN_POINT('Ctrl Pts',(143.227090881279,22.1706137961881,62.622492222815));
#12054=CARTESIAN_POINT('Origin',(140.54390791054,22.500374991524,62.6219193284486));
#12055=CARTESIAN_POINT('Origin',(140.54390791054,22.500374991524,62.6219193284486));
#12056=CARTESIAN_POINT('Origin',(141.050175515253,22.9350002264977,62.6502864471833));
#12057=CARTESIAN_POINT('',(133.451355780054,22.9350002264977,62.6036440710973));
#12058=CARTESIAN_POINT('Origin',(140.552355780054,22.9350002264977,62.6036440710973));
#12059=CARTESIAN_POINT('',(135.451355780054,22.9350002264977,62.6036440710973));
#12060=CARTESIAN_POINT('Origin',(140.552355780054,22.9350002264977,62.6036440710973));
#12061=CARTESIAN_POINT('Origin',(141.050175515253,25.895374991525,62.6502864471833));
#12062=CARTESIAN_POINT('',(133.451355780054,25.895374991525,62.6036440710973));
#12063=CARTESIAN_POINT('Origin',(140.552355780054,25.895374991525,62.6036440710973));
#12064=CARTESIAN_POINT('Origin',(140.552355780054,20.395374991525,62.6036440710973));
#12065=CARTESIAN_POINT('',(133.451355780054,20.395374991525,62.6036440710973));
#12066=CARTESIAN_POINT('Origin',(141.050175515253,15.895374991525,62.6502864471833));
#12067=CARTESIAN_POINT('',(135.451355780054,15.895374991525,62.6036440710973));
#12068=CARTESIAN_POINT('Origin',(140.552355780054,15.895374991525,62.6036440710973));
#12069=CARTESIAN_POINT('Origin',(140.552355780054,20.395374991525,62.6036440710973));
#12070=CARTESIAN_POINT('',(135.451355780054,20.395374991525,62.6036440710973));
#12071=CARTESIAN_POINT('Origin',(140.000002086163,15.0000002235174,148.014719614232));
#12072=CARTESIAN_POINT('',(150.000002235174,18.9350002264976,148.014719614232));
#12073=CARTESIAN_POINT('',(130.000001937151,18.9350002264976,148.014719614232));
#12074=CARTESIAN_POINT('',(139.995651688447,18.9350002264976,148.014719614232));
#12075=CARTESIAN_POINT('',(150.000002235174,20.0000002980232,148.014719614232));
#12076=CARTESIAN_POINT('',(150.000002235174,20.0000002980232,148.014719614232));
#12077=CARTESIAN_POINT('',(130.000001937151,20.0000002980232,148.014719614232));
#12078=CARTESIAN_POINT('',(130.000001937151,20.0000002980232,148.014719614232));
#12079=CARTESIAN_POINT('',(130.000001937151,10.0000001490116,148.014719614232));
#12080=CARTESIAN_POINT('Origin',(130.000001937151,10.0000001490116,155.014719614232));
#12081=CARTESIAN_POINT('',(130.000001937151,18.9350002264976,153.014719614232));
#12082=CARTESIAN_POINT('',(130.000001937151,18.9350002264976,137.272219614232));
#12083=CARTESIAN_POINT('',(130.000001937151,20.0000002980232,155.014719614232));
#12084=CARTESIAN_POINT('',(130.000001937151,20.0000002980232,155.014719614232));
#12085=CARTESIAN_POINT('',(130.000001937151,10.0000001490116,155.014719614232));
#12086=CARTESIAN_POINT('',(130.000001937151,6.96750018775463,155.014719614232));
#12087=CARTESIAN_POINT('',(130.000001937151,10.0000001490116,153.014719614232));
#12088=CARTESIAN_POINT('',(130.000001937151,10.0000001490116,155.014719614232));
#12089=CARTESIAN_POINT('',(130.000001937151,6.96750018775463,153.014719614232));
#12090=CARTESIAN_POINT('Origin',(150.000002235174,20.0000002980232,155.014719614232));
#12091=CARTESIAN_POINT('',(150.000002235174,18.9350002264976,153.014719614232));
#12092=CARTESIAN_POINT('',(150.000002235174,18.9350002264976,137.272219614232));
#12093=CARTESIAN_POINT('',(150.000002235174,10.0000001490116,153.014719614232));
#12094=CARTESIAN_POINT('',(150.000002235174,11.9675002622604,153.014719614232));
#12095=CARTESIAN_POINT('',(150.000002235174,10.0000001490116,155.014719614232));
#12096=CARTESIAN_POINT('',(150.000002235174,10.0000001490116,155.014719614232));
#12097=CARTESIAN_POINT('',(150.000002235174,20.0000002980232,155.014719614232));
#12098=CARTESIAN_POINT('',(150.000002235174,11.9675002622604,155.014719614232));
#12099=CARTESIAN_POINT('',(150.000002235174,20.0000002980232,155.014719614232));
#12100=CARTESIAN_POINT('Origin',(130.000001937151,20.0000002980232,155.014719614232));
#12101=CARTESIAN_POINT('',(135.245651613941,20.0000002980232,155.014719614232));
#12102=CARTESIAN_POINT('Origin',(150.000002235174,10.0000001490116,155.014719614232));
#12103=CARTESIAN_POINT('',(144.995651762953,10.0000001490116,153.014719614232));
#12104=CARTESIAN_POINT('',(145.245651762953,10.0000001490116,155.014719614232));
#12105=CARTESIAN_POINT('Origin',(139.991301290732,18.9350002264976,119.529719614232));
#12106=CARTESIAN_POINT('',(106.991301290732,18.9350002264976,153.014719614232));
#12107=CARTESIAN_POINT('',(139.991301290732,18.9350002264976,153.014719614232));
#12108=CARTESIAN_POINT('',(106.991301290732,18.9350002264976,85.0000011920929));
#12109=CARTESIAN_POINT('',(106.991301290732,18.9350002264976,93.0147196142322));
#12110=CARTESIAN_POINT('',(109.000001624227,18.9350002264977,85.0000011920929));
#12111=CARTESIAN_POINT('',(124.495651457479,18.9350002264976,85.0000011920929));
#12112=CARTESIAN_POINT('',(109.000001624227,18.9350002264977,35.3447196142321));
#12113=CARTESIAN_POINT('',(109.000001624227,18.9350002264976,76.7648594271365));
#12114=CARTESIAN_POINT('',(139.991301290732,18.9350002264977,35.3447196142321));
#12115=CARTESIAN_POINT('',(139.991301290732,18.9350002264976,35.3447196142321));
#12116=CARTESIAN_POINT('',(139.991301290732,18.9350002264977,53.6058000402896));
#12117=CARTESIAN_POINT('',(139.991301290732,18.9350002264976,86.5677598272609));
#12118=CARTESIAN_POINT('',(139.991301290732,18.9350002264977,71.4889951867612));
#12119=CARTESIAN_POINT('Origin',(141.014938354492,18.9350002264976,62.5473976135254));
#12120=CARTESIAN_POINT('',(139.991301290732,18.9350002264977,89.0000011622906));
#12121=CARTESIAN_POINT('',(139.991301290732,18.9350002264976,98.7648603882614));
#12122=CARTESIAN_POINT('',(142.000002115965,18.9350002264977,89.0000011622906));
#12123=CARTESIAN_POINT('',(140.995651703348,18.9350002264976,89.0000011622906));
#12124=CARTESIAN_POINT('',(142.000002115965,18.9350002264977,71.4933268210383));
#12125=CARTESIAN_POINT('',(142.000002115965,18.9350002264976,95.5115232176352));
#12126=CARTESIAN_POINT('',(142.000002115965,18.9350002264977,53.6014684060124));
#12127=CARTESIAN_POINT('Origin',(141.014938354492,18.9350002264976,62.5473976135254));
#12128=CARTESIAN_POINT('',(142.000002115965,18.9350002264977,35.3447196142321));
#12129=CARTESIAN_POINT('',(142.000002115965,18.9350002264976,75.2872196142321));
#12130=CARTESIAN_POINT('',(171.000002548099,18.9350002264977,35.3447196142321));
#12131=CARTESIAN_POINT('',(139.991301290732,18.9350002264976,35.3447196142321));
#12132=CARTESIAN_POINT('',(171.000002548099,18.9350002264977,85.0000012665987));
#12133=CARTESIAN_POINT('',(171.000002548099,18.9350002264976,102.264860440415));
#12134=CARTESIAN_POINT('',(172.991301290732,18.9350002264976,85.0000012665987));
#12135=CARTESIAN_POINT('',(157.495651949218,18.9350002264976,85.0000012665987));
#12136=CARTESIAN_POINT('',(172.991301290732,18.9350002264976,153.014719614232));
#12137=CARTESIAN_POINT('',(172.991301290732,18.9350002264976,93.0147196142322));
#12138=CARTESIAN_POINT('',(139.991301290732,18.9350002264976,153.014719614232));
#12139=CARTESIAN_POINT('',(119.000001773238,18.9350002264976,63.0000009387732));
#12140=CARTESIAN_POINT('',(128.000001907349,18.9350002264976,63.0000009387732));
#12141=CARTESIAN_POINT('',(129.495651531985,18.9350002264976,63.0000009387732));
#12142=CARTESIAN_POINT('',(128.000001907349,18.9350002264976,57.0000008493662));
#12143=CARTESIAN_POINT('',(128.000001907349,18.9350002264976,91.2648602765027));
#12144=CARTESIAN_POINT('',(119.000001773238,18.9350002264976,57.0000008493662));
#12145=CARTESIAN_POINT('',(133.99565159904,18.9350002264976,57.0000008493662));
#12146=CARTESIAN_POINT('',(119.000001773238,18.9350002264976,88.2648602317992));
#12147=CARTESIAN_POINT('',(154.000002294779,18.9350002264976,63.0000009387732));
#12148=CARTESIAN_POINT('',(163.000002428889,18.9350002264976,63.0000009387732));
#12149=CARTESIAN_POINT('',(146.995651792755,18.9350002264976,63.0000009387732));
#12150=CARTESIAN_POINT('',(163.000002428889,18.9350002264976,58.0000008642673));
#12151=CARTESIAN_POINT('',(163.000002428889,18.9350002264976,91.2648602765027));
#12152=CARTESIAN_POINT('',(154.000002294779,18.9350002264976,58.0000008642673));
#12153=CARTESIAN_POINT('',(151.495651859811,18.9350002264976,58.0000008642674));
#12154=CARTESIAN_POINT('',(154.000002294779,18.9350002264976,88.7648602392498));
#12155=CARTESIAN_POINT('Origin',(106.991301290732,3.93500022649765,93.0147196142322));
#12156=CARTESIAN_POINT('',(106.991301290732,-3.56499977350235,34.0147196142322));
#12157=CARTESIAN_POINT('',(106.991301290732,20.9350002264977,34.0147196142322));
#12158=CARTESIAN_POINT('',(106.991301290732,3.93500022649765,34.0147196142322));
#12159=CARTESIAN_POINT('',(106.991301290732,20.9350002264977,85.0000011920929));
#12160=CARTESIAN_POINT('',(106.991301290732,20.9350002264977,93.0147196142322));
#12161=CARTESIAN_POINT('',(106.991301290732,19.9350002264977,85.0000011920929));
#12162=CARTESIAN_POINT('',(106.991301290732,-3.56499977350235,153.014719614232));
#12163=CARTESIAN_POINT('',(106.991301290732,-3.16499977350235,153.014719614232));
#12164=CARTESIAN_POINT('',(106.991301290732,-3.56499977350235,34.0147196142322));
#12165=CARTESIAN_POINT('',(106.991301290732,-3.00000004470348,87.5000013038516));
#12166=CARTESIAN_POINT('',(106.991301290732,2.49999995529652,87.5000013038516));
#12167=CARTESIAN_POINT('',(106.991301290732,-0.250000044703483,87.5000013038516));
#12168=CARTESIAN_POINT('',(106.991301290732,2.49999995529652,80.0000013038516));
#12169=CARTESIAN_POINT('',(106.991301290732,2.49999995529652,83.7500013038516));
#12170=CARTESIAN_POINT('',(106.991301290732,-3.00000004470348,80.0000013038516));
#12171=CARTESIAN_POINT('',(106.991301290732,-0.250000044703483,80.0000013038516));
#12172=CARTESIAN_POINT('',(106.991301290732,-3.00000004470348,83.7500013038516));
#12173=CARTESIAN_POINT('Origin',(172.991301290732,3.93500022649765,93.0147196142322));
#12174=CARTESIAN_POINT('',(172.991301290732,-3.56499977350235,153.014719614232));
#12175=CARTESIAN_POINT('',(172.991301290732,16.4350002264976,153.014719614232));
#12176=CARTESIAN_POINT('',(172.991301290732,20.9350002264977,85.0000012665987));
#12177=CARTESIAN_POINT('',(172.991301290732,19.9350002264977,85.0000012665987));
#12178=CARTESIAN_POINT('',(172.991301290732,20.9350002264977,34.0147196142322));
#12179=CARTESIAN_POINT('',(172.991301290732,20.9350002264977,93.0147196142322));
#12180=CARTESIAN_POINT('',(172.991301290732,-3.56499977350235,34.0147196142322));
#12181=CARTESIAN_POINT('',(172.991301290732,3.93500022649765,34.0147196142322));
#12182=CARTESIAN_POINT('',(172.991301290732,-3.56499977350235,153.014719614232));
#12183=CARTESIAN_POINT('',(172.991301290732,2.49999995529652,87.5000013038516));
#12184=CARTESIAN_POINT('',(172.991301290732,-3.00000004470348,87.5000013038516));
#12185=CARTESIAN_POINT('',(172.991301290732,-0.250000044703483,87.5000013038516));
#12186=CARTESIAN_POINT('',(172.991301290732,-3.00000004470348,80.0000013038516));
#12187=CARTESIAN_POINT('',(172.991301290732,-3.00000004470348,83.7500013038516));
#12188=CARTESIAN_POINT('',(172.991301290732,2.49999995529652,80.0000013038516));
#12189=CARTESIAN_POINT('',(172.991301290732,-0.250000044703483,80.0000013038516));
#12190=CARTESIAN_POINT('',(172.991301290732,2.49999995529652,83.7500013038516));
#12191=CARTESIAN_POINT('Origin',(158.500002361834,9.59499999999991,60.5000009015203));
#12192=CARTESIAN_POINT('',(163.000002428889,9.59499999999991,63.0000009387732));
#12193=CARTESIAN_POINT('',(154.000002294779,9.59499999999991,63.0000009387732));
#12194=CARTESIAN_POINT('',(156.250002328306,9.59499999999991,63.0000009387732));
#12195=CARTESIAN_POINT('',(154.000002294779,9.59499999999991,58.0000008642673));
#12196=CARTESIAN_POINT('',(154.000002294779,9.59499999999991,59.2500008828938));
#12197=CARTESIAN_POINT('',(163.000002428889,9.59499999999991,58.0000008642673));
#12198=CARTESIAN_POINT('',(160.750002395362,9.59499999999991,58.0000008642673));
#12199=CARTESIAN_POINT('',(163.000002428889,9.59499999999991,61.7500009201467));
#12200=CARTESIAN_POINT('Origin',(123.500001840293,9.59499999999991,60.0000008940697));
#12201=CARTESIAN_POINT('',(128.000001907349,9.59499999999991,63.0000009387732));
#12202=CARTESIAN_POINT('',(119.000001773238,9.59499999999991,63.0000009387732));
#12203=CARTESIAN_POINT('',(121.250001806766,9.59499999999991,63.0000009387732));
#12204=CARTESIAN_POINT('',(119.000001773238,9.59499999999991,57.0000008493662));
#12205=CARTESIAN_POINT('',(119.000001773238,9.59499999999991,58.5000008717179));
#12206=CARTESIAN_POINT('',(128.000001907349,9.59499999999991,57.0000008493662));
#12207=CARTESIAN_POINT('',(125.750001873821,9.59499999999991,57.0000008493662));
#12208=CARTESIAN_POINT('',(128.000001907349,9.59499999999991,61.5000009164214));
#12209=CARTESIAN_POINT('Origin',(161.799939437025,-3.26499977350235,39.0147196142322));
#12210=CARTESIAN_POINT('',(160.799939437025,-3.16499977350235,39.0147196142322));
#12211=CARTESIAN_POINT('',(165.817939437025,-3.16499977350235,39.0147196142322));
#12212=CARTESIAN_POINT('',(161.799939437025,-3.16499977350235,39.0147196142322));
#12213=CARTESIAN_POINT('',(165.817939437025,1.83500022649765,39.0147196142322));
#12214=CARTESIAN_POINT('',(165.817939437025,-3.16499977350235,39.0147196142322));
#12215=CARTESIAN_POINT('',(160.799939437025,1.83500022649765,39.0147196142322));
#12216=CARTESIAN_POINT('',(161.799939437025,1.83500022649765,39.0147196142322));
#12217=CARTESIAN_POINT('',(160.799939437025,-3.16499977350235,39.0147196142322));
#12218=CARTESIAN_POINT('Origin',(114.99999742955,-3.26499977350235,39.4999991953373));
#12219=CARTESIAN_POINT('',(113.99999742955,-3.16499977350235,39.4999991953373));
#12220=CARTESIAN_POINT('',(118.999997362494,-3.16499977350235,39.4999991953373));
#12221=CARTESIAN_POINT('',(114.99999742955,-3.16499977350235,39.4999991953373));
#12222=CARTESIAN_POINT('',(118.999997362494,1.83500022649765,39.4999991953373));
#12223=CARTESIAN_POINT('',(118.999997362494,-2.26499977350235,39.4999991953373));
#12224=CARTESIAN_POINT('',(113.99999742955,1.83500022649765,39.4999991953373));
#12225=CARTESIAN_POINT('',(114.99999742955,1.83500022649765,39.4999991953373));
#12226=CARTESIAN_POINT('',(113.99999742955,-2.76499977350235,39.4999991953373));
#12227=CARTESIAN_POINT('Origin',(142.000002115965,20.9350002264977,89.0000011622906));
#12228=CARTESIAN_POINT('',(142.000002115965,20.9350002264977,89.0000011622906));
#12229=CARTESIAN_POINT('',(139.991301290732,20.9350002264977,89.0000011622906));
#12230=CARTESIAN_POINT('',(140.995651703348,20.9350002264977,89.0000011622906));
#12231=CARTESIAN_POINT('',(142.000002115965,20.9350002264977,89.0000011622906));
#12232=CARTESIAN_POINT('',(139.991301290732,20.9350002264977,89.0000011622906));
#12233=CARTESIAN_POINT('Origin',(139.991301290732,20.9350002264977,119.529719614232));
#12234=CARTESIAN_POINT('',(174.991301290732,20.9350002264977,155.014719614232));
#12235=CARTESIAN_POINT('',(174.991301290732,20.9350002264977,31.0147196142322));
#12236=CARTESIAN_POINT('',(174.991301290732,20.9350002264977,84.0447196142321));
#12237=CARTESIAN_POINT('',(104.991301290732,20.9350002264977,31.0147196142322));
#12238=CARTESIAN_POINT('',(139.991301290732,20.9350002264977,31.0147196142322));
#12239=CARTESIAN_POINT('',(104.991301290732,20.9350002264977,155.014719614232));
#12240=CARTESIAN_POINT('',(104.991301290732,20.9350002264977,119.529719614232));
#12241=CARTESIAN_POINT('',(139.991301290732,20.9350002264977,155.014719614232));
#12242=CARTESIAN_POINT('',(142.000002115965,20.9350002264977,71.4933268210383));
#12243=CARTESIAN_POINT('',(142.000002115965,20.9350002264977,95.5115232176352));
#12244=CARTESIAN_POINT('',(139.991301290732,20.9350002264977,71.4889951867612));
#12245=CARTESIAN_POINT('',(139.991301290732,20.9350002264977,98.7648603882614));
#12246=CARTESIAN_POINT('',(139.991301290732,20.9350002264977,53.6058000402896));
#12247=CARTESIAN_POINT('Origin',(141.014938354492,20.9350002264977,62.5473976135254));
#12248=CARTESIAN_POINT('',(139.991301290732,20.9350002264977,35.3447196142321));
#12249=CARTESIAN_POINT('',(139.991301290732,20.9350002264977,86.5677598272609));
#12250=CARTESIAN_POINT('',(109.000001624227,20.9350002264977,35.3447196142321));
#12251=CARTESIAN_POINT('',(139.991301290732,20.9350002264977,35.3447196142321));
#12252=CARTESIAN_POINT('',(109.000001624227,20.9350002264977,85.0000011920929));
#12253=CARTESIAN_POINT('',(109.000001624227,20.9350002264977,76.7648594271365));
#12254=CARTESIAN_POINT('',(124.495651457479,20.9350002264977,85.0000011920929));
#12255=CARTESIAN_POINT('',(139.991301290732,20.9350002264977,34.0147196142322));
#12256=CARTESIAN_POINT('',(171.000002548099,20.9350002264977,85.0000012665987));
#12257=CARTESIAN_POINT('',(157.495651949218,20.9350002264977,85.0000012665987));
#12258=CARTESIAN_POINT('',(171.000002548099,20.9350002264977,35.3447196142321));
#12259=CARTESIAN_POINT('',(171.000002548099,20.9350002264977,102.264860440415));
#12260=CARTESIAN_POINT('',(142.000002115965,20.9350002264977,35.3447196142321));
#12261=CARTESIAN_POINT('',(139.991301290732,20.9350002264977,35.3447196142321));
#12262=CARTESIAN_POINT('',(142.000002115965,20.9350002264977,53.6014684060124));
#12263=CARTESIAN_POINT('',(142.000002115965,20.9350002264977,75.2872196142321));
#12264=CARTESIAN_POINT('Origin',(141.014938354492,20.9350002264977,62.5473976135254));
#12265=CARTESIAN_POINT('Origin',(139.890684630514,-2.26499977350234,150.638492272621));
#12266=CARTESIAN_POINT('',(139.890684630514,-3.16499977350233,152.08849227262));
#12267=CARTESIAN_POINT('Origin',(139.890684630514,-3.16499977350234,150.638492272621));
#12268=CARTESIAN_POINT('',(139.890684630514,0.735000226497665,152.08849227262));
#12269=CARTESIAN_POINT('',(139.890684630514,-2.26499977350234,152.08849227262));
#12270=CARTESIAN_POINT('Origin',(139.890684630514,0.735000226497664,150.638492272621));
#12271=CARTESIAN_POINT('Origin',(139.890684630514,0.735000226497664,150.638492272621));
#12272=CARTESIAN_POINT('Origin',(116.519260406494,-2.26499977350236,36.8535280227661));
#12273=CARTESIAN_POINT('',(116.519260406494,-3.16499977350236,38.3035280227661));
#12274=CARTESIAN_POINT('Origin',(116.519260406494,-3.16499977350236,36.8535280227661));
#12275=CARTESIAN_POINT('',(116.519260406494,0.735000226497641,38.3035280227661));
#12276=CARTESIAN_POINT('',(116.519260406494,-2.26499977350236,38.3035280227661));
#12277=CARTESIAN_POINT('Origin',(116.519260406494,0.73500022649764,36.8535280227661));
#12278=CARTESIAN_POINT('Origin',(163.311747607368,-2.26499977350236,36.332553358623));
#12279=CARTESIAN_POINT('',(163.311747607368,-3.16499977350236,37.7825533586229));
#12280=CARTESIAN_POINT('Origin',(163.311747607368,-3.16499977350236,36.332553358623));
#12281=CARTESIAN_POINT('',(163.311747607368,0.735000226497641,37.7825533586229));
#12282=CARTESIAN_POINT('',(163.311747607368,-2.26499977350236,37.7825533586229));
#12283=CARTESIAN_POINT('Origin',(163.311747607368,0.73500022649764,36.332553358623));
#12284=CARTESIAN_POINT('Origin',(163.311747607368,0.73500022649764,36.332553358623));
#12285=CARTESIAN_POINT('Origin',(116.519260406494,0.73500022649764,36.8535280227661));
#12286=CARTESIAN_POINT('Origin',(175.000002607703,20.9350002264977,85.0000012665987));
#12287=CARTESIAN_POINT('',(171.000002548099,20.9350002264977,85.0000012665987));
#12288=CARTESIAN_POINT('Origin',(139.991301290732,19.9350002264977,35.3447196142321));
#12289=CARTESIAN_POINT('',(171.000002548099,20.4350002264977,35.3447196142321));
#12290=CARTESIAN_POINT('',(142.000002115965,20.4350002264977,35.3447196142321));
#12291=CARTESIAN_POINT('Origin',(139.991301290732,19.9350002264977,35.3447196142321));
#12292=CARTESIAN_POINT('',(109.000001624227,20.4350002264977,35.3447196142321));
#12293=CARTESIAN_POINT('',(139.991301290732,20.4350002264977,35.3447196142321));
#12294=CARTESIAN_POINT('Origin',(171.000002548099,20.9350002264977,85.0000012665987));
#12295=CARTESIAN_POINT('Origin',(109.000001624227,20.9350002264977,33.9999992400408));
#12296=CARTESIAN_POINT('',(109.000001624227,20.9350002264977,85.0000011920929));
#12297=CARTESIAN_POINT('Origin',(139.991301290732,-3.56499977350235,93.0147196142322));
#12298=CARTESIAN_POINT('',(104.991301290732,-3.56499977350235,155.014719614232));
#12299=CARTESIAN_POINT('',(104.991301290732,-3.56499977350235,31.0147196142322));
#12300=CARTESIAN_POINT('',(104.991301290732,-3.56499977350235,155.014719614232));
#12301=CARTESIAN_POINT('',(174.991301290732,-3.56499977350235,31.0147196142322));
#12302=CARTESIAN_POINT('',(104.991301290732,-3.56499977350235,31.0147196142322));
#12303=CARTESIAN_POINT('',(174.991301290732,-3.56499977350235,155.014719614232));
#12304=CARTESIAN_POINT('',(174.991301290732,-3.56499977350235,31.0147196142322));
#12305=CARTESIAN_POINT('',(174.991301290732,-3.56499977350235,155.014719614232));
#12306=CARTESIAN_POINT('',(142.615201178548,-3.56499977350235,153.014719614232));
#12307=CARTESIAN_POINT('',(113.99999742955,-3.56499977350235,34.0147196142322));
#12308=CARTESIAN_POINT('Origin',(139.991301290732,-3.16499977350235,93.0147196142322));
#12309=CARTESIAN_POINT('',(142.615201178548,-3.16499977350235,153.014719614232));
#12310=CARTESIAN_POINT('',(137.615201178548,-3.16499977350235,153.014719614232));
#12311=CARTESIAN_POINT('',(123.491301290732,-3.16499977350235,153.014719614232));
#12312=CARTESIAN_POINT('',(137.615201178548,-3.16499977350235,148.014719614232));
#12313=CARTESIAN_POINT('',(137.615201178548,-3.16499977350235,150.014719614232));
#12314=CARTESIAN_POINT('',(142.615201178548,-3.16499977350235,148.014719614232));
#12315=CARTESIAN_POINT('',(141.365201178548,-3.16499977350235,148.014719614232));
#12316=CARTESIAN_POINT('',(142.615201178548,-3.16499977350235,149.014719614232));
#12317=CARTESIAN_POINT('Origin',(139.991301290732,-3.16499977350235,93.0147196142322));
#12318=CARTESIAN_POINT('',(113.99999742955,-3.16499977350235,34.0147196142322));
#12319=CARTESIAN_POINT('',(118.999997362494,-3.16499977350235,34.0147196142322));
#12320=CARTESIAN_POINT('',(156.491301290732,-3.16499977350235,34.0147196142322));
#12321=CARTESIAN_POINT('',(118.999997362494,-3.16499977350235,38.4999991953373));
#12322=CARTESIAN_POINT('',(113.99999742955,-3.16499977350235,35.9999991953373));
#12323=CARTESIAN_POINT('Origin',(139.991301290732,1.83500022649765,93.0147196142322));
#12324=CARTESIAN_POINT('',(113.99999742955,1.83500022649765,34.0147196142322));
#12325=CARTESIAN_POINT('',(118.999997362494,1.83500022649765,34.0147196142322));
#12326=CARTESIAN_POINT('',(139.991301290732,1.83500022649765,34.0147196142322));
#12327=CARTESIAN_POINT('',(113.99999742955,1.83500022649765,35.9999991953373));
#12328=CARTESIAN_POINT('',(118.999997362494,1.83500022649765,38.4999991953373));
#12329=CARTESIAN_POINT('Origin',(139.991301290732,1.83500022649765,93.0147196142322));
#12330=CARTESIAN_POINT('',(142.615201178548,1.83500022649765,153.014719614232));
#12331=CARTESIAN_POINT('',(137.615201178548,1.83500022649765,153.014719614232));
#12332=CARTESIAN_POINT('',(139.991301290732,1.83500022649765,153.014719614232));
#12333=CARTESIAN_POINT('',(142.615201178548,1.83500022649765,148.014719614232));
#12334=CARTESIAN_POINT('',(142.615201178548,1.83500022649765,149.014719614232));
#12335=CARTESIAN_POINT('',(137.615201178548,1.83500022649765,148.014719614232));
#12336=CARTESIAN_POINT('',(141.365201178548,1.83500022649765,148.014719614232));
#12337=CARTESIAN_POINT('',(137.615201178548,1.83500022649765,150.014719614232));
#12338=CARTESIAN_POINT('Origin',(139.991301290732,1.83500022649765,93.0147196142322));
#12339=CARTESIAN_POINT('',(160.799939437025,1.83500022649765,34.0147196142322));
#12340=CARTESIAN_POINT('',(165.817939437025,1.83500022649765,34.0147196142322));
#12341=CARTESIAN_POINT('',(139.991301290732,1.83500022649765,34.0147196142322));
#12342=CARTESIAN_POINT('',(160.799939437025,1.83500022649765,36.0147196142322));
#12343=CARTESIAN_POINT('',(165.817939437025,1.83500022649765,38.5147196142322));
#12344=CARTESIAN_POINT('Origin',(139.991301290732,3.93500022649765,34.0147196142322));
#12345=CARTESIAN_POINT('',(160.799939437025,-3.16499977350235,34.0147196142322));
#12346=CARTESIAN_POINT('',(165.817939437025,-3.16499977350235,34.0147196142322));
#12347=CARTESIAN_POINT('',(156.491301290732,-3.16499977350235,34.0147196142322));
#12348=CARTESIAN_POINT('',(160.799939437025,0.385000226497652,34.0147196142322));
#12349=CARTESIAN_POINT('',(165.817939437025,0.385000226497652,34.0147196142322));
#12350=CARTESIAN_POINT('',(113.99999742955,0.835000226497652,34.0147196142322));
#12351=CARTESIAN_POINT('',(118.999997362494,0.835000226497652,34.0147196142322));
#12352=CARTESIAN_POINT('Origin',(139.991301290732,3.93500022649765,153.014719614232));
#12353=CARTESIAN_POINT('',(142.615201178548,0.335000226497651,153.014719614232));
#12354=CARTESIAN_POINT('',(137.615201178548,0.335000226497651,153.014719614232));
#12355=CARTESIAN_POINT('Origin',(139.991301290732,3.93500022649765,31.0147196142322));
#12356=CARTESIAN_POINT('',(104.991301290732,-3.16499977350235,31.0147196142322));
#12357=CARTESIAN_POINT('',(174.991301290732,-3.16499977350235,31.0147196142322));
#12358=CARTESIAN_POINT('Origin',(104.991301290732,3.93500022649765,93.0147196142322));
#12359=CARTESIAN_POINT('',(104.991301290732,-3.16499977350235,155.014719614232));
#12360=CARTESIAN_POINT('Origin',(140.491301290732,3.93500022649765,155.014719614232));
#12361=CARTESIAN_POINT('',(174.991301290732,16.4350002264976,155.014719614232));
#12362=CARTESIAN_POINT('Origin',(139.991301290732,-3.16499977350235,93.0147196142322));
#12363=CARTESIAN_POINT('',(165.817939437025,-3.16499977350235,38.5147196142322));
#12364=CARTESIAN_POINT('',(160.799939437025,-3.16499977350235,36.0147196142322));
#12365=CARTESIAN_POINT('Origin',(165.817939437025,-3.26499977350235,36.0147196142322));
#12366=CARTESIAN_POINT('Origin',(160.799939437025,-3.26499977350235,33.0147196142322));
#12367=CARTESIAN_POINT('Origin',(113.99999742955,-3.26499977350235,32.9999992623925));
#12368=CARTESIAN_POINT('Origin',(118.999997362494,-3.26499977350235,35.9999991953373));
#12369=CARTESIAN_POINT('Origin',(142.615201178548,-3.26499977350235,148.014719614232));
#12370=CARTESIAN_POINT('',(137.615201178548,-3.26499977350235,148.014719614232));
#12371=CARTESIAN_POINT('',(142.615201178548,-3.16499977350235,148.014719614232));
#12372=CARTESIAN_POINT('Origin',(109.000001624227,20.9350002264977,85.0000011920929));
#12373=CARTESIAN_POINT('Origin',(142.000002115965,20.9350002264977,31.0447196142321));
#12374=CARTESIAN_POINT('',(142.000002115965,19.7850002264977,53.6014684060124));
#12375=CARTESIAN_POINT('Origin',(139.991301290732,20.9350002264977,53.6058000402896));
#12376=CARTESIAN_POINT('',(139.991301290732,19.7850002264977,53.6058000402896));
#12377=CARTESIAN_POINT('Origin',(137.615201178548,-3.26499977350235,149.014719614232));
#12378=CARTESIAN_POINT('Origin',(142.615201178548,-3.26499977350235,153.014719614232));
#12379=CARTESIAN_POINT('Origin',(128.000001907349,8.09499999999991,63.0000009387732));
#12380=CARTESIAN_POINT('',(128.000001907349,8.09499999999991,57.0000008493662));
#12381=CARTESIAN_POINT('',(128.000001907349,8.09499999999991,63.0000009387732));
#12382=CARTESIAN_POINT('Origin',(128.000001907349,8.09499999999991,57.0000008493662));
#12383=CARTESIAN_POINT('',(119.000001773238,8.09499999999991,57.0000008493662));
#12384=CARTESIAN_POINT('Origin',(163.000002428889,8.09499999999991,63.0000009387732));
#12385=CARTESIAN_POINT('',(163.000002428889,8.09499999999991,58.0000008642673));
#12386=CARTESIAN_POINT('',(163.000002428889,8.09499999999991,63.0000009387732));
#12387=CARTESIAN_POINT('Origin',(163.000002428889,8.09499999999991,58.0000008642673));
#12388=CARTESIAN_POINT('',(154.000002294779,8.09499999999991,58.0000008642673));
#12389=CARTESIAN_POINT('Origin',(119.000001773238,8.09499999999991,57.0000008493662));
#12390=CARTESIAN_POINT('',(119.000001773238,8.09499999999991,63.0000009387732));
#12391=CARTESIAN_POINT('Origin',(119.000001773238,8.09499999999991,63.0000009387732));
#12392=CARTESIAN_POINT('Origin',(154.000002294779,8.09499999999991,58.0000008642673));
#12393=CARTESIAN_POINT('',(154.000002294779,8.09499999999991,63.0000009387732));
#12394=CARTESIAN_POINT('Origin',(154.000002294779,8.09499999999991,63.0000009387732));
#12395=CARTESIAN_POINT('Origin',(174.991301290732,3.93500022649765,93.0147196142322));
#12396=CARTESIAN_POINT('Origin',(142.000002115965,20.9350002264977,71.4933268210383));
#12397=CARTESIAN_POINT('',(142.000002115965,19.7850002264977,71.4933268210383));
#12398=CARTESIAN_POINT('Origin',(139.991301290732,20.9350002264977,78.0000011622906));
#12399=CARTESIAN_POINT('',(139.991301290732,19.7850002264977,71.4889951867612));
#12400=CARTESIAN_POINT('Origin',(141.014938354492,19.7850002264977,62.5473976135254));
#12401=CARTESIAN_POINT('Origin',(141.014938354492,19.7850002264977,62.5473976135254));
#12402=CARTESIAN_POINT('Origin',(170.241301290732,-1.00000004470348,83.7500013038516));
#12403=CARTESIAN_POINT('',(170.241301290732,-3.00000004470348,85.2000013038516));
#12404=CARTESIAN_POINT('Origin',(170.241301290732,-3.00000004470348,83.7500013038516));
#12405=CARTESIAN_POINT('',(170.241301290732,0.999999955296517,85.2000013038516));
#12406=CARTESIAN_POINT('',(170.241301290732,-1.00000004470348,85.2000013038516));
#12407=CARTESIAN_POINT('Origin',(170.241301290732,0.999999955296517,83.7500013038516));
#12408=CARTESIAN_POINT('Origin',(170.241301290732,0.999999955296517,83.7500013038516));
#12409=CARTESIAN_POINT('Origin',(167.491301290732,-0.250000044703483,83.7500013038516));
#12410=CARTESIAN_POINT('',(167.491301290732,2.49999995529652,87.5000013038516));
#12411=CARTESIAN_POINT('',(167.491301290732,2.49999995529652,80.0000013038516));
#12412=CARTESIAN_POINT('',(167.491301290732,2.49999995529652,83.7500013038516));
#12413=CARTESIAN_POINT('',(167.491301290732,-3.00000004470348,80.0000013038516));
#12414=CARTESIAN_POINT('',(167.491301290732,-0.250000044703483,80.0000013038516));
#12415=CARTESIAN_POINT('',(167.491301290732,-3.00000004470348,87.5000013038516));
#12416=CARTESIAN_POINT('',(167.491301290732,-3.00000004470348,83.7500013038516));
#12417=CARTESIAN_POINT('',(167.491301290732,-0.250000044703483,87.5000013038516));
#12418=CARTESIAN_POINT('Origin',(170.241301290732,-0.250000044703483,87.5000013038516));
#12419=CARTESIAN_POINT('',(170.241301290732,-3.00000004470348,87.5000013038516));
#12420=CARTESIAN_POINT('',(170.241301290732,2.49999995529652,87.5000013038516));
#12421=CARTESIAN_POINT('Origin',(170.241301290732,-3.00000004470348,83.7500013038516));
#12422=CARTESIAN_POINT('',(170.241301290732,-3.00000004470348,80.0000013038516));
#12423=CARTESIAN_POINT('Origin',(170.241301290732,-0.250000044703483,80.0000013038516));
#12424=CARTESIAN_POINT('',(170.241301290732,2.49999995529652,80.0000013038516));
#12425=CARTESIAN_POINT('Origin',(170.241301290732,2.49999995529652,83.7500013038516));
#12426=CARTESIAN_POINT('Origin',(109.741301290732,-1.00000004470348,83.7500013038516));
#12427=CARTESIAN_POINT('',(109.741301290732,-3.00000004470348,85.2000013038516));
#12428=CARTESIAN_POINT('Origin',(109.741301290732,-3.00000004470348,83.7500013038516));
#12429=CARTESIAN_POINT('',(109.741301290732,0.999999955296517,85.2000013038516));
#12430=CARTESIAN_POINT('',(109.741301290732,-1.00000004470348,85.2000013038516));
#12431=CARTESIAN_POINT('Origin',(109.741301290732,0.999999955296517,83.7500013038516));
#12432=CARTESIAN_POINT('Origin',(109.741301290732,0.999999955296517,83.7500013038516));
#12433=CARTESIAN_POINT('Origin',(112.491301290732,-0.250000044703483,83.7500013038516));
#12434=CARTESIAN_POINT('',(112.491301290732,2.49999995529652,80.0000013038516));
#12435=CARTESIAN_POINT('',(112.491301290732,2.49999995529652,87.5000013038516));
#12436=CARTESIAN_POINT('',(112.491301290732,2.49999995529652,83.7500013038516));
#12437=CARTESIAN_POINT('',(112.491301290732,-3.00000004470348,87.5000013038516));
#12438=CARTESIAN_POINT('',(112.491301290732,-0.250000044703483,87.5000013038516));
#12439=CARTESIAN_POINT('',(112.491301290732,-3.00000004470348,80.0000013038516));
#12440=CARTESIAN_POINT('',(112.491301290732,-3.00000004470348,83.7500013038516));
#12441=CARTESIAN_POINT('',(112.491301290732,-0.250000044703483,80.0000013038516));
#12442=CARTESIAN_POINT('Origin',(109.741301290732,-0.250000044703483,87.5000013038516));
#12443=CARTESIAN_POINT('',(109.741301290732,-3.00000004470348,87.5000013038516));
#12444=CARTESIAN_POINT('',(109.741301290732,2.49999995529652,87.5000013038516));
#12445=CARTESIAN_POINT('Origin',(109.741301290732,-3.00000004470348,83.7500013038516));
#12446=CARTESIAN_POINT('',(109.741301290732,-3.00000004470348,80.0000013038516));
#12447=CARTESIAN_POINT('Origin',(109.741301290732,-0.250000044703483,80.0000013038516));
#12448=CARTESIAN_POINT('',(109.741301290732,2.49999995529652,80.0000013038516));
#12449=CARTESIAN_POINT('Origin',(109.741301290732,2.49999995529652,83.7500013038516));
#12450=CARTESIAN_POINT('',(0.,0.,0.));
#12451=UNCERTAINTY_MEASURE_WITH_UNIT(LENGTH_MEASURE(0.01),#12471,
'DISTANCE_ACCURACY_VALUE',
'Maximum model space distance between geometric entities at asserted c
onnectivities');
#12452=UNCERTAINTY_MEASURE_WITH_UNIT(LENGTH_MEASURE(0.01),#12471,
'DISTANCE_ACCURACY_VALUE',
'Maximum model space distance between geometric entities at asserted c
onnectivities');
#12453=UNCERTAINTY_MEASURE_WITH_UNIT(LENGTH_MEASURE(0.01),#12471,
'DISTANCE_ACCURACY_VALUE',
'Maximum model space distance between geometric entities at asserted c
onnectivities');
#12454=UNCERTAINTY_MEASURE_WITH_UNIT(LENGTH_MEASURE(0.01),#12471,
'DISTANCE_ACCURACY_VALUE',
'Maximum model space distance between geometric entities at asserted c
onnectivities');
#12455=UNCERTAINTY_MEASURE_WITH_UNIT(LENGTH_MEASURE(0.01),#12471,
'DISTANCE_ACCURACY_VALUE',
'Maximum model space distance between geometric entities at asserted c
onnectivities');
#12456=UNCERTAINTY_MEASURE_WITH_UNIT(LENGTH_MEASURE(0.01),#12471,
'DISTANCE_ACCURACY_VALUE',
'Maximum model space distance between geometric entities at asserted c
onnectivities');
#12457=UNCERTAINTY_MEASURE_WITH_UNIT(LENGTH_MEASURE(0.01),#12471,
'DISTANCE_ACCURACY_VALUE',
'Maximum model space distance between geometric entities at asserted c
onnectivities');
#12458=UNCERTAINTY_MEASURE_WITH_UNIT(LENGTH_MEASURE(0.01),#12471,
'DISTANCE_ACCURACY_VALUE',
'Maximum model space distance between geometric entities at asserted c
onnectivities');
#12459=UNCERTAINTY_MEASURE_WITH_UNIT(LENGTH_MEASURE(0.01),#12471,
'DISTANCE_ACCURACY_VALUE',
'Maximum model space distance between geometric entities at asserted c
onnectivities');
#12460=UNCERTAINTY_MEASURE_WITH_UNIT(LENGTH_MEASURE(0.01),#12471,
'DISTANCE_ACCURACY_VALUE',
'Maximum model space distance between geometric entities at asserted c
onnectivities');
#12461=(
GEOMETRIC_REPRESENTATION_CONTEXT(3)
GLOBAL_UNCERTAINTY_ASSIGNED_CONTEXT((#12451))
GLOBAL_UNIT_ASSIGNED_CONTEXT((#12471,#12473,#12474))
REPRESENTATION_CONTEXT('','3D')
);
#12462=(
GEOMETRIC_REPRESENTATION_CONTEXT(3)
GLOBAL_UNCERTAINTY_ASSIGNED_CONTEXT((#12452))
GLOBAL_UNIT_ASSIGNED_CONTEXT((#12471,#12473,#12474))
REPRESENTATION_CONTEXT('','3D')
);
#12463=(
GEOMETRIC_REPRESENTATION_CONTEXT(3)
GLOBAL_UNCERTAINTY_ASSIGNED_CONTEXT((#12453))
GLOBAL_UNIT_ASSIGNED_CONTEXT((#12471,#12473,#12474))
REPRESENTATION_CONTEXT('','3D')
);
#12464=(
GEOMETRIC_REPRESENTATION_CONTEXT(3)
GLOBAL_UNCERTAINTY_ASSIGNED_CONTEXT((#12454))
GLOBAL_UNIT_ASSIGNED_CONTEXT((#12471,#12473,#12474))
REPRESENTATION_CONTEXT('','3D')
);
#12465=(
GEOMETRIC_REPRESENTATION_CONTEXT(3)
GLOBAL_UNCERTAINTY_ASSIGNED_CONTEXT((#12455))
GLOBAL_UNIT_ASSIGNED_CONTEXT((#12471,#12473,#12474))
REPRESENTATION_CONTEXT('','3D')
);
#12466=(
GEOMETRIC_REPRESENTATION_CONTEXT(3)
GLOBAL_UNCERTAINTY_ASSIGNED_CONTEXT((#12456))
GLOBAL_UNIT_ASSIGNED_CONTEXT((#12471,#12473,#12474))
REPRESENTATION_CONTEXT('','3D')
);
#12467=(
GEOMETRIC_REPRESENTATION_CONTEXT(3)
GLOBAL_UNCERTAINTY_ASSIGNED_CONTEXT((#12457))
GLOBAL_UNIT_ASSIGNED_CONTEXT((#12471,#12473,#12474))
REPRESENTATION_CONTEXT('','3D')
);
#12468=(
GEOMETRIC_REPRESENTATION_CONTEXT(3)
GLOBAL_UNCERTAINTY_ASSIGNED_CONTEXT((#12458))
GLOBAL_UNIT_ASSIGNED_CONTEXT((#12471,#12473,#12474))
REPRESENTATION_CONTEXT('','3D')
);
#12469=(
GEOMETRIC_REPRESENTATION_CONTEXT(3)
GLOBAL_UNCERTAINTY_ASSIGNED_CONTEXT((#12459))
GLOBAL_UNIT_ASSIGNED_CONTEXT((#12471,#12473,#12474))
REPRESENTATION_CONTEXT('','3D')
);
#12470=(
GEOMETRIC_REPRESENTATION_CONTEXT(3)
GLOBAL_UNCERTAINTY_ASSIGNED_CONTEXT((#12460))
GLOBAL_UNIT_ASSIGNED_CONTEXT((#12471,#12473,#12474))
REPRESENTATION_CONTEXT('','3D')
);
#12471=(
LENGTH_UNIT()
NAMED_UNIT(*)
SI_UNIT(.MILLI.,.METRE.)
);
#12472=(
LENGTH_UNIT()
NAMED_UNIT(*)
SI_UNIT($,.METRE.)
);
#12473=(
NAMED_UNIT(*)
PLANE_ANGLE_UNIT()
SI_UNIT($,.RADIAN.)
);
#12474=(
NAMED_UNIT(*)
SI_UNIT($,.STERADIAN.)
SOLID_ANGLE_UNIT()
);
#12475=SHAPE_DEFINITION_REPRESENTATION(#12484,#12510);
#12476=SHAPE_DEFINITION_REPRESENTATION(#12485,#12511);
#12477=SHAPE_DEFINITION_REPRESENTATION(#12486,#12512);
#12478=SHAPE_DEFINITION_REPRESENTATION(#12487,#12513);
#12479=SHAPE_DEFINITION_REPRESENTATION(#12489,#12514);
#12480=SHAPE_DEFINITION_REPRESENTATION(#12490,#12515);
#12481=SHAPE_DEFINITION_REPRESENTATION(#12491,#12516);
#12482=SHAPE_DEFINITION_REPRESENTATION(#12493,#12517);
#12483=SHAPE_DEFINITION_REPRESENTATION(#12494,#12518);
#12484=PRODUCT_DEFINITION_SHAPE('',$,#12520);
#12485=PRODUCT_DEFINITION_SHAPE('',$,#12521);
#12486=PRODUCT_DEFINITION_SHAPE('',$,#12522);
#12487=PRODUCT_DEFINITION_SHAPE('',$,#12523);
#12488=PRODUCT_DEFINITION_SHAPE($,$,#124);
#12489=PRODUCT_DEFINITION_SHAPE('',$,#12524);
#12490=PRODUCT_DEFINITION_SHAPE('',$,#12525);
#12491=PRODUCT_DEFINITION_SHAPE('',$,#12526);
#12492=PRODUCT_DEFINITION_SHAPE($,$,#125);
#12493=PRODUCT_DEFINITION_SHAPE('',$,#12527);
#12494=PRODUCT_DEFINITION_SHAPE('',$,#12528);
#12495=PRODUCT_DEFINITION_SHAPE($,$,#126);
#12496=PRODUCT_DEFINITION_SHAPE($,$,#127);
#12497=PRODUCT_DEFINITION_SHAPE($,$,#128);
#12498=PRODUCT_DEFINITION_SHAPE($,$,#129);
#12499=PRODUCT_DEFINITION_SHAPE($,$,#130);
#12500=PRODUCT_DEFINITION_SHAPE($,$,#131);
#12501=PRODUCT_DEFINITION_SHAPE($,$,#132);
#12502=PRODUCT_DEFINITION_SHAPE($,$,#133);
#12503=PRODUCT_DEFINITION_SHAPE($,$,#134);
#12504=PRODUCT_DEFINITION_SHAPE($,$,#135);
#12505=PRODUCT_DEFINITION_SHAPE($,$,#136);
#12506=PRODUCT_DEFINITION_SHAPE($,$,#137);
#12507=PRODUCT_DEFINITION_SHAPE($,$,#138);
#12508=PRODUCT_DEFINITION_SHAPE($,$,#139);
#12509=PRODUCT_DEFINITION_SHAPE($,$,#140);
#12510=SHAPE_REPRESENTATION('',(#7502,#8175),#12461);
#12511=SHAPE_REPRESENTATION('',(#7503,#7890,#7891,#7892,#7893,#7894,#7895,
#7896,#7897,#7898,#7899,#7900,#7901,#7902),#12462);
#12512=SHAPE_REPRESENTATION('',(#7504,#7600),#12463);
#12513=SHAPE_REPRESENTATION('',(#7505),#12464);
#12514=SHAPE_REPRESENTATION('',(#7601),#12465);
#12515=SHAPE_REPRESENTATION('',(#7790,#7834),#12466);
#12516=SHAPE_REPRESENTATION('',(#7791),#12467);
#12517=SHAPE_REPRESENTATION('',(#7835,#7889),#12468);
#12518=SHAPE_REPRESENTATION('',(#7836),#12469);
#12519=PRODUCT_DEFINITION_CONTEXT('part definition',#12548,'design');
#12520=PRODUCT_DEFINITION('2026-08-25-12-29-31-188','Mouse Shell',#12529,
#12519);
#12521=PRODUCT_DEFINITION('2026-08-25-22-44-05-170','DIY_Mouse',#12530,
#12519);
#12522=PRODUCT_DEFINITION('2026-08-25-22-44-05-175','SOT-23 (1)',#12531,
#12519);
#12523=PRODUCT_DEFINITION('2026-08-25-22-44-05-176','SOT-23',#12532,#12519);
#12524=PRODUCT_DEFINITION('2026-08-25-22-44-05-177','DIY_Mouse_PCB',#12533,
#12519);
#12525=PRODUCT_DEFINITION('2026-08-25-22-44-05-171',
'R_0805_2012Metric (1)',#12534,#12519);
#12526=PRODUCT_DEFINITION('2026-08-25-22-44-05-172','R_0805_2012Metric',
#12535,#12519);
#12527=PRODUCT_DEFINITION('2026-08-25-22-44-05-173',
'C_0805_2012Metric (1)',#12536,#12519);
#12528=PRODUCT_DEFINITION('2026-08-25-22-44-05-174','C_0805_2012Metric',
#12537,#12519);
#12529=PRODUCT_DEFINITION_FORMATION('',$,#12550);
#12530=PRODUCT_DEFINITION_FORMATION('',$,#12551);
#12531=PRODUCT_DEFINITION_FORMATION('',$,#12552);
#12532=PRODUCT_DEFINITION_FORMATION('',$,#12553);
#12533=PRODUCT_DEFINITION_FORMATION('',$,#12554);
#12534=PRODUCT_DEFINITION_FORMATION('',$,#12555);
#12535=PRODUCT_DEFINITION_FORMATION('',$,#12556);
#12536=PRODUCT_DEFINITION_FORMATION('',$,#12557);
#12537=PRODUCT_DEFINITION_FORMATION('',$,#12558);
#12538=PRODUCT_RELATED_PRODUCT_CATEGORY('Mouse Shell','Mouse Shell',(#12550));
#12539=PRODUCT_RELATED_PRODUCT_CATEGORY('DIY_Mouse','DIY_Mouse',(#12551));
#12540=PRODUCT_RELATED_PRODUCT_CATEGORY('SOT-23 (1)','SOT-23 (1)',(#12552));
#12541=PRODUCT_RELATED_PRODUCT_CATEGORY('SOT-23','SOT-23',(#12553));
#12542=PRODUCT_RELATED_PRODUCT_CATEGORY('DIY_Mouse_PCB','DIY_Mouse_PCB',
(#12554));
#12543=PRODUCT_RELATED_PRODUCT_CATEGORY('R_0805_2012Metric (1)',
'R_0805_2012Metric (1)',(#12555));
#12544=PRODUCT_RELATED_PRODUCT_CATEGORY('R_0805_2012Metric',
'R_0805_2012Metric',(#12556));
#12545=PRODUCT_RELATED_PRODUCT_CATEGORY('C_0805_2012Metric (1)',
'C_0805_2012Metric (1)',(#12557));
#12546=PRODUCT_RELATED_PRODUCT_CATEGORY('C_0805_2012Metric',
'C_0805_2012Metric',(#12558));
#12547=APPLICATION_PROTOCOL_DEFINITION('international standard',
'automotive_design',2009,#12548);
#12548=APPLICATION_CONTEXT(
'Core Data for Automotive Mechanical Design Process');
#12549=PRODUCT_CONTEXT('part definition',#12548,'mechanical');
#12550=PRODUCT('2026-08-25-12-29-31-188','Mouse Shell',$,(#12549));
#12551=PRODUCT('2026-08-25-22-44-05-170','DIY_Mouse',
'KiCad electronic assembly',(#12549));
#12552=PRODUCT('2026-08-25-22-44-05-175','SOT-23 (1)',$,(#12549));
#12553=PRODUCT('2026-08-25-22-44-05-176','SOT-23',$,(#12549));
#12554=PRODUCT('2026-08-25-22-44-05-177','DIY_Mouse_PCB',$,(#12549));
#12555=PRODUCT('2026-08-25-22-44-05-171','R_0805_2012Metric (1)',$,(#12549));
#12556=PRODUCT('2026-08-25-22-44-05-172','R_0805_2012Metric',$,(#12549));
#12557=PRODUCT('2026-08-25-22-44-05-173','C_0805_2012Metric (1)',$,(#12549));
#12558=PRODUCT('2026-08-25-22-44-05-174','C_0805_2012Metric',$,(#12549));
#12559=PRESENTATION_STYLE_ASSIGNMENT((#12569));
#12560=PRESENTATION_STYLE_ASSIGNMENT((#12570));
#12561=PRESENTATION_STYLE_ASSIGNMENT((#12571));
#12562=PRESENTATION_STYLE_ASSIGNMENT((#12572));
#12563=PRESENTATION_STYLE_ASSIGNMENT((#12573));
#12564=PRESENTATION_STYLE_ASSIGNMENT((#12574));
#12565=PRESENTATION_STYLE_ASSIGNMENT((#12575));
#12566=PRESENTATION_STYLE_ASSIGNMENT((#12576));
#12567=PRESENTATION_STYLE_ASSIGNMENT((#12577));
#12568=PRESENTATION_STYLE_ASSIGNMENT((#12578));
#12569=SURFACE_STYLE_USAGE(.BOTH.,#12579);
#12570=SURFACE_STYLE_USAGE(.BOTH.,#12580);
#12571=SURFACE_STYLE_USAGE(.BOTH.,#12581);
#12572=SURFACE_STYLE_USAGE(.BOTH.,#12582);
#12573=SURFACE_STYLE_USAGE(.BOTH.,#12583);
#12574=SURFACE_STYLE_USAGE(.BOTH.,#12584);
#12575=SURFACE_STYLE_USAGE(.BOTH.,#12585);
#12576=SURFACE_STYLE_USAGE(.BOTH.,#12586);
#12577=SURFACE_STYLE_USAGE(.BOTH.,#12587);
#12578=SURFACE_STYLE_USAGE(.BOTH.,#12588);
#12579=SURFACE_SIDE_STYLE('',(#12589));
#12580=SURFACE_SIDE_STYLE('',(#12590));
#12581=SURFACE_SIDE_STYLE('',(#12591));
#12582=SURFACE_SIDE_STYLE('',(#12592));
#12583=SURFACE_SIDE_STYLE('',(#12593));
#12584=SURFACE_SIDE_STYLE('',(#12594));
#12585=SURFACE_SIDE_STYLE('',(#12595));
#12586=SURFACE_SIDE_STYLE('',(#12596));
#12587=SURFACE_SIDE_STYLE('',(#12597));
#12588=SURFACE_SIDE_STYLE('',(#12598));
#12589=SURFACE_STYLE_FILL_AREA(#12599);
#12590=SURFACE_STYLE_FILL_AREA(#12600);
#12591=SURFACE_STYLE_FILL_AREA(#12601);
#12592=SURFACE_STYLE_FILL_AREA(#12602);
#12593=SURFACE_STYLE_FILL_AREA(#12603);
#12594=SURFACE_STYLE_FILL_AREA(#12604);
#12595=SURFACE_STYLE_FILL_AREA(#12605);
#12596=SURFACE_STYLE_FILL_AREA(#12606);
#12597=SURFACE_STYLE_FILL_AREA(#12607);
#12598=SURFACE_STYLE_FILL_AREA(#12608);
#12599=FILL_AREA_STYLE('ABS (White)',(#12609));
#12600=FILL_AREA_STYLE('Opaque(191,191,191)',(#12610));
#12601=FILL_AREA_STYLE('Steel - Satin',(#12611));
#12602=FILL_AREA_STYLE('Opaque(38,37,37)',(#12612));
#12603=FILL_AREA_STYLE('Opaque(210,209,199)',(#12613));
#12604=FILL_AREA_STYLE('Opaque(176,169,152)',(#12614));
#12605=FILL_AREA_STYLE('Opaque(80,124,105)',(#12615));
#12606=FILL_AREA_STYLE('Opaque(228,227,207)',(#12616));
#12607=FILL_AREA_STYLE('Opaque(21,22,24)',(#12617));
#12608=FILL_AREA_STYLE('Opaque(97,69,55)',(#12618));
#12609=FILL_AREA_STYLE_COLOUR('ABS (White)',#12619);
#12610=FILL_AREA_STYLE_COLOUR('Opaque(191,191,191)',#12620);
#12611=FILL_AREA_STYLE_COLOUR('Steel - Satin',#12621);
#12612=FILL_AREA_STYLE_COLOUR('Opaque(38,37,37)',#12622);
#12613=FILL_AREA_STYLE_COLOUR('Opaque(210,209,199)',#12623);
#12614=FILL_AREA_STYLE_COLOUR('Opaque(176,169,152)',#12624);
#12615=FILL_AREA_STYLE_COLOUR('Opaque(80,124,105)',#12625);
#12616=FILL_AREA_STYLE_COLOUR('Opaque(228,227,207)',#12626);
#12617=FILL_AREA_STYLE_COLOUR('Opaque(21,22,24)',#12627);
#12618=FILL_AREA_STYLE_COLOUR('Opaque(97,69,55)',#12628);
#12619=COLOUR_RGB('ABS (White)',0.964705882352941,0.964705882352941,0.952941176470588);
#12620=COLOUR_RGB('Opaque(191,191,191)',0.749019607843137,0.749019607843137,
0.749019607843137);
#12621=COLOUR_RGB('Steel - Satin',0.627450980392157,0.627450980392157,0.627450980392157);
#12622=COLOUR_RGB('Opaque(38,37,37)',0.149019607843137,0.145098039215686,
0.145098039215686);
#12623=COLOUR_RGB('Opaque(210,209,199)',0.823529411764706,0.819607843137255,
0.780392156862745);
#12624=COLOUR_RGB('Opaque(176,169,152)',0.690196078431373,0.662745098039216,
0.596078431372549);
#12625=COLOUR_RGB('Opaque(80,124,105)',0.313725490196078,0.486274509803922,
0.411764705882353);
#12626=COLOUR_RGB('Opaque(228,227,207)',0.894117647058824,0.890196078431372,
0.811764705882353);
#12627=COLOUR_RGB('Opaque(21,22,24)',0.0823529411764706,0.0862745098039216,
0.0941176470588235);
#12628=COLOUR_RGB('Opaque(97,69,55)',0.380392156862745,0.270588235294118,
0.215686274509804);
ENDSEC;
END-ISO-10303-21;
