ISO-10303-21;
HEADER;
/* Generated by software containing ST-Developer
 * from STEP Tools, Inc. (www.steptools.com) 
 */

FILE_DESCRIPTION(
/* description */ (''),
/* implementation_level */ '2;1');

FILE_NAME(
/* name */ 'Mouse Shell.step',
/* time_stamp */ '2026-08-26T17:29:03+01:00',
/* author */ (''),
/* organization */ (''),
/* preprocessor_version */ 'ST-DEVELOPER v20.1',
/* originating_system */ 'Autodesk Translation Framework v15.8.0.0',
/* authorisation */ '');

FILE_SCHEMA (('AUTOMOTIVE_DESIGN { 1 0 10303 214 3 1 1 }'));
ENDSEC;

DATA;
#10=MECHANICAL_DESIGN_GEOMETRIC_PRESENTATION_REPRESENTATION('',(#5360,#5361,
#5362,#5363,#5364,#5365,#5366,#5367,#5368,#5369,#5370,#5371,#5372,#5373,
#5374,#5375,#5376,#5377,#5378,#5379,#5380,#5381,#5382,#5383,#5384,#5385,
#5386,#5387,#5388,#5389,#5390,#5391,#5392,#5393,#5394,#5395,#5396,#5397,
#5398,#5399,#5400,#5401,#5402,#5403,#5404,#5405,#5406,#5407,#5408,#5409,
#5410,#5411,#5412,#5413,#5414,#5415,#5416,#5417,#5418,#5419,#5420,#5421,
#5422,#5423,#5424,#5425,#5426,#5427,#5428,#5429,#5430,#5431,#5432,#5433,
#5434,#5435,#5436,#5437,#5438,#5439,#5440,#5441,#5442,#5443,#5444,#5445,
#5446,#5447,#5448,#5449,#5450,#5451,#5452,#5453,#5454,#5455,#5456,#5457,
#5458,#5459,#5460,#5461,#5462,#5463,#5464,#5465,#5466,#5467,#5468,#5469,
#5470,#5471,#5472,#5473,#5474,#5475,#5476,#5477,#5478,#5479,#5480,#5481,
#5482,#5483,#5484,#5485,#5486,#5487,#5488,#5489),#9636);
#11=ITEM_DEFINED_TRANSFORMATION($,$,#5845,#5940);
#12=ITEM_DEFINED_TRANSFORMATION($,$,#6131,#6174);
#13=ITEM_DEFINED_TRANSFORMATION($,$,#6176,#6229);
#14=ITEM_DEFINED_TRANSFORMATION($,$,#6130,#6230);
#15=ITEM_DEFINED_TRANSFORMATION($,$,#6175,#6231);
#16=ITEM_DEFINED_TRANSFORMATION($,$,#5844,#6232);
#17=ITEM_DEFINED_TRANSFORMATION($,$,#5941,#6233);
#18=ITEM_DEFINED_TRANSFORMATION($,$,#6175,#6234);
#19=ITEM_DEFINED_TRANSFORMATION($,$,#6175,#6235);
#20=ITEM_DEFINED_TRANSFORMATION($,$,#6130,#6236);
#21=ITEM_DEFINED_TRANSFORMATION($,$,#6175,#6237);
#22=ITEM_DEFINED_TRANSFORMATION($,$,#6175,#6238);
#23=ITEM_DEFINED_TRANSFORMATION($,$,#6175,#6239);
#24=ITEM_DEFINED_TRANSFORMATION($,$,#6175,#6240);
#25=ITEM_DEFINED_TRANSFORMATION($,$,#6175,#6241);
#26=ITEM_DEFINED_TRANSFORMATION($,$,#6175,#6242);
#27=ITEM_DEFINED_TRANSFORMATION($,$,#5843,#6394);
#28=(
REPRESENTATION_RELATIONSHIP($,$,#9679,#9678)
REPRESENTATION_RELATIONSHIP_WITH_TRANSFORMATION(#11)
SHAPE_REPRESENTATION_RELATIONSHIP()
);
#29=(
REPRESENTATION_RELATIONSHIP($,$,#9682,#9681)
REPRESENTATION_RELATIONSHIP_WITH_TRANSFORMATION(#12)
SHAPE_REPRESENTATION_RELATIONSHIP()
);
#30=(
REPRESENTATION_RELATIONSHIP($,$,#9684,#9683)
REPRESENTATION_RELATIONSHIP_WITH_TRANSFORMATION(#13)
SHAPE_REPRESENTATION_RELATIONSHIP()
);
#31=(
REPRESENTATION_RELATIONSHIP($,$,#9681,#9677)
REPRESENTATION_RELATIONSHIP_WITH_TRANSFORMATION(#14)
SHAPE_REPRESENTATION_RELATIONSHIP()
);
#32=(
REPRESENTATION_RELATIONSHIP($,$,#9683,#9677)
REPRESENTATION_RELATIONSHIP_WITH_TRANSFORMATION(#15)
SHAPE_REPRESENTATION_RELATIONSHIP()
);
#33=(
REPRESENTATION_RELATIONSHIP($,$,#9678,#9677)
REPRESENTATION_RELATIONSHIP_WITH_TRANSFORMATION(#16)
SHAPE_REPRESENTATION_RELATIONSHIP()
);
#34=(
REPRESENTATION_RELATIONSHIP($,$,#9680,#9677)
REPRESENTATION_RELATIONSHIP_WITH_TRANSFORMATION(#17)
SHAPE_REPRESENTATION_RELATIONSHIP()
);
#35=(
REPRESENTATION_RELATIONSHIP($,$,#9683,#9677)
REPRESENTATION_RELATIONSHIP_WITH_TRANSFORMATION(#18)
SHAPE_REPRESENTATION_RELATIONSHIP()
);
#36=(
REPRESENTATION_RELATIONSHIP($,$,#9683,#9677)
REPRESENTATION_RELATIONSHIP_WITH_TRANSFORMATION(#19)
SHAPE_REPRESENTATION_RELATIONSHIP()
);
#37=(
REPRESENTATION_RELATIONSHIP($,$,#9681,#9677)
REPRESENTATION_RELATIONSHIP_WITH_TRANSFORMATION(#20)
SHAPE_REPRESENTATION_RELATIONSHIP()
);
#38=(
REPRESENTATION_RELATIONSHIP($,$,#9683,#9677)
REPRESENTATION_RELATIONSHIP_WITH_TRANSFORMATION(#21)
SHAPE_REPRESENTATION_RELATIONSHIP()
);
#39=(
REPRESENTATION_RELATIONSHIP($,$,#9683,#9677)
REPRESENTATION_RELATIONSHIP_WITH_TRANSFORMATION(#22)
SHAPE_REPRESENTATION_RELATIONSHIP()
);
#40=(
REPRESENTATION_RELATIONSHIP($,$,#9683,#9677)
REPRESENTATION_RELATIONSHIP_WITH_TRANSFORMATION(#23)
SHAPE_REPRESENTATION_RELATIONSHIP()
);
#41=(
REPRESENTATION_RELATIONSHIP($,$,#9683,#9677)
REPRESENTATION_RELATIONSHIP_WITH_TRANSFORMATION(#24)
SHAPE_REPRESENTATION_RELATIONSHIP()
);
#42=(
REPRESENTATION_RELATIONSHIP($,$,#9683,#9677)
REPRESENTATION_RELATIONSHIP_WITH_TRANSFORMATION(#25)
SHAPE_REPRESENTATION_RELATIONSHIP()
);
#43=(
REPRESENTATION_RELATIONSHIP($,$,#9683,#9677)
REPRESENTATION_RELATIONSHIP_WITH_TRANSFORMATION(#26)
SHAPE_REPRESENTATION_RELATIONSHIP()
);
#44=(
REPRESENTATION_RELATIONSHIP($,$,#9677,#9676)
REPRESENTATION_RELATIONSHIP_WITH_TRANSFORMATION(#27)
SHAPE_REPRESENTATION_RELATIONSHIP()
);
#45=CONTEXT_DEPENDENT_SHAPE_REPRESENTATION(#28,#9654);
#46=CONTEXT_DEPENDENT_SHAPE_REPRESENTATION(#29,#9658);
#47=CONTEXT_DEPENDENT_SHAPE_REPRESENTATION(#30,#9661);
#48=CONTEXT_DEPENDENT_SHAPE_REPRESENTATION(#31,#9662);
#49=CONTEXT_DEPENDENT_SHAPE_REPRESENTATION(#32,#9663);
#50=CONTEXT_DEPENDENT_SHAPE_REPRESENTATION(#33,#9664);
#51=CONTEXT_DEPENDENT_SHAPE_REPRESENTATION(#34,#9665);
#52=CONTEXT_DEPENDENT_SHAPE_REPRESENTATION(#35,#9666);
#53=CONTEXT_DEPENDENT_SHAPE_REPRESENTATION(#36,#9667);
#54=CONTEXT_DEPENDENT_SHAPE_REPRESENTATION(#37,#9668);
#55=CONTEXT_DEPENDENT_SHAPE_REPRESENTATION(#38,#9669);
#56=CONTEXT_DEPENDENT_SHAPE_REPRESENTATION(#39,#9670);
#57=CONTEXT_DEPENDENT_SHAPE_REPRESENTATION(#40,#9671);
#58=CONTEXT_DEPENDENT_SHAPE_REPRESENTATION(#41,#9672);
#59=CONTEXT_DEPENDENT_SHAPE_REPRESENTATION(#42,#9673);
#60=CONTEXT_DEPENDENT_SHAPE_REPRESENTATION(#43,#9674);
#61=CONTEXT_DEPENDENT_SHAPE_REPRESENTATION(#44,#9675);
#62=NEXT_ASSEMBLY_USAGE_OCCURRENCE('SOT-23:1','SOT-23:1','SOT-23:1',#9688,
#9689,'SOT-23:1');
#63=NEXT_ASSEMBLY_USAGE_OCCURRENCE('R_0805_2012Metric:1',
'R_0805_2012Metric:1','R_0805_2012Metric:1',#9691,#9692,
'R_0805_2012Metric:1');
#64=NEXT_ASSEMBLY_USAGE_OCCURRENCE('C_0805_2012Metric:1',
'C_0805_2012Metric:1','C_0805_2012Metric:1',#9693,#9694,
'C_0805_2012Metric:1');
#65=NEXT_ASSEMBLY_USAGE_OCCURRENCE('R_0805_2012Metric (1):1',
'R_0805_2012Metric (1):1','R_0805_2012Metric (1):1',#9687,#9691,
'R_0805_2012Metric (1):1');
#66=NEXT_ASSEMBLY_USAGE_OCCURRENCE('C_0805_2012Metric (1):1',
'C_0805_2012Metric (1):1','C_0805_2012Metric (1):1',#9687,#9693,
'C_0805_2012Metric (1):1');
#67=NEXT_ASSEMBLY_USAGE_OCCURRENCE('SOT-23 (1):1','SOT-23 (1):1',
'SOT-23 (1):1',#9687,#9688,'SOT-23 (1):1');
#68=NEXT_ASSEMBLY_USAGE_OCCURRENCE('DIY_Mouse_PCB:1','DIY_Mouse_PCB:1',
'DIY_Mouse_PCB:1',#9687,#9690,'DIY_Mouse_PCB:1');
#69=NEXT_ASSEMBLY_USAGE_OCCURRENCE('C_0805_2012Metric (1):2',
'C_0805_2012Metric (1):2','C_0805_2012Metric (1):2',#9687,#9693,
'C_0805_2012Metric (1):2');
#70=NEXT_ASSEMBLY_USAGE_OCCURRENCE('C_0805_2012Metric (1):3',
'C_0805_2012Metric (1):3','C_0805_2012Metric (1):3',#9687,#9693,
'C_0805_2012Metric (1):3');
#71=NEXT_ASSEMBLY_USAGE_OCCURRENCE('R_0805_2012Metric (1):2',
'R_0805_2012Metric (1):2','R_0805_2012Metric (1):2',#9687,#9691,
'R_0805_2012Metric (1):2');
#72=NEXT_ASSEMBLY_USAGE_OCCURRENCE('C_0805_2012Metric (1):4',
'C_0805_2012Metric (1):4','C_0805_2012Metric (1):4',#9687,#9693,
'C_0805_2012Metric (1):4');
#73=NEXT_ASSEMBLY_USAGE_OCCURRENCE('C_0805_2012Metric (1):5',
'C_0805_2012Metric (1):5','C_0805_2012Metric (1):5',#9687,#9693,
'C_0805_2012Metric (1):5');
#74=NEXT_ASSEMBLY_USAGE_OCCURRENCE('C_0805_2012Metric (1):6',
'C_0805_2012Metric (1):6','C_0805_2012Metric (1):6',#9687,#9693,
'C_0805_2012Metric (1):6');
#75=NEXT_ASSEMBLY_USAGE_OCCURRENCE('C_0805_2012Metric (1):7',
'C_0805_2012Metric (1):7','C_0805_2012Metric (1):7',#9687,#9693,
'C_0805_2012Metric (1):7');
#76=NEXT_ASSEMBLY_USAGE_OCCURRENCE('C_0805_2012Metric (1):8',
'C_0805_2012Metric (1):8','C_0805_2012Metric (1):8',#9687,#9693,
'C_0805_2012Metric (1):8');
#77=NEXT_ASSEMBLY_USAGE_OCCURRENCE('C_0805_2012Metric (1):9',
'C_0805_2012Metric (1):9','C_0805_2012Metric (1):9',#9687,#9693,
'C_0805_2012Metric (1):9');
#78=NEXT_ASSEMBLY_USAGE_OCCURRENCE('DIY_Mouse:1','DIY_Mouse:1',
'DIY_Mouse:1',#9686,#9687,'DIY_Mouse:1');
#79=SHAPE_REPRESENTATION_RELATIONSHIP('SRR','None',#9679,#84);
#80=SHAPE_REPRESENTATION_RELATIONSHIP('SRR','None',#9680,#85);
#81=SHAPE_REPRESENTATION_RELATIONSHIP('SRR','None',#9682,#86);
#82=SHAPE_REPRESENTATION_RELATIONSHIP('SRR','None',#9684,#87);
#83=SHAPE_REPRESENTATION_RELATIONSHIP('SRR','None',#9676,#88);
#84=ADVANCED_BREP_SHAPE_REPRESENTATION('',(#89),#9630);
#85=ADVANCED_BREP_SHAPE_REPRESENTATION('',(#90),#9631);
#86=ADVANCED_BREP_SHAPE_REPRESENTATION('',(#91),#9633);
#87=ADVANCED_BREP_SHAPE_REPRESENTATION('',(#92),#9635);
#88=ADVANCED_BREP_SHAPE_REPRESENTATION('',(#93,#94,#95),#9627);
#89=MANIFOLD_SOLID_BREP('Body1',#5790);
#90=MANIFOLD_SOLID_BREP('Body1',#5791);
#91=MANIFOLD_SOLID_BREP('Body1',#5792);
#92=MANIFOLD_SOLID_BREP('Body1',#5793);
#93=MANIFOLD_SOLID_BREP('Body5',#5794);
#94=MANIFOLD_SOLID_BREP('Body6',#5795);
#95=MANIFOLD_SOLID_BREP('Body15',#5796);
#96=FACE_BOUND('',#928,.T.);
#97=FACE_BOUND('',#957,.T.);
#98=FACE_BOUND('',#958,.T.);
#99=FACE_BOUND('',#959,.T.);
#100=FACE_BOUND('',#960,.T.);
#101=FACE_BOUND('',#961,.T.);
#102=FACE_BOUND('',#962,.T.);
#103=FACE_BOUND('',#963,.T.);
#104=FACE_BOUND('',#964,.T.);
#105=FACE_BOUND('',#965,.T.);
#106=FACE_BOUND('',#966,.T.);
#107=FACE_BOUND('',#967,.T.);
#108=FACE_BOUND('',#968,.T.);
#109=FACE_BOUND('',#969,.T.);
#110=FACE_BOUND('',#970,.T.);
#111=FACE_BOUND('',#971,.T.);
#112=FACE_BOUND('',#972,.T.);
#113=FACE_BOUND('',#973,.T.);
#114=FACE_BOUND('',#974,.T.);
#115=FACE_BOUND('',#975,.T.);
#116=FACE_BOUND('',#976,.T.);
#117=FACE_BOUND('',#977,.T.);
#118=FACE_BOUND('',#978,.T.);
#119=FACE_BOUND('',#979,.T.);
#120=FACE_BOUND('',#980,.T.);
#121=FACE_BOUND('',#981,.T.);
#122=FACE_BOUND('',#982,.T.);
#123=FACE_BOUND('',#983,.T.);
#124=FACE_BOUND('',#984,.T.);
#125=FACE_BOUND('',#985,.T.);
#126=FACE_BOUND('',#986,.T.);
#127=FACE_BOUND('',#987,.T.);
#128=FACE_BOUND('',#988,.T.);
#129=FACE_BOUND('',#989,.T.);
#130=FACE_BOUND('',#990,.T.);
#131=FACE_BOUND('',#991,.T.);
#132=FACE_BOUND('',#992,.T.);
#133=FACE_BOUND('',#993,.T.);
#134=FACE_BOUND('',#994,.T.);
#135=FACE_BOUND('',#995,.T.);
#136=FACE_BOUND('',#996,.T.);
#137=FACE_BOUND('',#997,.T.);
#138=FACE_BOUND('',#998,.T.);
#139=FACE_BOUND('',#999,.T.);
#140=FACE_BOUND('',#1000,.T.);
#141=FACE_BOUND('',#1001,.T.);
#142=FACE_BOUND('',#1002,.T.);
#143=FACE_BOUND('',#1003,.T.);
#144=FACE_BOUND('',#1004,.T.);
#145=FACE_BOUND('',#1005,.T.);
#146=FACE_BOUND('',#1006,.T.);
#147=FACE_BOUND('',#1007,.T.);
#148=FACE_BOUND('',#1008,.T.);
#149=FACE_BOUND('',#1009,.T.);
#150=FACE_BOUND('',#1010,.T.);
#151=FACE_BOUND('',#1011,.T.);
#152=FACE_BOUND('',#1012,.T.);
#153=FACE_BOUND('',#1013,.T.);
#154=FACE_BOUND('',#1015,.T.);
#155=FACE_BOUND('',#1016,.T.);
#156=FACE_BOUND('',#1017,.T.);
#157=FACE_BOUND('',#1018,.T.);
#158=FACE_BOUND('',#1019,.T.);
#159=FACE_BOUND('',#1020,.T.);
#160=FACE_BOUND('',#1021,.T.);
#161=FACE_BOUND('',#1022,.T.);
#162=FACE_BOUND('',#1023,.T.);
#163=FACE_BOUND('',#1024,.T.);
#164=FACE_BOUND('',#1025,.T.);
#165=FACE_BOUND('',#1026,.T.);
#166=FACE_BOUND('',#1027,.T.);
#167=FACE_BOUND('',#1028,.T.);
#168=FACE_BOUND('',#1029,.T.);
#169=FACE_BOUND('',#1030,.T.);
#170=FACE_BOUND('',#1031,.T.);
#171=FACE_BOUND('',#1032,.T.);
#172=FACE_BOUND('',#1033,.T.);
#173=FACE_BOUND('',#1034,.T.);
#174=FACE_BOUND('',#1035,.T.);
#175=FACE_BOUND('',#1036,.T.);
#176=FACE_BOUND('',#1037,.T.);
#177=FACE_BOUND('',#1038,.T.);
#178=FACE_BOUND('',#1039,.T.);
#179=FACE_BOUND('',#1040,.T.);
#180=FACE_BOUND('',#1041,.T.);
#181=FACE_BOUND('',#1042,.T.);
#182=FACE_BOUND('',#1043,.T.);
#183=FACE_BOUND('',#1044,.T.);
#184=FACE_BOUND('',#1045,.T.);
#185=FACE_BOUND('',#1046,.T.);
#186=FACE_BOUND('',#1047,.T.);
#187=FACE_BOUND('',#1048,.T.);
#188=FACE_BOUND('',#1049,.T.);
#189=FACE_BOUND('',#1050,.T.);
#190=FACE_BOUND('',#1051,.T.);
#191=FACE_BOUND('',#1052,.T.);
#192=FACE_BOUND('',#1053,.T.);
#193=FACE_BOUND('',#1054,.T.);
#194=FACE_BOUND('',#1055,.T.);
#195=FACE_BOUND('',#1056,.T.);
#196=FACE_BOUND('',#1057,.T.);
#197=FACE_BOUND('',#1058,.T.);
#198=FACE_BOUND('',#1059,.T.);
#199=FACE_BOUND('',#1060,.T.);
#200=FACE_BOUND('',#1061,.T.);
#201=FACE_BOUND('',#1062,.T.);
#202=FACE_BOUND('',#1063,.T.);
#203=FACE_BOUND('',#1064,.T.);
#204=FACE_BOUND('',#1065,.T.);
#205=FACE_BOUND('',#1066,.T.);
#206=FACE_BOUND('',#1067,.T.);
#207=FACE_BOUND('',#1068,.T.);
#208=FACE_BOUND('',#1069,.T.);
#209=FACE_BOUND('',#1070,.T.);
#210=FACE_BOUND('',#1071,.T.);
#211=FACE_BOUND('',#1175,.T.);
#212=FACE_BOUND('',#1185,.T.);
#213=FACE_BOUND('',#1199,.T.);
#214=FACE_BOUND('',#1212,.T.);
#215=FACE_BOUND('',#1214,.T.);
#216=FACE_BOUND('',#1216,.T.);
#217=FACE_BOUND('',#1222,.T.);
#218=FACE_BOUND('',#1223,.T.);
#219=FACE_BOUND('',#1225,.T.);
#220=FACE_BOUND('',#1231,.T.);
#221=FACE_BOUND('',#1239,.T.);
#222=FACE_BOUND('',#1240,.T.);
#223=FACE_BOUND('',#1263,.T.);
#224=FACE_BOUND('',#1267,.T.);
#225=FACE_BOUND('',#1271,.T.);
#226=FACE_BOUND('',#1282,.T.);
#227=FACE_BOUND('',#1285,.T.);
#228=FACE_BOUND('',#1288,.T.);
#229=FACE_BOUND('',#1296,.T.);
#230=FACE_BOUND('',#1300,.T.);
#231=FACE_BOUND('',#1301,.T.);
#232=FACE_BOUND('',#1302,.T.);
#233=FACE_BOUND('',#1303,.T.);
#234=FACE_BOUND('',#1304,.T.);
#235=FACE_BOUND('',#1305,.T.);
#236=FACE_BOUND('',#1306,.T.);
#237=FACE_BOUND('',#1317,.T.);
#238=FACE_BOUND('',#1318,.T.);
#239=FACE_BOUND('',#1319,.T.);
#240=FACE_BOUND('',#1320,.T.);
#241=FACE_BOUND('',#1323,.T.);
#242=FACE_BOUND('',#1325,.T.);
#243=CIRCLE('',#5861,0.1);
#244=CIRCLE('',#5862,0.1);
#245=CIRCLE('',#5865,0.1);
#246=CIRCLE('',#5866,0.1);
#247=CIRCLE('',#5870,0.1);
#248=CIRCLE('',#5871,0.1);
#249=CIRCLE('',#5885,0.25);
#250=CIRCLE('',#5886,0.1);
#251=CIRCLE('',#5887,0.25);
#252=CIRCLE('',#5890,0.25);
#253=CIRCLE('',#5891,0.1);
#254=CIRCLE('',#5892,0.25);
#255=CIRCLE('',#5895,0.25);
#256=CIRCLE('',#5896,0.1);
#257=CIRCLE('',#5897,0.25);
#258=CIRCLE('',#5900,0.25);
#259=CIRCLE('',#5901,0.1);
#260=CIRCLE('',#5902,0.25);
#261=CIRCLE('',#5904,0.25);
#262=CIRCLE('',#5905,0.1);
#263=CIRCLE('',#5906,0.25);
#264=CIRCLE('',#5909,0.25);
#265=CIRCLE('',#5910,0.1);
#266=CIRCLE('',#5911,0.25);
#267=CIRCLE('',#5915,0.05);
#268=CIRCLE('',#5946,0.508);
#269=CIRCLE('',#5947,0.508);
#270=CIRCLE('',#5948,0.508);
#271=CIRCLE('',#5949,0.508);
#272=CIRCLE('',#5950,0.508);
#273=CIRCLE('',#5951,0.508);
#274=CIRCLE('',#5952,0.508);
#275=CIRCLE('',#5953,0.508);
#276=CIRCLE('',#5954,0.508);
#277=CIRCLE('',#5955,0.508);
#278=CIRCLE('',#5956,0.508);
#279=CIRCLE('',#5957,0.508);
#280=CIRCLE('',#5958,0.35);
#281=CIRCLE('',#5959,0.35);
#282=CIRCLE('',#5960,1.1);
#283=CIRCLE('',#5961,0.508);
#284=CIRCLE('',#5962,0.508);
#285=CIRCLE('',#5963,0.508);
#286=CIRCLE('',#5964,0.508);
#287=CIRCLE('',#5965,0.508);
#288=CIRCLE('',#5966,0.508);
#289=CIRCLE('',#5967,0.508);
#290=CIRCLE('',#5968,0.508);
#291=CIRCLE('',#5969,0.508);
#292=CIRCLE('',#5970,0.508);
#293=CIRCLE('',#5971,0.508);
#294=CIRCLE('',#5972,0.508);
#295=CIRCLE('',#5973,0.35);
#296=CIRCLE('',#5974,0.35);
#297=CIRCLE('',#5975,0.35);
#298=CIRCLE('',#5976,0.35);
#299=CIRCLE('',#5977,0.35);
#300=CIRCLE('',#5978,0.35);
#301=CIRCLE('',#5979,0.35);
#302=CIRCLE('',#5980,0.35);
#303=CIRCLE('',#5981,0.35);
#304=CIRCLE('',#5982,0.75);
#305=CIRCLE('',#5983,1.1);
#306=CIRCLE('',#5984,0.75);
#307=CIRCLE('',#5985,0.75);
#308=CIRCLE('',#5986,0.5);
#309=CIRCLE('',#5987,0.5);
#310=CIRCLE('',#5988,0.35);
#311=CIRCLE('',#5989,0.35);
#312=CIRCLE('',#5990,0.35);
#313=CIRCLE('',#5991,0.35);
#314=CIRCLE('',#5992,0.35);
#315=CIRCLE('',#5993,0.75);
#316=CIRCLE('',#5994,0.75);
#317=CIRCLE('',#5995,0.5);
#318=CIRCLE('',#5996,0.5);
#319=CIRCLE('',#5997,0.5);
#320=CIRCLE('',#5998,0.75);
#321=CIRCLE('',#5999,0.75);
#322=CIRCLE('',#6000,0.75);
#323=CIRCLE('',#6001,0.75);
#324=CIRCLE('',#6002,0.75);
#325=CIRCLE('',#6003,1.1);
#326=CIRCLE('',#6005,0.508);
#327=CIRCLE('',#6006,0.508);
#328=CIRCLE('',#6007,0.508);
#329=CIRCLE('',#6008,0.508);
#330=CIRCLE('',#6009,0.508);
#331=CIRCLE('',#6010,0.508);
#332=CIRCLE('',#6011,0.508);
#333=CIRCLE('',#6012,0.508);
#334=CIRCLE('',#6013,0.508);
#335=CIRCLE('',#6014,0.508);
#336=CIRCLE('',#6015,0.508);
#337=CIRCLE('',#6016,0.508);
#338=CIRCLE('',#6017,0.35);
#339=CIRCLE('',#6018,0.35);
#340=CIRCLE('',#6019,1.1);
#341=CIRCLE('',#6020,0.508);
#342=CIRCLE('',#6021,0.508);
#343=CIRCLE('',#6022,0.508);
#344=CIRCLE('',#6023,0.508);
#345=CIRCLE('',#6024,0.508);
#346=CIRCLE('',#6025,0.508);
#347=CIRCLE('',#6026,0.508);
#348=CIRCLE('',#6027,0.508);
#349=CIRCLE('',#6028,0.508);
#350=CIRCLE('',#6029,0.508);
#351=CIRCLE('',#6030,0.508);
#352=CIRCLE('',#6031,0.508);
#353=CIRCLE('',#6032,0.35);
#354=CIRCLE('',#6033,0.35);
#355=CIRCLE('',#6034,0.35);
#356=CIRCLE('',#6035,0.35);
#357=CIRCLE('',#6036,0.35);
#358=CIRCLE('',#6037,0.35);
#359=CIRCLE('',#6038,0.35);
#360=CIRCLE('',#6039,0.35);
#361=CIRCLE('',#6040,0.35);
#362=CIRCLE('',#6041,0.75);
#363=CIRCLE('',#6042,1.1);
#364=CIRCLE('',#6043,0.75);
#365=CIRCLE('',#6044,0.75);
#366=CIRCLE('',#6045,0.5);
#367=CIRCLE('',#6046,0.5);
#368=CIRCLE('',#6047,0.35);
#369=CIRCLE('',#6048,0.35);
#370=CIRCLE('',#6049,0.35);
#371=CIRCLE('',#6050,0.35);
#372=CIRCLE('',#6051,0.35);
#373=CIRCLE('',#6052,0.75);
#374=CIRCLE('',#6053,0.75);
#375=CIRCLE('',#6054,0.5);
#376=CIRCLE('',#6055,0.5);
#377=CIRCLE('',#6056,0.5);
#378=CIRCLE('',#6057,0.75);
#379=CIRCLE('',#6058,0.75);
#380=CIRCLE('',#6059,0.75);
#381=CIRCLE('',#6060,0.75);
#382=CIRCLE('',#6061,0.75);
#383=CIRCLE('',#6062,1.1);
#384=CIRCLE('',#6134,0.045);
#385=CIRCLE('',#6135,0.045);
#386=CIRCLE('',#6136,0.045);
#387=CIRCLE('',#6137,0.045);
#388=CIRCLE('',#6139,0.045);
#389=CIRCLE('',#6141,0.045);
#390=CIRCLE('',#6143,0.045);
#391=CIRCLE('',#6144,0.045);
#392=CIRCLE('',#6153,0.045);
#393=CIRCLE('',#6154,0.045);
#394=CIRCLE('',#6155,0.045);
#395=CIRCLE('',#6156,0.045);
#396=CIRCLE('',#6160,0.045);
#397=CIRCLE('',#6161,0.045);
#398=CIRCLE('',#6162,0.045);
#399=CIRCLE('',#6163,0.045);
#400=CIRCLE('',#6178,0.04);
#401=CIRCLE('',#6179,0.04);
#402=CIRCLE('',#6180,0.04);
#403=CIRCLE('',#6181,0.04);
#404=CIRCLE('',#6184,0.04);
#405=CIRCLE('',#6186,0.04);
#406=CIRCLE('',#6190,0.04);
#407=CIRCLE('',#6192,0.04);
#408=CIRCLE('',#6195,0.04);
#409=CIRCLE('',#6196,0.04);
#410=CIRCLE('',#6197,0.04);
#411=CIRCLE('',#6198,0.04);
#412=CIRCLE('',#6200,0.04);
#413=CIRCLE('',#6203,0.04);
#414=CIRCLE('',#6206,0.04);
#415=CIRCLE('',#6209,0.04);
#416=CIRCLE('',#6212,0.04);
#417=CIRCLE('',#6213,0.04);
#418=CIRCLE('',#6214,0.04);
#419=CIRCLE('',#6215,0.04);
#420=CIRCLE('',#6218,0.04);
#421=CIRCLE('',#6220,0.04);
#422=CIRCLE('',#6224,0.04);
#423=CIRCLE('',#6226,0.04);
#424=CIRCLE('',#6247,9.);
#425=CIRCLE('',#6248,9.);
#426=CIRCLE('',#6250,1.45);
#427=CIRCLE('',#6251,1.45);
#428=CIRCLE('',#6254,1.45);
#429=CIRCLE('',#6255,1.45);
#430=CIRCLE('',#6257,1.45);
#431=CIRCLE('',#6258,1.45);
#432=CIRCLE('',#6287,9.);
#433=CIRCLE('',#6288,9.);
#434=CIRCLE('',#6311,2.);
#435=CIRCLE('',#6312,1.3);
#436=CIRCLE('',#6314,2.);
#437=CIRCLE('',#6316,1.3);
#438=CIRCLE('',#6318,2.);
#439=CIRCLE('',#6319,1.3);
#440=CIRCLE('',#6321,2.);
#441=CIRCLE('',#6323,1.3);
#442=CIRCLE('',#6325,2.);
#443=CIRCLE('',#6326,1.3);
#444=CIRCLE('',#6328,2.);
#445=CIRCLE('',#6330,1.3);
#446=CIRCLE('',#6332,1.45);
#447=CIRCLE('',#6333,1.45);
#448=CIRCLE('',#6336,1.45);
#449=CIRCLE('',#6337,1.45);
#450=CIRCLE('',#6340,1.45);
#451=CIRCLE('',#6341,1.45);
#452=CIRCLE('',#6344,2.59999999999999);
#453=CIRCLE('',#6345,2.59999999999999);
#454=CIRCLE('',#6348,2.60000000000001);
#455=CIRCLE('',#6349,2.60000000000001);
#456=CIRCLE('',#6353,7.05);
#457=CIRCLE('',#6354,7.05);
#458=CIRCLE('',#6355,7.05);
#459=CIRCLE('',#6356,7.05);
#460=CIRCLE('',#6367,7.05);
#461=CIRCLE('',#6368,7.05);
#462=CIRCLE('',#6369,7.05);
#463=CIRCLE('',#6370,7.05);
#464=CIRCLE('',#6371,2.59999999999999);
#465=CIRCLE('',#6383,2.59999999999999);
#466=CIRCLE('',#6386,7.101);
#467=CIRCLE('',#6387,5.101);
#468=CIRCLE('',#6389,7.101);
#469=CIRCLE('',#6392,5.101);
#470=CYLINDRICAL_SURFACE('',#5860,0.1);
#471=CYLINDRICAL_SURFACE('',#5864,0.1);
#472=CYLINDRICAL_SURFACE('',#5869,0.1);
#473=CYLINDRICAL_SURFACE('',#5912,0.25);
#474=CYLINDRICAL_SURFACE('',#5918,0.25);
#475=CYLINDRICAL_SURFACE('',#5920,0.25);
#476=CYLINDRICAL_SURFACE('',#5922,0.1);
#477=CYLINDRICAL_SURFACE('',#5926,0.25);
#478=CYLINDRICAL_SURFACE('',#5928,0.1);
#479=CYLINDRICAL_SURFACE('',#5932,0.25);
#480=CYLINDRICAL_SURFACE('',#5934,0.1);
#481=CYLINDRICAL_SURFACE('',#5938,0.25);
#482=CYLINDRICAL_SURFACE('',#6064,0.508);
#483=CYLINDRICAL_SURFACE('',#6065,0.508);
#484=CYLINDRICAL_SURFACE('',#6066,0.508);
#485=CYLINDRICAL_SURFACE('',#6067,0.508);
#486=CYLINDRICAL_SURFACE('',#6068,0.508);
#487=CYLINDRICAL_SURFACE('',#6069,0.508);
#488=CYLINDRICAL_SURFACE('',#6070,0.508);
#489=CYLINDRICAL_SURFACE('',#6071,0.508);
#490=CYLINDRICAL_SURFACE('',#6072,0.508);
#491=CYLINDRICAL_SURFACE('',#6073,0.508);
#492=CYLINDRICAL_SURFACE('',#6074,0.508);
#493=CYLINDRICAL_SURFACE('',#6075,0.508);
#494=CYLINDRICAL_SURFACE('',#6076,0.35);
#495=CYLINDRICAL_SURFACE('',#6077,0.35);
#496=CYLINDRICAL_SURFACE('',#6078,1.1);
#497=CYLINDRICAL_SURFACE('',#6079,0.508);
#498=CYLINDRICAL_SURFACE('',#6080,0.508);
#499=CYLINDRICAL_SURFACE('',#6081,0.508);
#500=CYLINDRICAL_SURFACE('',#6082,0.508);
#501=CYLINDRICAL_SURFACE('',#6083,0.508);
#502=CYLINDRICAL_SURFACE('',#6084,0.508);
#503=CYLINDRICAL_SURFACE('',#6085,0.508);
#504=CYLINDRICAL_SURFACE('',#6086,0.508);
#505=CYLINDRICAL_SURFACE('',#6087,0.508);
#506=CYLINDRICAL_SURFACE('',#6088,0.508);
#507=CYLINDRICAL_SURFACE('',#6089,0.508);
#508=CYLINDRICAL_SURFACE('',#6090,0.508);
#509=CYLINDRICAL_SURFACE('',#6091,0.35);
#510=CYLINDRICAL_SURFACE('',#6092,0.35);
#511=CYLINDRICAL_SURFACE('',#6093,0.35);
#512=CYLINDRICAL_SURFACE('',#6094,0.35);
#513=CYLINDRICAL_SURFACE('',#6095,0.35);
#514=CYLINDRICAL_SURFACE('',#6096,0.35);
#515=CYLINDRICAL_SURFACE('',#6097,0.35);
#516=CYLINDRICAL_SURFACE('',#6098,0.35);
#517=CYLINDRICAL_SURFACE('',#6099,0.35);
#518=CYLINDRICAL_SURFACE('',#6100,0.75);
#519=CYLINDRICAL_SURFACE('',#6101,1.1);
#520=CYLINDRICAL_SURFACE('',#6102,0.75);
#521=CYLINDRICAL_SURFACE('',#6103,0.75);
#522=CYLINDRICAL_SURFACE('',#6104,0.5);
#523=CYLINDRICAL_SURFACE('',#6105,0.5);
#524=CYLINDRICAL_SURFACE('',#6110,0.35);
#525=CYLINDRICAL_SURFACE('',#6111,0.35);
#526=CYLINDRICAL_SURFACE('',#6112,0.35);
#527=CYLINDRICAL_SURFACE('',#6113,0.35);
#528=CYLINDRICAL_SURFACE('',#6114,0.35);
#529=CYLINDRICAL_SURFACE('',#6115,0.75);
#530=CYLINDRICAL_SURFACE('',#6117,0.75);
#531=CYLINDRICAL_SURFACE('',#6119,0.5);
#532=CYLINDRICAL_SURFACE('',#6120,0.5);
#533=CYLINDRICAL_SURFACE('',#6121,0.5);
#534=CYLINDRICAL_SURFACE('',#6122,0.75);
#535=CYLINDRICAL_SURFACE('',#6124,0.75);
#536=CYLINDRICAL_SURFACE('',#6126,0.75);
#537=CYLINDRICAL_SURFACE('',#6127,0.75);
#538=CYLINDRICAL_SURFACE('',#6128,0.75);
#539=CYLINDRICAL_SURFACE('',#6129,1.1);
#540=CYLINDRICAL_SURFACE('',#6138,0.045);
#541=CYLINDRICAL_SURFACE('',#6140,0.045);
#542=CYLINDRICAL_SURFACE('',#6146,0.045);
#543=CYLINDRICAL_SURFACE('',#6149,0.045);
#544=CYLINDRICAL_SURFACE('',#6165,0.045);
#545=CYLINDRICAL_SURFACE('',#6167,0.045);
#546=CYLINDRICAL_SURFACE('',#6169,0.045);
#547=CYLINDRICAL_SURFACE('',#6171,0.045);
#548=CYLINDRICAL_SURFACE('',#6183,0.04);
#549=CYLINDRICAL_SURFACE('',#6185,0.04);
#550=CYLINDRICAL_SURFACE('',#6189,0.04);
#551=CYLINDRICAL_SURFACE('',#6191,0.04);
#552=CYLINDRICAL_SURFACE('',#6199,0.04);
#553=CYLINDRICAL_SURFACE('',#6202,0.04);
#554=CYLINDRICAL_SURFACE('',#6205,0.04);
#555=CYLINDRICAL_SURFACE('',#6208,0.04);
#556=CYLINDRICAL_SURFACE('',#6217,0.04);
#557=CYLINDRICAL_SURFACE('',#6219,0.04);
#558=CYLINDRICAL_SURFACE('',#6223,0.04);
#559=CYLINDRICAL_SURFACE('',#6225,0.04);
#560=CYLINDRICAL_SURFACE('',#6249,1.45);
#561=CYLINDRICAL_SURFACE('',#6253,1.45);
#562=CYLINDRICAL_SURFACE('',#6256,1.45);
#563=CYLINDRICAL_SURFACE('',#6306,9.);
#564=CYLINDRICAL_SURFACE('',#6307,9.);
#565=CYLINDRICAL_SURFACE('',#6313,2.);
#566=CYLINDRICAL_SURFACE('',#6315,1.3);
#567=CYLINDRICAL_SURFACE('',#6320,2.);
#568=CYLINDRICAL_SURFACE('',#6322,1.3);
#569=CYLINDRICAL_SURFACE('',#6327,2.);
#570=CYLINDRICAL_SURFACE('',#6329,1.3);
#571=CYLINDRICAL_SURFACE('',#6331,1.45);
#572=CYLINDRICAL_SURFACE('',#6335,1.45);
#573=CYLINDRICAL_SURFACE('',#6339,1.45);
#574=CYLINDRICAL_SURFACE('',#6343,2.59999999999999);
#575=CYLINDRICAL_SURFACE('',#6347,2.60000000000001);
#576=CYLINDRICAL_SURFACE('',#6372,7.05);
#577=CYLINDRICAL_SURFACE('',#6374,7.05);
#578=CYLINDRICAL_SURFACE('',#6377,7.05);
#579=CYLINDRICAL_SURFACE('',#6379,7.05);
#580=CYLINDRICAL_SURFACE('',#6382,2.59999999999999);
#581=CYLINDRICAL_SURFACE('',#6390,7.101);
#582=CYLINDRICAL_SURFACE('',#6393,5.101);
#583=FACE_OUTER_BOUND('',#883,.T.);
#584=FACE_OUTER_BOUND('',#884,.T.);
#585=FACE_OUTER_BOUND('',#885,.T.);
#586=FACE_OUTER_BOUND('',#886,.T.);
#587=FACE_OUTER_BOUND('',#887,.T.);
#588=FACE_OUTER_BOUND('',#888,.T.);
#589=FACE_OUTER_BOUND('',#889,.T.);
#590=FACE_OUTER_BOUND('',#890,.T.);
#591=FACE_OUTER_BOUND('',#891,.T.);
#592=FACE_OUTER_BOUND('',#892,.T.);
#593=FACE_OUTER_BOUND('',#893,.T.);
#594=FACE_OUTER_BOUND('',#894,.T.);
#595=FACE_OUTER_BOUND('',#895,.T.);
#596=FACE_OUTER_BOUND('',#896,.T.);
#597=FACE_OUTER_BOUND('',#897,.T.);
#598=FACE_OUTER_BOUND('',#898,.T.);
#599=FACE_OUTER_BOUND('',#899,.T.);
#600=FACE_OUTER_BOUND('',#900,.T.);
#601=FACE_OUTER_BOUND('',#901,.T.);
#602=FACE_OUTER_BOUND('',#902,.T.);
#603=FACE_OUTER_BOUND('',#903,.T.);
#604=FACE_OUTER_BOUND('',#904,.T.);
#605=FACE_OUTER_BOUND('',#905,.T.);
#606=FACE_OUTER_BOUND('',#906,.T.);
#607=FACE_OUTER_BOUND('',#907,.T.);
#608=FACE_OUTER_BOUND('',#908,.T.);
#609=FACE_OUTER_BOUND('',#909,.T.);
#610=FACE_OUTER_BOUND('',#910,.T.);
#611=FACE_OUTER_BOUND('',#911,.T.);
#612=FACE_OUTER_BOUND('',#912,.T.);
#613=FACE_OUTER_BOUND('',#913,.T.);
#614=FACE_OUTER_BOUND('',#914,.T.);
#615=FACE_OUTER_BOUND('',#915,.T.);
#616=FACE_OUTER_BOUND('',#916,.T.);
#617=FACE_OUTER_BOUND('',#917,.T.);
#618=FACE_OUTER_BOUND('',#918,.T.);
#619=FACE_OUTER_BOUND('',#919,.T.);
#620=FACE_OUTER_BOUND('',#920,.T.);
#621=FACE_OUTER_BOUND('',#921,.T.);
#622=FACE_OUTER_BOUND('',#922,.T.);
#623=FACE_OUTER_BOUND('',#923,.T.);
#624=FACE_OUTER_BOUND('',#924,.T.);
#625=FACE_OUTER_BOUND('',#925,.T.);
#626=FACE_OUTER_BOUND('',#926,.T.);
#627=FACE_OUTER_BOUND('',#927,.T.);
#628=FACE_OUTER_BOUND('',#929,.T.);
#629=FACE_OUTER_BOUND('',#930,.T.);
#630=FACE_OUTER_BOUND('',#931,.T.);
#631=FACE_OUTER_BOUND('',#932,.T.);
#632=FACE_OUTER_BOUND('',#933,.T.);
#633=FACE_OUTER_BOUND('',#934,.T.);
#634=FACE_OUTER_BOUND('',#935,.T.);
#635=FACE_OUTER_BOUND('',#936,.T.);
#636=FACE_OUTER_BOUND('',#937,.T.);
#637=FACE_OUTER_BOUND('',#938,.T.);
#638=FACE_OUTER_BOUND('',#939,.T.);
#639=FACE_OUTER_BOUND('',#940,.T.);
#640=FACE_OUTER_BOUND('',#941,.T.);
#641=FACE_OUTER_BOUND('',#942,.T.);
#642=FACE_OUTER_BOUND('',#943,.T.);
#643=FACE_OUTER_BOUND('',#944,.T.);
#644=FACE_OUTER_BOUND('',#945,.T.);
#645=FACE_OUTER_BOUND('',#946,.T.);
#646=FACE_OUTER_BOUND('',#947,.T.);
#647=FACE_OUTER_BOUND('',#948,.T.);
#648=FACE_OUTER_BOUND('',#949,.T.);
#649=FACE_OUTER_BOUND('',#950,.T.);
#650=FACE_OUTER_BOUND('',#951,.T.);
#651=FACE_OUTER_BOUND('',#952,.T.);
#652=FACE_OUTER_BOUND('',#953,.T.);
#653=FACE_OUTER_BOUND('',#954,.T.);
#654=FACE_OUTER_BOUND('',#955,.T.);
#655=FACE_OUTER_BOUND('',#956,.T.);
#656=FACE_OUTER_BOUND('',#1014,.T.);
#657=FACE_OUTER_BOUND('',#1072,.T.);
#658=FACE_OUTER_BOUND('',#1073,.T.);
#659=FACE_OUTER_BOUND('',#1074,.T.);
#660=FACE_OUTER_BOUND('',#1075,.T.);
#661=FACE_OUTER_BOUND('',#1076,.T.);
#662=FACE_OUTER_BOUND('',#1077,.T.);
#663=FACE_OUTER_BOUND('',#1078,.T.);
#664=FACE_OUTER_BOUND('',#1079,.T.);
#665=FACE_OUTER_BOUND('',#1080,.T.);
#666=FACE_OUTER_BOUND('',#1081,.T.);
#667=FACE_OUTER_BOUND('',#1082,.T.);
#668=FACE_OUTER_BOUND('',#1083,.T.);
#669=FACE_OUTER_BOUND('',#1084,.T.);
#670=FACE_OUTER_BOUND('',#1085,.T.);
#671=FACE_OUTER_BOUND('',#1086,.T.);
#672=FACE_OUTER_BOUND('',#1087,.T.);
#673=FACE_OUTER_BOUND('',#1088,.T.);
#674=FACE_OUTER_BOUND('',#1089,.T.);
#675=FACE_OUTER_BOUND('',#1090,.T.);
#676=FACE_OUTER_BOUND('',#1091,.T.);
#677=FACE_OUTER_BOUND('',#1092,.T.);
#678=FACE_OUTER_BOUND('',#1093,.T.);
#679=FACE_OUTER_BOUND('',#1094,.T.);
#680=FACE_OUTER_BOUND('',#1095,.T.);
#681=FACE_OUTER_BOUND('',#1096,.T.);
#682=FACE_OUTER_BOUND('',#1097,.T.);
#683=FACE_OUTER_BOUND('',#1098,.T.);
#684=FACE_OUTER_BOUND('',#1099,.T.);
#685=FACE_OUTER_BOUND('',#1100,.T.);
#686=FACE_OUTER_BOUND('',#1101,.T.);
#687=FACE_OUTER_BOUND('',#1102,.T.);
#688=FACE_OUTER_BOUND('',#1103,.T.);
#689=FACE_OUTER_BOUND('',#1104,.T.);
#690=FACE_OUTER_BOUND('',#1105,.T.);
#691=FACE_OUTER_BOUND('',#1106,.T.);
#692=FACE_OUTER_BOUND('',#1107,.T.);
#693=FACE_OUTER_BOUND('',#1108,.T.);
#694=FACE_OUTER_BOUND('',#1109,.T.);
#695=FACE_OUTER_BOUND('',#1110,.T.);
#696=FACE_OUTER_BOUND('',#1111,.T.);
#697=FACE_OUTER_BOUND('',#1112,.T.);
#698=FACE_OUTER_BOUND('',#1113,.T.);
#699=FACE_OUTER_BOUND('',#1114,.T.);
#700=FACE_OUTER_BOUND('',#1115,.T.);
#701=FACE_OUTER_BOUND('',#1116,.T.);
#702=FACE_OUTER_BOUND('',#1117,.T.);
#703=FACE_OUTER_BOUND('',#1118,.T.);
#704=FACE_OUTER_BOUND('',#1119,.T.);
#705=FACE_OUTER_BOUND('',#1120,.T.);
#706=FACE_OUTER_BOUND('',#1121,.T.);
#707=FACE_OUTER_BOUND('',#1122,.T.);
#708=FACE_OUTER_BOUND('',#1123,.T.);
#709=FACE_OUTER_BOUND('',#1124,.T.);
#710=FACE_OUTER_BOUND('',#1125,.T.);
#711=FACE_OUTER_BOUND('',#1126,.T.);
#712=FACE_OUTER_BOUND('',#1127,.T.);
#713=FACE_OUTER_BOUND('',#1128,.T.);
#714=FACE_OUTER_BOUND('',#1129,.T.);
#715=FACE_OUTER_BOUND('',#1130,.T.);
#716=FACE_OUTER_BOUND('',#1131,.T.);
#717=FACE_OUTER_BOUND('',#1132,.T.);
#718=FACE_OUTER_BOUND('',#1133,.T.);
#719=FACE_OUTER_BOUND('',#1134,.T.);
#720=FACE_OUTER_BOUND('',#1135,.T.);
#721=FACE_OUTER_BOUND('',#1136,.T.);
#722=FACE_OUTER_BOUND('',#1137,.T.);
#723=FACE_OUTER_BOUND('',#1138,.T.);
#724=FACE_OUTER_BOUND('',#1139,.T.);
#725=FACE_OUTER_BOUND('',#1140,.T.);
#726=FACE_OUTER_BOUND('',#1141,.T.);
#727=FACE_OUTER_BOUND('',#1142,.T.);
#728=FACE_OUTER_BOUND('',#1143,.T.);
#729=FACE_OUTER_BOUND('',#1144,.T.);
#730=FACE_OUTER_BOUND('',#1145,.T.);
#731=FACE_OUTER_BOUND('',#1146,.T.);
#732=FACE_OUTER_BOUND('',#1147,.T.);
#733=FACE_OUTER_BOUND('',#1148,.T.);
#734=FACE_OUTER_BOUND('',#1149,.T.);
#735=FACE_OUTER_BOUND('',#1150,.T.);
#736=FACE_OUTER_BOUND('',#1151,.T.);
#737=FACE_OUTER_BOUND('',#1152,.T.);
#738=FACE_OUTER_BOUND('',#1153,.T.);
#739=FACE_OUTER_BOUND('',#1154,.T.);
#740=FACE_OUTER_BOUND('',#1155,.T.);
#741=FACE_OUTER_BOUND('',#1156,.T.);
#742=FACE_OUTER_BOUND('',#1157,.T.);
#743=FACE_OUTER_BOUND('',#1158,.T.);
#744=FACE_OUTER_BOUND('',#1159,.T.);
#745=FACE_OUTER_BOUND('',#1160,.T.);
#746=FACE_OUTER_BOUND('',#1161,.T.);
#747=FACE_OUTER_BOUND('',#1162,.T.);
#748=FACE_OUTER_BOUND('',#1163,.T.);
#749=FACE_OUTER_BOUND('',#1164,.T.);
#750=FACE_OUTER_BOUND('',#1165,.T.);
#751=FACE_OUTER_BOUND('',#1166,.T.);
#752=FACE_OUTER_BOUND('',#1167,.T.);
#753=FACE_OUTER_BOUND('',#1168,.T.);
#754=FACE_OUTER_BOUND('',#1169,.T.);
#755=FACE_OUTER_BOUND('',#1170,.T.);
#756=FACE_OUTER_BOUND('',#1171,.T.);
#757=FACE_OUTER_BOUND('',#1172,.T.);
#758=FACE_OUTER_BOUND('',#1173,.T.);
#759=FACE_OUTER_BOUND('',#1174,.T.);
#760=FACE_OUTER_BOUND('',#1176,.T.);
#761=FACE_OUTER_BOUND('',#1177,.T.);
#762=FACE_OUTER_BOUND('',#1178,.T.);
#763=FACE_OUTER_BOUND('',#1179,.T.);
#764=FACE_OUTER_BOUND('',#1180,.T.);
#765=FACE_OUTER_BOUND('',#1181,.T.);
#766=FACE_OUTER_BOUND('',#1182,.T.);
#767=FACE_OUTER_BOUND('',#1183,.T.);
#768=FACE_OUTER_BOUND('',#1184,.T.);
#769=FACE_OUTER_BOUND('',#1186,.T.);
#770=FACE_OUTER_BOUND('',#1187,.T.);
#771=FACE_OUTER_BOUND('',#1188,.T.);
#772=FACE_OUTER_BOUND('',#1189,.T.);
#773=FACE_OUTER_BOUND('',#1190,.T.);
#774=FACE_OUTER_BOUND('',#1191,.T.);
#775=FACE_OUTER_BOUND('',#1192,.T.);
#776=FACE_OUTER_BOUND('',#1193,.T.);
#777=FACE_OUTER_BOUND('',#1194,.T.);
#778=FACE_OUTER_BOUND('',#1195,.T.);
#779=FACE_OUTER_BOUND('',#1196,.T.);
#780=FACE_OUTER_BOUND('',#1197,.T.);
#781=FACE_OUTER_BOUND('',#1198,.T.);
#782=FACE_OUTER_BOUND('',#1200,.T.);
#783=FACE_OUTER_BOUND('',#1201,.T.);
#784=FACE_OUTER_BOUND('',#1202,.T.);
#785=FACE_OUTER_BOUND('',#1203,.T.);
#786=FACE_OUTER_BOUND('',#1204,.T.);
#787=FACE_OUTER_BOUND('',#1205,.T.);
#788=FACE_OUTER_BOUND('',#1206,.T.);
#789=FACE_OUTER_BOUND('',#1207,.T.);
#790=FACE_OUTER_BOUND('',#1208,.T.);
#791=FACE_OUTER_BOUND('',#1209,.T.);
#792=FACE_OUTER_BOUND('',#1210,.T.);
#793=FACE_OUTER_BOUND('',#1211,.T.);
#794=FACE_OUTER_BOUND('',#1213,.T.);
#795=FACE_OUTER_BOUND('',#1215,.T.);
#796=FACE_OUTER_BOUND('',#1217,.T.);
#797=FACE_OUTER_BOUND('',#1218,.T.);
#798=FACE_OUTER_BOUND('',#1219,.T.);
#799=FACE_OUTER_BOUND('',#1220,.T.);
#800=FACE_OUTER_BOUND('',#1221,.T.);
#801=FACE_OUTER_BOUND('',#1224,.T.);
#802=FACE_OUTER_BOUND('',#1226,.T.);
#803=FACE_OUTER_BOUND('',#1227,.T.);
#804=FACE_OUTER_BOUND('',#1228,.T.);
#805=FACE_OUTER_BOUND('',#1229,.T.);
#806=FACE_OUTER_BOUND('',#1230,.T.);
#807=FACE_OUTER_BOUND('',#1232,.T.);
#808=FACE_OUTER_BOUND('',#1233,.T.);
#809=FACE_OUTER_BOUND('',#1234,.T.);
#810=FACE_OUTER_BOUND('',#1235,.T.);
#811=FACE_OUTER_BOUND('',#1236,.T.);
#812=FACE_OUTER_BOUND('',#1237,.T.);
#813=FACE_OUTER_BOUND('',#1238,.T.);
#814=FACE_OUTER_BOUND('',#1241,.T.);
#815=FACE_OUTER_BOUND('',#1242,.T.);
#816=FACE_OUTER_BOUND('',#1243,.T.);
#817=FACE_OUTER_BOUND('',#1244,.T.);
#818=FACE_OUTER_BOUND('',#1245,.T.);
#819=FACE_OUTER_BOUND('',#1246,.T.);
#820=FACE_OUTER_BOUND('',#1247,.T.);
#821=FACE_OUTER_BOUND('',#1248,.T.);
#822=FACE_OUTER_BOUND('',#1249,.T.);
#823=FACE_OUTER_BOUND('',#1250,.T.);
#824=FACE_OUTER_BOUND('',#1251,.T.);
#825=FACE_OUTER_BOUND('',#1252,.T.);
#826=FACE_OUTER_BOUND('',#1253,.T.);
#827=FACE_OUTER_BOUND('',#1254,.T.);
#828=FACE_OUTER_BOUND('',#1255,.T.);
#829=FACE_OUTER_BOUND('',#1256,.T.);
#830=FACE_OUTER_BOUND('',#1257,.T.);
#831=FACE_OUTER_BOUND('',#1258,.T.);
#832=FACE_OUTER_BOUND('',#1259,.T.);
#833=FACE_OUTER_BOUND('',#1260,.T.);
#834=FACE_OUTER_BOUND('',#1261,.T.);
#835=FACE_OUTER_BOUND('',#1262,.T.);
#836=FACE_OUTER_BOUND('',#1264,.T.);
#837=FACE_OUTER_BOUND('',#1265,.T.);
#838=FACE_OUTER_BOUND('',#1266,.T.);
#839=FACE_OUTER_BOUND('',#1268,.T.);
#840=FACE_OUTER_BOUND('',#1269,.T.);
#841=FACE_OUTER_BOUND('',#1270,.T.);
#842=FACE_OUTER_BOUND('',#1272,.T.);
#843=FACE_OUTER_BOUND('',#1273,.T.);
#844=FACE_OUTER_BOUND('',#1274,.T.);
#845=FACE_OUTER_BOUND('',#1275,.T.);
#846=FACE_OUTER_BOUND('',#1276,.T.);
#847=FACE_OUTER_BOUND('',#1277,.T.);
#848=FACE_OUTER_BOUND('',#1278,.T.);
#849=FACE_OUTER_BOUND('',#1279,.T.);
#850=FACE_OUTER_BOUND('',#1280,.T.);
#851=FACE_OUTER_BOUND('',#1281,.T.);
#852=FACE_OUTER_BOUND('',#1283,.T.);
#853=FACE_OUTER_BOUND('',#1284,.T.);
#854=FACE_OUTER_BOUND('',#1286,.T.);
#855=FACE_OUTER_BOUND('',#1287,.T.);
#856=FACE_OUTER_BOUND('',#1289,.T.);
#857=FACE_OUTER_BOUND('',#1290,.T.);
#858=FACE_OUTER_BOUND('',#1291,.T.);
#859=FACE_OUTER_BOUND('',#1292,.T.);
#860=FACE_OUTER_BOUND('',#1293,.T.);
#861=FACE_OUTER_BOUND('',#1294,.T.);
#862=FACE_OUTER_BOUND('',#1295,.T.);
#863=FACE_OUTER_BOUND('',#1297,.T.);
#864=FACE_OUTER_BOUND('',#1298,.T.);
#865=FACE_OUTER_BOUND('',#1299,.T.);
#866=FACE_OUTER_BOUND('',#1307,.T.);
#867=FACE_OUTER_BOUND('',#1308,.T.);
#868=FACE_OUTER_BOUND('',#1309,.T.);
#869=FACE_OUTER_BOUND('',#1310,.T.);
#870=FACE_OUTER_BOUND('',#1311,.T.);
#871=FACE_OUTER_BOUND('',#1312,.T.);
#872=FACE_OUTER_BOUND('',#1313,.T.);
#873=FACE_OUTER_BOUND('',#1314,.T.);
#874=FACE_OUTER_BOUND('',#1315,.T.);
#875=FACE_OUTER_BOUND('',#1316,.T.);
#876=FACE_OUTER_BOUND('',#1321,.T.);
#877=FACE_OUTER_BOUND('',#1322,.T.);
#878=FACE_OUTER_BOUND('',#1324,.T.);
#879=FACE_OUTER_BOUND('',#1326,.T.);
#880=FACE_OUTER_BOUND('',#1327,.T.);
#881=FACE_OUTER_BOUND('',#1328,.T.);
#882=FACE_OUTER_BOUND('',#1329,.T.);
#883=EDGE_LOOP('',(#3653,#3654,#3655,#3656));
#884=EDGE_LOOP('',(#3657,#3658,#3659,#3660,#3661,#3662,#3663,#3664));
#885=EDGE_LOOP('',(#3665,#3666,#3667,#3668));
#886=EDGE_LOOP('',(#3669,#3670,#3671,#3672));
#887=EDGE_LOOP('',(#3673,#3674,#3675,#3676));
#888=EDGE_LOOP('',(#3677,#3678,#3679,#3680,#3681,#3682,#3683,#3684));
#889=EDGE_LOOP('',(#3685,#3686,#3687,#3688,#3689,#3690));
#890=EDGE_LOOP('',(#3691,#3692,#3693,#3694));
#891=EDGE_LOOP('',(#3695,#3696,#3697,#3698));
#892=EDGE_LOOP('',(#3699,#3700,#3701,#3702));
#893=EDGE_LOOP('',(#3703,#3704,#3705,#3706));
#894=EDGE_LOOP('',(#3707,#3708,#3709,#3710,#3711,#3712,#3713,#3714,#3715,
#3716,#3717,#3718));
#895=EDGE_LOOP('',(#3719,#3720,#3721,#3722));
#896=EDGE_LOOP('',(#3723,#3724,#3725,#3726));
#897=EDGE_LOOP('',(#3727,#3728,#3729,#3730));
#898=EDGE_LOOP('',(#3731,#3732,#3733,#3734));
#899=EDGE_LOOP('',(#3735,#3736,#3737,#3738));
#900=EDGE_LOOP('',(#3739,#3740,#3741,#3742));
#901=EDGE_LOOP('',(#3743,#3744,#3745,#3746));
#902=EDGE_LOOP('',(#3747,#3748,#3749,#3750));
#903=EDGE_LOOP('',(#3751,#3752,#3753,#3754));
#904=EDGE_LOOP('',(#3755,#3756,#3757,#3758));
#905=EDGE_LOOP('',(#3759,#3760,#3761,#3762));
#906=EDGE_LOOP('',(#3763,#3764,#3765,#3766));
#907=EDGE_LOOP('',(#3767,#3768,#3769,#3770));
#908=EDGE_LOOP('',(#3771,#3772,#3773,#3774,#3775,#3776,#3777,#3778));
#909=EDGE_LOOP('',(#3779,#3780,#3781,#3782));
#910=EDGE_LOOP('',(#3783,#3784,#3785,#3786));
#911=EDGE_LOOP('',(#3787,#3788,#3789,#3790));
#912=EDGE_LOOP('',(#3791,#3792,#3793,#3794,#3795,#3796));
#913=EDGE_LOOP('',(#3797,#3798,#3799,#3800));
#914=EDGE_LOOP('',(#3801,#3802,#3803,#3804,#3805,#3806,#3807,#3808,#3809,
#3810,#3811,#3812));
#915=EDGE_LOOP('',(#3813,#3814,#3815,#3816,#3817,#3818,#3819,#3820,#3821,
#3822));
#916=EDGE_LOOP('',(#3823,#3824,#3825,#3826));
#917=EDGE_LOOP('',(#3827,#3828,#3829,#3830,#3831,#3832,#3833,#3834,#3835,
#3836));
#918=EDGE_LOOP('',(#3837,#3838,#3839,#3840));
#919=EDGE_LOOP('',(#3841,#3842,#3843,#3844,#3845,#3846,#3847,#3848,#3849,
#3850));
#920=EDGE_LOOP('',(#3851,#3852,#3853,#3854));
#921=EDGE_LOOP('',(#3855,#3856,#3857,#3858,#3859,#3860,#3861,#3862,#3863,
#3864));
#922=EDGE_LOOP('',(#3865,#3866,#3867,#3868,#3869,#3870,#3871,#3872,#3873,
#3874));
#923=EDGE_LOOP('',(#3875,#3876,#3877,#3878));
#924=EDGE_LOOP('',(#3879,#3880,#3881,#3882,#3883,#3884,#3885,#3886,#3887,
#3888));
#925=EDGE_LOOP('',(#3889,#3890,#3891,#3892));
#926=EDGE_LOOP('',(#3893,#3894,#3895,#3896));
#927=EDGE_LOOP('',(#3897,#3898,#3899,#3900,#3901,#3902,#3903,#3904));
#928=EDGE_LOOP('',(#3905));
#929=EDGE_LOOP('',(#3906,#3907,#3908,#3909));
#930=EDGE_LOOP('',(#3910,#3911,#3912,#3913));
#931=EDGE_LOOP('',(#3914,#3915,#3916,#3917));
#932=EDGE_LOOP('',(#3918,#3919,#3920,#3921));
#933=EDGE_LOOP('',(#3922,#3923,#3924,#3925));
#934=EDGE_LOOP('',(#3926,#3927,#3928,#3929));
#935=EDGE_LOOP('',(#3930,#3931,#3932,#3933));
#936=EDGE_LOOP('',(#3934,#3935,#3936,#3937));
#937=EDGE_LOOP('',(#3938,#3939,#3940,#3941));
#938=EDGE_LOOP('',(#3942,#3943,#3944,#3945));
#939=EDGE_LOOP('',(#3946,#3947,#3948,#3949));
#940=EDGE_LOOP('',(#3950,#3951,#3952,#3953));
#941=EDGE_LOOP('',(#3954,#3955,#3956,#3957));
#942=EDGE_LOOP('',(#3958,#3959,#3960,#3961));
#943=EDGE_LOOP('',(#3962,#3963,#3964,#3965));
#944=EDGE_LOOP('',(#3966,#3967,#3968,#3969));
#945=EDGE_LOOP('',(#3970,#3971,#3972,#3973));
#946=EDGE_LOOP('',(#3974,#3975,#3976,#3977));
#947=EDGE_LOOP('',(#3978,#3979,#3980,#3981));
#948=EDGE_LOOP('',(#3982,#3983,#3984,#3985));
#949=EDGE_LOOP('',(#3986,#3987,#3988,#3989));
#950=EDGE_LOOP('',(#3990,#3991,#3992,#3993));
#951=EDGE_LOOP('',(#3994,#3995,#3996,#3997));
#952=EDGE_LOOP('',(#3998));
#953=EDGE_LOOP('',(#3999,#4000,#4001,#4002));
#954=EDGE_LOOP('',(#4003,#4004,#4005,#4006));
#955=EDGE_LOOP('',(#4007,#4008,#4009,#4010));
#956=EDGE_LOOP('',(#4011,#4012,#4013,#4014));
#957=EDGE_LOOP('',(#4015));
#958=EDGE_LOOP('',(#4016));
#959=EDGE_LOOP('',(#4017));
#960=EDGE_LOOP('',(#4018));
#961=EDGE_LOOP('',(#4019));
#962=EDGE_LOOP('',(#4020));
#963=EDGE_LOOP('',(#4021));
#964=EDGE_LOOP('',(#4022));
#965=EDGE_LOOP('',(#4023));
#966=EDGE_LOOP('',(#4024));
#967=EDGE_LOOP('',(#4025));
#968=EDGE_LOOP('',(#4026));
#969=EDGE_LOOP('',(#4027));
#970=EDGE_LOOP('',(#4028));
#971=EDGE_LOOP('',(#4029));
#972=EDGE_LOOP('',(#4030));
#973=EDGE_LOOP('',(#4031));
#974=EDGE_LOOP('',(#4032));
#975=EDGE_LOOP('',(#4033));
#976=EDGE_LOOP('',(#4034));
#977=EDGE_LOOP('',(#4035));
#978=EDGE_LOOP('',(#4036));
#979=EDGE_LOOP('',(#4037));
#980=EDGE_LOOP('',(#4038));
#981=EDGE_LOOP('',(#4039));
#982=EDGE_LOOP('',(#4040));
#983=EDGE_LOOP('',(#4041));
#984=EDGE_LOOP('',(#4042));
#985=EDGE_LOOP('',(#4043));
#986=EDGE_LOOP('',(#4044));
#987=EDGE_LOOP('',(#4045));
#988=EDGE_LOOP('',(#4046));
#989=EDGE_LOOP('',(#4047));
#990=EDGE_LOOP('',(#4048));
#991=EDGE_LOOP('',(#4049));
#992=EDGE_LOOP('',(#4050));
#993=EDGE_LOOP('',(#4051));
#994=EDGE_LOOP('',(#4052));
#995=EDGE_LOOP('',(#4053));
#996=EDGE_LOOP('',(#4054));
#997=EDGE_LOOP('',(#4055));
#998=EDGE_LOOP('',(#4056));
#999=EDGE_LOOP('',(#4057,#4058,#4059,#4060));
#1000=EDGE_LOOP('',(#4061));
#1001=EDGE_LOOP('',(#4062));
#1002=EDGE_LOOP('',(#4063));
#1003=EDGE_LOOP('',(#4064));
#1004=EDGE_LOOP('',(#4065));
#1005=EDGE_LOOP('',(#4066,#4067,#4068,#4069));
#1006=EDGE_LOOP('',(#4070));
#1007=EDGE_LOOP('',(#4071));
#1008=EDGE_LOOP('',(#4072));
#1009=EDGE_LOOP('',(#4073,#4074,#4075,#4076));
#1010=EDGE_LOOP('',(#4077));
#1011=EDGE_LOOP('',(#4078));
#1012=EDGE_LOOP('',(#4079));
#1013=EDGE_LOOP('',(#4080));
#1014=EDGE_LOOP('',(#4081,#4082,#4083,#4084));
#1015=EDGE_LOOP('',(#4085));
#1016=EDGE_LOOP('',(#4086));
#1017=EDGE_LOOP('',(#4087));
#1018=EDGE_LOOP('',(#4088));
#1019=EDGE_LOOP('',(#4089));
#1020=EDGE_LOOP('',(#4090));
#1021=EDGE_LOOP('',(#4091));
#1022=EDGE_LOOP('',(#4092));
#1023=EDGE_LOOP('',(#4093));
#1024=EDGE_LOOP('',(#4094));
#1025=EDGE_LOOP('',(#4095));
#1026=EDGE_LOOP('',(#4096));
#1027=EDGE_LOOP('',(#4097));
#1028=EDGE_LOOP('',(#4098));
#1029=EDGE_LOOP('',(#4099));
#1030=EDGE_LOOP('',(#4100));
#1031=EDGE_LOOP('',(#4101));
#1032=EDGE_LOOP('',(#4102));
#1033=EDGE_LOOP('',(#4103));
#1034=EDGE_LOOP('',(#4104));
#1035=EDGE_LOOP('',(#4105));
#1036=EDGE_LOOP('',(#4106));
#1037=EDGE_LOOP('',(#4107));
#1038=EDGE_LOOP('',(#4108));
#1039=EDGE_LOOP('',(#4109));
#1040=EDGE_LOOP('',(#4110));
#1041=EDGE_LOOP('',(#4111));
#1042=EDGE_LOOP('',(#4112));
#1043=EDGE_LOOP('',(#4113));
#1044=EDGE_LOOP('',(#4114));
#1045=EDGE_LOOP('',(#4115));
#1046=EDGE_LOOP('',(#4116));
#1047=EDGE_LOOP('',(#4117));
#1048=EDGE_LOOP('',(#4118));
#1049=EDGE_LOOP('',(#4119));
#1050=EDGE_LOOP('',(#4120));
#1051=EDGE_LOOP('',(#4121));
#1052=EDGE_LOOP('',(#4122));
#1053=EDGE_LOOP('',(#4123));
#1054=EDGE_LOOP('',(#4124));
#1055=EDGE_LOOP('',(#4125));
#1056=EDGE_LOOP('',(#4126));
#1057=EDGE_LOOP('',(#4127,#4128,#4129,#4130));
#1058=EDGE_LOOP('',(#4131));
#1059=EDGE_LOOP('',(#4132));
#1060=EDGE_LOOP('',(#4133));
#1061=EDGE_LOOP('',(#4134));
#1062=EDGE_LOOP('',(#4135));
#1063=EDGE_LOOP('',(#4136,#4137,#4138,#4139));
#1064=EDGE_LOOP('',(#4140));
#1065=EDGE_LOOP('',(#4141));
#1066=EDGE_LOOP('',(#4142));
#1067=EDGE_LOOP('',(#4143,#4144,#4145,#4146));
#1068=EDGE_LOOP('',(#4147));
#1069=EDGE_LOOP('',(#4148));
#1070=EDGE_LOOP('',(#4149));
#1071=EDGE_LOOP('',(#4150));
#1072=EDGE_LOOP('',(#4151,#4152,#4153,#4154));
#1073=EDGE_LOOP('',(#4155,#4156,#4157,#4158));
#1074=EDGE_LOOP('',(#4159,#4160,#4161,#4162));
#1075=EDGE_LOOP('',(#4163,#4164,#4165,#4166));
#1076=EDGE_LOOP('',(#4167,#4168,#4169,#4170));
#1077=EDGE_LOOP('',(#4171,#4172,#4173,#4174));
#1078=EDGE_LOOP('',(#4175,#4176,#4177,#4178));
#1079=EDGE_LOOP('',(#4179,#4180,#4181,#4182));
#1080=EDGE_LOOP('',(#4183,#4184,#4185,#4186));
#1081=EDGE_LOOP('',(#4187,#4188,#4189,#4190));
#1082=EDGE_LOOP('',(#4191,#4192,#4193,#4194));
#1083=EDGE_LOOP('',(#4195,#4196,#4197,#4198));
#1084=EDGE_LOOP('',(#4199,#4200,#4201,#4202));
#1085=EDGE_LOOP('',(#4203,#4204,#4205,#4206));
#1086=EDGE_LOOP('',(#4207,#4208,#4209,#4210));
#1087=EDGE_LOOP('',(#4211,#4212,#4213,#4214));
#1088=EDGE_LOOP('',(#4215,#4216,#4217,#4218));
#1089=EDGE_LOOP('',(#4219,#4220,#4221,#4222));
#1090=EDGE_LOOP('',(#4223,#4224,#4225,#4226));
#1091=EDGE_LOOP('',(#4227,#4228,#4229,#4230));
#1092=EDGE_LOOP('',(#4231,#4232,#4233,#4234));
#1093=EDGE_LOOP('',(#4235,#4236,#4237,#4238));
#1094=EDGE_LOOP('',(#4239,#4240,#4241,#4242));
#1095=EDGE_LOOP('',(#4243,#4244,#4245,#4246));
#1096=EDGE_LOOP('',(#4247,#4248,#4249,#4250));
#1097=EDGE_LOOP('',(#4251,#4252,#4253,#4254));
#1098=EDGE_LOOP('',(#4255,#4256,#4257,#4258));
#1099=EDGE_LOOP('',(#4259,#4260,#4261,#4262));
#1100=EDGE_LOOP('',(#4263,#4264,#4265,#4266));
#1101=EDGE_LOOP('',(#4267,#4268,#4269,#4270));
#1102=EDGE_LOOP('',(#4271,#4272,#4273,#4274));
#1103=EDGE_LOOP('',(#4275,#4276,#4277,#4278));
#1104=EDGE_LOOP('',(#4279,#4280,#4281,#4282));
#1105=EDGE_LOOP('',(#4283,#4284,#4285,#4286));
#1106=EDGE_LOOP('',(#4287,#4288,#4289,#4290));
#1107=EDGE_LOOP('',(#4291,#4292,#4293,#4294));
#1108=EDGE_LOOP('',(#4295,#4296,#4297,#4298));
#1109=EDGE_LOOP('',(#4299,#4300,#4301,#4302));
#1110=EDGE_LOOP('',(#4303,#4304,#4305,#4306));
#1111=EDGE_LOOP('',(#4307,#4308,#4309,#4310));
#1112=EDGE_LOOP('',(#4311,#4312,#4313,#4314));
#1113=EDGE_LOOP('',(#4315,#4316,#4317,#4318));
#1114=EDGE_LOOP('',(#4319,#4320,#4321,#4322));
#1115=EDGE_LOOP('',(#4323,#4324,#4325,#4326));
#1116=EDGE_LOOP('',(#4327,#4328,#4329,#4330));
#1117=EDGE_LOOP('',(#4331,#4332,#4333,#4334));
#1118=EDGE_LOOP('',(#4335,#4336,#4337,#4338));
#1119=EDGE_LOOP('',(#4339,#4340,#4341,#4342));
#1120=EDGE_LOOP('',(#4343,#4344,#4345,#4346));
#1121=EDGE_LOOP('',(#4347,#4348,#4349,#4350));
#1122=EDGE_LOOP('',(#4351,#4352,#4353,#4354));
#1123=EDGE_LOOP('',(#4355,#4356,#4357,#4358));
#1124=EDGE_LOOP('',(#4359,#4360,#4361,#4362));
#1125=EDGE_LOOP('',(#4363,#4364,#4365,#4366));
#1126=EDGE_LOOP('',(#4367,#4368,#4369,#4370));
#1127=EDGE_LOOP('',(#4371,#4372,#4373,#4374));
#1128=EDGE_LOOP('',(#4375,#4376,#4377,#4378));
#1129=EDGE_LOOP('',(#4379,#4380,#4381,#4382));
#1130=EDGE_LOOP('',(#4383,#4384,#4385,#4386));
#1131=EDGE_LOOP('',(#4387,#4388,#4389,#4390));
#1132=EDGE_LOOP('',(#4391,#4392,#4393,#4394));
#1133=EDGE_LOOP('',(#4395,#4396,#4397,#4398));
#1134=EDGE_LOOP('',(#4399,#4400,#4401,#4402));
#1135=EDGE_LOOP('',(#4403,#4404,#4405,#4406));
#1136=EDGE_LOOP('',(#4407,#4408,#4409,#4410));
#1137=EDGE_LOOP('',(#4411,#4412,#4413,#4414));
#1138=EDGE_LOOP('',(#4415,#4416,#4417,#4418));
#1139=EDGE_LOOP('',(#4419,#4420,#4421,#4422));
#1140=EDGE_LOOP('',(#4423,#4424,#4425,#4426,#4427,#4428,#4429,#4430,#4431,
#4432));
#1141=EDGE_LOOP('',(#4433,#4434,#4435,#4436));
#1142=EDGE_LOOP('',(#4437,#4438,#4439,#4440));
#1143=EDGE_LOOP('',(#4441,#4442,#4443,#4444,#4445,#4446,#4447,#4448,#4449,
#4450));
#1144=EDGE_LOOP('',(#4451,#4452,#4453,#4454));
#1145=EDGE_LOOP('',(#4455,#4456,#4457,#4458));
#1146=EDGE_LOOP('',(#4459,#4460,#4461,#4462,#4463,#4464,#4465,#4466));
#1147=EDGE_LOOP('',(#4467,#4468,#4469,#4470));
#1148=EDGE_LOOP('',(#4471,#4472,#4473,#4474));
#1149=EDGE_LOOP('',(#4475,#4476,#4477,#4478,#4479,#4480,#4481,#4482));
#1150=EDGE_LOOP('',(#4483,#4484,#4485,#4486));
#1151=EDGE_LOOP('',(#4487,#4488,#4489,#4490,#4491,#4492,#4493,#4494,#4495,
#4496));
#1152=EDGE_LOOP('',(#4497,#4498,#4499,#4500));
#1153=EDGE_LOOP('',(#4501,#4502,#4503,#4504));
#1154=EDGE_LOOP('',(#4505,#4506,#4507,#4508,#4509,#4510,#4511,#4512,#4513,
#4514));
#1155=EDGE_LOOP('',(#4515,#4516,#4517,#4518));
#1156=EDGE_LOOP('',(#4519,#4520,#4521,#4522));
#1157=EDGE_LOOP('',(#4523,#4524,#4525,#4526));
#1158=EDGE_LOOP('',(#4527,#4528,#4529,#4530));
#1159=EDGE_LOOP('',(#4531,#4532,#4533,#4534));
#1160=EDGE_LOOP('',(#4535,#4536,#4537,#4538));
#1161=EDGE_LOOP('',(#4539,#4540,#4541,#4542));
#1162=EDGE_LOOP('',(#4543,#4544,#4545,#4546));
#1163=EDGE_LOOP('',(#4547,#4548,#4549,#4550));
#1164=EDGE_LOOP('',(#4551,#4552,#4553,#4554));
#1165=EDGE_LOOP('',(#4555,#4556,#4557,#4558,#4559,#4560,#4561,#4562));
#1166=EDGE_LOOP('',(#4563,#4564,#4565,#4566));
#1167=EDGE_LOOP('',(#4567,#4568,#4569,#4570));
#1168=EDGE_LOOP('',(#4571,#4572,#4573,#4574));
#1169=EDGE_LOOP('',(#4575,#4576,#4577,#4578));
#1170=EDGE_LOOP('',(#4579,#4580,#4581,#4582));
#1171=EDGE_LOOP('',(#4583,#4584,#4585,#4586));
#1172=EDGE_LOOP('',(#4587,#4588,#4589,#4590));
#1173=EDGE_LOOP('',(#4591,#4592,#4593,#4594));
#1174=EDGE_LOOP('',(#4595,#4596,#4597,#4598,#4599,#4600,#4601,#4602));
#1175=EDGE_LOOP('',(#4603,#4604,#4605,#4606,#4607,#4608,#4609,#4610));
#1176=EDGE_LOOP('',(#4611,#4612,#4613,#4614));
#1177=EDGE_LOOP('',(#4615,#4616,#4617,#4618));
#1178=EDGE_LOOP('',(#4619,#4620,#4621,#4622));
#1179=EDGE_LOOP('',(#4623,#4624,#4625,#4626));
#1180=EDGE_LOOP('',(#4627,#4628,#4629,#4630));
#1181=EDGE_LOOP('',(#4631,#4632,#4633,#4634));
#1182=EDGE_LOOP('',(#4635,#4636,#4637,#4638));
#1183=EDGE_LOOP('',(#4639,#4640,#4641,#4642));
#1184=EDGE_LOOP('',(#4643,#4644,#4645,#4646,#4647,#4648,#4649,#4650));
#1185=EDGE_LOOP('',(#4651,#4652,#4653,#4654,#4655,#4656,#4657,#4658));
#1186=EDGE_LOOP('',(#4659,#4660,#4661,#4662));
#1187=EDGE_LOOP('',(#4663,#4664,#4665,#4666));
#1188=EDGE_LOOP('',(#4667,#4668,#4669,#4670));
#1189=EDGE_LOOP('',(#4671,#4672,#4673,#4674));
#1190=EDGE_LOOP('',(#4675,#4676,#4677,#4678));
#1191=EDGE_LOOP('',(#4679,#4680,#4681,#4682));
#1192=EDGE_LOOP('',(#4683,#4684,#4685,#4686));
#1193=EDGE_LOOP('',(#4687,#4688,#4689,#4690));
#1194=EDGE_LOOP('',(#4691,#4692,#4693,#4694,#4695,#4696,#4697,#4698));
#1195=EDGE_LOOP('',(#4699,#4700,#4701,#4702));
#1196=EDGE_LOOP('',(#4703,#4704,#4705,#4706));
#1197=EDGE_LOOP('',(#4707,#4708,#4709,#4710));
#1198=EDGE_LOOP('',(#4711,#4712,#4713,#4714));
#1199=EDGE_LOOP('',(#4715,#4716,#4717,#4718,#4719,#4720,#4721,#4722,#4723,
#4724,#4725,#4726,#4727,#4728,#4729,#4730));
#1200=EDGE_LOOP('',(#4731,#4732,#4733,#4734));
#1201=EDGE_LOOP('',(#4735));
#1202=EDGE_LOOP('',(#4736,#4737,#4738,#4739));
#1203=EDGE_LOOP('',(#4740,#4741,#4742,#4743));
#1204=EDGE_LOOP('',(#4744));
#1205=EDGE_LOOP('',(#4745));
#1206=EDGE_LOOP('',(#4746,#4747,#4748,#4749));
#1207=EDGE_LOOP('',(#4750,#4751,#4752,#4753));
#1208=EDGE_LOOP('',(#4754,#4755,#4756,#4757));
#1209=EDGE_LOOP('',(#4758,#4759,#4760,#4761));
#1210=EDGE_LOOP('',(#4762,#4763,#4764,#4765));
#1211=EDGE_LOOP('',(#4766,#4767,#4768,#4769));
#1212=EDGE_LOOP('',(#4770,#4771,#4772,#4773));
#1213=EDGE_LOOP('',(#4774,#4775,#4776,#4777));
#1214=EDGE_LOOP('',(#4778));
#1215=EDGE_LOOP('',(#4779,#4780,#4781,#4782));
#1216=EDGE_LOOP('',(#4783));
#1217=EDGE_LOOP('',(#4784,#4785,#4786,#4787));
#1218=EDGE_LOOP('',(#4788,#4789,#4790,#4791));
#1219=EDGE_LOOP('',(#4792,#4793,#4794,#4795));
#1220=EDGE_LOOP('',(#4796,#4797,#4798,#4799,#4800,#4801));
#1221=EDGE_LOOP('',(#4802,#4803,#4804,#4805));
#1222=EDGE_LOOP('',(#4806,#4807,#4808,#4809));
#1223=EDGE_LOOP('',(#4810,#4811,#4812,#4813));
#1224=EDGE_LOOP('',(#4814,#4815,#4816,#4817));
#1225=EDGE_LOOP('',(#4818,#4819,#4820,#4821));
#1226=EDGE_LOOP('',(#4822,#4823,#4824,#4825));
#1227=EDGE_LOOP('',(#4826,#4827,#4828,#4829));
#1228=EDGE_LOOP('',(#4830,#4831,#4832,#4833,#4834,#4835));
#1229=EDGE_LOOP('',(#4836,#4837,#4838,#4839));
#1230=EDGE_LOOP('',(#4840,#4841,#4842,#4843));
#1231=EDGE_LOOP('',(#4844));
#1232=EDGE_LOOP('',(#4845,#4846,#4847,#4848));
#1233=EDGE_LOOP('',(#4849,#4850,#4851,#4852));
#1234=EDGE_LOOP('',(#4853,#4854,#4855,#4856));
#1235=EDGE_LOOP('',(#4857,#4858,#4859,#4860));
#1236=EDGE_LOOP('',(#4861,#4862,#4863,#4864));
#1237=EDGE_LOOP('',(#4865,#4866,#4867,#4868));
#1238=EDGE_LOOP('',(#4869,#4870,#4871,#4872,#4873,#4874,#4875,#4876,#4877,
#4878,#4879,#4880,#4881,#4882,#4883,#4884));
#1239=EDGE_LOOP('',(#4885,#4886,#4887,#4888));
#1240=EDGE_LOOP('',(#4889,#4890,#4891,#4892));
#1241=EDGE_LOOP('',(#4893,#4894,#4895,#4896));
#1242=EDGE_LOOP('',(#4897,#4898,#4899,#4900));
#1243=EDGE_LOOP('',(#4901,#4902,#4903,#4904));
#1244=EDGE_LOOP('',(#4905,#4906,#4907,#4908));
#1245=EDGE_LOOP('',(#4909,#4910,#4911,#4912));
#1246=EDGE_LOOP('',(#4913,#4914,#4915,#4916));
#1247=EDGE_LOOP('',(#4917,#4918,#4919,#4920));
#1248=EDGE_LOOP('',(#4921,#4922,#4923,#4924));
#1249=EDGE_LOOP('',(#4925,#4926,#4927,#4928));
#1250=EDGE_LOOP('',(#4929,#4930,#4931,#4932));
#1251=EDGE_LOOP('',(#4933,#4934,#4935,#4936));
#1252=EDGE_LOOP('',(#4937,#4938,#4939,#4940));
#1253=EDGE_LOOP('',(#4941,#4942,#4943,#4944));
#1254=EDGE_LOOP('',(#4945,#4946,#4947,#4948));
#1255=EDGE_LOOP('',(#4949,#4950,#4951,#4952));
#1256=EDGE_LOOP('',(#4953,#4954,#4955,#4956));
#1257=EDGE_LOOP('',(#4957,#4958,#4959,#4960));
#1258=EDGE_LOOP('',(#4961,#4962,#4963,#4964));
#1259=EDGE_LOOP('',(#4965,#4966,#4967,#4968));
#1260=EDGE_LOOP('',(#4969,#4970,#4971,#4972));
#1261=EDGE_LOOP('',(#4973,#4974,#4975,#4976));
#1262=EDGE_LOOP('',(#4977));
#1263=EDGE_LOOP('',(#4978));
#1264=EDGE_LOOP('',(#4979,#4980,#4981,#4982));
#1265=EDGE_LOOP('',(#4983,#4984,#4985,#4986));
#1266=EDGE_LOOP('',(#4987));
#1267=EDGE_LOOP('',(#4988));
#1268=EDGE_LOOP('',(#4989,#4990,#4991,#4992));
#1269=EDGE_LOOP('',(#4993,#4994,#4995,#4996));
#1270=EDGE_LOOP('',(#4997));
#1271=EDGE_LOOP('',(#4998));
#1272=EDGE_LOOP('',(#4999,#5000,#5001,#5002));
#1273=EDGE_LOOP('',(#5003,#5004,#5005,#5006));
#1274=EDGE_LOOP('',(#5007,#5008,#5009,#5010));
#1275=EDGE_LOOP('',(#5011));
#1276=EDGE_LOOP('',(#5012,#5013,#5014,#5015));
#1277=EDGE_LOOP('',(#5016));
#1278=EDGE_LOOP('',(#5017,#5018,#5019,#5020));
#1279=EDGE_LOOP('',(#5021));
#1280=EDGE_LOOP('',(#5022,#5023,#5024,#5025));
#1281=EDGE_LOOP('',(#5026));
#1282=EDGE_LOOP('',(#5027));
#1283=EDGE_LOOP('',(#5028,#5029,#5030,#5031));
#1284=EDGE_LOOP('',(#5032));
#1285=EDGE_LOOP('',(#5033));
#1286=EDGE_LOOP('',(#5034,#5035,#5036,#5037));
#1287=EDGE_LOOP('',(#5038,#5039,#5040,#5041,#5042,#5043,#5044,#5045));
#1288=EDGE_LOOP('',(#5046,#5047,#5048,#5049));
#1289=EDGE_LOOP('',(#5050,#5051,#5052,#5053));
#1290=EDGE_LOOP('',(#5054,#5055,#5056,#5057));
#1291=EDGE_LOOP('',(#5058,#5059,#5060,#5061));
#1292=EDGE_LOOP('',(#5062,#5063,#5064,#5065));
#1293=EDGE_LOOP('',(#5066,#5067,#5068,#5069));
#1294=EDGE_LOOP('',(#5070,#5071,#5072,#5073));
#1295=EDGE_LOOP('',(#5074,#5075,#5076,#5077));
#1296=EDGE_LOOP('',(#5078,#5079,#5080,#5081));
#1297=EDGE_LOOP('',(#5082,#5083,#5084,#5085));
#1298=EDGE_LOOP('',(#5086,#5087,#5088,#5089));
#1299=EDGE_LOOP('',(#5090,#5091,#5092,#5093));
#1300=EDGE_LOOP('',(#5094));
#1301=EDGE_LOOP('',(#5095));
#1302=EDGE_LOOP('',(#5096,#5097,#5098,#5099,#5100,#5101,#5102,#5103));
#1303=EDGE_LOOP('',(#5104));
#1304=EDGE_LOOP('',(#5105));
#1305=EDGE_LOOP('',(#5106));
#1306=EDGE_LOOP('',(#5107));
#1307=EDGE_LOOP('',(#5108,#5109,#5110,#5111));
#1308=EDGE_LOOP('',(#5112,#5113,#5114,#5115));
#1309=EDGE_LOOP('',(#5116,#5117,#5118,#5119));
#1310=EDGE_LOOP('',(#5120,#5121,#5122,#5123));
#1311=EDGE_LOOP('',(#5124,#5125,#5126,#5127));
#1312=EDGE_LOOP('',(#5128,#5129,#5130,#5131));
#1313=EDGE_LOOP('',(#5132,#5133,#5134,#5135));
#1314=EDGE_LOOP('',(#5136,#5137,#5138,#5139));
#1315=EDGE_LOOP('',(#5140,#5141,#5142,#5143));
#1316=EDGE_LOOP('',(#5144,#5145,#5146,#5147));
#1317=EDGE_LOOP('',(#5148));
#1318=EDGE_LOOP('',(#5149));
#1319=EDGE_LOOP('',(#5150));
#1320=EDGE_LOOP('',(#5151,#5152,#5153,#5154));
#1321=EDGE_LOOP('',(#5155,#5156,#5157,#5158));
#1322=EDGE_LOOP('',(#5159));
#1323=EDGE_LOOP('',(#5160));
#1324=EDGE_LOOP('',(#5161));
#1325=EDGE_LOOP('',(#5162));
#1326=EDGE_LOOP('',(#5163));
#1327=EDGE_LOOP('',(#5164,#5165,#5166,#5167));
#1328=EDGE_LOOP('',(#5168));
#1329=EDGE_LOOP('',(#5169,#5170,#5171,#5172));
#1330=LINE('',#8041,#1863);
#1331=LINE('',#8043,#1864);
#1332=LINE('',#8045,#1865);
#1333=LINE('',#8046,#1866);
#1334=LINE('',#8049,#1867);
#1335=LINE('',#8051,#1868);
#1336=LINE('',#8053,#1869);
#1337=LINE('',#8055,#1870);
#1338=LINE('',#8057,#1871);
#1339=LINE('',#8059,#1872);
#1340=LINE('',#8060,#1873);
#1341=LINE('',#8063,#1874);
#1342=LINE('',#8064,#1875);
#1343=LINE('',#8067,#1876);
#1344=LINE('',#8069,#1877);
#1345=LINE('',#8070,#1878);
#1346=LINE('',#8073,#1879);
#1347=LINE('',#8074,#1880);
#1348=LINE('',#8077,#1881);
#1349=LINE('',#8079,#1882);
#1350=LINE('',#8081,#1883);
#1351=LINE('',#8083,#1884);
#1352=LINE('',#8085,#1885);
#1353=LINE('',#8086,#1886);
#1354=LINE('',#8089,#1887);
#1355=LINE('',#8091,#1888);
#1356=LINE('',#8093,#1889);
#1357=LINE('',#8094,#1890);
#1358=LINE('',#8097,#1891);
#1359=LINE('',#8098,#1892);
#1360=LINE('',#8101,#1893);
#1361=LINE('',#8102,#1894);
#1362=LINE('',#8104,#1895);
#1363=LINE('',#8107,#1896);
#1364=LINE('',#8108,#1897);
#1365=LINE('',#8111,#1898);
#1366=LINE('',#8113,#1899);
#1367=LINE('',#8115,#1900);
#1368=LINE('',#8117,#1901);
#1369=LINE('',#8119,#1902);
#1370=LINE('',#8121,#1903);
#1371=LINE('',#8123,#1904);
#1372=LINE('',#8125,#1905);
#1373=LINE('',#8127,#1906);
#1374=LINE('',#8128,#1907);
#1375=LINE('',#8130,#1908);
#1376=LINE('',#8133,#1909);
#1377=LINE('',#8135,#1910);
#1378=LINE('',#8136,#1911);
#1379=LINE('',#8141,#1912);
#1380=LINE('',#8145,#1913);
#1381=LINE('',#8147,#1914);
#1382=LINE('',#8148,#1915);
#1383=LINE('',#8153,#1916);
#1384=LINE('',#8156,#1917);
#1385=LINE('',#8158,#1918);
#1386=LINE('',#8163,#1919);
#1387=LINE('',#8167,#1920);
#1388=LINE('',#8169,#1921);
#1389=LINE('',#8170,#1922);
#1390=LINE('',#8173,#1923);
#1391=LINE('',#8174,#1924);
#1392=LINE('',#8177,#1925);
#1393=LINE('',#8178,#1926);
#1394=LINE('',#8180,#1927);
#1395=LINE('',#8183,#1928);
#1396=LINE('',#8184,#1929);
#1397=LINE('',#8185,#1930);
#1398=LINE('',#8189,#1931);
#1399=LINE('',#8191,#1932);
#1400=LINE('',#8193,#1933);
#1401=LINE('',#8194,#1934);
#1402=LINE('',#8196,#1935);
#1403=LINE('',#8197,#1936);
#1404=LINE('',#8200,#1937);
#1405=LINE('',#8201,#1938);
#1406=LINE('',#8204,#1939);
#1407=LINE('',#8205,#1940);
#1408=LINE('',#8208,#1941);
#1409=LINE('',#8209,#1942);
#1410=LINE('',#8212,#1943);
#1411=LINE('',#8214,#1944);
#1412=LINE('',#8216,#1945);
#1413=LINE('',#8217,#1946);
#1414=LINE('',#8219,#1947);
#1415=LINE('',#8220,#1948);
#1416=LINE('',#8223,#1949);
#1417=LINE('',#8225,#1950);
#1418=LINE('',#8226,#1951);
#1419=LINE('',#8227,#1952);
#1420=LINE('',#8232,#1953);
#1421=LINE('',#8236,#1954);
#1422=LINE('',#8238,#1955);
#1423=LINE('',#8240,#1956);
#1424=LINE('',#8243,#1957);
#1425=LINE('',#8246,#1958);
#1426=LINE('',#8247,#1959);
#1427=LINE('',#8252,#1960);
#1428=LINE('',#8254,#1961);
#1429=LINE('',#8256,#1962);
#1430=LINE('',#8260,#1963);
#1431=LINE('',#8263,#1964);
#1432=LINE('',#8268,#1965);
#1433=LINE('',#8272,#1966);
#1434=LINE('',#8274,#1967);
#1435=LINE('',#8276,#1968);
#1436=LINE('',#8279,#1969);
#1437=LINE('',#8282,#1970);
#1438=LINE('',#8283,#1971);
#1439=LINE('',#8288,#1972);
#1440=LINE('',#8290,#1973);
#1441=LINE('',#8292,#1974);
#1442=LINE('',#8296,#1975);
#1443=LINE('',#8302,#1976);
#1444=LINE('',#8306,#1977);
#1445=LINE('',#8308,#1978);
#1446=LINE('',#8310,#1979);
#1447=LINE('',#8313,#1980);
#1448=LINE('',#8316,#1981);
#1449=LINE('',#8317,#1982);
#1450=LINE('',#8322,#1983);
#1451=LINE('',#8324,#1984);
#1452=LINE('',#8326,#1985);
#1453=LINE('',#8330,#1986);
#1454=LINE('',#8333,#1987);
#1455=LINE('',#8335,#1988);
#1456=LINE('',#8338,#1989);
#1457=LINE('',#8340,#1990);
#1458=LINE('',#8341,#1991);
#1459=LINE('',#8345,#1992);
#1460=LINE('',#8347,#1993);
#1461=LINE('',#8349,#1994);
#1462=LINE('',#8352,#1995);
#1463=LINE('',#8354,#1996);
#1464=LINE('',#8356,#1997);
#1465=LINE('',#8358,#1998);
#1466=LINE('',#8360,#1999);
#1467=LINE('',#8362,#2000);
#1468=LINE('',#8365,#2001);
#1469=LINE('',#8367,#2002);
#1470=LINE('',#8369,#2003);
#1471=LINE('',#8371,#2004);
#1472=LINE('',#8373,#2005);
#1473=LINE('',#8376,#2006);
#1474=LINE('',#8378,#2007);
#1475=LINE('',#8380,#2008);
#1476=LINE('',#8382,#2009);
#1477=LINE('',#8384,#2010);
#1478=LINE('',#8392,#2011);
#1479=LINE('',#8394,#2012);
#1480=LINE('',#8396,#2013);
#1481=LINE('',#8397,#2014);
#1482=LINE('',#8401,#2015);
#1483=LINE('',#8402,#2016);
#1484=LINE('',#8403,#2017);
#1485=LINE('',#8406,#2018);
#1486=LINE('',#8408,#2019);
#1487=LINE('',#8409,#2020);
#1488=LINE('',#8411,#2021);
#1489=LINE('',#8498,#2022);
#1490=LINE('',#8500,#2023);
#1491=LINE('',#8502,#2024);
#1492=LINE('',#8503,#2025);
#1493=LINE('',#8518,#2026);
#1494=LINE('',#8521,#2027);
#1495=LINE('',#8532,#2028);
#1496=LINE('',#8535,#2029);
#1497=LINE('',#8545,#2030);
#1498=LINE('',#8632,#2031);
#1499=LINE('',#8634,#2032);
#1500=LINE('',#8636,#2033);
#1501=LINE('',#8637,#2034);
#1502=LINE('',#8652,#2035);
#1503=LINE('',#8655,#2036);
#1504=LINE('',#8666,#2037);
#1505=LINE('',#8669,#2038);
#1506=LINE('',#8680,#2039);
#1507=LINE('',#8682,#2040);
#1508=LINE('',#8684,#2041);
#1509=LINE('',#8686,#2042);
#1510=LINE('',#8688,#2043);
#1511=LINE('',#8690,#2044);
#1512=LINE('',#8692,#2045);
#1513=LINE('',#8694,#2046);
#1514=LINE('',#8696,#2047);
#1515=LINE('',#8698,#2048);
#1516=LINE('',#8700,#2049);
#1517=LINE('',#8702,#2050);
#1518=LINE('',#8704,#2051);
#1519=LINE('',#8706,#2052);
#1520=LINE('',#8708,#2053);
#1521=LINE('',#8710,#2054);
#1522=LINE('',#8712,#2055);
#1523=LINE('',#8714,#2056);
#1524=LINE('',#8716,#2057);
#1525=LINE('',#8718,#2058);
#1526=LINE('',#8720,#2059);
#1527=LINE('',#8722,#2060);
#1528=LINE('',#8724,#2061);
#1529=LINE('',#8726,#2062);
#1530=LINE('',#8728,#2063);
#1531=LINE('',#8730,#2064);
#1532=LINE('',#8732,#2065);
#1533=LINE('',#8734,#2066);
#1534=LINE('',#8736,#2067);
#1535=LINE('',#8738,#2068);
#1536=LINE('',#8740,#2069);
#1537=LINE('',#8742,#2070);
#1538=LINE('',#8744,#2071);
#1539=LINE('',#8746,#2072);
#1540=LINE('',#8748,#2073);
#1541=LINE('',#8750,#2074);
#1542=LINE('',#8752,#2075);
#1543=LINE('',#8754,#2076);
#1544=LINE('',#8756,#2077);
#1545=LINE('',#8758,#2078);
#1546=LINE('',#8760,#2079);
#1547=LINE('',#8762,#2080);
#1548=LINE('',#8764,#2081);
#1549=LINE('',#8765,#2082);
#1550=LINE('',#8767,#2083);
#1551=LINE('',#8769,#2084);
#1552=LINE('',#8772,#2085);
#1553=LINE('',#8774,#2086);
#1554=LINE('',#8776,#2087);
#1555=LINE('',#8778,#2088);
#1556=LINE('',#8780,#2089);
#1557=LINE('',#8782,#2090);
#1558=LINE('',#8783,#2091);
#1559=LINE('',#8785,#2092);
#1560=LINE('',#8787,#2093);
#1561=LINE('',#8790,#2094);
#1562=LINE('',#8792,#2095);
#1563=LINE('',#8794,#2096);
#1564=LINE('',#8796,#2097);
#1565=LINE('',#8797,#2098);
#1566=LINE('',#8799,#2099);
#1567=LINE('',#8801,#2100);
#1568=LINE('',#8804,#2101);
#1569=LINE('',#8806,#2102);
#1570=LINE('',#8808,#2103);
#1571=LINE('',#8810,#2104);
#1572=LINE('',#8816,#2105);
#1573=LINE('',#8818,#2106);
#1574=LINE('',#8820,#2107);
#1575=LINE('',#8821,#2108);
#1576=LINE('',#8825,#2109);
#1577=LINE('',#8829,#2110);
#1578=LINE('',#8831,#2111);
#1579=LINE('',#8833,#2112);
#1580=LINE('',#8837,#2113);
#1581=LINE('',#8843,#2114);
#1582=LINE('',#8846,#2115);
#1583=LINE('',#8850,#2116);
#1584=LINE('',#8852,#2117);
#1585=LINE('',#8856,#2118);
#1586=LINE('',#8858,#2119);
#1587=LINE('',#8860,#2120);
#1588=LINE('',#8863,#2121);
#1589=LINE('',#8865,#2122);
#1590=LINE('',#8868,#2123);
#1591=LINE('',#8870,#2124);
#1592=LINE('',#8872,#2125);
#1593=LINE('',#8874,#2126);
#1594=LINE('',#8875,#2127);
#1595=LINE('',#8877,#2128);
#1596=LINE('',#8879,#2129);
#1597=LINE('',#8882,#2130);
#1598=LINE('',#8884,#2131);
#1599=LINE('',#8886,#2132);
#1600=LINE('',#8888,#2133);
#1601=LINE('',#8889,#2134);
#1602=LINE('',#8891,#2135);
#1603=LINE('',#8895,#2136);
#1604=LINE('',#8899,#2137);
#1605=LINE('',#8903,#2138);
#1606=LINE('',#8908,#2139);
#1607=LINE('',#8910,#2140);
#1608=LINE('',#8911,#2141);
#1609=LINE('',#8914,#2142);
#1610=LINE('',#8915,#2143);
#1611=LINE('',#8919,#2144);
#1612=LINE('',#8924,#2145);
#1613=LINE('',#8928,#2146);
#1614=LINE('',#8932,#2147);
#1615=LINE('',#8933,#2148);
#1616=LINE('',#8935,#2149);
#1617=LINE('',#8937,#2150);
#1618=LINE('',#8939,#2151);
#1619=LINE('',#8941,#2152);
#1620=LINE('',#8943,#2153);
#1621=LINE('',#8945,#2154);
#1622=LINE('',#8947,#2155);
#1623=LINE('',#8949,#2156);
#1624=LINE('',#8957,#2157);
#1625=LINE('',#8961,#2158);
#1626=LINE('',#8965,#2159);
#1627=LINE('',#8969,#2160);
#1628=LINE('',#8974,#2161);
#1629=LINE('',#8975,#2162);
#1630=LINE('',#8976,#2163);
#1631=LINE('',#8979,#2164);
#1632=LINE('',#8984,#2165);
#1633=LINE('',#8987,#2166);
#1634=LINE('',#8988,#2167);
#1635=LINE('',#8991,#2168);
#1636=LINE('',#8992,#2169);
#1637=LINE('',#8995,#2170);
#1638=LINE('',#9000,#2171);
#1639=LINE('',#9002,#2172);
#1640=LINE('',#9008,#2173);
#1641=LINE('',#9012,#2174);
#1642=LINE('',#9016,#2175);
#1643=LINE('',#9019,#2176);
#1644=LINE('',#9022,#2177);
#1645=LINE('',#9025,#2178);
#1646=LINE('',#9028,#2179);
#1647=LINE('',#9029,#2180);
#1648=LINE('',#9032,#2181);
#1649=LINE('',#9036,#2182);
#1650=LINE('',#9037,#2183);
#1651=LINE('',#9040,#2184);
#1652=LINE('',#9044,#2185);
#1653=LINE('',#9045,#2186);
#1654=LINE('',#9048,#2187);
#1655=LINE('',#9051,#2188);
#1656=LINE('',#9055,#2189);
#1657=LINE('',#9059,#2190);
#1658=LINE('',#9063,#2191);
#1659=LINE('',#9067,#2192);
#1660=LINE('',#9072,#2193);
#1661=LINE('',#9073,#2194);
#1662=LINE('',#9074,#2195);
#1663=LINE('',#9077,#2196);
#1664=LINE('',#9082,#2197);
#1665=LINE('',#9085,#2198);
#1666=LINE('',#9086,#2199);
#1667=LINE('',#9089,#2200);
#1668=LINE('',#9090,#2201);
#1669=LINE('',#9093,#2202);
#1670=LINE('',#9098,#2203);
#1671=LINE('',#9100,#2204);
#1672=LINE('',#9119,#2205);
#1673=LINE('',#9121,#2206);
#1674=LINE('',#9123,#2207);
#1675=LINE('',#9124,#2208);
#1676=LINE('',#9128,#2209);
#1677=LINE('',#9130,#2210);
#1678=LINE('',#9132,#2211);
#1679=LINE('',#9133,#2212);
#1680=LINE('',#9137,#2213);
#1681=LINE('',#9139,#2214);
#1682=LINE('',#9141,#2215);
#1683=LINE('',#9142,#2216);
#1684=LINE('',#9146,#2217);
#1685=LINE('',#9148,#2218);
#1686=LINE('',#9150,#2219);
#1687=LINE('',#9151,#2220);
#1688=LINE('',#9153,#2221);
#1689=LINE('',#9155,#2222);
#1690=LINE('',#9159,#2223);
#1691=LINE('',#9161,#2224);
#1692=LINE('',#9163,#2225);
#1693=LINE('',#9165,#2226);
#1694=LINE('',#9167,#2227);
#1695=LINE('',#9169,#2228);
#1696=LINE('',#9171,#2229);
#1697=LINE('',#9173,#2230);
#1698=LINE('',#9175,#2231);
#1699=LINE('',#9177,#2232);
#1700=LINE('',#9179,#2233);
#1701=LINE('',#9185,#2234);
#1702=LINE('',#9192,#2235);
#1703=LINE('',#9198,#2236);
#1704=LINE('',#9204,#2237);
#1705=LINE('',#9206,#2238);
#1706=LINE('',#9207,#2239);
#1707=LINE('',#9210,#2240);
#1708=LINE('',#9212,#2241);
#1709=LINE('',#9213,#2242);
#1710=LINE('',#9216,#2243);
#1711=LINE('',#9218,#2244);
#1712=LINE('',#9219,#2245);
#1713=LINE('',#9221,#2246);
#1714=LINE('',#9224,#2247);
#1715=LINE('',#9225,#2248);
#1716=LINE('',#9229,#2249);
#1717=LINE('',#9231,#2250);
#1718=LINE('',#9233,#2251);
#1719=LINE('',#9234,#2252);
#1720=LINE('',#9237,#2253);
#1721=LINE('',#9239,#2254);
#1722=LINE('',#9241,#2255);
#1723=LINE('',#9242,#2256);
#1724=LINE('',#9246,#2257);
#1725=LINE('',#9248,#2258);
#1726=LINE('',#9250,#2259);
#1727=LINE('',#9251,#2260);
#1728=LINE('',#9255,#2261);
#1729=LINE('',#9256,#2262);
#1730=LINE('',#9257,#2263);
#1731=LINE('',#9261,#2264);
#1732=LINE('',#9262,#2265);
#1733=LINE('',#9263,#2266);
#1734=LINE('',#9267,#2267);
#1735=LINE('',#9269,#2268);
#1736=LINE('',#9271,#2269);
#1737=LINE('',#9272,#2270);
#1738=LINE('',#9276,#2271);
#1739=LINE('',#9277,#2272);
#1740=LINE('',#9278,#2273);
#1741=LINE('',#9281,#2274);
#1742=LINE('',#9282,#2275);
#1743=LINE('',#9283,#2276);
#1744=LINE('',#9285,#2277);
#1745=LINE('',#9288,#2278);
#1746=LINE('',#9289,#2279);
#1747=LINE('',#9290,#2280);
#1748=LINE('',#9291,#2281);
#1749=LINE('',#9292,#2282);
#1750=LINE('',#9295,#2283);
#1751=LINE('',#9296,#2284);
#1752=LINE('',#9297,#2285);
#1753=LINE('',#9298,#2286);
#1754=LINE('',#9300,#2287);
#1755=LINE('',#9301,#2288);
#1756=LINE('',#9303,#2289);
#1757=LINE('',#9306,#2290);
#1758=LINE('',#9307,#2291);
#1759=LINE('',#9309,#2292);
#1760=LINE('',#9311,#2293);
#1761=LINE('',#9312,#2294);
#1762=LINE('',#9318,#2295);
#1763=LINE('',#9319,#2296);
#1764=LINE('',#9321,#2297);
#1765=LINE('',#9324,#2298);
#1766=LINE('',#9327,#2299);
#1767=LINE('',#9329,#2300);
#1768=LINE('',#9332,#2301);
#1769=LINE('',#9335,#2302);
#1770=LINE('',#9337,#2303);
#1771=LINE('',#9339,#2304);
#1772=LINE('',#9340,#2305);
#1773=LINE('',#9343,#2306);
#1774=LINE('',#9345,#2307);
#1775=LINE('',#9347,#2308);
#1776=LINE('',#9348,#2309);
#1777=LINE('',#9350,#2310);
#1778=LINE('',#9352,#2311);
#1779=LINE('',#9358,#2312);
#1780=LINE('',#9360,#2313);
#1781=LINE('',#9362,#2314);
#1782=LINE('',#9363,#2315);
#1783=LINE('',#9367,#2316);
#1784=LINE('',#9369,#2317);
#1785=LINE('',#9371,#2318);
#1786=LINE('',#9372,#2319);
#1787=LINE('',#9374,#2320);
#1788=LINE('',#9375,#2321);
#1789=LINE('',#9377,#2322);
#1790=LINE('',#9379,#2323);
#1791=LINE('',#9380,#2324);
#1792=LINE('',#9382,#2325);
#1793=LINE('',#9384,#2326);
#1794=LINE('',#9387,#2327);
#1795=LINE('',#9391,#2328);
#1796=LINE('',#9393,#2329);
#1797=LINE('',#9399,#2330);
#1798=LINE('',#9401,#2331);
#1799=LINE('',#9403,#2332);
#1800=LINE('',#9404,#2333);
#1801=LINE('',#9407,#2334);
#1802=LINE('',#9409,#2335);
#1803=LINE('',#9410,#2336);
#1804=LINE('',#9419,#2337);
#1805=LINE('',#9422,#2338);
#1806=LINE('',#9432,#2339);
#1807=LINE('',#9435,#2340);
#1808=LINE('',#9445,#2341);
#1809=LINE('',#9448,#2342);
#1810=LINE('',#9454,#2343);
#1811=LINE('',#9461,#2344);
#1812=LINE('',#9468,#2345);
#1813=LINE('',#9475,#2346);
#1814=LINE('',#9482,#2347);
#1815=LINE('',#9488,#2348);
#1816=LINE('',#9490,#2349);
#1817=LINE('',#9492,#2350);
#1818=LINE('',#9493,#2351);
#1819=LINE('',#9499,#2352);
#1820=LINE('',#9503,#2353);
#1821=LINE('',#9507,#2354);
#1822=LINE('',#9510,#2355);
#1823=LINE('',#9512,#2356);
#1824=LINE('',#9514,#2357);
#1825=LINE('',#9515,#2358);
#1826=LINE('',#9518,#2359);
#1827=LINE('',#9520,#2360);
#1828=LINE('',#9521,#2361);
#1829=LINE('',#9523,#2362);
#1830=LINE('',#9525,#2363);
#1831=LINE('',#9529,#2364);
#1832=LINE('',#9531,#2365);
#1833=LINE('',#9533,#2366);
#1834=LINE('',#9534,#2367);
#1835=LINE('',#9538,#2368);
#1836=LINE('',#9540,#2369);
#1837=LINE('',#9542,#2370);
#1838=LINE('',#9543,#2371);
#1839=LINE('',#9545,#2372);
#1840=LINE('',#9546,#2373);
#1841=LINE('',#9548,#2374);
#1842=LINE('',#9550,#2375);
#1843=LINE('',#9551,#2376);
#1844=LINE('',#9554,#2377);
#1845=LINE('',#9555,#2378);
#1846=LINE('',#9557,#2379);
#1847=LINE('',#9561,#2380);
#1848=LINE('',#9565,#2381);
#1849=LINE('',#9569,#2382);
#1850=LINE('',#9573,#2383);
#1851=LINE('',#9578,#2384);
#1852=LINE('',#9579,#2385);
#1853=LINE('',#9581,#2386);
#1854=LINE('',#9583,#2387);
#1855=LINE('',#9585,#2388);
#1856=LINE('',#9587,#2389);
#1857=LINE('',#9589,#2390);
#1858=LINE('',#9591,#2391);
#1859=LINE('',#9594,#2392);
#1860=LINE('',#9598,#2393);
#1861=LINE('',#9610,#2394);
#1862=LINE('',#9615,#2395);
#1863=VECTOR('',#6405,1.);
#1864=VECTOR('',#6406,10.);
#1865=VECTOR('',#6407,1.);
#1866=VECTOR('',#6408,10.);
#1867=VECTOR('',#6411,1.00000000000064);
#1868=VECTOR('',#6412,1.);
#1869=VECTOR('',#6413,1.00000000000064);
#1870=VECTOR('',#6414,1.);
#1871=VECTOR('',#6415,1.00000000000064);
#1872=VECTOR('',#6416,1.);
#1873=VECTOR('',#6417,1.00000000000064);
#1874=VECTOR('',#6420,1.00000000000064);
#1875=VECTOR('',#6421,10.);
#1876=VECTOR('',#6424,10.);
#1877=VECTOR('',#6425,1.);
#1878=VECTOR('',#6426,10.);
#1879=VECTOR('',#6429,10.);
#1880=VECTOR('',#6430,1.00000000000064);
#1881=VECTOR('',#6433,10.);
#1882=VECTOR('',#6434,1.);
#1883=VECTOR('',#6435,1.);
#1884=VECTOR('',#6436,1.);
#1885=VECTOR('',#6437,1.);
#1886=VECTOR('',#6438,1.);
#1887=VECTOR('',#6441,1.);
#1888=VECTOR('',#6442,1.);
#1889=VECTOR('',#6443,1.);
#1890=VECTOR('',#6444,10.);
#1891=VECTOR('',#6447,10.);
#1892=VECTOR('',#6448,1.00000000000064);
#1893=VECTOR('',#6451,1.00000000000064);
#1894=VECTOR('',#6452,10.);
#1895=VECTOR('',#6455,1.);
#1896=VECTOR('',#6458,1.00000000000064);
#1897=VECTOR('',#6459,10.);
#1898=VECTOR('',#6462,1.00000000000064);
#1899=VECTOR('',#6463,1.);
#1900=VECTOR('',#6464,1.);
#1901=VECTOR('',#6465,1.);
#1902=VECTOR('',#6466,1.00000000000064);
#1903=VECTOR('',#6467,1.);
#1904=VECTOR('',#6468,1.00000000000064);
#1905=VECTOR('',#6469,1.);
#1906=VECTOR('',#6470,1.);
#1907=VECTOR('',#6471,1.);
#1908=VECTOR('',#6474,10.);
#1909=VECTOR('',#6477,10.);
#1910=VECTOR('',#6478,1.);
#1911=VECTOR('',#6479,1.);
#1912=VECTOR('',#6484,1.);
#1913=VECTOR('',#6489,1.);
#1914=VECTOR('',#6490,1.);
#1915=VECTOR('',#6491,1.);
#1916=VECTOR('',#6496,1.);
#1917=VECTOR('',#6501,1.);
#1918=VECTOR('',#6504,1.);
#1919=VECTOR('',#6509,1.);
#1920=VECTOR('',#6514,1.);
#1921=VECTOR('',#6515,1.);
#1922=VECTOR('',#6516,10.);
#1923=VECTOR('',#6519,10.);
#1924=VECTOR('',#6520,1.00000000000064);
#1925=VECTOR('',#6523,1.00000000000064);
#1926=VECTOR('',#6524,10.);
#1927=VECTOR('',#6527,1.);
#1928=VECTOR('',#6530,1.);
#1929=VECTOR('',#6531,1.);
#1930=VECTOR('',#6532,1.);
#1931=VECTOR('',#6535,1.);
#1932=VECTOR('',#6536,10.);
#1933=VECTOR('',#6537,1.);
#1934=VECTOR('',#6538,10.);
#1935=VECTOR('',#6539,1.);
#1936=VECTOR('',#6540,1.);
#1937=VECTOR('',#6543,1.00000000000064);
#1938=VECTOR('',#6544,10.);
#1939=VECTOR('',#6547,1.);
#1940=VECTOR('',#6548,10.);
#1941=VECTOR('',#6551,1.00000000000064);
#1942=VECTOR('',#6552,10.);
#1943=VECTOR('',#6555,1.);
#1944=VECTOR('',#6556,10.);
#1945=VECTOR('',#6557,1.);
#1946=VECTOR('',#6558,1.);
#1947=VECTOR('',#6561,1.);
#1948=VECTOR('',#6562,1.);
#1949=VECTOR('',#6565,1.00000000000064);
#1950=VECTOR('',#6566,1.);
#1951=VECTOR('',#6567,1.00000000000064);
#1952=VECTOR('',#6568,1.);
#1953=VECTOR('',#6573,0.99999999999985);
#1954=VECTOR('',#6576,1.);
#1955=VECTOR('',#6577,1.);
#1956=VECTOR('',#6578,1.);
#1957=VECTOR('',#6581,0.99999999999985);
#1958=VECTOR('',#6584,1.);
#1959=VECTOR('',#6585,0.99999999999985);
#1960=VECTOR('',#6590,1.);
#1961=VECTOR('',#6591,1.);
#1962=VECTOR('',#6592,1.);
#1963=VECTOR('',#6595,0.99999999999985);
#1964=VECTOR('',#6600,1.);
#1965=VECTOR('',#6605,0.99999999999985);
#1966=VECTOR('',#6608,1.);
#1967=VECTOR('',#6609,1.);
#1968=VECTOR('',#6610,1.);
#1969=VECTOR('',#6613,0.99999999999985);
#1970=VECTOR('',#6616,1.);
#1971=VECTOR('',#6617,0.99999999999985);
#1972=VECTOR('',#6622,1.);
#1973=VECTOR('',#6623,1.);
#1974=VECTOR('',#6624,1.);
#1975=VECTOR('',#6627,0.99999999999985);
#1976=VECTOR('',#6634,0.99999999999985);
#1977=VECTOR('',#6637,1.);
#1978=VECTOR('',#6638,1.);
#1979=VECTOR('',#6639,1.);
#1980=VECTOR('',#6642,0.99999999999985);
#1981=VECTOR('',#6645,1.);
#1982=VECTOR('',#6646,0.99999999999985);
#1983=VECTOR('',#6651,1.);
#1984=VECTOR('',#6652,1.);
#1985=VECTOR('',#6653,1.);
#1986=VECTOR('',#6656,0.99999999999985);
#1987=VECTOR('',#6661,1.);
#1988=VECTOR('',#6664,1.);
#1989=VECTOR('',#6667,1.00000000000064);
#1990=VECTOR('',#6668,1.);
#1991=VECTOR('',#6669,1.00000000000064);
#1992=VECTOR('',#6674,10.);
#1993=VECTOR('',#6677,10.);
#1994=VECTOR('',#6680,1.);
#1995=VECTOR('',#6685,1.);
#1996=VECTOR('',#6688,1.);
#1997=VECTOR('',#6691,1.);
#1998=VECTOR('',#6694,1.);
#1999=VECTOR('',#6697,1.);
#2000=VECTOR('',#6700,1.);
#2001=VECTOR('',#6705,1.);
#2002=VECTOR('',#6708,1.);
#2003=VECTOR('',#6711,1.);
#2004=VECTOR('',#6714,1.);
#2005=VECTOR('',#6717,1.);
#2006=VECTOR('',#6722,1.);
#2007=VECTOR('',#6725,1.);
#2008=VECTOR('',#6728,1.);
#2009=VECTOR('',#6731,1.);
#2010=VECTOR('',#6734,1.);
#2011=VECTOR('',#6745,1.);
#2012=VECTOR('',#6746,1.);
#2013=VECTOR('',#6747,1.);
#2014=VECTOR('',#6748,1.);
#2015=VECTOR('',#6751,1.);
#2016=VECTOR('',#6752,1.);
#2017=VECTOR('',#6753,1.);
#2018=VECTOR('',#6756,1.);
#2019=VECTOR('',#6757,1.);
#2020=VECTOR('',#6758,1.);
#2021=VECTOR('',#6761,1.);
#2022=VECTOR('',#6846,1.);
#2023=VECTOR('',#6847,1.);
#2024=VECTOR('',#6848,1.);
#2025=VECTOR('',#6849,1.);
#2026=VECTOR('',#6862,1.);
#2027=VECTOR('',#6865,1.);
#2028=VECTOR('',#6874,1.);
#2029=VECTOR('',#6877,1.);
#2030=VECTOR('',#6888,1.);
#2031=VECTOR('',#6973,1.);
#2032=VECTOR('',#6974,1.);
#2033=VECTOR('',#6975,1.);
#2034=VECTOR('',#6976,1.);
#2035=VECTOR('',#6989,1.);
#2036=VECTOR('',#6992,1.);
#2037=VECTOR('',#7001,1.);
#2038=VECTOR('',#7004,1.);
#2039=VECTOR('',#7017,0.508);
#2040=VECTOR('',#7020,0.508);
#2041=VECTOR('',#7023,0.508);
#2042=VECTOR('',#7026,0.508);
#2043=VECTOR('',#7029,0.508);
#2044=VECTOR('',#7032,0.508);
#2045=VECTOR('',#7035,0.508);
#2046=VECTOR('',#7038,0.508);
#2047=VECTOR('',#7041,0.508);
#2048=VECTOR('',#7044,0.508);
#2049=VECTOR('',#7047,0.508);
#2050=VECTOR('',#7050,0.508);
#2051=VECTOR('',#7053,0.35);
#2052=VECTOR('',#7056,0.35);
#2053=VECTOR('',#7059,1.1);
#2054=VECTOR('',#7062,0.508);
#2055=VECTOR('',#7065,0.508);
#2056=VECTOR('',#7068,0.508);
#2057=VECTOR('',#7071,0.508);
#2058=VECTOR('',#7074,0.508);
#2059=VECTOR('',#7077,0.508);
#2060=VECTOR('',#7080,0.508);
#2061=VECTOR('',#7083,0.508);
#2062=VECTOR('',#7086,0.508);
#2063=VECTOR('',#7089,0.508);
#2064=VECTOR('',#7092,0.508);
#2065=VECTOR('',#7095,0.508);
#2066=VECTOR('',#7098,0.35);
#2067=VECTOR('',#7101,0.35);
#2068=VECTOR('',#7104,0.35);
#2069=VECTOR('',#7107,0.35);
#2070=VECTOR('',#7110,0.35);
#2071=VECTOR('',#7113,0.35);
#2072=VECTOR('',#7116,0.35);
#2073=VECTOR('',#7119,0.35);
#2074=VECTOR('',#7122,0.35);
#2075=VECTOR('',#7125,0.75);
#2076=VECTOR('',#7128,1.1);
#2077=VECTOR('',#7131,0.75);
#2078=VECTOR('',#7134,0.75);
#2079=VECTOR('',#7137,0.5);
#2080=VECTOR('',#7140,0.5);
#2081=VECTOR('',#7143,1.);
#2082=VECTOR('',#7144,1.);
#2083=VECTOR('',#7147,1.);
#2084=VECTOR('',#7150,1.);
#2085=VECTOR('',#7155,0.35);
#2086=VECTOR('',#7158,0.35);
#2087=VECTOR('',#7161,0.35);
#2088=VECTOR('',#7164,0.35);
#2089=VECTOR('',#7167,0.35);
#2090=VECTOR('',#7170,1.);
#2091=VECTOR('',#7171,1.);
#2092=VECTOR('',#7174,1.);
#2093=VECTOR('',#7177,1.);
#2094=VECTOR('',#7182,0.5);
#2095=VECTOR('',#7185,0.5);
#2096=VECTOR('',#7188,0.5);
#2097=VECTOR('',#7191,1.);
#2098=VECTOR('',#7192,1.);
#2099=VECTOR('',#7195,1.);
#2100=VECTOR('',#7198,1.);
#2101=VECTOR('',#7203,0.75);
#2102=VECTOR('',#7206,0.75);
#2103=VECTOR('',#7209,0.75);
#2104=VECTOR('',#7212,1.1);
#2105=VECTOR('',#7219,1.);
#2106=VECTOR('',#7220,1.);
#2107=VECTOR('',#7221,1.);
#2108=VECTOR('',#7222,1.);
#2109=VECTOR('',#7225,1.);
#2110=VECTOR('',#7228,1.);
#2111=VECTOR('',#7229,1.);
#2112=VECTOR('',#7230,1.);
#2113=VECTOR('',#7233,1.);
#2114=VECTOR('',#7242,1.);
#2115=VECTOR('',#7245,1.);
#2116=VECTOR('',#7250,1.);
#2117=VECTOR('',#7251,1.);
#2118=VECTOR('',#7254,1.);
#2119=VECTOR('',#7255,1.);
#2120=VECTOR('',#7256,1.);
#2121=VECTOR('',#7261,1.);
#2122=VECTOR('',#7264,1.);
#2123=VECTOR('',#7267,1.);
#2124=VECTOR('',#7268,1.);
#2125=VECTOR('',#7269,1.);
#2126=VECTOR('',#7270,1.);
#2127=VECTOR('',#7271,1.);
#2128=VECTOR('',#7274,1.);
#2129=VECTOR('',#7277,1.);
#2130=VECTOR('',#7280,1.);
#2131=VECTOR('',#7281,1.);
#2132=VECTOR('',#7282,1.);
#2133=VECTOR('',#7283,1.);
#2134=VECTOR('',#7284,1.);
#2135=VECTOR('',#7287,1.);
#2136=VECTOR('',#7290,1.);
#2137=VECTOR('',#7293,1.);
#2138=VECTOR('',#7296,1.);
#2139=VECTOR('',#7303,1.);
#2140=VECTOR('',#7304,1.);
#2141=VECTOR('',#7305,1.);
#2142=VECTOR('',#7308,1.);
#2143=VECTOR('',#7309,1.);
#2144=VECTOR('',#7312,1.);
#2145=VECTOR('',#7317,1.);
#2146=VECTOR('',#7320,1.);
#2147=VECTOR('',#7325,1.);
#2148=VECTOR('',#7326,1.);
#2149=VECTOR('',#7329,1.);
#2150=VECTOR('',#7332,1.);
#2151=VECTOR('',#7335,1.);
#2152=VECTOR('',#7338,1.);
#2153=VECTOR('',#7341,1.);
#2154=VECTOR('',#7344,1.);
#2155=VECTOR('',#7347,1.);
#2156=VECTOR('',#7350,1.);
#2157=VECTOR('',#7361,1.);
#2158=VECTOR('',#7364,1.);
#2159=VECTOR('',#7367,1.);
#2160=VECTOR('',#7370,1.);
#2161=VECTOR('',#7375,1.);
#2162=VECTOR('',#7376,1.);
#2163=VECTOR('',#7377,1.);
#2164=VECTOR('',#7380,1.);
#2165=VECTOR('',#7387,1.);
#2166=VECTOR('',#7390,1.);
#2167=VECTOR('',#7391,1.);
#2168=VECTOR('',#7394,1.);
#2169=VECTOR('',#7395,1.);
#2170=VECTOR('',#7398,1.);
#2171=VECTOR('',#7405,1.);
#2172=VECTOR('',#7408,1.);
#2173=VECTOR('',#7413,1.);
#2174=VECTOR('',#7416,1.);
#2175=VECTOR('',#7419,1.);
#2176=VECTOR('',#7422,1.);
#2177=VECTOR('',#7425,1.);
#2178=VECTOR('',#7428,1.);
#2179=VECTOR('',#7431,1.);
#2180=VECTOR('',#7432,1.);
#2181=VECTOR('',#7435,1.);
#2182=VECTOR('',#7440,1.);
#2183=VECTOR('',#7441,1.);
#2184=VECTOR('',#7444,1.);
#2185=VECTOR('',#7449,1.);
#2186=VECTOR('',#7450,1.);
#2187=VECTOR('',#7453,1.);
#2188=VECTOR('',#7458,1.);
#2189=VECTOR('',#7461,1.);
#2190=VECTOR('',#7464,1.);
#2191=VECTOR('',#7467,1.);
#2192=VECTOR('',#7470,1.);
#2193=VECTOR('',#7475,1.);
#2194=VECTOR('',#7476,1.);
#2195=VECTOR('',#7477,1.);
#2196=VECTOR('',#7480,1.);
#2197=VECTOR('',#7487,1.);
#2198=VECTOR('',#7490,1.);
#2199=VECTOR('',#7491,1.);
#2200=VECTOR('',#7494,1.);
#2201=VECTOR('',#7495,1.);
#2202=VECTOR('',#7498,1.);
#2203=VECTOR('',#7505,1.);
#2204=VECTOR('',#7508,1.);
#2205=VECTOR('',#7541,10.);
#2206=VECTOR('',#7542,10.);
#2207=VECTOR('',#7543,10.);
#2208=VECTOR('',#7544,10.);
#2209=VECTOR('',#7547,10.);
#2210=VECTOR('',#7548,10.);
#2211=VECTOR('',#7549,10.);
#2212=VECTOR('',#7550,10.);
#2213=VECTOR('',#7553,10.);
#2214=VECTOR('',#7554,10.);
#2215=VECTOR('',#7555,10.);
#2216=VECTOR('',#7556,10.);
#2217=VECTOR('',#7559,10.);
#2218=VECTOR('',#7560,10.);
#2219=VECTOR('',#7561,10.);
#2220=VECTOR('',#7562,10.);
#2221=VECTOR('',#7563,10.);
#2222=VECTOR('',#7564,10.);
#2223=VECTOR('',#7567,10.);
#2224=VECTOR('',#7568,10.);
#2225=VECTOR('',#7569,10.);
#2226=VECTOR('',#7570,10.);
#2227=VECTOR('',#7571,10.);
#2228=VECTOR('',#7572,10.);
#2229=VECTOR('',#7573,10.);
#2230=VECTOR('',#7574,10.);
#2231=VECTOR('',#7575,10.);
#2232=VECTOR('',#7576,10.);
#2233=VECTOR('',#7577,10.);
#2234=VECTOR('',#7584,1.45);
#2235=VECTOR('',#7593,1.45);
#2236=VECTOR('',#7600,1.45);
#2237=VECTOR('',#7609,10.);
#2238=VECTOR('',#7610,10.);
#2239=VECTOR('',#7611,10.);
#2240=VECTOR('',#7614,10.);
#2241=VECTOR('',#7615,10.);
#2242=VECTOR('',#7616,10.);
#2243=VECTOR('',#7619,10.);
#2244=VECTOR('',#7620,10.);
#2245=VECTOR('',#7621,10.);
#2246=VECTOR('',#7624,10.);
#2247=VECTOR('',#7627,10.);
#2248=VECTOR('',#7628,10.);
#2249=VECTOR('',#7631,10.);
#2250=VECTOR('',#7632,10.);
#2251=VECTOR('',#7633,10.);
#2252=VECTOR('',#7634,10.);
#2253=VECTOR('',#7635,10.);
#2254=VECTOR('',#7636,10.);
#2255=VECTOR('',#7637,10.);
#2256=VECTOR('',#7638,10.);
#2257=VECTOR('',#7641,10.);
#2258=VECTOR('',#7642,10.);
#2259=VECTOR('',#7643,10.);
#2260=VECTOR('',#7644,10.);
#2261=VECTOR('',#7647,10.);
#2262=VECTOR('',#7648,10.);
#2263=VECTOR('',#7649,10.);
#2264=VECTOR('',#7652,10.);
#2265=VECTOR('',#7653,10.);
#2266=VECTOR('',#7654,10.);
#2267=VECTOR('',#7657,10.);
#2268=VECTOR('',#7658,10.);
#2269=VECTOR('',#7659,10.);
#2270=VECTOR('',#7660,10.);
#2271=VECTOR('',#7663,10.);
#2272=VECTOR('',#7664,10.);
#2273=VECTOR('',#7665,10.);
#2274=VECTOR('',#7668,10.);
#2275=VECTOR('',#7669,10.);
#2276=VECTOR('',#7670,10.);
#2277=VECTOR('',#7673,10.);
#2278=VECTOR('',#7674,10.);
#2279=VECTOR('',#7675,10.);
#2280=VECTOR('',#7676,10.);
#2281=VECTOR('',#7677,10.);
#2282=VECTOR('',#7678,10.);
#2283=VECTOR('',#7681,10.);
#2284=VECTOR('',#7682,10.);
#2285=VECTOR('',#7683,10.);
#2286=VECTOR('',#7684,10.);
#2287=VECTOR('',#7687,10.);
#2288=VECTOR('',#7688,10.);
#2289=VECTOR('',#7691,10.);
#2290=VECTOR('',#7694,10.);
#2291=VECTOR('',#7695,10.);
#2292=VECTOR('',#7698,10.);
#2293=VECTOR('',#7701,10.);
#2294=VECTOR('',#7702,10.);
#2295=VECTOR('',#7713,10.);
#2296=VECTOR('',#7714,10.);
#2297=VECTOR('',#7717,10.);
#2298=VECTOR('',#7720,10.);
#2299=VECTOR('',#7723,10.);
#2300=VECTOR('',#7724,10.);
#2301=VECTOR('',#7727,10.);
#2302=VECTOR('',#7728,10.);
#2303=VECTOR('',#7729,10.);
#2304=VECTOR('',#7730,10.);
#2305=VECTOR('',#7731,10.);
#2306=VECTOR('',#7732,10.);
#2307=VECTOR('',#7733,10.);
#2308=VECTOR('',#7734,10.);
#2309=VECTOR('',#7735,10.);
#2310=VECTOR('',#7738,10.);
#2311=VECTOR('',#7741,10.);
#2312=VECTOR('',#7748,10.);
#2313=VECTOR('',#7749,10.);
#2314=VECTOR('',#7750,10.);
#2315=VECTOR('',#7751,10.);
#2316=VECTOR('',#7754,10.);
#2317=VECTOR('',#7755,10.);
#2318=VECTOR('',#7756,10.);
#2319=VECTOR('',#7757,10.);
#2320=VECTOR('',#7760,10.);
#2321=VECTOR('',#7761,10.);
#2322=VECTOR('',#7764,10.);
#2323=VECTOR('',#7767,10.);
#2324=VECTOR('',#7768,10.);
#2325=VECTOR('',#7771,10.);
#2326=VECTOR('',#7774,10.);
#2327=VECTOR('',#7779,10.);
#2328=VECTOR('',#7786,10.);
#2329=VECTOR('',#7789,10.);
#2330=VECTOR('',#7796,10.);
#2331=VECTOR('',#7797,10.);
#2332=VECTOR('',#7798,10.);
#2333=VECTOR('',#7799,10.);
#2334=VECTOR('',#7802,10.);
#2335=VECTOR('',#7803,10.);
#2336=VECTOR('',#7804,10.);
#2337=VECTOR('',#7815,2.);
#2338=VECTOR('',#7818,1.3);
#2339=VECTOR('',#7831,2.);
#2340=VECTOR('',#7834,1.3);
#2341=VECTOR('',#7847,2.);
#2342=VECTOR('',#7850,1.3);
#2343=VECTOR('',#7857,1.45);
#2344=VECTOR('',#7866,1.45);
#2345=VECTOR('',#7875,1.45);
#2346=VECTOR('',#7884,2.09999999999999);
#2347=VECTOR('',#7893,2.10000000000001);
#2348=VECTOR('',#7900,10.);
#2349=VECTOR('',#7901,10.);
#2350=VECTOR('',#7902,10.);
#2351=VECTOR('',#7903,10.);
#2352=VECTOR('',#7908,10.);
#2353=VECTOR('',#7911,10.);
#2354=VECTOR('',#7914,10.);
#2355=VECTOR('',#7917,10.);
#2356=VECTOR('',#7918,10.);
#2357=VECTOR('',#7919,10.);
#2358=VECTOR('',#7920,10.);
#2359=VECTOR('',#7923,10.);
#2360=VECTOR('',#7924,10.);
#2361=VECTOR('',#7925,10.);
#2362=VECTOR('',#7928,10.);
#2363=VECTOR('',#7931,10.);
#2364=VECTOR('',#7934,10.);
#2365=VECTOR('',#7935,10.);
#2366=VECTOR('',#7936,10.);
#2367=VECTOR('',#7937,10.);
#2368=VECTOR('',#7940,10.);
#2369=VECTOR('',#7941,10.);
#2370=VECTOR('',#7942,10.);
#2371=VECTOR('',#7943,10.);
#2372=VECTOR('',#7946,10.);
#2373=VECTOR('',#7947,10.);
#2374=VECTOR('',#7950,10.);
#2375=VECTOR('',#7951,10.);
#2376=VECTOR('',#7952,10.);
#2377=VECTOR('',#7955,10.);
#2378=VECTOR('',#7956,10.);
#2379=VECTOR('',#7959,10.);
#2380=VECTOR('',#7962,10.);
#2381=VECTOR('',#7965,10.);
#2382=VECTOR('',#7968,10.);
#2383=VECTOR('',#7971,10.);
#2384=VECTOR('',#7978,10.);
#2385=VECTOR('',#7979,10.);
#2386=VECTOR('',#7982,10.);
#2387=VECTOR('',#7985,10.);
#2388=VECTOR('',#7988,10.);
#2389=VECTOR('',#7991,10.);
#2390=VECTOR('',#7994,10.);
#2391=VECTOR('',#7997,10.);
#2392=VECTOR('',#8002,10.);
#2393=VECTOR('',#8007,1.09999999999999);
#2394=VECTOR('',#8024,5.101);
#2395=VECTOR('',#8031,5.101);
#2396=VERTEX_POINT('',#8039);
#2397=VERTEX_POINT('',#8040);
#2398=VERTEX_POINT('',#8042);
#2399=VERTEX_POINT('',#8044);
#2400=VERTEX_POINT('',#8048);
#2401=VERTEX_POINT('',#8050);
#2402=VERTEX_POINT('',#8052);
#2403=VERTEX_POINT('',#8054);
#2404=VERTEX_POINT('',#8056);
#2405=VERTEX_POINT('',#8058);
#2406=VERTEX_POINT('',#8062);
#2407=VERTEX_POINT('',#8066);
#2408=VERTEX_POINT('',#8068);
#2409=VERTEX_POINT('',#8072);
#2410=VERTEX_POINT('',#8076);
#2411=VERTEX_POINT('',#8078);
#2412=VERTEX_POINT('',#8080);
#2413=VERTEX_POINT('',#8082);
#2414=VERTEX_POINT('',#8084);
#2415=VERTEX_POINT('',#8088);
#2416=VERTEX_POINT('',#8090);
#2417=VERTEX_POINT('',#8092);
#2418=VERTEX_POINT('',#8096);
#2419=VERTEX_POINT('',#8100);
#2420=VERTEX_POINT('',#8106);
#2421=VERTEX_POINT('',#8110);
#2422=VERTEX_POINT('',#8112);
#2423=VERTEX_POINT('',#8114);
#2424=VERTEX_POINT('',#8116);
#2425=VERTEX_POINT('',#8118);
#2426=VERTEX_POINT('',#8120);
#2427=VERTEX_POINT('',#8122);
#2428=VERTEX_POINT('',#8124);
#2429=VERTEX_POINT('',#8126);
#2430=VERTEX_POINT('',#8132);
#2431=VERTEX_POINT('',#8134);
#2432=VERTEX_POINT('',#8138);
#2433=VERTEX_POINT('',#8140);
#2434=VERTEX_POINT('',#8144);
#2435=VERTEX_POINT('',#8146);
#2436=VERTEX_POINT('',#8150);
#2437=VERTEX_POINT('',#8152);
#2438=VERTEX_POINT('',#8160);
#2439=VERTEX_POINT('',#8162);
#2440=VERTEX_POINT('',#8166);
#2441=VERTEX_POINT('',#8168);
#2442=VERTEX_POINT('',#8172);
#2443=VERTEX_POINT('',#8176);
#2444=VERTEX_POINT('',#8182);
#2445=VERTEX_POINT('',#8187);
#2446=VERTEX_POINT('',#8188);
#2447=VERTEX_POINT('',#8190);
#2448=VERTEX_POINT('',#8192);
#2449=VERTEX_POINT('',#8195);
#2450=VERTEX_POINT('',#8199);
#2451=VERTEX_POINT('',#8203);
#2452=VERTEX_POINT('',#8207);
#2453=VERTEX_POINT('',#8211);
#2454=VERTEX_POINT('',#8213);
#2455=VERTEX_POINT('',#8215);
#2456=VERTEX_POINT('',#8222);
#2457=VERTEX_POINT('',#8224);
#2458=VERTEX_POINT('',#8229);
#2459=VERTEX_POINT('',#8231);
#2460=VERTEX_POINT('',#8233);
#2461=VERTEX_POINT('',#8235);
#2462=VERTEX_POINT('',#8237);
#2463=VERTEX_POINT('',#8239);
#2464=VERTEX_POINT('',#8241);
#2465=VERTEX_POINT('',#8245);
#2466=VERTEX_POINT('',#8249);
#2467=VERTEX_POINT('',#8251);
#2468=VERTEX_POINT('',#8253);
#2469=VERTEX_POINT('',#8255);
#2470=VERTEX_POINT('',#8257);
#2471=VERTEX_POINT('',#8259);
#2472=VERTEX_POINT('',#8265);
#2473=VERTEX_POINT('',#8267);
#2474=VERTEX_POINT('',#8269);
#2475=VERTEX_POINT('',#8271);
#2476=VERTEX_POINT('',#8273);
#2477=VERTEX_POINT('',#8275);
#2478=VERTEX_POINT('',#8277);
#2479=VERTEX_POINT('',#8281);
#2480=VERTEX_POINT('',#8285);
#2481=VERTEX_POINT('',#8287);
#2482=VERTEX_POINT('',#8289);
#2483=VERTEX_POINT('',#8291);
#2484=VERTEX_POINT('',#8293);
#2485=VERTEX_POINT('',#8295);
#2486=VERTEX_POINT('',#8299);
#2487=VERTEX_POINT('',#8301);
#2488=VERTEX_POINT('',#8303);
#2489=VERTEX_POINT('',#8305);
#2490=VERTEX_POINT('',#8307);
#2491=VERTEX_POINT('',#8309);
#2492=VERTEX_POINT('',#8311);
#2493=VERTEX_POINT('',#8315);
#2494=VERTEX_POINT('',#8319);
#2495=VERTEX_POINT('',#8321);
#2496=VERTEX_POINT('',#8323);
#2497=VERTEX_POINT('',#8325);
#2498=VERTEX_POINT('',#8327);
#2499=VERTEX_POINT('',#8329);
#2500=VERTEX_POINT('',#8337);
#2501=VERTEX_POINT('',#8339);
#2502=VERTEX_POINT('',#8342);
#2503=VERTEX_POINT('',#8390);
#2504=VERTEX_POINT('',#8391);
#2505=VERTEX_POINT('',#8393);
#2506=VERTEX_POINT('',#8395);
#2507=VERTEX_POINT('',#8399);
#2508=VERTEX_POINT('',#8400);
#2509=VERTEX_POINT('',#8405);
#2510=VERTEX_POINT('',#8407);
#2511=VERTEX_POINT('',#8412);
#2512=VERTEX_POINT('',#8414);
#2513=VERTEX_POINT('',#8416);
#2514=VERTEX_POINT('',#8418);
#2515=VERTEX_POINT('',#8420);
#2516=VERTEX_POINT('',#8422);
#2517=VERTEX_POINT('',#8424);
#2518=VERTEX_POINT('',#8426);
#2519=VERTEX_POINT('',#8428);
#2520=VERTEX_POINT('',#8430);
#2521=VERTEX_POINT('',#8432);
#2522=VERTEX_POINT('',#8434);
#2523=VERTEX_POINT('',#8436);
#2524=VERTEX_POINT('',#8438);
#2525=VERTEX_POINT('',#8440);
#2526=VERTEX_POINT('',#8442);
#2527=VERTEX_POINT('',#8444);
#2528=VERTEX_POINT('',#8446);
#2529=VERTEX_POINT('',#8448);
#2530=VERTEX_POINT('',#8450);
#2531=VERTEX_POINT('',#8452);
#2532=VERTEX_POINT('',#8454);
#2533=VERTEX_POINT('',#8456);
#2534=VERTEX_POINT('',#8458);
#2535=VERTEX_POINT('',#8460);
#2536=VERTEX_POINT('',#8462);
#2537=VERTEX_POINT('',#8464);
#2538=VERTEX_POINT('',#8466);
#2539=VERTEX_POINT('',#8468);
#2540=VERTEX_POINT('',#8470);
#2541=VERTEX_POINT('',#8472);
#2542=VERTEX_POINT('',#8474);
#2543=VERTEX_POINT('',#8476);
#2544=VERTEX_POINT('',#8478);
#2545=VERTEX_POINT('',#8480);
#2546=VERTEX_POINT('',#8482);
#2547=VERTEX_POINT('',#8484);
#2548=VERTEX_POINT('',#8486);
#2549=VERTEX_POINT('',#8488);
#2550=VERTEX_POINT('',#8490);
#2551=VERTEX_POINT('',#8492);
#2552=VERTEX_POINT('',#8494);
#2553=VERTEX_POINT('',#8496);
#2554=VERTEX_POINT('',#8497);
#2555=VERTEX_POINT('',#8499);
#2556=VERTEX_POINT('',#8501);
#2557=VERTEX_POINT('',#8504);
#2558=VERTEX_POINT('',#8506);
#2559=VERTEX_POINT('',#8508);
#2560=VERTEX_POINT('',#8510);
#2561=VERTEX_POINT('',#8512);
#2562=VERTEX_POINT('',#8514);
#2563=VERTEX_POINT('',#8515);
#2564=VERTEX_POINT('',#8517);
#2565=VERTEX_POINT('',#8519);
#2566=VERTEX_POINT('',#8522);
#2567=VERTEX_POINT('',#8524);
#2568=VERTEX_POINT('',#8526);
#2569=VERTEX_POINT('',#8528);
#2570=VERTEX_POINT('',#8529);
#2571=VERTEX_POINT('',#8531);
#2572=VERTEX_POINT('',#8533);
#2573=VERTEX_POINT('',#8536);
#2574=VERTEX_POINT('',#8538);
#2575=VERTEX_POINT('',#8540);
#2576=VERTEX_POINT('',#8542);
#2577=VERTEX_POINT('',#8546);
#2578=VERTEX_POINT('',#8548);
#2579=VERTEX_POINT('',#8550);
#2580=VERTEX_POINT('',#8552);
#2581=VERTEX_POINT('',#8554);
#2582=VERTEX_POINT('',#8556);
#2583=VERTEX_POINT('',#8558);
#2584=VERTEX_POINT('',#8560);
#2585=VERTEX_POINT('',#8562);
#2586=VERTEX_POINT('',#8564);
#2587=VERTEX_POINT('',#8566);
#2588=VERTEX_POINT('',#8568);
#2589=VERTEX_POINT('',#8570);
#2590=VERTEX_POINT('',#8572);
#2591=VERTEX_POINT('',#8574);
#2592=VERTEX_POINT('',#8576);
#2593=VERTEX_POINT('',#8578);
#2594=VERTEX_POINT('',#8580);
#2595=VERTEX_POINT('',#8582);
#2596=VERTEX_POINT('',#8584);
#2597=VERTEX_POINT('',#8586);
#2598=VERTEX_POINT('',#8588);
#2599=VERTEX_POINT('',#8590);
#2600=VERTEX_POINT('',#8592);
#2601=VERTEX_POINT('',#8594);
#2602=VERTEX_POINT('',#8596);
#2603=VERTEX_POINT('',#8598);
#2604=VERTEX_POINT('',#8600);
#2605=VERTEX_POINT('',#8602);
#2606=VERTEX_POINT('',#8604);
#2607=VERTEX_POINT('',#8606);
#2608=VERTEX_POINT('',#8608);
#2609=VERTEX_POINT('',#8610);
#2610=VERTEX_POINT('',#8612);
#2611=VERTEX_POINT('',#8614);
#2612=VERTEX_POINT('',#8616);
#2613=VERTEX_POINT('',#8618);
#2614=VERTEX_POINT('',#8620);
#2615=VERTEX_POINT('',#8622);
#2616=VERTEX_POINT('',#8624);
#2617=VERTEX_POINT('',#8626);
#2618=VERTEX_POINT('',#8628);
#2619=VERTEX_POINT('',#8630);
#2620=VERTEX_POINT('',#8631);
#2621=VERTEX_POINT('',#8633);
#2622=VERTEX_POINT('',#8635);
#2623=VERTEX_POINT('',#8638);
#2624=VERTEX_POINT('',#8640);
#2625=VERTEX_POINT('',#8642);
#2626=VERTEX_POINT('',#8644);
#2627=VERTEX_POINT('',#8646);
#2628=VERTEX_POINT('',#8648);
#2629=VERTEX_POINT('',#8649);
#2630=VERTEX_POINT('',#8651);
#2631=VERTEX_POINT('',#8653);
#2632=VERTEX_POINT('',#8656);
#2633=VERTEX_POINT('',#8658);
#2634=VERTEX_POINT('',#8660);
#2635=VERTEX_POINT('',#8662);
#2636=VERTEX_POINT('',#8663);
#2637=VERTEX_POINT('',#8665);
#2638=VERTEX_POINT('',#8667);
#2639=VERTEX_POINT('',#8670);
#2640=VERTEX_POINT('',#8672);
#2641=VERTEX_POINT('',#8674);
#2642=VERTEX_POINT('',#8676);
#2643=VERTEX_POINT('',#8814);
#2644=VERTEX_POINT('',#8815);
#2645=VERTEX_POINT('',#8817);
#2646=VERTEX_POINT('',#8819);
#2647=VERTEX_POINT('',#8823);
#2648=VERTEX_POINT('',#8824);
#2649=VERTEX_POINT('',#8826);
#2650=VERTEX_POINT('',#8828);
#2651=VERTEX_POINT('',#8830);
#2652=VERTEX_POINT('',#8832);
#2653=VERTEX_POINT('',#8834);
#2654=VERTEX_POINT('',#8836);
#2655=VERTEX_POINT('',#8841);
#2656=VERTEX_POINT('',#8845);
#2657=VERTEX_POINT('',#8849);
#2658=VERTEX_POINT('',#8851);
#2659=VERTEX_POINT('',#8853);
#2660=VERTEX_POINT('',#8855);
#2661=VERTEX_POINT('',#8857);
#2662=VERTEX_POINT('',#8859);
#2663=VERTEX_POINT('',#8867);
#2664=VERTEX_POINT('',#8869);
#2665=VERTEX_POINT('',#8871);
#2666=VERTEX_POINT('',#8873);
#2667=VERTEX_POINT('',#8881);
#2668=VERTEX_POINT('',#8883);
#2669=VERTEX_POINT('',#8885);
#2670=VERTEX_POINT('',#8887);
#2671=VERTEX_POINT('',#8893);
#2672=VERTEX_POINT('',#8894);
#2673=VERTEX_POINT('',#8896);
#2674=VERTEX_POINT('',#8898);
#2675=VERTEX_POINT('',#8900);
#2676=VERTEX_POINT('',#8902);
#2677=VERTEX_POINT('',#8907);
#2678=VERTEX_POINT('',#8909);
#2679=VERTEX_POINT('',#8913);
#2680=VERTEX_POINT('',#8917);
#2681=VERTEX_POINT('',#8918);
#2682=VERTEX_POINT('',#8921);
#2683=VERTEX_POINT('',#8923);
#2684=VERTEX_POINT('',#8925);
#2685=VERTEX_POINT('',#8927);
#2686=VERTEX_POINT('',#8931);
#2687=VERTEX_POINT('',#8955);
#2688=VERTEX_POINT('',#8956);
#2689=VERTEX_POINT('',#8958);
#2690=VERTEX_POINT('',#8960);
#2691=VERTEX_POINT('',#8962);
#2692=VERTEX_POINT('',#8964);
#2693=VERTEX_POINT('',#8966);
#2694=VERTEX_POINT('',#8968);
#2695=VERTEX_POINT('',#8972);
#2696=VERTEX_POINT('',#8973);
#2697=VERTEX_POINT('',#8978);
#2698=VERTEX_POINT('',#8982);
#2699=VERTEX_POINT('',#8986);
#2700=VERTEX_POINT('',#8990);
#2701=VERTEX_POINT('',#8994);
#2702=VERTEX_POINT('',#8998);
#2703=VERTEX_POINT('',#9004);
#2704=VERTEX_POINT('',#9005);
#2705=VERTEX_POINT('',#9007);
#2706=VERTEX_POINT('',#9009);
#2707=VERTEX_POINT('',#9011);
#2708=VERTEX_POINT('',#9013);
#2709=VERTEX_POINT('',#9015);
#2710=VERTEX_POINT('',#9017);
#2711=VERTEX_POINT('',#9021);
#2712=VERTEX_POINT('',#9023);
#2713=VERTEX_POINT('',#9027);
#2714=VERTEX_POINT('',#9031);
#2715=VERTEX_POINT('',#9035);
#2716=VERTEX_POINT('',#9039);
#2717=VERTEX_POINT('',#9043);
#2718=VERTEX_POINT('',#9047);
#2719=VERTEX_POINT('',#9053);
#2720=VERTEX_POINT('',#9054);
#2721=VERTEX_POINT('',#9056);
#2722=VERTEX_POINT('',#9058);
#2723=VERTEX_POINT('',#9060);
#2724=VERTEX_POINT('',#9062);
#2725=VERTEX_POINT('',#9064);
#2726=VERTEX_POINT('',#9066);
#2727=VERTEX_POINT('',#9070);
#2728=VERTEX_POINT('',#9071);
#2729=VERTEX_POINT('',#9076);
#2730=VERTEX_POINT('',#9080);
#2731=VERTEX_POINT('',#9084);
#2732=VERTEX_POINT('',#9088);
#2733=VERTEX_POINT('',#9092);
#2734=VERTEX_POINT('',#9096);
#2735=VERTEX_POINT('',#9117);
#2736=VERTEX_POINT('',#9118);
#2737=VERTEX_POINT('',#9120);
#2738=VERTEX_POINT('',#9122);
#2739=VERTEX_POINT('',#9126);
#2740=VERTEX_POINT('',#9127);
#2741=VERTEX_POINT('',#9129);
#2742=VERTEX_POINT('',#9131);
#2743=VERTEX_POINT('',#9135);
#2744=VERTEX_POINT('',#9136);
#2745=VERTEX_POINT('',#9138);
#2746=VERTEX_POINT('',#9140);
#2747=VERTEX_POINT('',#9144);
#2748=VERTEX_POINT('',#9145);
#2749=VERTEX_POINT('',#9147);
#2750=VERTEX_POINT('',#9149);
#2751=VERTEX_POINT('',#9152);
#2752=VERTEX_POINT('',#9154);
#2753=VERTEX_POINT('',#9156);
#2754=VERTEX_POINT('',#9158);
#2755=VERTEX_POINT('',#9160);
#2756=VERTEX_POINT('',#9162);
#2757=VERTEX_POINT('',#9164);
#2758=VERTEX_POINT('',#9166);
#2759=VERTEX_POINT('',#9168);
#2760=VERTEX_POINT('',#9170);
#2761=VERTEX_POINT('',#9172);
#2762=VERTEX_POINT('',#9174);
#2763=VERTEX_POINT('',#9176);
#2764=VERTEX_POINT('',#9178);
#2765=VERTEX_POINT('',#9182);
#2766=VERTEX_POINT('',#9184);
#2767=VERTEX_POINT('',#9189);
#2768=VERTEX_POINT('',#9191);
#2769=VERTEX_POINT('',#9195);
#2770=VERTEX_POINT('',#9197);
#2771=VERTEX_POINT('',#9203);
#2772=VERTEX_POINT('',#9205);
#2773=VERTEX_POINT('',#9209);
#2774=VERTEX_POINT('',#9211);
#2775=VERTEX_POINT('',#9215);
#2776=VERTEX_POINT('',#9217);
#2777=VERTEX_POINT('',#9223);
#2778=VERTEX_POINT('',#9227);
#2779=VERTEX_POINT('',#9228);
#2780=VERTEX_POINT('',#9230);
#2781=VERTEX_POINT('',#9232);
#2782=VERTEX_POINT('',#9235);
#2783=VERTEX_POINT('',#9236);
#2784=VERTEX_POINT('',#9238);
#2785=VERTEX_POINT('',#9240);
#2786=VERTEX_POINT('',#9244);
#2787=VERTEX_POINT('',#9245);
#2788=VERTEX_POINT('',#9247);
#2789=VERTEX_POINT('',#9249);
#2790=VERTEX_POINT('',#9253);
#2791=VERTEX_POINT('',#9254);
#2792=VERTEX_POINT('',#9259);
#2793=VERTEX_POINT('',#9260);
#2794=VERTEX_POINT('',#9265);
#2795=VERTEX_POINT('',#9266);
#2796=VERTEX_POINT('',#9268);
#2797=VERTEX_POINT('',#9270);
#2798=VERTEX_POINT('',#9274);
#2799=VERTEX_POINT('',#9275);
#2800=VERTEX_POINT('',#9280);
#2801=VERTEX_POINT('',#9286);
#2802=VERTEX_POINT('',#9287);
#2803=VERTEX_POINT('',#9294);
#2804=VERTEX_POINT('',#9305);
#2805=VERTEX_POINT('',#9323);
#2806=VERTEX_POINT('',#9325);
#2807=VERTEX_POINT('',#9328);
#2808=VERTEX_POINT('',#9330);
#2809=VERTEX_POINT('',#9333);
#2810=VERTEX_POINT('',#9334);
#2811=VERTEX_POINT('',#9336);
#2812=VERTEX_POINT('',#9338);
#2813=VERTEX_POINT('',#9341);
#2814=VERTEX_POINT('',#9342);
#2815=VERTEX_POINT('',#9344);
#2816=VERTEX_POINT('',#9346);
#2817=VERTEX_POINT('',#9356);
#2818=VERTEX_POINT('',#9357);
#2819=VERTEX_POINT('',#9359);
#2820=VERTEX_POINT('',#9361);
#2821=VERTEX_POINT('',#9365);
#2822=VERTEX_POINT('',#9366);
#2823=VERTEX_POINT('',#9368);
#2824=VERTEX_POINT('',#9370);
#2825=VERTEX_POINT('',#9397);
#2826=VERTEX_POINT('',#9398);
#2827=VERTEX_POINT('',#9400);
#2828=VERTEX_POINT('',#9402);
#2829=VERTEX_POINT('',#9406);
#2830=VERTEX_POINT('',#9408);
#2831=VERTEX_POINT('',#9412);
#2832=VERTEX_POINT('',#9414);
#2833=VERTEX_POINT('',#9417);
#2834=VERTEX_POINT('',#9421);
#2835=VERTEX_POINT('',#9425);
#2836=VERTEX_POINT('',#9427);
#2837=VERTEX_POINT('',#9430);
#2838=VERTEX_POINT('',#9434);
#2839=VERTEX_POINT('',#9438);
#2840=VERTEX_POINT('',#9440);
#2841=VERTEX_POINT('',#9443);
#2842=VERTEX_POINT('',#9447);
#2843=VERTEX_POINT('',#9451);
#2844=VERTEX_POINT('',#9453);
#2845=VERTEX_POINT('',#9458);
#2846=VERTEX_POINT('',#9460);
#2847=VERTEX_POINT('',#9465);
#2848=VERTEX_POINT('',#9467);
#2849=VERTEX_POINT('',#9472);
#2850=VERTEX_POINT('',#9474);
#2851=VERTEX_POINT('',#9479);
#2852=VERTEX_POINT('',#9481);
#2853=VERTEX_POINT('',#9486);
#2854=VERTEX_POINT('',#9487);
#2855=VERTEX_POINT('',#9489);
#2856=VERTEX_POINT('',#9491);
#2857=VERTEX_POINT('',#9495);
#2858=VERTEX_POINT('',#9496);
#2859=VERTEX_POINT('',#9498);
#2860=VERTEX_POINT('',#9500);
#2861=VERTEX_POINT('',#9502);
#2862=VERTEX_POINT('',#9504);
#2863=VERTEX_POINT('',#9506);
#2864=VERTEX_POINT('',#9508);
#2865=VERTEX_POINT('',#9511);
#2866=VERTEX_POINT('',#9513);
#2867=VERTEX_POINT('',#9517);
#2868=VERTEX_POINT('',#9519);
#2869=VERTEX_POINT('',#9527);
#2870=VERTEX_POINT('',#9528);
#2871=VERTEX_POINT('',#9530);
#2872=VERTEX_POINT('',#9532);
#2873=VERTEX_POINT('',#9536);
#2874=VERTEX_POINT('',#9537);
#2875=VERTEX_POINT('',#9539);
#2876=VERTEX_POINT('',#9541);
#2877=VERTEX_POINT('',#9549);
#2878=VERTEX_POINT('',#9553);
#2879=VERTEX_POINT('',#9559);
#2880=VERTEX_POINT('',#9560);
#2881=VERTEX_POINT('',#9562);
#2882=VERTEX_POINT('',#9564);
#2883=VERTEX_POINT('',#9566);
#2884=VERTEX_POINT('',#9568);
#2885=VERTEX_POINT('',#9570);
#2886=VERTEX_POINT('',#9572);
#2887=VERTEX_POINT('',#9575);
#2888=VERTEX_POINT('',#9597);
#2889=VERTEX_POINT('',#9602);
#2890=VERTEX_POINT('',#9604);
#2891=VERTEX_POINT('',#9607);
#2892=VERTEX_POINT('',#9612);
#2893=EDGE_CURVE('',#2396,#2397,#1330,.T.);
#2894=EDGE_CURVE('',#2396,#2398,#1331,.T.);
#2895=EDGE_CURVE('',#2398,#2399,#1332,.T.);
#2896=EDGE_CURVE('',#2397,#2399,#1333,.T.);
#2897=EDGE_CURVE('',#2397,#2400,#1334,.T.);
#2898=EDGE_CURVE('',#2400,#2401,#1335,.T.);
#2899=EDGE_CURVE('',#2401,#2402,#1336,.T.);
#2900=EDGE_CURVE('',#2402,#2403,#1337,.T.);
#2901=EDGE_CURVE('',#2403,#2404,#1338,.T.);
#2902=EDGE_CURVE('',#2404,#2405,#1339,.T.);
#2903=EDGE_CURVE('',#2405,#2396,#1340,.T.);
#2904=EDGE_CURVE('',#2399,#2406,#1341,.T.);
#2905=EDGE_CURVE('',#2400,#2406,#1342,.T.);
#2906=EDGE_CURVE('',#2398,#2407,#1343,.T.);
#2907=EDGE_CURVE('',#2407,#2408,#1344,.T.);
#2908=EDGE_CURVE('',#2399,#2408,#1345,.T.);
#2909=EDGE_CURVE('',#2405,#2409,#1346,.T.);
#2910=EDGE_CURVE('',#2409,#2398,#1347,.T.);
#2911=EDGE_CURVE('',#2404,#2410,#1348,.T.);
#2912=EDGE_CURVE('',#2410,#2411,#1349,.T.);
#2913=EDGE_CURVE('',#2411,#2412,#1350,.T.);
#2914=EDGE_CURVE('',#2412,#2413,#1351,.T.);
#2915=EDGE_CURVE('',#2413,#2414,#1352,.T.);
#2916=EDGE_CURVE('',#2414,#2409,#1353,.T.);
#2917=EDGE_CURVE('',#2406,#2415,#1354,.T.);
#2918=EDGE_CURVE('',#2415,#2416,#1355,.T.);
#2919=EDGE_CURVE('',#2416,#2417,#1356,.T.);
#2920=EDGE_CURVE('',#2401,#2417,#1357,.T.);
#2921=EDGE_CURVE('',#2403,#2418,#1358,.T.);
#2922=EDGE_CURVE('',#2418,#2410,#1359,.T.);
#2923=EDGE_CURVE('',#2417,#2419,#1360,.T.);
#2924=EDGE_CURVE('',#2402,#2419,#1361,.T.);
#2925=EDGE_CURVE('',#2419,#2418,#1362,.T.);
#2926=EDGE_CURVE('',#2408,#2420,#1363,.T.);
#2927=EDGE_CURVE('',#2406,#2420,#1364,.T.);
#2928=EDGE_CURVE('',#2421,#2407,#1365,.T.);
#2929=EDGE_CURVE('',#2422,#2421,#1366,.T.);
#2930=EDGE_CURVE('',#2422,#2423,#1367,.T.);
#2931=EDGE_CURVE('',#2423,#2424,#1368,.T.);
#2932=EDGE_CURVE('',#2424,#2425,#1369,.T.);
#2933=EDGE_CURVE('',#2425,#2426,#1370,.T.);
#2934=EDGE_CURVE('',#2426,#2427,#1371,.T.);
#2935=EDGE_CURVE('',#2427,#2428,#1372,.T.);
#2936=EDGE_CURVE('',#2429,#2428,#1373,.T.);
#2937=EDGE_CURVE('',#2420,#2429,#1374,.T.);
#2938=EDGE_CURVE('',#2409,#2421,#1375,.T.);
#2939=EDGE_CURVE('',#2410,#2430,#1376,.T.);
#2940=EDGE_CURVE('',#2430,#2431,#1377,.T.);
#2941=EDGE_CURVE('',#2411,#2431,#1378,.T.);
#2942=EDGE_CURVE('',#2411,#2432,#243,.T.);
#2943=EDGE_CURVE('',#2432,#2433,#1379,.T.);
#2944=EDGE_CURVE('',#2412,#2433,#244,.T.);
#2945=EDGE_CURVE('',#2412,#2434,#1380,.T.);
#2946=EDGE_CURVE('',#2434,#2435,#1381,.T.);
#2947=EDGE_CURVE('',#2413,#2435,#1382,.T.);
#2948=EDGE_CURVE('',#2413,#2436,#245,.T.);
#2949=EDGE_CURVE('',#2436,#2437,#1383,.T.);
#2950=EDGE_CURVE('',#2414,#2437,#246,.T.);
#2951=EDGE_CURVE('',#2414,#2422,#1384,.T.);
#2952=EDGE_CURVE('',#2415,#2429,#1385,.T.);
#2953=EDGE_CURVE('',#2415,#2438,#247,.T.);
#2954=EDGE_CURVE('',#2438,#2439,#1386,.T.);
#2955=EDGE_CURVE('',#2416,#2439,#248,.T.);
#2956=EDGE_CURVE('',#2416,#2440,#1387,.T.);
#2957=EDGE_CURVE('',#2440,#2441,#1388,.T.);
#2958=EDGE_CURVE('',#2417,#2441,#1389,.T.);
#2959=EDGE_CURVE('',#2418,#2442,#1390,.T.);
#2960=EDGE_CURVE('',#2442,#2430,#1391,.T.);
#2961=EDGE_CURVE('',#2441,#2443,#1392,.T.);
#2962=EDGE_CURVE('',#2419,#2443,#1393,.T.);
#2963=EDGE_CURVE('',#2443,#2442,#1394,.T.);
#2964=EDGE_CURVE('',#2435,#2444,#1395,.T.);
#2965=EDGE_CURVE('',#2444,#2423,#1396,.T.);
#2966=EDGE_CURVE('',#2435,#2422,#1397,.T.);
#2967=EDGE_CURVE('',#2445,#2446,#1398,.T.);
#2968=EDGE_CURVE('',#2445,#2447,#1399,.T.);
#2969=EDGE_CURVE('',#2447,#2448,#1400,.T.);
#2970=EDGE_CURVE('',#2424,#2448,#1401,.T.);
#2971=EDGE_CURVE('',#2449,#2444,#1402,.T.);
#2972=EDGE_CURVE('',#2446,#2449,#1403,.T.);
#2973=EDGE_CURVE('',#2448,#2450,#1404,.T.);
#2974=EDGE_CURVE('',#2425,#2450,#1405,.T.);
#2975=EDGE_CURVE('',#2450,#2451,#1406,.T.);
#2976=EDGE_CURVE('',#2426,#2451,#1407,.T.);
#2977=EDGE_CURVE('',#2451,#2452,#1408,.T.);
#2978=EDGE_CURVE('',#2427,#2452,#1409,.T.);
#2979=EDGE_CURVE('',#2452,#2453,#1410,.T.);
#2980=EDGE_CURVE('',#2454,#2453,#1411,.T.);
#2981=EDGE_CURVE('',#2455,#2454,#1412,.T.);
#2982=EDGE_CURVE('',#2428,#2455,#1413,.T.);
#2983=EDGE_CURVE('',#2440,#2455,#1414,.T.);
#2984=EDGE_CURVE('',#2429,#2440,#1415,.T.);
#2985=EDGE_CURVE('',#2454,#2456,#1416,.T.);
#2986=EDGE_CURVE('',#2456,#2457,#1417,.T.);
#2987=EDGE_CURVE('',#2457,#2445,#1418,.T.);
#2988=EDGE_CURVE('',#2431,#2446,#1419,.T.);
#2989=EDGE_CURVE('',#2458,#2431,#249,.T.);
#2990=EDGE_CURVE('',#2459,#2458,#1420,.T.);
#2991=EDGE_CURVE('',#2460,#2459,#250,.T.);
#2992=EDGE_CURVE('',#2461,#2460,#1421,.T.);
#2993=EDGE_CURVE('',#2462,#2461,#1422,.T.);
#2994=EDGE_CURVE('',#2463,#2462,#1423,.T.);
#2995=EDGE_CURVE('',#2464,#2463,#251,.T.);
#2996=EDGE_CURVE('',#2432,#2464,#1424,.T.);
#2997=EDGE_CURVE('',#2464,#2465,#1425,.T.);
#2998=EDGE_CURVE('',#2433,#2465,#1426,.T.);
#2999=EDGE_CURVE('',#2465,#2466,#252,.T.);
#3000=EDGE_CURVE('',#2466,#2467,#1427,.T.);
#3001=EDGE_CURVE('',#2467,#2468,#1428,.T.);
#3002=EDGE_CURVE('',#2468,#2469,#1429,.T.);
#3003=EDGE_CURVE('',#2469,#2470,#253,.T.);
#3004=EDGE_CURVE('',#2470,#2471,#1430,.T.);
#3005=EDGE_CURVE('',#2471,#2434,#254,.T.);
#3006=EDGE_CURVE('',#2434,#2449,#1431,.T.);
#3007=EDGE_CURVE('',#2472,#2435,#255,.T.);
#3008=EDGE_CURVE('',#2473,#2472,#1432,.T.);
#3009=EDGE_CURVE('',#2474,#2473,#256,.T.);
#3010=EDGE_CURVE('',#2475,#2474,#1433,.T.);
#3011=EDGE_CURVE('',#2476,#2475,#1434,.T.);
#3012=EDGE_CURVE('',#2477,#2476,#1435,.T.);
#3013=EDGE_CURVE('',#2478,#2477,#257,.T.);
#3014=EDGE_CURVE('',#2436,#2478,#1436,.T.);
#3015=EDGE_CURVE('',#2478,#2479,#1437,.T.);
#3016=EDGE_CURVE('',#2437,#2479,#1438,.T.);
#3017=EDGE_CURVE('',#2479,#2480,#258,.T.);
#3018=EDGE_CURVE('',#2480,#2481,#1439,.T.);
#3019=EDGE_CURVE('',#2481,#2482,#1440,.T.);
#3020=EDGE_CURVE('',#2482,#2483,#1441,.T.);
#3021=EDGE_CURVE('',#2483,#2484,#259,.T.);
#3022=EDGE_CURVE('',#2484,#2485,#1442,.T.);
#3023=EDGE_CURVE('',#2485,#2422,#260,.T.);
#3024=EDGE_CURVE('',#2486,#2429,#261,.T.);
#3025=EDGE_CURVE('',#2487,#2486,#1443,.T.);
#3026=EDGE_CURVE('',#2488,#2487,#262,.T.);
#3027=EDGE_CURVE('',#2489,#2488,#1444,.T.);
#3028=EDGE_CURVE('',#2490,#2489,#1445,.T.);
#3029=EDGE_CURVE('',#2491,#2490,#1446,.T.);
#3030=EDGE_CURVE('',#2492,#2491,#263,.T.);
#3031=EDGE_CURVE('',#2438,#2492,#1447,.T.);
#3032=EDGE_CURVE('',#2492,#2493,#1448,.T.);
#3033=EDGE_CURVE('',#2439,#2493,#1449,.T.);
#3034=EDGE_CURVE('',#2493,#2494,#264,.T.);
#3035=EDGE_CURVE('',#2494,#2495,#1450,.T.);
#3036=EDGE_CURVE('',#2495,#2496,#1451,.T.);
#3037=EDGE_CURVE('',#2496,#2497,#1452,.T.);
#3038=EDGE_CURVE('',#2497,#2498,#265,.T.);
#3039=EDGE_CURVE('',#2498,#2499,#1453,.T.);
#3040=EDGE_CURVE('',#2499,#2440,#266,.T.);
#3041=EDGE_CURVE('',#2472,#2485,#1454,.T.);
#3042=EDGE_CURVE('',#2431,#2434,#1455,.T.);
#3043=EDGE_CURVE('',#2500,#2447,#1456,.T.);
#3044=EDGE_CURVE('',#2501,#2500,#1457,.T.);
#3045=EDGE_CURVE('',#2453,#2501,#1458,.T.);
#3046=EDGE_CURVE('',#2502,#2502,#267,.T.);
#3047=EDGE_CURVE('',#2457,#2500,#1459,.T.);
#3048=EDGE_CURVE('',#2456,#2501,#1460,.T.);
#3049=EDGE_CURVE('',#2486,#2499,#1461,.T.);
#3050=EDGE_CURVE('',#2458,#2471,#1462,.T.);
#3051=EDGE_CURVE('',#2459,#2470,#1463,.T.);
#3052=EDGE_CURVE('',#2460,#2469,#1464,.T.);
#3053=EDGE_CURVE('',#2461,#2468,#1465,.T.);
#3054=EDGE_CURVE('',#2462,#2467,#1466,.T.);
#3055=EDGE_CURVE('',#2463,#2466,#1467,.T.);
#3056=EDGE_CURVE('',#2473,#2484,#1468,.T.);
#3057=EDGE_CURVE('',#2474,#2483,#1469,.T.);
#3058=EDGE_CURVE('',#2475,#2482,#1470,.T.);
#3059=EDGE_CURVE('',#2476,#2481,#1471,.T.);
#3060=EDGE_CURVE('',#2477,#2480,#1472,.T.);
#3061=EDGE_CURVE('',#2487,#2498,#1473,.T.);
#3062=EDGE_CURVE('',#2488,#2497,#1474,.T.);
#3063=EDGE_CURVE('',#2489,#2496,#1475,.T.);
#3064=EDGE_CURVE('',#2490,#2495,#1476,.T.);
#3065=EDGE_CURVE('',#2491,#2494,#1477,.T.);
#3066=EDGE_CURVE('',#2503,#2504,#1478,.T.);
#3067=EDGE_CURVE('',#2504,#2505,#1479,.T.);
#3068=EDGE_CURVE('',#2506,#2505,#1480,.T.);
#3069=EDGE_CURVE('',#2503,#2506,#1481,.T.);
#3070=EDGE_CURVE('',#2507,#2508,#1482,.T.);
#3071=EDGE_CURVE('',#2508,#2504,#1483,.T.);
#3072=EDGE_CURVE('',#2507,#2503,#1484,.T.);
#3073=EDGE_CURVE('',#2505,#2509,#1485,.T.);
#3074=EDGE_CURVE('',#2510,#2509,#1486,.T.);
#3075=EDGE_CURVE('',#2506,#2510,#1487,.T.);
#3076=EDGE_CURVE('',#2510,#2507,#1488,.T.);
#3077=EDGE_CURVE('',#2511,#2511,#268,.T.);
#3078=EDGE_CURVE('',#2512,#2512,#269,.T.);
#3079=EDGE_CURVE('',#2513,#2513,#270,.T.);
#3080=EDGE_CURVE('',#2514,#2514,#271,.T.);
#3081=EDGE_CURVE('',#2515,#2515,#272,.T.);
#3082=EDGE_CURVE('',#2516,#2516,#273,.T.);
#3083=EDGE_CURVE('',#2517,#2517,#274,.T.);
#3084=EDGE_CURVE('',#2518,#2518,#275,.T.);
#3085=EDGE_CURVE('',#2519,#2519,#276,.T.);
#3086=EDGE_CURVE('',#2520,#2520,#277,.T.);
#3087=EDGE_CURVE('',#2521,#2521,#278,.T.);
#3088=EDGE_CURVE('',#2522,#2522,#279,.T.);
#3089=EDGE_CURVE('',#2523,#2523,#280,.T.);
#3090=EDGE_CURVE('',#2524,#2524,#281,.T.);
#3091=EDGE_CURVE('',#2525,#2525,#282,.T.);
#3092=EDGE_CURVE('',#2526,#2526,#283,.T.);
#3093=EDGE_CURVE('',#2527,#2527,#284,.T.);
#3094=EDGE_CURVE('',#2528,#2528,#285,.T.);
#3095=EDGE_CURVE('',#2529,#2529,#286,.T.);
#3096=EDGE_CURVE('',#2530,#2530,#287,.T.);
#3097=EDGE_CURVE('',#2531,#2531,#288,.T.);
#3098=EDGE_CURVE('',#2532,#2532,#289,.T.);
#3099=EDGE_CURVE('',#2533,#2533,#290,.T.);
#3100=EDGE_CURVE('',#2534,#2534,#291,.T.);
#3101=EDGE_CURVE('',#2535,#2535,#292,.T.);
#3102=EDGE_CURVE('',#2536,#2536,#293,.T.);
#3103=EDGE_CURVE('',#2537,#2537,#294,.T.);
#3104=EDGE_CURVE('',#2538,#2538,#295,.T.);
#3105=EDGE_CURVE('',#2539,#2539,#296,.T.);
#3106=EDGE_CURVE('',#2540,#2540,#297,.T.);
#3107=EDGE_CURVE('',#2541,#2541,#298,.T.);
#3108=EDGE_CURVE('',#2542,#2542,#299,.T.);
#3109=EDGE_CURVE('',#2543,#2543,#300,.T.);
#3110=EDGE_CURVE('',#2544,#2544,#301,.T.);
#3111=EDGE_CURVE('',#2545,#2545,#302,.T.);
#3112=EDGE_CURVE('',#2546,#2546,#303,.T.);
#3113=EDGE_CURVE('',#2547,#2547,#304,.T.);
#3114=EDGE_CURVE('',#2548,#2548,#305,.T.);
#3115=EDGE_CURVE('',#2549,#2549,#306,.T.);
#3116=EDGE_CURVE('',#2550,#2550,#307,.T.);
#3117=EDGE_CURVE('',#2551,#2551,#308,.T.);
#3118=EDGE_CURVE('',#2552,#2552,#309,.T.);
#3119=EDGE_CURVE('',#2553,#2554,#1489,.T.);
#3120=EDGE_CURVE('',#2554,#2555,#1490,.T.);
#3121=EDGE_CURVE('',#2555,#2556,#1491,.T.);
#3122=EDGE_CURVE('',#2556,#2553,#1492,.T.);
#3123=EDGE_CURVE('',#2557,#2557,#310,.T.);
#3124=EDGE_CURVE('',#2558,#2558,#311,.T.);
#3125=EDGE_CURVE('',#2559,#2559,#312,.T.);
#3126=EDGE_CURVE('',#2560,#2560,#313,.T.);
#3127=EDGE_CURVE('',#2561,#2561,#314,.T.);
#3128=EDGE_CURVE('',#2562,#2563,#315,.T.);
#3129=EDGE_CURVE('',#2564,#2562,#1493,.T.);
#3130=EDGE_CURVE('',#2565,#2564,#316,.T.);
#3131=EDGE_CURVE('',#2563,#2565,#1494,.T.);
#3132=EDGE_CURVE('',#2566,#2566,#317,.T.);
#3133=EDGE_CURVE('',#2567,#2567,#318,.T.);
#3134=EDGE_CURVE('',#2568,#2568,#319,.T.);
#3135=EDGE_CURVE('',#2569,#2570,#320,.T.);
#3136=EDGE_CURVE('',#2571,#2569,#1495,.T.);
#3137=EDGE_CURVE('',#2572,#2571,#321,.T.);
#3138=EDGE_CURVE('',#2570,#2572,#1496,.T.);
#3139=EDGE_CURVE('',#2573,#2573,#322,.T.);
#3140=EDGE_CURVE('',#2574,#2574,#323,.T.);
#3141=EDGE_CURVE('',#2575,#2575,#324,.T.);
#3142=EDGE_CURVE('',#2576,#2576,#325,.T.);
#3143=EDGE_CURVE('',#2509,#2508,#1497,.T.);
#3144=EDGE_CURVE('',#2577,#2577,#326,.T.);
#3145=EDGE_CURVE('',#2578,#2578,#327,.T.);
#3146=EDGE_CURVE('',#2579,#2579,#328,.T.);
#3147=EDGE_CURVE('',#2580,#2580,#329,.T.);
#3148=EDGE_CURVE('',#2581,#2581,#330,.T.);
#3149=EDGE_CURVE('',#2582,#2582,#331,.T.);
#3150=EDGE_CURVE('',#2583,#2583,#332,.T.);
#3151=EDGE_CURVE('',#2584,#2584,#333,.T.);
#3152=EDGE_CURVE('',#2585,#2585,#334,.T.);
#3153=EDGE_CURVE('',#2586,#2586,#335,.T.);
#3154=EDGE_CURVE('',#2587,#2587,#336,.T.);
#3155=EDGE_CURVE('',#2588,#2588,#337,.T.);
#3156=EDGE_CURVE('',#2589,#2589,#338,.T.);
#3157=EDGE_CURVE('',#2590,#2590,#339,.T.);
#3158=EDGE_CURVE('',#2591,#2591,#340,.T.);
#3159=EDGE_CURVE('',#2592,#2592,#341,.T.);
#3160=EDGE_CURVE('',#2593,#2593,#342,.T.);
#3161=EDGE_CURVE('',#2594,#2594,#343,.T.);
#3162=EDGE_CURVE('',#2595,#2595,#344,.T.);
#3163=EDGE_CURVE('',#2596,#2596,#345,.T.);
#3164=EDGE_CURVE('',#2597,#2597,#346,.T.);
#3165=EDGE_CURVE('',#2598,#2598,#347,.T.);
#3166=EDGE_CURVE('',#2599,#2599,#348,.T.);
#3167=EDGE_CURVE('',#2600,#2600,#349,.T.);
#3168=EDGE_CURVE('',#2601,#2601,#350,.T.);
#3169=EDGE_CURVE('',#2602,#2602,#351,.T.);
#3170=EDGE_CURVE('',#2603,#2603,#352,.T.);
#3171=EDGE_CURVE('',#2604,#2604,#353,.T.);
#3172=EDGE_CURVE('',#2605,#2605,#354,.T.);
#3173=EDGE_CURVE('',#2606,#2606,#355,.T.);
#3174=EDGE_CURVE('',#2607,#2607,#356,.T.);
#3175=EDGE_CURVE('',#2608,#2608,#357,.T.);
#3176=EDGE_CURVE('',#2609,#2609,#358,.T.);
#3177=EDGE_CURVE('',#2610,#2610,#359,.T.);
#3178=EDGE_CURVE('',#2611,#2611,#360,.T.);
#3179=EDGE_CURVE('',#2612,#2612,#361,.T.);
#3180=EDGE_CURVE('',#2613,#2613,#362,.T.);
#3181=EDGE_CURVE('',#2614,#2614,#363,.T.);
#3182=EDGE_CURVE('',#2615,#2615,#364,.T.);
#3183=EDGE_CURVE('',#2616,#2616,#365,.T.);
#3184=EDGE_CURVE('',#2617,#2617,#366,.T.);
#3185=EDGE_CURVE('',#2618,#2618,#367,.T.);
#3186=EDGE_CURVE('',#2619,#2620,#1498,.T.);
#3187=EDGE_CURVE('',#2621,#2619,#1499,.T.);
#3188=EDGE_CURVE('',#2622,#2621,#1500,.T.);
#3189=EDGE_CURVE('',#2620,#2622,#1501,.T.);
#3190=EDGE_CURVE('',#2623,#2623,#368,.T.);
#3191=EDGE_CURVE('',#2624,#2624,#369,.T.);
#3192=EDGE_CURVE('',#2625,#2625,#370,.T.);
#3193=EDGE_CURVE('',#2626,#2626,#371,.T.);
#3194=EDGE_CURVE('',#2627,#2627,#372,.T.);
#3195=EDGE_CURVE('',#2628,#2629,#373,.T.);
#3196=EDGE_CURVE('',#2629,#2630,#1502,.T.);
#3197=EDGE_CURVE('',#2630,#2631,#374,.T.);
#3198=EDGE_CURVE('',#2631,#2628,#1503,.T.);
#3199=EDGE_CURVE('',#2632,#2632,#375,.T.);
#3200=EDGE_CURVE('',#2633,#2633,#376,.T.);
#3201=EDGE_CURVE('',#2634,#2634,#377,.T.);
#3202=EDGE_CURVE('',#2635,#2636,#378,.T.);
#3203=EDGE_CURVE('',#2636,#2637,#1504,.T.);
#3204=EDGE_CURVE('',#2637,#2638,#379,.T.);
#3205=EDGE_CURVE('',#2638,#2635,#1505,.T.);
#3206=EDGE_CURVE('',#2639,#2639,#380,.T.);
#3207=EDGE_CURVE('',#2640,#2640,#381,.T.);
#3208=EDGE_CURVE('',#2641,#2641,#382,.T.);
#3209=EDGE_CURVE('',#2642,#2642,#383,.T.);
#3210=EDGE_CURVE('',#2577,#2511,#1506,.T.);
#3211=EDGE_CURVE('',#2578,#2512,#1507,.T.);
#3212=EDGE_CURVE('',#2579,#2513,#1508,.T.);
#3213=EDGE_CURVE('',#2580,#2514,#1509,.T.);
#3214=EDGE_CURVE('',#2581,#2515,#1510,.T.);
#3215=EDGE_CURVE('',#2582,#2516,#1511,.T.);
#3216=EDGE_CURVE('',#2583,#2517,#1512,.T.);
#3217=EDGE_CURVE('',#2584,#2518,#1513,.T.);
#3218=EDGE_CURVE('',#2585,#2519,#1514,.T.);
#3219=EDGE_CURVE('',#2586,#2520,#1515,.T.);
#3220=EDGE_CURVE('',#2587,#2521,#1516,.T.);
#3221=EDGE_CURVE('',#2588,#2522,#1517,.T.);
#3222=EDGE_CURVE('',#2589,#2523,#1518,.T.);
#3223=EDGE_CURVE('',#2590,#2524,#1519,.T.);
#3224=EDGE_CURVE('',#2591,#2525,#1520,.T.);
#3225=EDGE_CURVE('',#2592,#2526,#1521,.T.);
#3226=EDGE_CURVE('',#2593,#2527,#1522,.T.);
#3227=EDGE_CURVE('',#2594,#2528,#1523,.T.);
#3228=EDGE_CURVE('',#2595,#2529,#1524,.T.);
#3229=EDGE_CURVE('',#2596,#2530,#1525,.T.);
#3230=EDGE_CURVE('',#2597,#2531,#1526,.T.);
#3231=EDGE_CURVE('',#2598,#2532,#1527,.T.);
#3232=EDGE_CURVE('',#2599,#2533,#1528,.T.);
#3233=EDGE_CURVE('',#2600,#2534,#1529,.T.);
#3234=EDGE_CURVE('',#2601,#2535,#1530,.T.);
#3235=EDGE_CURVE('',#2602,#2536,#1531,.T.);
#3236=EDGE_CURVE('',#2603,#2537,#1532,.T.);
#3237=EDGE_CURVE('',#2604,#2538,#1533,.T.);
#3238=EDGE_CURVE('',#2605,#2539,#1534,.T.);
#3239=EDGE_CURVE('',#2606,#2540,#1535,.T.);
#3240=EDGE_CURVE('',#2607,#2541,#1536,.T.);
#3241=EDGE_CURVE('',#2608,#2542,#1537,.T.);
#3242=EDGE_CURVE('',#2609,#2543,#1538,.T.);
#3243=EDGE_CURVE('',#2610,#2544,#1539,.T.);
#3244=EDGE_CURVE('',#2611,#2545,#1540,.T.);
#3245=EDGE_CURVE('',#2612,#2546,#1541,.T.);
#3246=EDGE_CURVE('',#2613,#2547,#1542,.T.);
#3247=EDGE_CURVE('',#2614,#2548,#1543,.T.);
#3248=EDGE_CURVE('',#2615,#2549,#1544,.T.);
#3249=EDGE_CURVE('',#2616,#2550,#1545,.T.);
#3250=EDGE_CURVE('',#2617,#2551,#1546,.T.);
#3251=EDGE_CURVE('',#2618,#2552,#1547,.T.);
#3252=EDGE_CURVE('',#2553,#2619,#1548,.T.);
#3253=EDGE_CURVE('',#2554,#2620,#1549,.T.);
#3254=EDGE_CURVE('',#2556,#2621,#1550,.T.);
#3255=EDGE_CURVE('',#2555,#2622,#1551,.T.);
#3256=EDGE_CURVE('',#2623,#2557,#1552,.T.);
#3257=EDGE_CURVE('',#2624,#2558,#1553,.T.);
#3258=EDGE_CURVE('',#2625,#2559,#1554,.T.);
#3259=EDGE_CURVE('',#2626,#2560,#1555,.T.);
#3260=EDGE_CURVE('',#2627,#2561,#1556,.T.);
#3261=EDGE_CURVE('',#2563,#2629,#1557,.T.);
#3262=EDGE_CURVE('',#2562,#2628,#1558,.T.);
#3263=EDGE_CURVE('',#2564,#2631,#1559,.T.);
#3264=EDGE_CURVE('',#2565,#2630,#1560,.T.);
#3265=EDGE_CURVE('',#2632,#2566,#1561,.T.);
#3266=EDGE_CURVE('',#2633,#2567,#1562,.T.);
#3267=EDGE_CURVE('',#2634,#2568,#1563,.T.);
#3268=EDGE_CURVE('',#2570,#2636,#1564,.T.);
#3269=EDGE_CURVE('',#2569,#2635,#1565,.T.);
#3270=EDGE_CURVE('',#2571,#2638,#1566,.T.);
#3271=EDGE_CURVE('',#2572,#2637,#1567,.T.);
#3272=EDGE_CURVE('',#2639,#2573,#1568,.T.);
#3273=EDGE_CURVE('',#2640,#2574,#1569,.T.);
#3274=EDGE_CURVE('',#2641,#2575,#1570,.T.);
#3275=EDGE_CURVE('',#2642,#2576,#1571,.T.);
#3276=EDGE_CURVE('',#2643,#2644,#1572,.T.);
#3277=EDGE_CURVE('',#2644,#2645,#1573,.T.);
#3278=EDGE_CURVE('',#2646,#2645,#1574,.T.);
#3279=EDGE_CURVE('',#2643,#2646,#1575,.T.);
#3280=EDGE_CURVE('',#2647,#2648,#1576,.T.);
#3281=EDGE_CURVE('',#2649,#2648,#384,.T.);
#3282=EDGE_CURVE('',#2650,#2649,#1577,.T.);
#3283=EDGE_CURVE('',#2650,#2651,#1578,.T.);
#3284=EDGE_CURVE('',#2651,#2652,#1579,.T.);
#3285=EDGE_CURVE('',#2652,#2653,#385,.T.);
#3286=EDGE_CURVE('',#2654,#2653,#1580,.T.);
#3287=EDGE_CURVE('',#2644,#2654,#386,.T.);
#3288=EDGE_CURVE('',#2643,#2647,#387,.T.);
#3289=EDGE_CURVE('',#2646,#2655,#388,.T.);
#3290=EDGE_CURVE('',#2647,#2655,#1581,.T.);
#3291=EDGE_CURVE('',#2654,#2656,#1582,.T.);
#3292=EDGE_CURVE('',#2645,#2656,#389,.T.);
#3293=EDGE_CURVE('',#2655,#2657,#1583,.T.);
#3294=EDGE_CURVE('',#2656,#2658,#1584,.T.);
#3295=EDGE_CURVE('',#2659,#2658,#390,.T.);
#3296=EDGE_CURVE('',#2660,#2659,#1585,.T.);
#3297=EDGE_CURVE('',#2661,#2660,#1586,.T.);
#3298=EDGE_CURVE('',#2661,#2662,#1587,.T.);
#3299=EDGE_CURVE('',#2662,#2657,#391,.T.);
#3300=EDGE_CURVE('',#2648,#2657,#1588,.T.);
#3301=EDGE_CURVE('',#2649,#2662,#1589,.T.);
#3302=EDGE_CURVE('',#2649,#2663,#1590,.T.);
#3303=EDGE_CURVE('',#2663,#2664,#1591,.T.);
#3304=EDGE_CURVE('',#2664,#2665,#1592,.T.);
#3305=EDGE_CURVE('',#2666,#2665,#1593,.T.);
#3306=EDGE_CURVE('',#2652,#2666,#1594,.T.);
#3307=EDGE_CURVE('',#2653,#2658,#1595,.T.);
#3308=EDGE_CURVE('',#2652,#2659,#1596,.T.);
#3309=EDGE_CURVE('',#2659,#2667,#1597,.T.);
#3310=EDGE_CURVE('',#2667,#2668,#1598,.T.);
#3311=EDGE_CURVE('',#2669,#2668,#1599,.T.);
#3312=EDGE_CURVE('',#2670,#2669,#1600,.T.);
#3313=EDGE_CURVE('',#2662,#2670,#1601,.T.);
#3314=EDGE_CURVE('',#2663,#2670,#1602,.T.);
#3315=EDGE_CURVE('',#2671,#2672,#1603,.T.);
#3316=EDGE_CURVE('',#2673,#2672,#392,.T.);
#3317=EDGE_CURVE('',#2673,#2674,#1604,.T.);
#3318=EDGE_CURVE('',#2674,#2675,#393,.T.);
#3319=EDGE_CURVE('',#2676,#2675,#1605,.T.);
#3320=EDGE_CURVE('',#2666,#2676,#394,.T.);
#3321=EDGE_CURVE('',#2663,#2671,#395,.T.);
#3322=EDGE_CURVE('',#2666,#2677,#1606,.T.);
#3323=EDGE_CURVE('',#2678,#2677,#1607,.T.);
#3324=EDGE_CURVE('',#2652,#2678,#1608,.T.);
#3325=EDGE_CURVE('',#2678,#2679,#1609,.T.);
#3326=EDGE_CURVE('',#2659,#2679,#1610,.T.);
#3327=EDGE_CURVE('',#2680,#2681,#1611,.T.);
#3328=EDGE_CURVE('',#2670,#2680,#396,.T.);
#3329=EDGE_CURVE('',#2667,#2682,#397,.T.);
#3330=EDGE_CURVE('',#2682,#2683,#1612,.T.);
#3331=EDGE_CURVE('',#2684,#2683,#398,.T.);
#3332=EDGE_CURVE('',#2685,#2684,#1613,.T.);
#3333=EDGE_CURVE('',#2685,#2681,#399,.T.);
#3334=EDGE_CURVE('',#2679,#2686,#1614,.T.);
#3335=EDGE_CURVE('',#2667,#2686,#1615,.T.);
#3336=EDGE_CURVE('',#2671,#2680,#1616,.T.);
#3337=EDGE_CURVE('',#2672,#2681,#1617,.T.);
#3338=EDGE_CURVE('',#2673,#2685,#1618,.T.);
#3339=EDGE_CURVE('',#2674,#2684,#1619,.T.);
#3340=EDGE_CURVE('',#2675,#2683,#1620,.T.);
#3341=EDGE_CURVE('',#2676,#2682,#1621,.T.);
#3342=EDGE_CURVE('',#2666,#2667,#1622,.T.);
#3343=EDGE_CURVE('',#2677,#2686,#1623,.T.);
#3344=EDGE_CURVE('',#2687,#2688,#1624,.T.);
#3345=EDGE_CURVE('',#2688,#2689,#400,.T.);
#3346=EDGE_CURVE('',#2689,#2690,#1625,.T.);
#3347=EDGE_CURVE('',#2691,#2690,#401,.T.);
#3348=EDGE_CURVE('',#2692,#2691,#1626,.T.);
#3349=EDGE_CURVE('',#2692,#2693,#402,.T.);
#3350=EDGE_CURVE('',#2694,#2693,#1627,.T.);
#3351=EDGE_CURVE('',#2687,#2694,#403,.T.);
#3352=EDGE_CURVE('',#2695,#2696,#1628,.T.);
#3353=EDGE_CURVE('',#2688,#2696,#1629,.T.);
#3354=EDGE_CURVE('',#2687,#2695,#1630,.T.);
#3355=EDGE_CURVE('',#2694,#2697,#1631,.T.);
#3356=EDGE_CURVE('',#2695,#2697,#404,.T.);
#3357=EDGE_CURVE('',#2696,#2698,#405,.T.);
#3358=EDGE_CURVE('',#2689,#2698,#1632,.T.);
#3359=EDGE_CURVE('',#2693,#2699,#1633,.T.);
#3360=EDGE_CURVE('',#2697,#2699,#1634,.T.);
#3361=EDGE_CURVE('',#2698,#2700,#1635,.T.);
#3362=EDGE_CURVE('',#2690,#2700,#1636,.T.);
#3363=EDGE_CURVE('',#2692,#2701,#1637,.T.);
#3364=EDGE_CURVE('',#2701,#2699,#406,.T.);
#3365=EDGE_CURVE('',#2702,#2700,#407,.T.);
#3366=EDGE_CURVE('',#2691,#2702,#1638,.T.);
#3367=EDGE_CURVE('',#2701,#2702,#1639,.T.);
#3368=EDGE_CURVE('',#2703,#2704,#408,.T.);
#3369=EDGE_CURVE('',#2703,#2705,#1640,.T.);
#3370=EDGE_CURVE('',#2705,#2706,#409,.T.);
#3371=EDGE_CURVE('',#2706,#2707,#1641,.T.);
#3372=EDGE_CURVE('',#2708,#2707,#410,.T.);
#3373=EDGE_CURVE('',#2709,#2708,#1642,.T.);
#3374=EDGE_CURVE('',#2709,#2710,#411,.T.);
#3375=EDGE_CURVE('',#2704,#2710,#1643,.T.);
#3376=EDGE_CURVE('',#2704,#2711,#1644,.T.);
#3377=EDGE_CURVE('',#2712,#2711,#412,.T.);
#3378=EDGE_CURVE('',#2703,#2712,#1645,.T.);
#3379=EDGE_CURVE('',#2710,#2713,#1646,.T.);
#3380=EDGE_CURVE('',#2711,#2713,#1647,.T.);
#3381=EDGE_CURVE('',#2709,#2714,#1648,.T.);
#3382=EDGE_CURVE('',#2714,#2713,#413,.T.);
#3383=EDGE_CURVE('',#2714,#2715,#1649,.T.);
#3384=EDGE_CURVE('',#2708,#2715,#1650,.T.);
#3385=EDGE_CURVE('',#2707,#2716,#1651,.T.);
#3386=EDGE_CURVE('',#2715,#2716,#414,.T.);
#3387=EDGE_CURVE('',#2706,#2717,#1652,.T.);
#3388=EDGE_CURVE('',#2717,#2716,#1653,.T.);
#3389=EDGE_CURVE('',#2705,#2718,#1654,.T.);
#3390=EDGE_CURVE('',#2718,#2717,#415,.T.);
#3391=EDGE_CURVE('',#2712,#2718,#1655,.T.);
#3392=EDGE_CURVE('',#2719,#2720,#1656,.T.);
#3393=EDGE_CURVE('',#2720,#2721,#416,.T.);
#3394=EDGE_CURVE('',#2721,#2722,#1657,.T.);
#3395=EDGE_CURVE('',#2723,#2722,#417,.T.);
#3396=EDGE_CURVE('',#2724,#2723,#1658,.T.);
#3397=EDGE_CURVE('',#2724,#2725,#418,.T.);
#3398=EDGE_CURVE('',#2726,#2725,#1659,.T.);
#3399=EDGE_CURVE('',#2719,#2726,#419,.T.);
#3400=EDGE_CURVE('',#2727,#2728,#1660,.T.);
#3401=EDGE_CURVE('',#2720,#2728,#1661,.T.);
#3402=EDGE_CURVE('',#2719,#2727,#1662,.T.);
#3403=EDGE_CURVE('',#2726,#2729,#1663,.T.);
#3404=EDGE_CURVE('',#2727,#2729,#420,.T.);
#3405=EDGE_CURVE('',#2728,#2730,#421,.T.);
#3406=EDGE_CURVE('',#2721,#2730,#1664,.T.);
#3407=EDGE_CURVE('',#2725,#2731,#1665,.T.);
#3408=EDGE_CURVE('',#2729,#2731,#1666,.T.);
#3409=EDGE_CURVE('',#2730,#2732,#1667,.T.);
#3410=EDGE_CURVE('',#2722,#2732,#1668,.T.);
#3411=EDGE_CURVE('',#2724,#2733,#1669,.T.);
#3412=EDGE_CURVE('',#2733,#2731,#422,.T.);
#3413=EDGE_CURVE('',#2734,#2732,#423,.T.);
#3414=EDGE_CURVE('',#2723,#2734,#1670,.T.);
#3415=EDGE_CURVE('',#2733,#2734,#1671,.T.);
#3416=EDGE_CURVE('',#2735,#2736,#1672,.T.);
#3417=EDGE_CURVE('',#2736,#2737,#1673,.T.);
#3418=EDGE_CURVE('',#2737,#2738,#1674,.T.);
#3419=EDGE_CURVE('',#2738,#2735,#1675,.T.);
#3420=EDGE_CURVE('',#2739,#2740,#1676,.T.);
#3421=EDGE_CURVE('',#2740,#2741,#1677,.T.);
#3422=EDGE_CURVE('',#2741,#2742,#1678,.T.);
#3423=EDGE_CURVE('',#2742,#2739,#1679,.T.);
#3424=EDGE_CURVE('',#2743,#2744,#1680,.T.);
#3425=EDGE_CURVE('',#2745,#2743,#1681,.T.);
#3426=EDGE_CURVE('',#2746,#2745,#1682,.T.);
#3427=EDGE_CURVE('',#2744,#2746,#1683,.T.);
#3428=EDGE_CURVE('',#2747,#2748,#1684,.T.);
#3429=EDGE_CURVE('',#2748,#2749,#1685,.T.);
#3430=EDGE_CURVE('',#2749,#2750,#1686,.T.);
#3431=EDGE_CURVE('',#2750,#2747,#1687,.T.);
#3432=EDGE_CURVE('',#2751,#2743,#1688,.T.);
#3433=EDGE_CURVE('',#2744,#2752,#1689,.T.);
#3434=EDGE_CURVE('',#2752,#2753,#424,.T.);
#3435=EDGE_CURVE('',#2753,#2754,#1690,.T.);
#3436=EDGE_CURVE('',#2754,#2755,#1691,.T.);
#3437=EDGE_CURVE('',#2755,#2756,#1692,.T.);
#3438=EDGE_CURVE('',#2756,#2757,#1693,.T.);
#3439=EDGE_CURVE('',#2757,#2758,#1694,.T.);
#3440=EDGE_CURVE('',#2758,#2759,#1695,.T.);
#3441=EDGE_CURVE('',#2759,#2760,#1696,.T.);
#3442=EDGE_CURVE('',#2760,#2761,#1697,.T.);
#3443=EDGE_CURVE('',#2761,#2762,#1698,.T.);
#3444=EDGE_CURVE('',#2762,#2763,#1699,.T.);
#3445=EDGE_CURVE('',#2763,#2764,#1700,.T.);
#3446=EDGE_CURVE('',#2764,#2751,#425,.T.);
#3447=EDGE_CURVE('',#2765,#2765,#426,.T.);
#3448=EDGE_CURVE('',#2765,#2766,#1701,.T.);
#3449=EDGE_CURVE('',#2766,#2766,#427,.T.);
#3450=EDGE_CURVE('',#2767,#2767,#428,.T.);
#3451=EDGE_CURVE('',#2767,#2768,#1702,.T.);
#3452=EDGE_CURVE('',#2768,#2768,#429,.T.);
#3453=EDGE_CURVE('',#2769,#2769,#430,.T.);
#3454=EDGE_CURVE('',#2769,#2770,#1703,.T.);
#3455=EDGE_CURVE('',#2770,#2770,#431,.T.);
#3456=EDGE_CURVE('',#2760,#2771,#1704,.T.);
#3457=EDGE_CURVE('',#2772,#2771,#1705,.T.);
#3458=EDGE_CURVE('',#2761,#2772,#1706,.T.);
#3459=EDGE_CURVE('',#2773,#2762,#1707,.T.);
#3460=EDGE_CURVE('',#2774,#2773,#1708,.T.);
#3461=EDGE_CURVE('',#2763,#2774,#1709,.T.);
#3462=EDGE_CURVE('',#2755,#2775,#1710,.T.);
#3463=EDGE_CURVE('',#2776,#2754,#1711,.T.);
#3464=EDGE_CURVE('',#2775,#2776,#1712,.T.);
#3465=EDGE_CURVE('',#2773,#2772,#1713,.T.);
#3466=EDGE_CURVE('',#2777,#2775,#1714,.T.);
#3467=EDGE_CURVE('',#2777,#2756,#1715,.T.);
#3468=EDGE_CURVE('',#2778,#2779,#1716,.T.);
#3469=EDGE_CURVE('',#2779,#2780,#1717,.T.);
#3470=EDGE_CURVE('',#2780,#2781,#1718,.T.);
#3471=EDGE_CURVE('',#2781,#2778,#1719,.T.);
#3472=EDGE_CURVE('',#2782,#2783,#1720,.T.);
#3473=EDGE_CURVE('',#2783,#2784,#1721,.T.);
#3474=EDGE_CURVE('',#2784,#2785,#1722,.T.);
#3475=EDGE_CURVE('',#2785,#2782,#1723,.T.);
#3476=EDGE_CURVE('',#2786,#2787,#1724,.T.);
#3477=EDGE_CURVE('',#2788,#2787,#1725,.T.);
#3478=EDGE_CURVE('',#2789,#2788,#1726,.T.);
#3479=EDGE_CURVE('',#2786,#2789,#1727,.T.);
#3480=EDGE_CURVE('',#2790,#2791,#1728,.T.);
#3481=EDGE_CURVE('',#2791,#2740,#1729,.T.);
#3482=EDGE_CURVE('',#2790,#2739,#1730,.T.);
#3483=EDGE_CURVE('',#2792,#2793,#1731,.T.);
#3484=EDGE_CURVE('',#2792,#2742,#1732,.T.);
#3485=EDGE_CURVE('',#2793,#2741,#1733,.T.);
#3486=EDGE_CURVE('',#2794,#2795,#1734,.T.);
#3487=EDGE_CURVE('',#2794,#2796,#1735,.T.);
#3488=EDGE_CURVE('',#2796,#2797,#1736,.T.);
#3489=EDGE_CURVE('',#2797,#2795,#1737,.T.);
#3490=EDGE_CURVE('',#2798,#2799,#1738,.T.);
#3491=EDGE_CURVE('',#2798,#2738,#1739,.T.);
#3492=EDGE_CURVE('',#2799,#2737,#1740,.T.);
#3493=EDGE_CURVE('',#2783,#2800,#1741,.T.);
#3494=EDGE_CURVE('',#2771,#2800,#1742,.T.);
#3495=EDGE_CURVE('',#2784,#2759,#1743,.F.);
#3496=EDGE_CURVE('',#2785,#2758,#1744,.T.);
#3497=EDGE_CURVE('',#2801,#2802,#1745,.T.);
#3498=EDGE_CURVE('',#2801,#2798,#1746,.T.);
#3499=EDGE_CURVE('',#2799,#2802,#1747,.T.);
#3500=EDGE_CURVE('',#2790,#2792,#1748,.T.);
#3501=EDGE_CURVE('',#2793,#2791,#1749,.T.);
#3502=EDGE_CURVE('',#2803,#2782,#1750,.T.);
#3503=EDGE_CURVE('',#2800,#2803,#1751,.T.);
#3504=EDGE_CURVE('',#2786,#2794,#1752,.T.);
#3505=EDGE_CURVE('',#2795,#2787,#1753,.T.);
#3506=EDGE_CURVE('',#2749,#2779,#1754,.T.);
#3507=EDGE_CURVE('',#2748,#2780,#1755,.T.);
#3508=EDGE_CURVE('',#2750,#2778,#1756,.T.);
#3509=EDGE_CURVE('',#2804,#2757,#1757,.T.);
#3510=EDGE_CURVE('',#2803,#2804,#1758,.T.);
#3511=EDGE_CURVE('',#2781,#2747,#1759,.T.);
#3512=EDGE_CURVE('',#2802,#2736,#1760,.T.);
#3513=EDGE_CURVE('',#2801,#2735,#1761,.T.);
#3514=EDGE_CURVE('',#2788,#2797,#1762,.T.);
#3515=EDGE_CURVE('',#2789,#2796,#1763,.T.);
#3516=EDGE_CURVE('',#2804,#2777,#1764,.T.);
#3517=EDGE_CURVE('',#2745,#2805,#1765,.T.);
#3518=EDGE_CURVE('',#2805,#2806,#432,.T.);
#3519=EDGE_CURVE('',#2806,#2774,#1766,.T.);
#3520=EDGE_CURVE('',#2776,#2807,#1767,.T.);
#3521=EDGE_CURVE('',#2807,#2808,#433,.T.);
#3522=EDGE_CURVE('',#2808,#2746,#1768,.T.);
#3523=EDGE_CURVE('',#2809,#2810,#1769,.T.);
#3524=EDGE_CURVE('',#2810,#2811,#1770,.T.);
#3525=EDGE_CURVE('',#2811,#2812,#1771,.T.);
#3526=EDGE_CURVE('',#2812,#2809,#1772,.T.);
#3527=EDGE_CURVE('',#2813,#2814,#1773,.T.);
#3528=EDGE_CURVE('',#2814,#2815,#1774,.T.);
#3529=EDGE_CURVE('',#2815,#2816,#1775,.T.);
#3530=EDGE_CURVE('',#2816,#2813,#1776,.T.);
#3531=EDGE_CURVE('',#2764,#2806,#1777,.T.);
#3532=EDGE_CURVE('',#2807,#2753,#1778,.T.);
#3533=EDGE_CURVE('',#2817,#2818,#1779,.T.);
#3534=EDGE_CURVE('',#2819,#2817,#1780,.T.);
#3535=EDGE_CURVE('',#2820,#2819,#1781,.T.);
#3536=EDGE_CURVE('',#2818,#2820,#1782,.T.);
#3537=EDGE_CURVE('',#2821,#2822,#1783,.T.);
#3538=EDGE_CURVE('',#2823,#2821,#1784,.T.);
#3539=EDGE_CURVE('',#2824,#2823,#1785,.T.);
#3540=EDGE_CURVE('',#2822,#2824,#1786,.T.);
#3541=EDGE_CURVE('',#2820,#2815,#1787,.T.);
#3542=EDGE_CURVE('',#2818,#2814,#1788,.T.);
#3543=EDGE_CURVE('',#2819,#2816,#1789,.T.);
#3544=EDGE_CURVE('',#2824,#2811,#1790,.T.);
#3545=EDGE_CURVE('',#2822,#2810,#1791,.T.);
#3546=EDGE_CURVE('',#2823,#2812,#1792,.T.);
#3547=EDGE_CURVE('',#2817,#2813,#1793,.T.);
#3548=EDGE_CURVE('',#2821,#2809,#1794,.T.);
#3549=EDGE_CURVE('',#2805,#2751,#1795,.T.);
#3550=EDGE_CURVE('',#2752,#2808,#1796,.T.);
#3551=EDGE_CURVE('',#2825,#2826,#1797,.T.);
#3552=EDGE_CURVE('',#2827,#2825,#1798,.T.);
#3553=EDGE_CURVE('',#2828,#2827,#1799,.T.);
#3554=EDGE_CURVE('',#2826,#2828,#1800,.T.);
#3555=EDGE_CURVE('',#2829,#2826,#1801,.F.);
#3556=EDGE_CURVE('',#2830,#2829,#1802,.T.);
#3557=EDGE_CURVE('',#2825,#2830,#1803,.F.);
#3558=EDGE_CURVE('',#2831,#2831,#434,.T.);
#3559=EDGE_CURVE('',#2832,#2832,#435,.T.);
#3560=EDGE_CURVE('',#2833,#2833,#436,.T.);
#3561=EDGE_CURVE('',#2833,#2831,#1804,.T.);
#3562=EDGE_CURVE('',#2832,#2834,#1805,.T.);
#3563=EDGE_CURVE('',#2834,#2834,#437,.T.);
#3564=EDGE_CURVE('',#2835,#2835,#438,.T.);
#3565=EDGE_CURVE('',#2836,#2836,#439,.T.);
#3566=EDGE_CURVE('',#2837,#2837,#440,.T.);
#3567=EDGE_CURVE('',#2837,#2835,#1806,.T.);
#3568=EDGE_CURVE('',#2836,#2838,#1807,.T.);
#3569=EDGE_CURVE('',#2838,#2838,#441,.T.);
#3570=EDGE_CURVE('',#2839,#2839,#442,.T.);
#3571=EDGE_CURVE('',#2840,#2840,#443,.T.);
#3572=EDGE_CURVE('',#2841,#2841,#444,.T.);
#3573=EDGE_CURVE('',#2841,#2839,#1808,.T.);
#3574=EDGE_CURVE('',#2840,#2842,#1809,.T.);
#3575=EDGE_CURVE('',#2842,#2842,#445,.T.);
#3576=EDGE_CURVE('',#2843,#2843,#446,.T.);
#3577=EDGE_CURVE('',#2843,#2844,#1810,.T.);
#3578=EDGE_CURVE('',#2844,#2844,#447,.T.);
#3579=EDGE_CURVE('',#2845,#2845,#448,.T.);
#3580=EDGE_CURVE('',#2845,#2846,#1811,.T.);
#3581=EDGE_CURVE('',#2846,#2846,#449,.T.);
#3582=EDGE_CURVE('',#2847,#2847,#450,.T.);
#3583=EDGE_CURVE('',#2847,#2848,#1812,.T.);
#3584=EDGE_CURVE('',#2848,#2848,#451,.T.);
#3585=EDGE_CURVE('',#2849,#2849,#452,.F.);
#3586=EDGE_CURVE('',#2849,#2850,#1813,.T.);
#3587=EDGE_CURVE('',#2850,#2850,#453,.F.);
#3588=EDGE_CURVE('',#2851,#2851,#454,.F.);
#3589=EDGE_CURVE('',#2851,#2852,#1814,.T.);
#3590=EDGE_CURVE('',#2852,#2852,#455,.F.);
#3591=EDGE_CURVE('',#2853,#2854,#1815,.T.);
#3592=EDGE_CURVE('',#2855,#2853,#1816,.T.);
#3593=EDGE_CURVE('',#2856,#2855,#1817,.T.);
#3594=EDGE_CURVE('',#2854,#2856,#1818,.T.);
#3595=EDGE_CURVE('',#2857,#2858,#456,.T.);
#3596=EDGE_CURVE('',#2859,#2858,#1819,.F.);
#3597=EDGE_CURVE('',#2859,#2860,#457,.T.);
#3598=EDGE_CURVE('',#2861,#2860,#1820,.F.);
#3599=EDGE_CURVE('',#2861,#2862,#458,.T.);
#3600=EDGE_CURVE('',#2863,#2862,#1821,.F.);
#3601=EDGE_CURVE('',#2863,#2864,#459,.T.);
#3602=EDGE_CURVE('',#2857,#2864,#1822,.F.);
#3603=EDGE_CURVE('',#2865,#2853,#1823,.T.);
#3604=EDGE_CURVE('',#2854,#2866,#1824,.T.);
#3605=EDGE_CURVE('',#2866,#2865,#1825,.T.);
#3606=EDGE_CURVE('',#2867,#2866,#1826,.T.);
#3607=EDGE_CURVE('',#2868,#2867,#1827,.T.);
#3608=EDGE_CURVE('',#2865,#2868,#1828,.T.);
#3609=EDGE_CURVE('',#2867,#2856,#1829,.T.);
#3610=EDGE_CURVE('',#2855,#2868,#1830,.T.);
#3611=EDGE_CURVE('',#2869,#2870,#1831,.T.);
#3612=EDGE_CURVE('',#2871,#2870,#1832,.T.);
#3613=EDGE_CURVE('',#2872,#2871,#1833,.T.);
#3614=EDGE_CURVE('',#2872,#2869,#1834,.T.);
#3615=EDGE_CURVE('',#2873,#2874,#1835,.T.);
#3616=EDGE_CURVE('',#2873,#2875,#1836,.T.);
#3617=EDGE_CURVE('',#2876,#2875,#1837,.T.);
#3618=EDGE_CURVE('',#2876,#2874,#1838,.T.);
#3619=EDGE_CURVE('',#2874,#2870,#1839,.T.);
#3620=EDGE_CURVE('',#2871,#2876,#1840,.T.);
#3621=EDGE_CURVE('',#2873,#2869,#1841,.T.);
#3622=EDGE_CURVE('',#2830,#2877,#1842,.F.);
#3623=EDGE_CURVE('',#2877,#2827,#1843,.F.);
#3624=EDGE_CURVE('',#2877,#2878,#1844,.F.);
#3625=EDGE_CURVE('',#2828,#2878,#1845,.F.);
#3626=EDGE_CURVE('',#2878,#2829,#1846,.F.);
#3627=EDGE_CURVE('',#2879,#2880,#1847,.F.);
#3628=EDGE_CURVE('',#2881,#2880,#460,.T.);
#3629=EDGE_CURVE('',#2881,#2882,#1848,.F.);
#3630=EDGE_CURVE('',#2883,#2882,#461,.T.);
#3631=EDGE_CURVE('',#2883,#2884,#1849,.F.);
#3632=EDGE_CURVE('',#2885,#2884,#462,.T.);
#3633=EDGE_CURVE('',#2885,#2886,#1850,.F.);
#3634=EDGE_CURVE('',#2879,#2886,#463,.T.);
#3635=EDGE_CURVE('',#2887,#2887,#464,.F.);
#3636=EDGE_CURVE('',#2857,#2881,#1851,.T.);
#3637=EDGE_CURVE('',#2880,#2858,#1852,.T.);
#3638=EDGE_CURVE('',#2882,#2864,#1853,.T.);
#3639=EDGE_CURVE('',#2863,#2883,#1854,.T.);
#3640=EDGE_CURVE('',#2859,#2879,#1855,.T.);
#3641=EDGE_CURVE('',#2884,#2862,#1856,.T.);
#3642=EDGE_CURVE('',#2861,#2885,#1857,.T.);
#3643=EDGE_CURVE('',#2886,#2860,#1858,.T.);
#3644=EDGE_CURVE('',#2875,#2872,#1859,.T.);
#3645=EDGE_CURVE('',#2887,#2888,#1860,.T.);
#3646=EDGE_CURVE('',#2888,#2888,#465,.F.);
#3647=EDGE_CURVE('',#2889,#2889,#466,.F.);
#3648=EDGE_CURVE('',#2890,#2890,#467,.T.);
#3649=EDGE_CURVE('',#2891,#2891,#468,.F.);
#3650=EDGE_CURVE('',#2891,#2889,#1861,.T.);
#3651=EDGE_CURVE('',#2892,#2892,#469,.T.);
#3652=EDGE_CURVE('',#2890,#2892,#1862,.T.);
#3653=ORIENTED_EDGE('',*,*,#2893,.F.);
#3654=ORIENTED_EDGE('',*,*,#2894,.T.);
#3655=ORIENTED_EDGE('',*,*,#2895,.T.);
#3656=ORIENTED_EDGE('',*,*,#2896,.F.);
#3657=ORIENTED_EDGE('',*,*,#2893,.T.);
#3658=ORIENTED_EDGE('',*,*,#2897,.T.);
#3659=ORIENTED_EDGE('',*,*,#2898,.T.);
#3660=ORIENTED_EDGE('',*,*,#2899,.T.);
#3661=ORIENTED_EDGE('',*,*,#2900,.T.);
#3662=ORIENTED_EDGE('',*,*,#2901,.T.);
#3663=ORIENTED_EDGE('',*,*,#2902,.T.);
#3664=ORIENTED_EDGE('',*,*,#2903,.T.);
#3665=ORIENTED_EDGE('',*,*,#2897,.F.);
#3666=ORIENTED_EDGE('',*,*,#2896,.T.);
#3667=ORIENTED_EDGE('',*,*,#2904,.T.);
#3668=ORIENTED_EDGE('',*,*,#2905,.F.);
#3669=ORIENTED_EDGE('',*,*,#2895,.F.);
#3670=ORIENTED_EDGE('',*,*,#2906,.T.);
#3671=ORIENTED_EDGE('',*,*,#2907,.T.);
#3672=ORIENTED_EDGE('',*,*,#2908,.F.);
#3673=ORIENTED_EDGE('',*,*,#2903,.F.);
#3674=ORIENTED_EDGE('',*,*,#2909,.T.);
#3675=ORIENTED_EDGE('',*,*,#2910,.T.);
#3676=ORIENTED_EDGE('',*,*,#2894,.F.);
#3677=ORIENTED_EDGE('',*,*,#2902,.F.);
#3678=ORIENTED_EDGE('',*,*,#2911,.T.);
#3679=ORIENTED_EDGE('',*,*,#2912,.T.);
#3680=ORIENTED_EDGE('',*,*,#2913,.T.);
#3681=ORIENTED_EDGE('',*,*,#2914,.T.);
#3682=ORIENTED_EDGE('',*,*,#2915,.T.);
#3683=ORIENTED_EDGE('',*,*,#2916,.T.);
#3684=ORIENTED_EDGE('',*,*,#2909,.F.);
#3685=ORIENTED_EDGE('',*,*,#2898,.F.);
#3686=ORIENTED_EDGE('',*,*,#2905,.T.);
#3687=ORIENTED_EDGE('',*,*,#2917,.T.);
#3688=ORIENTED_EDGE('',*,*,#2918,.T.);
#3689=ORIENTED_EDGE('',*,*,#2919,.T.);
#3690=ORIENTED_EDGE('',*,*,#2920,.F.);
#3691=ORIENTED_EDGE('',*,*,#2901,.F.);
#3692=ORIENTED_EDGE('',*,*,#2921,.T.);
#3693=ORIENTED_EDGE('',*,*,#2922,.T.);
#3694=ORIENTED_EDGE('',*,*,#2911,.F.);
#3695=ORIENTED_EDGE('',*,*,#2899,.F.);
#3696=ORIENTED_EDGE('',*,*,#2920,.T.);
#3697=ORIENTED_EDGE('',*,*,#2923,.T.);
#3698=ORIENTED_EDGE('',*,*,#2924,.F.);
#3699=ORIENTED_EDGE('',*,*,#2900,.F.);
#3700=ORIENTED_EDGE('',*,*,#2924,.T.);
#3701=ORIENTED_EDGE('',*,*,#2925,.T.);
#3702=ORIENTED_EDGE('',*,*,#2921,.F.);
#3703=ORIENTED_EDGE('',*,*,#2904,.F.);
#3704=ORIENTED_EDGE('',*,*,#2908,.T.);
#3705=ORIENTED_EDGE('',*,*,#2926,.T.);
#3706=ORIENTED_EDGE('',*,*,#2927,.F.);
#3707=ORIENTED_EDGE('',*,*,#2928,.F.);
#3708=ORIENTED_EDGE('',*,*,#2929,.F.);
#3709=ORIENTED_EDGE('',*,*,#2930,.T.);
#3710=ORIENTED_EDGE('',*,*,#2931,.T.);
#3711=ORIENTED_EDGE('',*,*,#2932,.T.);
#3712=ORIENTED_EDGE('',*,*,#2933,.T.);
#3713=ORIENTED_EDGE('',*,*,#2934,.T.);
#3714=ORIENTED_EDGE('',*,*,#2935,.T.);
#3715=ORIENTED_EDGE('',*,*,#2936,.F.);
#3716=ORIENTED_EDGE('',*,*,#2937,.F.);
#3717=ORIENTED_EDGE('',*,*,#2926,.F.);
#3718=ORIENTED_EDGE('',*,*,#2907,.F.);
#3719=ORIENTED_EDGE('',*,*,#2910,.F.);
#3720=ORIENTED_EDGE('',*,*,#2938,.T.);
#3721=ORIENTED_EDGE('',*,*,#2928,.T.);
#3722=ORIENTED_EDGE('',*,*,#2906,.F.);
#3723=ORIENTED_EDGE('',*,*,#2939,.T.);
#3724=ORIENTED_EDGE('',*,*,#2940,.T.);
#3725=ORIENTED_EDGE('',*,*,#2941,.F.);
#3726=ORIENTED_EDGE('',*,*,#2912,.F.);
#3727=ORIENTED_EDGE('',*,*,#2913,.F.);
#3728=ORIENTED_EDGE('',*,*,#2942,.T.);
#3729=ORIENTED_EDGE('',*,*,#2943,.T.);
#3730=ORIENTED_EDGE('',*,*,#2944,.F.);
#3731=ORIENTED_EDGE('',*,*,#2945,.T.);
#3732=ORIENTED_EDGE('',*,*,#2946,.T.);
#3733=ORIENTED_EDGE('',*,*,#2947,.F.);
#3734=ORIENTED_EDGE('',*,*,#2914,.F.);
#3735=ORIENTED_EDGE('',*,*,#2915,.F.);
#3736=ORIENTED_EDGE('',*,*,#2948,.T.);
#3737=ORIENTED_EDGE('',*,*,#2949,.T.);
#3738=ORIENTED_EDGE('',*,*,#2950,.F.);
#3739=ORIENTED_EDGE('',*,*,#2951,.T.);
#3740=ORIENTED_EDGE('',*,*,#2929,.T.);
#3741=ORIENTED_EDGE('',*,*,#2938,.F.);
#3742=ORIENTED_EDGE('',*,*,#2916,.F.);
#3743=ORIENTED_EDGE('',*,*,#2927,.T.);
#3744=ORIENTED_EDGE('',*,*,#2937,.T.);
#3745=ORIENTED_EDGE('',*,*,#2952,.F.);
#3746=ORIENTED_EDGE('',*,*,#2917,.F.);
#3747=ORIENTED_EDGE('',*,*,#2918,.F.);
#3748=ORIENTED_EDGE('',*,*,#2953,.T.);
#3749=ORIENTED_EDGE('',*,*,#2954,.T.);
#3750=ORIENTED_EDGE('',*,*,#2955,.F.);
#3751=ORIENTED_EDGE('',*,*,#2956,.T.);
#3752=ORIENTED_EDGE('',*,*,#2957,.T.);
#3753=ORIENTED_EDGE('',*,*,#2958,.F.);
#3754=ORIENTED_EDGE('',*,*,#2919,.F.);
#3755=ORIENTED_EDGE('',*,*,#2922,.F.);
#3756=ORIENTED_EDGE('',*,*,#2959,.T.);
#3757=ORIENTED_EDGE('',*,*,#2960,.T.);
#3758=ORIENTED_EDGE('',*,*,#2939,.F.);
#3759=ORIENTED_EDGE('',*,*,#2923,.F.);
#3760=ORIENTED_EDGE('',*,*,#2958,.T.);
#3761=ORIENTED_EDGE('',*,*,#2961,.T.);
#3762=ORIENTED_EDGE('',*,*,#2962,.F.);
#3763=ORIENTED_EDGE('',*,*,#2925,.F.);
#3764=ORIENTED_EDGE('',*,*,#2962,.T.);
#3765=ORIENTED_EDGE('',*,*,#2963,.T.);
#3766=ORIENTED_EDGE('',*,*,#2959,.F.);
#3767=ORIENTED_EDGE('',*,*,#2964,.T.);
#3768=ORIENTED_EDGE('',*,*,#2965,.T.);
#3769=ORIENTED_EDGE('',*,*,#2930,.F.);
#3770=ORIENTED_EDGE('',*,*,#2966,.F.);
#3771=ORIENTED_EDGE('',*,*,#2967,.F.);
#3772=ORIENTED_EDGE('',*,*,#2968,.T.);
#3773=ORIENTED_EDGE('',*,*,#2969,.T.);
#3774=ORIENTED_EDGE('',*,*,#2970,.F.);
#3775=ORIENTED_EDGE('',*,*,#2931,.F.);
#3776=ORIENTED_EDGE('',*,*,#2965,.F.);
#3777=ORIENTED_EDGE('',*,*,#2971,.F.);
#3778=ORIENTED_EDGE('',*,*,#2972,.F.);
#3779=ORIENTED_EDGE('',*,*,#2932,.F.);
#3780=ORIENTED_EDGE('',*,*,#2970,.T.);
#3781=ORIENTED_EDGE('',*,*,#2973,.T.);
#3782=ORIENTED_EDGE('',*,*,#2974,.F.);
#3783=ORIENTED_EDGE('',*,*,#2933,.F.);
#3784=ORIENTED_EDGE('',*,*,#2974,.T.);
#3785=ORIENTED_EDGE('',*,*,#2975,.T.);
#3786=ORIENTED_EDGE('',*,*,#2976,.F.);
#3787=ORIENTED_EDGE('',*,*,#2934,.F.);
#3788=ORIENTED_EDGE('',*,*,#2976,.T.);
#3789=ORIENTED_EDGE('',*,*,#2977,.T.);
#3790=ORIENTED_EDGE('',*,*,#2978,.F.);
#3791=ORIENTED_EDGE('',*,*,#2935,.F.);
#3792=ORIENTED_EDGE('',*,*,#2978,.T.);
#3793=ORIENTED_EDGE('',*,*,#2979,.T.);
#3794=ORIENTED_EDGE('',*,*,#2980,.F.);
#3795=ORIENTED_EDGE('',*,*,#2981,.F.);
#3796=ORIENTED_EDGE('',*,*,#2982,.F.);
#3797=ORIENTED_EDGE('',*,*,#2936,.T.);
#3798=ORIENTED_EDGE('',*,*,#2982,.T.);
#3799=ORIENTED_EDGE('',*,*,#2983,.F.);
#3800=ORIENTED_EDGE('',*,*,#2984,.F.);
#3801=ORIENTED_EDGE('',*,*,#2983,.T.);
#3802=ORIENTED_EDGE('',*,*,#2981,.T.);
#3803=ORIENTED_EDGE('',*,*,#2985,.T.);
#3804=ORIENTED_EDGE('',*,*,#2986,.T.);
#3805=ORIENTED_EDGE('',*,*,#2987,.T.);
#3806=ORIENTED_EDGE('',*,*,#2967,.T.);
#3807=ORIENTED_EDGE('',*,*,#2988,.F.);
#3808=ORIENTED_EDGE('',*,*,#2940,.F.);
#3809=ORIENTED_EDGE('',*,*,#2960,.F.);
#3810=ORIENTED_EDGE('',*,*,#2963,.F.);
#3811=ORIENTED_EDGE('',*,*,#2961,.F.);
#3812=ORIENTED_EDGE('',*,*,#2957,.F.);
#3813=ORIENTED_EDGE('',*,*,#2941,.T.);
#3814=ORIENTED_EDGE('',*,*,#2989,.F.);
#3815=ORIENTED_EDGE('',*,*,#2990,.F.);
#3816=ORIENTED_EDGE('',*,*,#2991,.F.);
#3817=ORIENTED_EDGE('',*,*,#2992,.F.);
#3818=ORIENTED_EDGE('',*,*,#2993,.F.);
#3819=ORIENTED_EDGE('',*,*,#2994,.F.);
#3820=ORIENTED_EDGE('',*,*,#2995,.F.);
#3821=ORIENTED_EDGE('',*,*,#2996,.F.);
#3822=ORIENTED_EDGE('',*,*,#2942,.F.);
#3823=ORIENTED_EDGE('',*,*,#2943,.F.);
#3824=ORIENTED_EDGE('',*,*,#2996,.T.);
#3825=ORIENTED_EDGE('',*,*,#2997,.T.);
#3826=ORIENTED_EDGE('',*,*,#2998,.F.);
#3827=ORIENTED_EDGE('',*,*,#2945,.F.);
#3828=ORIENTED_EDGE('',*,*,#2944,.T.);
#3829=ORIENTED_EDGE('',*,*,#2998,.T.);
#3830=ORIENTED_EDGE('',*,*,#2999,.T.);
#3831=ORIENTED_EDGE('',*,*,#3000,.T.);
#3832=ORIENTED_EDGE('',*,*,#3001,.T.);
#3833=ORIENTED_EDGE('',*,*,#3002,.T.);
#3834=ORIENTED_EDGE('',*,*,#3003,.T.);
#3835=ORIENTED_EDGE('',*,*,#3004,.T.);
#3836=ORIENTED_EDGE('',*,*,#3005,.T.);
#3837=ORIENTED_EDGE('',*,*,#2946,.F.);
#3838=ORIENTED_EDGE('',*,*,#3006,.T.);
#3839=ORIENTED_EDGE('',*,*,#2971,.T.);
#3840=ORIENTED_EDGE('',*,*,#2964,.F.);
#3841=ORIENTED_EDGE('',*,*,#2947,.T.);
#3842=ORIENTED_EDGE('',*,*,#3007,.F.);
#3843=ORIENTED_EDGE('',*,*,#3008,.F.);
#3844=ORIENTED_EDGE('',*,*,#3009,.F.);
#3845=ORIENTED_EDGE('',*,*,#3010,.F.);
#3846=ORIENTED_EDGE('',*,*,#3011,.F.);
#3847=ORIENTED_EDGE('',*,*,#3012,.F.);
#3848=ORIENTED_EDGE('',*,*,#3013,.F.);
#3849=ORIENTED_EDGE('',*,*,#3014,.F.);
#3850=ORIENTED_EDGE('',*,*,#2948,.F.);
#3851=ORIENTED_EDGE('',*,*,#2949,.F.);
#3852=ORIENTED_EDGE('',*,*,#3014,.T.);
#3853=ORIENTED_EDGE('',*,*,#3015,.T.);
#3854=ORIENTED_EDGE('',*,*,#3016,.F.);
#3855=ORIENTED_EDGE('',*,*,#2951,.F.);
#3856=ORIENTED_EDGE('',*,*,#2950,.T.);
#3857=ORIENTED_EDGE('',*,*,#3016,.T.);
#3858=ORIENTED_EDGE('',*,*,#3017,.T.);
#3859=ORIENTED_EDGE('',*,*,#3018,.T.);
#3860=ORIENTED_EDGE('',*,*,#3019,.T.);
#3861=ORIENTED_EDGE('',*,*,#3020,.T.);
#3862=ORIENTED_EDGE('',*,*,#3021,.T.);
#3863=ORIENTED_EDGE('',*,*,#3022,.T.);
#3864=ORIENTED_EDGE('',*,*,#3023,.T.);
#3865=ORIENTED_EDGE('',*,*,#2952,.T.);
#3866=ORIENTED_EDGE('',*,*,#3024,.F.);
#3867=ORIENTED_EDGE('',*,*,#3025,.F.);
#3868=ORIENTED_EDGE('',*,*,#3026,.F.);
#3869=ORIENTED_EDGE('',*,*,#3027,.F.);
#3870=ORIENTED_EDGE('',*,*,#3028,.F.);
#3871=ORIENTED_EDGE('',*,*,#3029,.F.);
#3872=ORIENTED_EDGE('',*,*,#3030,.F.);
#3873=ORIENTED_EDGE('',*,*,#3031,.F.);
#3874=ORIENTED_EDGE('',*,*,#2953,.F.);
#3875=ORIENTED_EDGE('',*,*,#2954,.F.);
#3876=ORIENTED_EDGE('',*,*,#3031,.T.);
#3877=ORIENTED_EDGE('',*,*,#3032,.T.);
#3878=ORIENTED_EDGE('',*,*,#3033,.F.);
#3879=ORIENTED_EDGE('',*,*,#2956,.F.);
#3880=ORIENTED_EDGE('',*,*,#2955,.T.);
#3881=ORIENTED_EDGE('',*,*,#3033,.T.);
#3882=ORIENTED_EDGE('',*,*,#3034,.T.);
#3883=ORIENTED_EDGE('',*,*,#3035,.T.);
#3884=ORIENTED_EDGE('',*,*,#3036,.T.);
#3885=ORIENTED_EDGE('',*,*,#3037,.T.);
#3886=ORIENTED_EDGE('',*,*,#3038,.T.);
#3887=ORIENTED_EDGE('',*,*,#3039,.T.);
#3888=ORIENTED_EDGE('',*,*,#3040,.T.);
#3889=ORIENTED_EDGE('',*,*,#3007,.T.);
#3890=ORIENTED_EDGE('',*,*,#2966,.T.);
#3891=ORIENTED_EDGE('',*,*,#3023,.F.);
#3892=ORIENTED_EDGE('',*,*,#3041,.F.);
#3893=ORIENTED_EDGE('',*,*,#2988,.T.);
#3894=ORIENTED_EDGE('',*,*,#2972,.T.);
#3895=ORIENTED_EDGE('',*,*,#3006,.F.);
#3896=ORIENTED_EDGE('',*,*,#3042,.F.);
#3897=ORIENTED_EDGE('',*,*,#2975,.F.);
#3898=ORIENTED_EDGE('',*,*,#2973,.F.);
#3899=ORIENTED_EDGE('',*,*,#2969,.F.);
#3900=ORIENTED_EDGE('',*,*,#3043,.F.);
#3901=ORIENTED_EDGE('',*,*,#3044,.F.);
#3902=ORIENTED_EDGE('',*,*,#3045,.F.);
#3903=ORIENTED_EDGE('',*,*,#2979,.F.);
#3904=ORIENTED_EDGE('',*,*,#2977,.F.);
#3905=ORIENTED_EDGE('',*,*,#3046,.T.);
#3906=ORIENTED_EDGE('',*,*,#2987,.F.);
#3907=ORIENTED_EDGE('',*,*,#3047,.T.);
#3908=ORIENTED_EDGE('',*,*,#3043,.T.);
#3909=ORIENTED_EDGE('',*,*,#2968,.F.);
#3910=ORIENTED_EDGE('',*,*,#2985,.F.);
#3911=ORIENTED_EDGE('',*,*,#2980,.T.);
#3912=ORIENTED_EDGE('',*,*,#3045,.T.);
#3913=ORIENTED_EDGE('',*,*,#3048,.F.);
#3914=ORIENTED_EDGE('',*,*,#3024,.T.);
#3915=ORIENTED_EDGE('',*,*,#2984,.T.);
#3916=ORIENTED_EDGE('',*,*,#3040,.F.);
#3917=ORIENTED_EDGE('',*,*,#3049,.F.);
#3918=ORIENTED_EDGE('',*,*,#2986,.F.);
#3919=ORIENTED_EDGE('',*,*,#3048,.T.);
#3920=ORIENTED_EDGE('',*,*,#3044,.T.);
#3921=ORIENTED_EDGE('',*,*,#3047,.F.);
#3922=ORIENTED_EDGE('',*,*,#2989,.T.);
#3923=ORIENTED_EDGE('',*,*,#3042,.T.);
#3924=ORIENTED_EDGE('',*,*,#3005,.F.);
#3925=ORIENTED_EDGE('',*,*,#3050,.F.);
#3926=ORIENTED_EDGE('',*,*,#3051,.F.);
#3927=ORIENTED_EDGE('',*,*,#2990,.T.);
#3928=ORIENTED_EDGE('',*,*,#3050,.T.);
#3929=ORIENTED_EDGE('',*,*,#3004,.F.);
#3930=ORIENTED_EDGE('',*,*,#3052,.F.);
#3931=ORIENTED_EDGE('',*,*,#2991,.T.);
#3932=ORIENTED_EDGE('',*,*,#3051,.T.);
#3933=ORIENTED_EDGE('',*,*,#3003,.F.);
#3934=ORIENTED_EDGE('',*,*,#3053,.F.);
#3935=ORIENTED_EDGE('',*,*,#2992,.T.);
#3936=ORIENTED_EDGE('',*,*,#3052,.T.);
#3937=ORIENTED_EDGE('',*,*,#3002,.F.);
#3938=ORIENTED_EDGE('',*,*,#3054,.F.);
#3939=ORIENTED_EDGE('',*,*,#2993,.T.);
#3940=ORIENTED_EDGE('',*,*,#3053,.T.);
#3941=ORIENTED_EDGE('',*,*,#3001,.F.);
#3942=ORIENTED_EDGE('',*,*,#3055,.F.);
#3943=ORIENTED_EDGE('',*,*,#2994,.T.);
#3944=ORIENTED_EDGE('',*,*,#3054,.T.);
#3945=ORIENTED_EDGE('',*,*,#3000,.F.);
#3946=ORIENTED_EDGE('',*,*,#2995,.T.);
#3947=ORIENTED_EDGE('',*,*,#3055,.T.);
#3948=ORIENTED_EDGE('',*,*,#2999,.F.);
#3949=ORIENTED_EDGE('',*,*,#2997,.F.);
#3950=ORIENTED_EDGE('',*,*,#3056,.F.);
#3951=ORIENTED_EDGE('',*,*,#3008,.T.);
#3952=ORIENTED_EDGE('',*,*,#3041,.T.);
#3953=ORIENTED_EDGE('',*,*,#3022,.F.);
#3954=ORIENTED_EDGE('',*,*,#3057,.F.);
#3955=ORIENTED_EDGE('',*,*,#3009,.T.);
#3956=ORIENTED_EDGE('',*,*,#3056,.T.);
#3957=ORIENTED_EDGE('',*,*,#3021,.F.);
#3958=ORIENTED_EDGE('',*,*,#3058,.F.);
#3959=ORIENTED_EDGE('',*,*,#3010,.T.);
#3960=ORIENTED_EDGE('',*,*,#3057,.T.);
#3961=ORIENTED_EDGE('',*,*,#3020,.F.);
#3962=ORIENTED_EDGE('',*,*,#3059,.F.);
#3963=ORIENTED_EDGE('',*,*,#3011,.T.);
#3964=ORIENTED_EDGE('',*,*,#3058,.T.);
#3965=ORIENTED_EDGE('',*,*,#3019,.F.);
#3966=ORIENTED_EDGE('',*,*,#3060,.F.);
#3967=ORIENTED_EDGE('',*,*,#3012,.T.);
#3968=ORIENTED_EDGE('',*,*,#3059,.T.);
#3969=ORIENTED_EDGE('',*,*,#3018,.F.);
#3970=ORIENTED_EDGE('',*,*,#3013,.T.);
#3971=ORIENTED_EDGE('',*,*,#3060,.T.);
#3972=ORIENTED_EDGE('',*,*,#3017,.F.);
#3973=ORIENTED_EDGE('',*,*,#3015,.F.);
#3974=ORIENTED_EDGE('',*,*,#3061,.F.);
#3975=ORIENTED_EDGE('',*,*,#3025,.T.);
#3976=ORIENTED_EDGE('',*,*,#3049,.T.);
#3977=ORIENTED_EDGE('',*,*,#3039,.F.);
#3978=ORIENTED_EDGE('',*,*,#3062,.F.);
#3979=ORIENTED_EDGE('',*,*,#3026,.T.);
#3980=ORIENTED_EDGE('',*,*,#3061,.T.);
#3981=ORIENTED_EDGE('',*,*,#3038,.F.);
#3982=ORIENTED_EDGE('',*,*,#3063,.F.);
#3983=ORIENTED_EDGE('',*,*,#3027,.T.);
#3984=ORIENTED_EDGE('',*,*,#3062,.T.);
#3985=ORIENTED_EDGE('',*,*,#3037,.F.);
#3986=ORIENTED_EDGE('',*,*,#3064,.F.);
#3987=ORIENTED_EDGE('',*,*,#3028,.T.);
#3988=ORIENTED_EDGE('',*,*,#3063,.T.);
#3989=ORIENTED_EDGE('',*,*,#3036,.F.);
#3990=ORIENTED_EDGE('',*,*,#3065,.F.);
#3991=ORIENTED_EDGE('',*,*,#3029,.T.);
#3992=ORIENTED_EDGE('',*,*,#3064,.T.);
#3993=ORIENTED_EDGE('',*,*,#3035,.F.);
#3994=ORIENTED_EDGE('',*,*,#3030,.T.);
#3995=ORIENTED_EDGE('',*,*,#3065,.T.);
#3996=ORIENTED_EDGE('',*,*,#3034,.F.);
#3997=ORIENTED_EDGE('',*,*,#3032,.F.);
#3998=ORIENTED_EDGE('',*,*,#3046,.F.);
#3999=ORIENTED_EDGE('',*,*,#3066,.T.);
#4000=ORIENTED_EDGE('',*,*,#3067,.T.);
#4001=ORIENTED_EDGE('',*,*,#3068,.F.);
#4002=ORIENTED_EDGE('',*,*,#3069,.F.);
#4003=ORIENTED_EDGE('',*,*,#3070,.T.);
#4004=ORIENTED_EDGE('',*,*,#3071,.T.);
#4005=ORIENTED_EDGE('',*,*,#3066,.F.);
#4006=ORIENTED_EDGE('',*,*,#3072,.F.);
#4007=ORIENTED_EDGE('',*,*,#3068,.T.);
#4008=ORIENTED_EDGE('',*,*,#3073,.T.);
#4009=ORIENTED_EDGE('',*,*,#3074,.F.);
#4010=ORIENTED_EDGE('',*,*,#3075,.F.);
#4011=ORIENTED_EDGE('',*,*,#3069,.T.);
#4012=ORIENTED_EDGE('',*,*,#3075,.T.);
#4013=ORIENTED_EDGE('',*,*,#3076,.T.);
#4014=ORIENTED_EDGE('',*,*,#3072,.T.);
#4015=ORIENTED_EDGE('',*,*,#3077,.F.);
#4016=ORIENTED_EDGE('',*,*,#3078,.F.);
#4017=ORIENTED_EDGE('',*,*,#3079,.F.);
#4018=ORIENTED_EDGE('',*,*,#3080,.F.);
#4019=ORIENTED_EDGE('',*,*,#3081,.F.);
#4020=ORIENTED_EDGE('',*,*,#3082,.F.);
#4021=ORIENTED_EDGE('',*,*,#3083,.F.);
#4022=ORIENTED_EDGE('',*,*,#3084,.F.);
#4023=ORIENTED_EDGE('',*,*,#3085,.F.);
#4024=ORIENTED_EDGE('',*,*,#3086,.F.);
#4025=ORIENTED_EDGE('',*,*,#3087,.F.);
#4026=ORIENTED_EDGE('',*,*,#3088,.F.);
#4027=ORIENTED_EDGE('',*,*,#3089,.F.);
#4028=ORIENTED_EDGE('',*,*,#3090,.F.);
#4029=ORIENTED_EDGE('',*,*,#3091,.F.);
#4030=ORIENTED_EDGE('',*,*,#3092,.F.);
#4031=ORIENTED_EDGE('',*,*,#3093,.F.);
#4032=ORIENTED_EDGE('',*,*,#3094,.F.);
#4033=ORIENTED_EDGE('',*,*,#3095,.F.);
#4034=ORIENTED_EDGE('',*,*,#3096,.F.);
#4035=ORIENTED_EDGE('',*,*,#3097,.F.);
#4036=ORIENTED_EDGE('',*,*,#3098,.F.);
#4037=ORIENTED_EDGE('',*,*,#3099,.F.);
#4038=ORIENTED_EDGE('',*,*,#3100,.F.);
#4039=ORIENTED_EDGE('',*,*,#3101,.F.);
#4040=ORIENTED_EDGE('',*,*,#3102,.F.);
#4041=ORIENTED_EDGE('',*,*,#3103,.F.);
#4042=ORIENTED_EDGE('',*,*,#3104,.F.);
#4043=ORIENTED_EDGE('',*,*,#3105,.F.);
#4044=ORIENTED_EDGE('',*,*,#3106,.F.);
#4045=ORIENTED_EDGE('',*,*,#3107,.F.);
#4046=ORIENTED_EDGE('',*,*,#3108,.F.);
#4047=ORIENTED_EDGE('',*,*,#3109,.F.);
#4048=ORIENTED_EDGE('',*,*,#3110,.F.);
#4049=ORIENTED_EDGE('',*,*,#3111,.F.);
#4050=ORIENTED_EDGE('',*,*,#3112,.F.);
#4051=ORIENTED_EDGE('',*,*,#3113,.F.);
#4052=ORIENTED_EDGE('',*,*,#3114,.F.);
#4053=ORIENTED_EDGE('',*,*,#3115,.F.);
#4054=ORIENTED_EDGE('',*,*,#3116,.F.);
#4055=ORIENTED_EDGE('',*,*,#3117,.F.);
#4056=ORIENTED_EDGE('',*,*,#3118,.F.);
#4057=ORIENTED_EDGE('',*,*,#3119,.T.);
#4058=ORIENTED_EDGE('',*,*,#3120,.T.);
#4059=ORIENTED_EDGE('',*,*,#3121,.T.);
#4060=ORIENTED_EDGE('',*,*,#3122,.T.);
#4061=ORIENTED_EDGE('',*,*,#3123,.F.);
#4062=ORIENTED_EDGE('',*,*,#3124,.F.);
#4063=ORIENTED_EDGE('',*,*,#3125,.F.);
#4064=ORIENTED_EDGE('',*,*,#3126,.F.);
#4065=ORIENTED_EDGE('',*,*,#3127,.F.);
#4066=ORIENTED_EDGE('',*,*,#3128,.F.);
#4067=ORIENTED_EDGE('',*,*,#3129,.F.);
#4068=ORIENTED_EDGE('',*,*,#3130,.F.);
#4069=ORIENTED_EDGE('',*,*,#3131,.F.);
#4070=ORIENTED_EDGE('',*,*,#3132,.F.);
#4071=ORIENTED_EDGE('',*,*,#3133,.F.);
#4072=ORIENTED_EDGE('',*,*,#3134,.F.);
#4073=ORIENTED_EDGE('',*,*,#3135,.F.);
#4074=ORIENTED_EDGE('',*,*,#3136,.F.);
#4075=ORIENTED_EDGE('',*,*,#3137,.F.);
#4076=ORIENTED_EDGE('',*,*,#3138,.F.);
#4077=ORIENTED_EDGE('',*,*,#3139,.F.);
#4078=ORIENTED_EDGE('',*,*,#3140,.F.);
#4079=ORIENTED_EDGE('',*,*,#3141,.F.);
#4080=ORIENTED_EDGE('',*,*,#3142,.F.);
#4081=ORIENTED_EDGE('',*,*,#3067,.F.);
#4082=ORIENTED_EDGE('',*,*,#3071,.F.);
#4083=ORIENTED_EDGE('',*,*,#3143,.F.);
#4084=ORIENTED_EDGE('',*,*,#3073,.F.);
#4085=ORIENTED_EDGE('',*,*,#3144,.T.);
#4086=ORIENTED_EDGE('',*,*,#3145,.T.);
#4087=ORIENTED_EDGE('',*,*,#3146,.T.);
#4088=ORIENTED_EDGE('',*,*,#3147,.T.);
#4089=ORIENTED_EDGE('',*,*,#3148,.T.);
#4090=ORIENTED_EDGE('',*,*,#3149,.T.);
#4091=ORIENTED_EDGE('',*,*,#3150,.T.);
#4092=ORIENTED_EDGE('',*,*,#3151,.T.);
#4093=ORIENTED_EDGE('',*,*,#3152,.T.);
#4094=ORIENTED_EDGE('',*,*,#3153,.T.);
#4095=ORIENTED_EDGE('',*,*,#3154,.T.);
#4096=ORIENTED_EDGE('',*,*,#3155,.T.);
#4097=ORIENTED_EDGE('',*,*,#3156,.T.);
#4098=ORIENTED_EDGE('',*,*,#3157,.T.);
#4099=ORIENTED_EDGE('',*,*,#3158,.T.);
#4100=ORIENTED_EDGE('',*,*,#3159,.T.);
#4101=ORIENTED_EDGE('',*,*,#3160,.T.);
#4102=ORIENTED_EDGE('',*,*,#3161,.T.);
#4103=ORIENTED_EDGE('',*,*,#3162,.T.);
#4104=ORIENTED_EDGE('',*,*,#3163,.T.);
#4105=ORIENTED_EDGE('',*,*,#3164,.T.);
#4106=ORIENTED_EDGE('',*,*,#3165,.T.);
#4107=ORIENTED_EDGE('',*,*,#3166,.T.);
#4108=ORIENTED_EDGE('',*,*,#3167,.T.);
#4109=ORIENTED_EDGE('',*,*,#3168,.T.);
#4110=ORIENTED_EDGE('',*,*,#3169,.T.);
#4111=ORIENTED_EDGE('',*,*,#3170,.T.);
#4112=ORIENTED_EDGE('',*,*,#3171,.T.);
#4113=ORIENTED_EDGE('',*,*,#3172,.T.);
#4114=ORIENTED_EDGE('',*,*,#3173,.T.);
#4115=ORIENTED_EDGE('',*,*,#3174,.T.);
#4116=ORIENTED_EDGE('',*,*,#3175,.T.);
#4117=ORIENTED_EDGE('',*,*,#3176,.T.);
#4118=ORIENTED_EDGE('',*,*,#3177,.T.);
#4119=ORIENTED_EDGE('',*,*,#3178,.T.);
#4120=ORIENTED_EDGE('',*,*,#3179,.T.);
#4121=ORIENTED_EDGE('',*,*,#3180,.T.);
#4122=ORIENTED_EDGE('',*,*,#3181,.T.);
#4123=ORIENTED_EDGE('',*,*,#3182,.T.);
#4124=ORIENTED_EDGE('',*,*,#3183,.T.);
#4125=ORIENTED_EDGE('',*,*,#3184,.T.);
#4126=ORIENTED_EDGE('',*,*,#3185,.T.);
#4127=ORIENTED_EDGE('',*,*,#3186,.F.);
#4128=ORIENTED_EDGE('',*,*,#3187,.F.);
#4129=ORIENTED_EDGE('',*,*,#3188,.F.);
#4130=ORIENTED_EDGE('',*,*,#3189,.F.);
#4131=ORIENTED_EDGE('',*,*,#3190,.T.);
#4132=ORIENTED_EDGE('',*,*,#3191,.T.);
#4133=ORIENTED_EDGE('',*,*,#3192,.T.);
#4134=ORIENTED_EDGE('',*,*,#3193,.T.);
#4135=ORIENTED_EDGE('',*,*,#3194,.T.);
#4136=ORIENTED_EDGE('',*,*,#3195,.T.);
#4137=ORIENTED_EDGE('',*,*,#3196,.T.);
#4138=ORIENTED_EDGE('',*,*,#3197,.T.);
#4139=ORIENTED_EDGE('',*,*,#3198,.T.);
#4140=ORIENTED_EDGE('',*,*,#3199,.T.);
#4141=ORIENTED_EDGE('',*,*,#3200,.T.);
#4142=ORIENTED_EDGE('',*,*,#3201,.T.);
#4143=ORIENTED_EDGE('',*,*,#3202,.T.);
#4144=ORIENTED_EDGE('',*,*,#3203,.T.);
#4145=ORIENTED_EDGE('',*,*,#3204,.T.);
#4146=ORIENTED_EDGE('',*,*,#3205,.T.);
#4147=ORIENTED_EDGE('',*,*,#3206,.T.);
#4148=ORIENTED_EDGE('',*,*,#3207,.T.);
#4149=ORIENTED_EDGE('',*,*,#3208,.T.);
#4150=ORIENTED_EDGE('',*,*,#3209,.T.);
#4151=ORIENTED_EDGE('',*,*,#3074,.T.);
#4152=ORIENTED_EDGE('',*,*,#3143,.T.);
#4153=ORIENTED_EDGE('',*,*,#3070,.F.);
#4154=ORIENTED_EDGE('',*,*,#3076,.F.);
#4155=ORIENTED_EDGE('',*,*,#3144,.F.);
#4156=ORIENTED_EDGE('',*,*,#3210,.T.);
#4157=ORIENTED_EDGE('',*,*,#3077,.T.);
#4158=ORIENTED_EDGE('',*,*,#3210,.F.);
#4159=ORIENTED_EDGE('',*,*,#3145,.F.);
#4160=ORIENTED_EDGE('',*,*,#3211,.T.);
#4161=ORIENTED_EDGE('',*,*,#3078,.T.);
#4162=ORIENTED_EDGE('',*,*,#3211,.F.);
#4163=ORIENTED_EDGE('',*,*,#3146,.F.);
#4164=ORIENTED_EDGE('',*,*,#3212,.T.);
#4165=ORIENTED_EDGE('',*,*,#3079,.T.);
#4166=ORIENTED_EDGE('',*,*,#3212,.F.);
#4167=ORIENTED_EDGE('',*,*,#3147,.F.);
#4168=ORIENTED_EDGE('',*,*,#3213,.T.);
#4169=ORIENTED_EDGE('',*,*,#3080,.T.);
#4170=ORIENTED_EDGE('',*,*,#3213,.F.);
#4171=ORIENTED_EDGE('',*,*,#3148,.F.);
#4172=ORIENTED_EDGE('',*,*,#3214,.T.);
#4173=ORIENTED_EDGE('',*,*,#3081,.T.);
#4174=ORIENTED_EDGE('',*,*,#3214,.F.);
#4175=ORIENTED_EDGE('',*,*,#3149,.F.);
#4176=ORIENTED_EDGE('',*,*,#3215,.T.);
#4177=ORIENTED_EDGE('',*,*,#3082,.T.);
#4178=ORIENTED_EDGE('',*,*,#3215,.F.);
#4179=ORIENTED_EDGE('',*,*,#3150,.F.);
#4180=ORIENTED_EDGE('',*,*,#3216,.T.);
#4181=ORIENTED_EDGE('',*,*,#3083,.T.);
#4182=ORIENTED_EDGE('',*,*,#3216,.F.);
#4183=ORIENTED_EDGE('',*,*,#3151,.F.);
#4184=ORIENTED_EDGE('',*,*,#3217,.T.);
#4185=ORIENTED_EDGE('',*,*,#3084,.T.);
#4186=ORIENTED_EDGE('',*,*,#3217,.F.);
#4187=ORIENTED_EDGE('',*,*,#3152,.F.);
#4188=ORIENTED_EDGE('',*,*,#3218,.T.);
#4189=ORIENTED_EDGE('',*,*,#3085,.T.);
#4190=ORIENTED_EDGE('',*,*,#3218,.F.);
#4191=ORIENTED_EDGE('',*,*,#3153,.F.);
#4192=ORIENTED_EDGE('',*,*,#3219,.T.);
#4193=ORIENTED_EDGE('',*,*,#3086,.T.);
#4194=ORIENTED_EDGE('',*,*,#3219,.F.);
#4195=ORIENTED_EDGE('',*,*,#3154,.F.);
#4196=ORIENTED_EDGE('',*,*,#3220,.T.);
#4197=ORIENTED_EDGE('',*,*,#3087,.T.);
#4198=ORIENTED_EDGE('',*,*,#3220,.F.);
#4199=ORIENTED_EDGE('',*,*,#3155,.F.);
#4200=ORIENTED_EDGE('',*,*,#3221,.T.);
#4201=ORIENTED_EDGE('',*,*,#3088,.T.);
#4202=ORIENTED_EDGE('',*,*,#3221,.F.);
#4203=ORIENTED_EDGE('',*,*,#3156,.F.);
#4204=ORIENTED_EDGE('',*,*,#3222,.T.);
#4205=ORIENTED_EDGE('',*,*,#3089,.T.);
#4206=ORIENTED_EDGE('',*,*,#3222,.F.);
#4207=ORIENTED_EDGE('',*,*,#3157,.F.);
#4208=ORIENTED_EDGE('',*,*,#3223,.T.);
#4209=ORIENTED_EDGE('',*,*,#3090,.T.);
#4210=ORIENTED_EDGE('',*,*,#3223,.F.);
#4211=ORIENTED_EDGE('',*,*,#3158,.F.);
#4212=ORIENTED_EDGE('',*,*,#3224,.T.);
#4213=ORIENTED_EDGE('',*,*,#3091,.T.);
#4214=ORIENTED_EDGE('',*,*,#3224,.F.);
#4215=ORIENTED_EDGE('',*,*,#3159,.F.);
#4216=ORIENTED_EDGE('',*,*,#3225,.T.);
#4217=ORIENTED_EDGE('',*,*,#3092,.T.);
#4218=ORIENTED_EDGE('',*,*,#3225,.F.);
#4219=ORIENTED_EDGE('',*,*,#3160,.F.);
#4220=ORIENTED_EDGE('',*,*,#3226,.T.);
#4221=ORIENTED_EDGE('',*,*,#3093,.T.);
#4222=ORIENTED_EDGE('',*,*,#3226,.F.);
#4223=ORIENTED_EDGE('',*,*,#3161,.F.);
#4224=ORIENTED_EDGE('',*,*,#3227,.T.);
#4225=ORIENTED_EDGE('',*,*,#3094,.T.);
#4226=ORIENTED_EDGE('',*,*,#3227,.F.);
#4227=ORIENTED_EDGE('',*,*,#3162,.F.);
#4228=ORIENTED_EDGE('',*,*,#3228,.T.);
#4229=ORIENTED_EDGE('',*,*,#3095,.T.);
#4230=ORIENTED_EDGE('',*,*,#3228,.F.);
#4231=ORIENTED_EDGE('',*,*,#3163,.F.);
#4232=ORIENTED_EDGE('',*,*,#3229,.T.);
#4233=ORIENTED_EDGE('',*,*,#3096,.T.);
#4234=ORIENTED_EDGE('',*,*,#3229,.F.);
#4235=ORIENTED_EDGE('',*,*,#3164,.F.);
#4236=ORIENTED_EDGE('',*,*,#3230,.T.);
#4237=ORIENTED_EDGE('',*,*,#3097,.T.);
#4238=ORIENTED_EDGE('',*,*,#3230,.F.);
#4239=ORIENTED_EDGE('',*,*,#3165,.F.);
#4240=ORIENTED_EDGE('',*,*,#3231,.T.);
#4241=ORIENTED_EDGE('',*,*,#3098,.T.);
#4242=ORIENTED_EDGE('',*,*,#3231,.F.);
#4243=ORIENTED_EDGE('',*,*,#3166,.F.);
#4244=ORIENTED_EDGE('',*,*,#3232,.T.);
#4245=ORIENTED_EDGE('',*,*,#3099,.T.);
#4246=ORIENTED_EDGE('',*,*,#3232,.F.);
#4247=ORIENTED_EDGE('',*,*,#3167,.F.);
#4248=ORIENTED_EDGE('',*,*,#3233,.T.);
#4249=ORIENTED_EDGE('',*,*,#3100,.T.);
#4250=ORIENTED_EDGE('',*,*,#3233,.F.);
#4251=ORIENTED_EDGE('',*,*,#3168,.F.);
#4252=ORIENTED_EDGE('',*,*,#3234,.T.);
#4253=ORIENTED_EDGE('',*,*,#3101,.T.);
#4254=ORIENTED_EDGE('',*,*,#3234,.F.);
#4255=ORIENTED_EDGE('',*,*,#3169,.F.);
#4256=ORIENTED_EDGE('',*,*,#3235,.T.);
#4257=ORIENTED_EDGE('',*,*,#3102,.T.);
#4258=ORIENTED_EDGE('',*,*,#3235,.F.);
#4259=ORIENTED_EDGE('',*,*,#3170,.F.);
#4260=ORIENTED_EDGE('',*,*,#3236,.T.);
#4261=ORIENTED_EDGE('',*,*,#3103,.T.);
#4262=ORIENTED_EDGE('',*,*,#3236,.F.);
#4263=ORIENTED_EDGE('',*,*,#3171,.F.);
#4264=ORIENTED_EDGE('',*,*,#3237,.T.);
#4265=ORIENTED_EDGE('',*,*,#3104,.T.);
#4266=ORIENTED_EDGE('',*,*,#3237,.F.);
#4267=ORIENTED_EDGE('',*,*,#3172,.F.);
#4268=ORIENTED_EDGE('',*,*,#3238,.T.);
#4269=ORIENTED_EDGE('',*,*,#3105,.T.);
#4270=ORIENTED_EDGE('',*,*,#3238,.F.);
#4271=ORIENTED_EDGE('',*,*,#3173,.F.);
#4272=ORIENTED_EDGE('',*,*,#3239,.T.);
#4273=ORIENTED_EDGE('',*,*,#3106,.T.);
#4274=ORIENTED_EDGE('',*,*,#3239,.F.);
#4275=ORIENTED_EDGE('',*,*,#3174,.F.);
#4276=ORIENTED_EDGE('',*,*,#3240,.T.);
#4277=ORIENTED_EDGE('',*,*,#3107,.T.);
#4278=ORIENTED_EDGE('',*,*,#3240,.F.);
#4279=ORIENTED_EDGE('',*,*,#3175,.F.);
#4280=ORIENTED_EDGE('',*,*,#3241,.T.);
#4281=ORIENTED_EDGE('',*,*,#3108,.T.);
#4282=ORIENTED_EDGE('',*,*,#3241,.F.);
#4283=ORIENTED_EDGE('',*,*,#3176,.F.);
#4284=ORIENTED_EDGE('',*,*,#3242,.T.);
#4285=ORIENTED_EDGE('',*,*,#3109,.T.);
#4286=ORIENTED_EDGE('',*,*,#3242,.F.);
#4287=ORIENTED_EDGE('',*,*,#3177,.F.);
#4288=ORIENTED_EDGE('',*,*,#3243,.T.);
#4289=ORIENTED_EDGE('',*,*,#3110,.T.);
#4290=ORIENTED_EDGE('',*,*,#3243,.F.);
#4291=ORIENTED_EDGE('',*,*,#3178,.F.);
#4292=ORIENTED_EDGE('',*,*,#3244,.T.);
#4293=ORIENTED_EDGE('',*,*,#3111,.T.);
#4294=ORIENTED_EDGE('',*,*,#3244,.F.);
#4295=ORIENTED_EDGE('',*,*,#3179,.F.);
#4296=ORIENTED_EDGE('',*,*,#3245,.T.);
#4297=ORIENTED_EDGE('',*,*,#3112,.T.);
#4298=ORIENTED_EDGE('',*,*,#3245,.F.);
#4299=ORIENTED_EDGE('',*,*,#3180,.F.);
#4300=ORIENTED_EDGE('',*,*,#3246,.T.);
#4301=ORIENTED_EDGE('',*,*,#3113,.T.);
#4302=ORIENTED_EDGE('',*,*,#3246,.F.);
#4303=ORIENTED_EDGE('',*,*,#3181,.F.);
#4304=ORIENTED_EDGE('',*,*,#3247,.T.);
#4305=ORIENTED_EDGE('',*,*,#3114,.T.);
#4306=ORIENTED_EDGE('',*,*,#3247,.F.);
#4307=ORIENTED_EDGE('',*,*,#3182,.F.);
#4308=ORIENTED_EDGE('',*,*,#3248,.T.);
#4309=ORIENTED_EDGE('',*,*,#3115,.T.);
#4310=ORIENTED_EDGE('',*,*,#3248,.F.);
#4311=ORIENTED_EDGE('',*,*,#3183,.F.);
#4312=ORIENTED_EDGE('',*,*,#3249,.T.);
#4313=ORIENTED_EDGE('',*,*,#3116,.T.);
#4314=ORIENTED_EDGE('',*,*,#3249,.F.);
#4315=ORIENTED_EDGE('',*,*,#3184,.F.);
#4316=ORIENTED_EDGE('',*,*,#3250,.T.);
#4317=ORIENTED_EDGE('',*,*,#3117,.T.);
#4318=ORIENTED_EDGE('',*,*,#3250,.F.);
#4319=ORIENTED_EDGE('',*,*,#3185,.F.);
#4320=ORIENTED_EDGE('',*,*,#3251,.T.);
#4321=ORIENTED_EDGE('',*,*,#3118,.T.);
#4322=ORIENTED_EDGE('',*,*,#3251,.F.);
#4323=ORIENTED_EDGE('',*,*,#3252,.T.);
#4324=ORIENTED_EDGE('',*,*,#3186,.T.);
#4325=ORIENTED_EDGE('',*,*,#3253,.F.);
#4326=ORIENTED_EDGE('',*,*,#3119,.F.);
#4327=ORIENTED_EDGE('',*,*,#3254,.T.);
#4328=ORIENTED_EDGE('',*,*,#3187,.T.);
#4329=ORIENTED_EDGE('',*,*,#3252,.F.);
#4330=ORIENTED_EDGE('',*,*,#3122,.F.);
#4331=ORIENTED_EDGE('',*,*,#3253,.T.);
#4332=ORIENTED_EDGE('',*,*,#3189,.T.);
#4333=ORIENTED_EDGE('',*,*,#3255,.F.);
#4334=ORIENTED_EDGE('',*,*,#3120,.F.);
#4335=ORIENTED_EDGE('',*,*,#3255,.T.);
#4336=ORIENTED_EDGE('',*,*,#3188,.T.);
#4337=ORIENTED_EDGE('',*,*,#3254,.F.);
#4338=ORIENTED_EDGE('',*,*,#3121,.F.);
#4339=ORIENTED_EDGE('',*,*,#3190,.F.);
#4340=ORIENTED_EDGE('',*,*,#3256,.T.);
#4341=ORIENTED_EDGE('',*,*,#3123,.T.);
#4342=ORIENTED_EDGE('',*,*,#3256,.F.);
#4343=ORIENTED_EDGE('',*,*,#3191,.F.);
#4344=ORIENTED_EDGE('',*,*,#3257,.T.);
#4345=ORIENTED_EDGE('',*,*,#3124,.T.);
#4346=ORIENTED_EDGE('',*,*,#3257,.F.);
#4347=ORIENTED_EDGE('',*,*,#3192,.F.);
#4348=ORIENTED_EDGE('',*,*,#3258,.T.);
#4349=ORIENTED_EDGE('',*,*,#3125,.T.);
#4350=ORIENTED_EDGE('',*,*,#3258,.F.);
#4351=ORIENTED_EDGE('',*,*,#3193,.F.);
#4352=ORIENTED_EDGE('',*,*,#3259,.T.);
#4353=ORIENTED_EDGE('',*,*,#3126,.T.);
#4354=ORIENTED_EDGE('',*,*,#3259,.F.);
#4355=ORIENTED_EDGE('',*,*,#3194,.F.);
#4356=ORIENTED_EDGE('',*,*,#3260,.T.);
#4357=ORIENTED_EDGE('',*,*,#3127,.T.);
#4358=ORIENTED_EDGE('',*,*,#3260,.F.);
#4359=ORIENTED_EDGE('',*,*,#3128,.T.);
#4360=ORIENTED_EDGE('',*,*,#3261,.T.);
#4361=ORIENTED_EDGE('',*,*,#3195,.F.);
#4362=ORIENTED_EDGE('',*,*,#3262,.F.);
#4363=ORIENTED_EDGE('',*,*,#3129,.T.);
#4364=ORIENTED_EDGE('',*,*,#3262,.T.);
#4365=ORIENTED_EDGE('',*,*,#3198,.F.);
#4366=ORIENTED_EDGE('',*,*,#3263,.F.);
#4367=ORIENTED_EDGE('',*,*,#3130,.T.);
#4368=ORIENTED_EDGE('',*,*,#3263,.T.);
#4369=ORIENTED_EDGE('',*,*,#3197,.F.);
#4370=ORIENTED_EDGE('',*,*,#3264,.F.);
#4371=ORIENTED_EDGE('',*,*,#3131,.T.);
#4372=ORIENTED_EDGE('',*,*,#3264,.T.);
#4373=ORIENTED_EDGE('',*,*,#3196,.F.);
#4374=ORIENTED_EDGE('',*,*,#3261,.F.);
#4375=ORIENTED_EDGE('',*,*,#3199,.F.);
#4376=ORIENTED_EDGE('',*,*,#3265,.T.);
#4377=ORIENTED_EDGE('',*,*,#3132,.T.);
#4378=ORIENTED_EDGE('',*,*,#3265,.F.);
#4379=ORIENTED_EDGE('',*,*,#3200,.F.);
#4380=ORIENTED_EDGE('',*,*,#3266,.T.);
#4381=ORIENTED_EDGE('',*,*,#3133,.T.);
#4382=ORIENTED_EDGE('',*,*,#3266,.F.);
#4383=ORIENTED_EDGE('',*,*,#3201,.F.);
#4384=ORIENTED_EDGE('',*,*,#3267,.T.);
#4385=ORIENTED_EDGE('',*,*,#3134,.T.);
#4386=ORIENTED_EDGE('',*,*,#3267,.F.);
#4387=ORIENTED_EDGE('',*,*,#3135,.T.);
#4388=ORIENTED_EDGE('',*,*,#3268,.T.);
#4389=ORIENTED_EDGE('',*,*,#3202,.F.);
#4390=ORIENTED_EDGE('',*,*,#3269,.F.);
#4391=ORIENTED_EDGE('',*,*,#3136,.T.);
#4392=ORIENTED_EDGE('',*,*,#3269,.T.);
#4393=ORIENTED_EDGE('',*,*,#3205,.F.);
#4394=ORIENTED_EDGE('',*,*,#3270,.F.);
#4395=ORIENTED_EDGE('',*,*,#3137,.T.);
#4396=ORIENTED_EDGE('',*,*,#3270,.T.);
#4397=ORIENTED_EDGE('',*,*,#3204,.F.);
#4398=ORIENTED_EDGE('',*,*,#3271,.F.);
#4399=ORIENTED_EDGE('',*,*,#3138,.T.);
#4400=ORIENTED_EDGE('',*,*,#3271,.T.);
#4401=ORIENTED_EDGE('',*,*,#3203,.F.);
#4402=ORIENTED_EDGE('',*,*,#3268,.F.);
#4403=ORIENTED_EDGE('',*,*,#3206,.F.);
#4404=ORIENTED_EDGE('',*,*,#3272,.T.);
#4405=ORIENTED_EDGE('',*,*,#3139,.T.);
#4406=ORIENTED_EDGE('',*,*,#3272,.F.);
#4407=ORIENTED_EDGE('',*,*,#3207,.F.);
#4408=ORIENTED_EDGE('',*,*,#3273,.T.);
#4409=ORIENTED_EDGE('',*,*,#3140,.T.);
#4410=ORIENTED_EDGE('',*,*,#3273,.F.);
#4411=ORIENTED_EDGE('',*,*,#3208,.F.);
#4412=ORIENTED_EDGE('',*,*,#3274,.T.);
#4413=ORIENTED_EDGE('',*,*,#3141,.T.);
#4414=ORIENTED_EDGE('',*,*,#3274,.F.);
#4415=ORIENTED_EDGE('',*,*,#3209,.F.);
#4416=ORIENTED_EDGE('',*,*,#3275,.T.);
#4417=ORIENTED_EDGE('',*,*,#3142,.T.);
#4418=ORIENTED_EDGE('',*,*,#3275,.F.);
#4419=ORIENTED_EDGE('',*,*,#3276,.T.);
#4420=ORIENTED_EDGE('',*,*,#3277,.T.);
#4421=ORIENTED_EDGE('',*,*,#3278,.F.);
#4422=ORIENTED_EDGE('',*,*,#3279,.F.);
#4423=ORIENTED_EDGE('',*,*,#3280,.T.);
#4424=ORIENTED_EDGE('',*,*,#3281,.F.);
#4425=ORIENTED_EDGE('',*,*,#3282,.F.);
#4426=ORIENTED_EDGE('',*,*,#3283,.T.);
#4427=ORIENTED_EDGE('',*,*,#3284,.T.);
#4428=ORIENTED_EDGE('',*,*,#3285,.T.);
#4429=ORIENTED_EDGE('',*,*,#3286,.F.);
#4430=ORIENTED_EDGE('',*,*,#3287,.F.);
#4431=ORIENTED_EDGE('',*,*,#3276,.F.);
#4432=ORIENTED_EDGE('',*,*,#3288,.T.);
#4433=ORIENTED_EDGE('',*,*,#3279,.T.);
#4434=ORIENTED_EDGE('',*,*,#3289,.T.);
#4435=ORIENTED_EDGE('',*,*,#3290,.F.);
#4436=ORIENTED_EDGE('',*,*,#3288,.F.);
#4437=ORIENTED_EDGE('',*,*,#3287,.T.);
#4438=ORIENTED_EDGE('',*,*,#3291,.T.);
#4439=ORIENTED_EDGE('',*,*,#3292,.F.);
#4440=ORIENTED_EDGE('',*,*,#3277,.F.);
#4441=ORIENTED_EDGE('',*,*,#3293,.F.);
#4442=ORIENTED_EDGE('',*,*,#3289,.F.);
#4443=ORIENTED_EDGE('',*,*,#3278,.T.);
#4444=ORIENTED_EDGE('',*,*,#3292,.T.);
#4445=ORIENTED_EDGE('',*,*,#3294,.T.);
#4446=ORIENTED_EDGE('',*,*,#3295,.F.);
#4447=ORIENTED_EDGE('',*,*,#3296,.F.);
#4448=ORIENTED_EDGE('',*,*,#3297,.F.);
#4449=ORIENTED_EDGE('',*,*,#3298,.T.);
#4450=ORIENTED_EDGE('',*,*,#3299,.T.);
#4451=ORIENTED_EDGE('',*,*,#3293,.T.);
#4452=ORIENTED_EDGE('',*,*,#3300,.F.);
#4453=ORIENTED_EDGE('',*,*,#3280,.F.);
#4454=ORIENTED_EDGE('',*,*,#3290,.T.);
#4455=ORIENTED_EDGE('',*,*,#3281,.T.);
#4456=ORIENTED_EDGE('',*,*,#3300,.T.);
#4457=ORIENTED_EDGE('',*,*,#3299,.F.);
#4458=ORIENTED_EDGE('',*,*,#3301,.F.);
#4459=ORIENTED_EDGE('',*,*,#3282,.T.);
#4460=ORIENTED_EDGE('',*,*,#3302,.T.);
#4461=ORIENTED_EDGE('',*,*,#3303,.T.);
#4462=ORIENTED_EDGE('',*,*,#3304,.T.);
#4463=ORIENTED_EDGE('',*,*,#3305,.F.);
#4464=ORIENTED_EDGE('',*,*,#3306,.F.);
#4465=ORIENTED_EDGE('',*,*,#3284,.F.);
#4466=ORIENTED_EDGE('',*,*,#3283,.F.);
#4467=ORIENTED_EDGE('',*,*,#3294,.F.);
#4468=ORIENTED_EDGE('',*,*,#3291,.F.);
#4469=ORIENTED_EDGE('',*,*,#3286,.T.);
#4470=ORIENTED_EDGE('',*,*,#3307,.T.);
#4471=ORIENTED_EDGE('',*,*,#3308,.T.);
#4472=ORIENTED_EDGE('',*,*,#3295,.T.);
#4473=ORIENTED_EDGE('',*,*,#3307,.F.);
#4474=ORIENTED_EDGE('',*,*,#3285,.F.);
#4475=ORIENTED_EDGE('',*,*,#3298,.F.);
#4476=ORIENTED_EDGE('',*,*,#3297,.T.);
#4477=ORIENTED_EDGE('',*,*,#3296,.T.);
#4478=ORIENTED_EDGE('',*,*,#3309,.T.);
#4479=ORIENTED_EDGE('',*,*,#3310,.T.);
#4480=ORIENTED_EDGE('',*,*,#3311,.F.);
#4481=ORIENTED_EDGE('',*,*,#3312,.F.);
#4482=ORIENTED_EDGE('',*,*,#3313,.F.);
#4483=ORIENTED_EDGE('',*,*,#3301,.T.);
#4484=ORIENTED_EDGE('',*,*,#3313,.T.);
#4485=ORIENTED_EDGE('',*,*,#3314,.F.);
#4486=ORIENTED_EDGE('',*,*,#3302,.F.);
#4487=ORIENTED_EDGE('',*,*,#3315,.T.);
#4488=ORIENTED_EDGE('',*,*,#3316,.F.);
#4489=ORIENTED_EDGE('',*,*,#3317,.T.);
#4490=ORIENTED_EDGE('',*,*,#3318,.T.);
#4491=ORIENTED_EDGE('',*,*,#3319,.F.);
#4492=ORIENTED_EDGE('',*,*,#3320,.F.);
#4493=ORIENTED_EDGE('',*,*,#3305,.T.);
#4494=ORIENTED_EDGE('',*,*,#3304,.F.);
#4495=ORIENTED_EDGE('',*,*,#3303,.F.);
#4496=ORIENTED_EDGE('',*,*,#3321,.T.);
#4497=ORIENTED_EDGE('',*,*,#3306,.T.);
#4498=ORIENTED_EDGE('',*,*,#3322,.T.);
#4499=ORIENTED_EDGE('',*,*,#3323,.F.);
#4500=ORIENTED_EDGE('',*,*,#3324,.F.);
#4501=ORIENTED_EDGE('',*,*,#3324,.T.);
#4502=ORIENTED_EDGE('',*,*,#3325,.T.);
#4503=ORIENTED_EDGE('',*,*,#3326,.F.);
#4504=ORIENTED_EDGE('',*,*,#3308,.F.);
#4505=ORIENTED_EDGE('',*,*,#3327,.F.);
#4506=ORIENTED_EDGE('',*,*,#3328,.F.);
#4507=ORIENTED_EDGE('',*,*,#3312,.T.);
#4508=ORIENTED_EDGE('',*,*,#3311,.T.);
#4509=ORIENTED_EDGE('',*,*,#3310,.F.);
#4510=ORIENTED_EDGE('',*,*,#3329,.T.);
#4511=ORIENTED_EDGE('',*,*,#3330,.T.);
#4512=ORIENTED_EDGE('',*,*,#3331,.F.);
#4513=ORIENTED_EDGE('',*,*,#3332,.F.);
#4514=ORIENTED_EDGE('',*,*,#3333,.T.);
#4515=ORIENTED_EDGE('',*,*,#3309,.F.);
#4516=ORIENTED_EDGE('',*,*,#3326,.T.);
#4517=ORIENTED_EDGE('',*,*,#3334,.T.);
#4518=ORIENTED_EDGE('',*,*,#3335,.F.);
#4519=ORIENTED_EDGE('',*,*,#3314,.T.);
#4520=ORIENTED_EDGE('',*,*,#3328,.T.);
#4521=ORIENTED_EDGE('',*,*,#3336,.F.);
#4522=ORIENTED_EDGE('',*,*,#3321,.F.);
#4523=ORIENTED_EDGE('',*,*,#3327,.T.);
#4524=ORIENTED_EDGE('',*,*,#3337,.F.);
#4525=ORIENTED_EDGE('',*,*,#3315,.F.);
#4526=ORIENTED_EDGE('',*,*,#3336,.T.);
#4527=ORIENTED_EDGE('',*,*,#3316,.T.);
#4528=ORIENTED_EDGE('',*,*,#3337,.T.);
#4529=ORIENTED_EDGE('',*,*,#3333,.F.);
#4530=ORIENTED_EDGE('',*,*,#3338,.F.);
#4531=ORIENTED_EDGE('',*,*,#3317,.F.);
#4532=ORIENTED_EDGE('',*,*,#3338,.T.);
#4533=ORIENTED_EDGE('',*,*,#3332,.T.);
#4534=ORIENTED_EDGE('',*,*,#3339,.F.);
#4535=ORIENTED_EDGE('',*,*,#3339,.T.);
#4536=ORIENTED_EDGE('',*,*,#3331,.T.);
#4537=ORIENTED_EDGE('',*,*,#3340,.F.);
#4538=ORIENTED_EDGE('',*,*,#3318,.F.);
#4539=ORIENTED_EDGE('',*,*,#3330,.F.);
#4540=ORIENTED_EDGE('',*,*,#3341,.F.);
#4541=ORIENTED_EDGE('',*,*,#3319,.T.);
#4542=ORIENTED_EDGE('',*,*,#3340,.T.);
#4543=ORIENTED_EDGE('',*,*,#3320,.T.);
#4544=ORIENTED_EDGE('',*,*,#3341,.T.);
#4545=ORIENTED_EDGE('',*,*,#3329,.F.);
#4546=ORIENTED_EDGE('',*,*,#3342,.F.);
#4547=ORIENTED_EDGE('',*,*,#3322,.F.);
#4548=ORIENTED_EDGE('',*,*,#3342,.T.);
#4549=ORIENTED_EDGE('',*,*,#3335,.T.);
#4550=ORIENTED_EDGE('',*,*,#3343,.F.);
#4551=ORIENTED_EDGE('',*,*,#3325,.F.);
#4552=ORIENTED_EDGE('',*,*,#3323,.T.);
#4553=ORIENTED_EDGE('',*,*,#3343,.T.);
#4554=ORIENTED_EDGE('',*,*,#3334,.F.);
#4555=ORIENTED_EDGE('',*,*,#3344,.T.);
#4556=ORIENTED_EDGE('',*,*,#3345,.T.);
#4557=ORIENTED_EDGE('',*,*,#3346,.T.);
#4558=ORIENTED_EDGE('',*,*,#3347,.F.);
#4559=ORIENTED_EDGE('',*,*,#3348,.F.);
#4560=ORIENTED_EDGE('',*,*,#3349,.T.);
#4561=ORIENTED_EDGE('',*,*,#3350,.F.);
#4562=ORIENTED_EDGE('',*,*,#3351,.F.);
#4563=ORIENTED_EDGE('',*,*,#3352,.T.);
#4564=ORIENTED_EDGE('',*,*,#3353,.F.);
#4565=ORIENTED_EDGE('',*,*,#3344,.F.);
#4566=ORIENTED_EDGE('',*,*,#3354,.T.);
#4567=ORIENTED_EDGE('',*,*,#3351,.T.);
#4568=ORIENTED_EDGE('',*,*,#3355,.T.);
#4569=ORIENTED_EDGE('',*,*,#3356,.F.);
#4570=ORIENTED_EDGE('',*,*,#3354,.F.);
#4571=ORIENTED_EDGE('',*,*,#3353,.T.);
#4572=ORIENTED_EDGE('',*,*,#3357,.T.);
#4573=ORIENTED_EDGE('',*,*,#3358,.F.);
#4574=ORIENTED_EDGE('',*,*,#3345,.F.);
#4575=ORIENTED_EDGE('',*,*,#3350,.T.);
#4576=ORIENTED_EDGE('',*,*,#3359,.T.);
#4577=ORIENTED_EDGE('',*,*,#3360,.F.);
#4578=ORIENTED_EDGE('',*,*,#3355,.F.);
#4579=ORIENTED_EDGE('',*,*,#3346,.F.);
#4580=ORIENTED_EDGE('',*,*,#3358,.T.);
#4581=ORIENTED_EDGE('',*,*,#3361,.T.);
#4582=ORIENTED_EDGE('',*,*,#3362,.F.);
#4583=ORIENTED_EDGE('',*,*,#3363,.T.);
#4584=ORIENTED_EDGE('',*,*,#3364,.T.);
#4585=ORIENTED_EDGE('',*,*,#3359,.F.);
#4586=ORIENTED_EDGE('',*,*,#3349,.F.);
#4587=ORIENTED_EDGE('',*,*,#3347,.T.);
#4588=ORIENTED_EDGE('',*,*,#3362,.T.);
#4589=ORIENTED_EDGE('',*,*,#3365,.F.);
#4590=ORIENTED_EDGE('',*,*,#3366,.F.);
#4591=ORIENTED_EDGE('',*,*,#3367,.F.);
#4592=ORIENTED_EDGE('',*,*,#3363,.F.);
#4593=ORIENTED_EDGE('',*,*,#3348,.T.);
#4594=ORIENTED_EDGE('',*,*,#3366,.T.);
#4595=ORIENTED_EDGE('',*,*,#3352,.F.);
#4596=ORIENTED_EDGE('',*,*,#3356,.T.);
#4597=ORIENTED_EDGE('',*,*,#3360,.T.);
#4598=ORIENTED_EDGE('',*,*,#3364,.F.);
#4599=ORIENTED_EDGE('',*,*,#3367,.T.);
#4600=ORIENTED_EDGE('',*,*,#3365,.T.);
#4601=ORIENTED_EDGE('',*,*,#3361,.F.);
#4602=ORIENTED_EDGE('',*,*,#3357,.F.);
#4603=ORIENTED_EDGE('',*,*,#3368,.F.);
#4604=ORIENTED_EDGE('',*,*,#3369,.T.);
#4605=ORIENTED_EDGE('',*,*,#3370,.T.);
#4606=ORIENTED_EDGE('',*,*,#3371,.T.);
#4607=ORIENTED_EDGE('',*,*,#3372,.F.);
#4608=ORIENTED_EDGE('',*,*,#3373,.F.);
#4609=ORIENTED_EDGE('',*,*,#3374,.T.);
#4610=ORIENTED_EDGE('',*,*,#3375,.F.);
#4611=ORIENTED_EDGE('',*,*,#3368,.T.);
#4612=ORIENTED_EDGE('',*,*,#3376,.T.);
#4613=ORIENTED_EDGE('',*,*,#3377,.F.);
#4614=ORIENTED_EDGE('',*,*,#3378,.F.);
#4615=ORIENTED_EDGE('',*,*,#3375,.T.);
#4616=ORIENTED_EDGE('',*,*,#3379,.T.);
#4617=ORIENTED_EDGE('',*,*,#3380,.F.);
#4618=ORIENTED_EDGE('',*,*,#3376,.F.);
#4619=ORIENTED_EDGE('',*,*,#3381,.T.);
#4620=ORIENTED_EDGE('',*,*,#3382,.T.);
#4621=ORIENTED_EDGE('',*,*,#3379,.F.);
#4622=ORIENTED_EDGE('',*,*,#3374,.F.);
#4623=ORIENTED_EDGE('',*,*,#3383,.F.);
#4624=ORIENTED_EDGE('',*,*,#3381,.F.);
#4625=ORIENTED_EDGE('',*,*,#3373,.T.);
#4626=ORIENTED_EDGE('',*,*,#3384,.T.);
#4627=ORIENTED_EDGE('',*,*,#3372,.T.);
#4628=ORIENTED_EDGE('',*,*,#3385,.T.);
#4629=ORIENTED_EDGE('',*,*,#3386,.F.);
#4630=ORIENTED_EDGE('',*,*,#3384,.F.);
#4631=ORIENTED_EDGE('',*,*,#3371,.F.);
#4632=ORIENTED_EDGE('',*,*,#3387,.T.);
#4633=ORIENTED_EDGE('',*,*,#3388,.T.);
#4634=ORIENTED_EDGE('',*,*,#3385,.F.);
#4635=ORIENTED_EDGE('',*,*,#3389,.T.);
#4636=ORIENTED_EDGE('',*,*,#3390,.T.);
#4637=ORIENTED_EDGE('',*,*,#3387,.F.);
#4638=ORIENTED_EDGE('',*,*,#3370,.F.);
#4639=ORIENTED_EDGE('',*,*,#3391,.T.);
#4640=ORIENTED_EDGE('',*,*,#3389,.F.);
#4641=ORIENTED_EDGE('',*,*,#3369,.F.);
#4642=ORIENTED_EDGE('',*,*,#3378,.T.);
#4643=ORIENTED_EDGE('',*,*,#3392,.T.);
#4644=ORIENTED_EDGE('',*,*,#3393,.T.);
#4645=ORIENTED_EDGE('',*,*,#3394,.T.);
#4646=ORIENTED_EDGE('',*,*,#3395,.F.);
#4647=ORIENTED_EDGE('',*,*,#3396,.F.);
#4648=ORIENTED_EDGE('',*,*,#3397,.T.);
#4649=ORIENTED_EDGE('',*,*,#3398,.F.);
#4650=ORIENTED_EDGE('',*,*,#3399,.F.);
#4651=ORIENTED_EDGE('',*,*,#3377,.T.);
#4652=ORIENTED_EDGE('',*,*,#3380,.T.);
#4653=ORIENTED_EDGE('',*,*,#3382,.F.);
#4654=ORIENTED_EDGE('',*,*,#3383,.T.);
#4655=ORIENTED_EDGE('',*,*,#3386,.T.);
#4656=ORIENTED_EDGE('',*,*,#3388,.F.);
#4657=ORIENTED_EDGE('',*,*,#3390,.F.);
#4658=ORIENTED_EDGE('',*,*,#3391,.F.);
#4659=ORIENTED_EDGE('',*,*,#3400,.T.);
#4660=ORIENTED_EDGE('',*,*,#3401,.F.);
#4661=ORIENTED_EDGE('',*,*,#3392,.F.);
#4662=ORIENTED_EDGE('',*,*,#3402,.T.);
#4663=ORIENTED_EDGE('',*,*,#3399,.T.);
#4664=ORIENTED_EDGE('',*,*,#3403,.T.);
#4665=ORIENTED_EDGE('',*,*,#3404,.F.);
#4666=ORIENTED_EDGE('',*,*,#3402,.F.);
#4667=ORIENTED_EDGE('',*,*,#3401,.T.);
#4668=ORIENTED_EDGE('',*,*,#3405,.T.);
#4669=ORIENTED_EDGE('',*,*,#3406,.F.);
#4670=ORIENTED_EDGE('',*,*,#3393,.F.);
#4671=ORIENTED_EDGE('',*,*,#3398,.T.);
#4672=ORIENTED_EDGE('',*,*,#3407,.T.);
#4673=ORIENTED_EDGE('',*,*,#3408,.F.);
#4674=ORIENTED_EDGE('',*,*,#3403,.F.);
#4675=ORIENTED_EDGE('',*,*,#3394,.F.);
#4676=ORIENTED_EDGE('',*,*,#3406,.T.);
#4677=ORIENTED_EDGE('',*,*,#3409,.T.);
#4678=ORIENTED_EDGE('',*,*,#3410,.F.);
#4679=ORIENTED_EDGE('',*,*,#3411,.T.);
#4680=ORIENTED_EDGE('',*,*,#3412,.T.);
#4681=ORIENTED_EDGE('',*,*,#3407,.F.);
#4682=ORIENTED_EDGE('',*,*,#3397,.F.);
#4683=ORIENTED_EDGE('',*,*,#3395,.T.);
#4684=ORIENTED_EDGE('',*,*,#3410,.T.);
#4685=ORIENTED_EDGE('',*,*,#3413,.F.);
#4686=ORIENTED_EDGE('',*,*,#3414,.F.);
#4687=ORIENTED_EDGE('',*,*,#3415,.F.);
#4688=ORIENTED_EDGE('',*,*,#3411,.F.);
#4689=ORIENTED_EDGE('',*,*,#3396,.T.);
#4690=ORIENTED_EDGE('',*,*,#3414,.T.);
#4691=ORIENTED_EDGE('',*,*,#3400,.F.);
#4692=ORIENTED_EDGE('',*,*,#3404,.T.);
#4693=ORIENTED_EDGE('',*,*,#3408,.T.);
#4694=ORIENTED_EDGE('',*,*,#3412,.F.);
#4695=ORIENTED_EDGE('',*,*,#3415,.T.);
#4696=ORIENTED_EDGE('',*,*,#3413,.T.);
#4697=ORIENTED_EDGE('',*,*,#3409,.F.);
#4698=ORIENTED_EDGE('',*,*,#3405,.F.);
#4699=ORIENTED_EDGE('',*,*,#3416,.T.);
#4700=ORIENTED_EDGE('',*,*,#3417,.T.);
#4701=ORIENTED_EDGE('',*,*,#3418,.T.);
#4702=ORIENTED_EDGE('',*,*,#3419,.T.);
#4703=ORIENTED_EDGE('',*,*,#3420,.T.);
#4704=ORIENTED_EDGE('',*,*,#3421,.T.);
#4705=ORIENTED_EDGE('',*,*,#3422,.T.);
#4706=ORIENTED_EDGE('',*,*,#3423,.T.);
#4707=ORIENTED_EDGE('',*,*,#3424,.F.);
#4708=ORIENTED_EDGE('',*,*,#3425,.F.);
#4709=ORIENTED_EDGE('',*,*,#3426,.F.);
#4710=ORIENTED_EDGE('',*,*,#3427,.F.);
#4711=ORIENTED_EDGE('',*,*,#3428,.T.);
#4712=ORIENTED_EDGE('',*,*,#3429,.T.);
#4713=ORIENTED_EDGE('',*,*,#3430,.T.);
#4714=ORIENTED_EDGE('',*,*,#3431,.T.);
#4715=ORIENTED_EDGE('',*,*,#3432,.T.);
#4716=ORIENTED_EDGE('',*,*,#3424,.T.);
#4717=ORIENTED_EDGE('',*,*,#3433,.T.);
#4718=ORIENTED_EDGE('',*,*,#3434,.T.);
#4719=ORIENTED_EDGE('',*,*,#3435,.T.);
#4720=ORIENTED_EDGE('',*,*,#3436,.T.);
#4721=ORIENTED_EDGE('',*,*,#3437,.T.);
#4722=ORIENTED_EDGE('',*,*,#3438,.T.);
#4723=ORIENTED_EDGE('',*,*,#3439,.T.);
#4724=ORIENTED_EDGE('',*,*,#3440,.T.);
#4725=ORIENTED_EDGE('',*,*,#3441,.T.);
#4726=ORIENTED_EDGE('',*,*,#3442,.T.);
#4727=ORIENTED_EDGE('',*,*,#3443,.T.);
#4728=ORIENTED_EDGE('',*,*,#3444,.T.);
#4729=ORIENTED_EDGE('',*,*,#3445,.T.);
#4730=ORIENTED_EDGE('',*,*,#3446,.T.);
#4731=ORIENTED_EDGE('',*,*,#3447,.F.);
#4732=ORIENTED_EDGE('',*,*,#3448,.T.);
#4733=ORIENTED_EDGE('',*,*,#3449,.T.);
#4734=ORIENTED_EDGE('',*,*,#3448,.F.);
#4735=ORIENTED_EDGE('',*,*,#3449,.F.);
#4736=ORIENTED_EDGE('',*,*,#3450,.F.);
#4737=ORIENTED_EDGE('',*,*,#3451,.T.);
#4738=ORIENTED_EDGE('',*,*,#3452,.T.);
#4739=ORIENTED_EDGE('',*,*,#3451,.F.);
#4740=ORIENTED_EDGE('',*,*,#3453,.F.);
#4741=ORIENTED_EDGE('',*,*,#3454,.T.);
#4742=ORIENTED_EDGE('',*,*,#3455,.T.);
#4743=ORIENTED_EDGE('',*,*,#3454,.F.);
#4744=ORIENTED_EDGE('',*,*,#3455,.F.);
#4745=ORIENTED_EDGE('',*,*,#3452,.F.);
#4746=ORIENTED_EDGE('',*,*,#3456,.T.);
#4747=ORIENTED_EDGE('',*,*,#3457,.F.);
#4748=ORIENTED_EDGE('',*,*,#3458,.F.);
#4749=ORIENTED_EDGE('',*,*,#3442,.F.);
#4750=ORIENTED_EDGE('',*,*,#3459,.F.);
#4751=ORIENTED_EDGE('',*,*,#3460,.F.);
#4752=ORIENTED_EDGE('',*,*,#3461,.F.);
#4753=ORIENTED_EDGE('',*,*,#3444,.F.);
#4754=ORIENTED_EDGE('',*,*,#3462,.F.);
#4755=ORIENTED_EDGE('',*,*,#3436,.F.);
#4756=ORIENTED_EDGE('',*,*,#3463,.F.);
#4757=ORIENTED_EDGE('',*,*,#3464,.F.);
#4758=ORIENTED_EDGE('',*,*,#3459,.T.);
#4759=ORIENTED_EDGE('',*,*,#3443,.F.);
#4760=ORIENTED_EDGE('',*,*,#3458,.T.);
#4761=ORIENTED_EDGE('',*,*,#3465,.F.);
#4762=ORIENTED_EDGE('',*,*,#3462,.T.);
#4763=ORIENTED_EDGE('',*,*,#3466,.F.);
#4764=ORIENTED_EDGE('',*,*,#3467,.T.);
#4765=ORIENTED_EDGE('',*,*,#3437,.F.);
#4766=ORIENTED_EDGE('',*,*,#3468,.T.);
#4767=ORIENTED_EDGE('',*,*,#3469,.T.);
#4768=ORIENTED_EDGE('',*,*,#3470,.T.);
#4769=ORIENTED_EDGE('',*,*,#3471,.T.);
#4770=ORIENTED_EDGE('',*,*,#3472,.T.);
#4771=ORIENTED_EDGE('',*,*,#3473,.T.);
#4772=ORIENTED_EDGE('',*,*,#3474,.T.);
#4773=ORIENTED_EDGE('',*,*,#3475,.T.);
#4774=ORIENTED_EDGE('',*,*,#3476,.T.);
#4775=ORIENTED_EDGE('',*,*,#3477,.F.);
#4776=ORIENTED_EDGE('',*,*,#3478,.F.);
#4777=ORIENTED_EDGE('',*,*,#3479,.F.);
#4778=ORIENTED_EDGE('',*,*,#3447,.T.);
#4779=ORIENTED_EDGE('',*,*,#3480,.T.);
#4780=ORIENTED_EDGE('',*,*,#3481,.T.);
#4781=ORIENTED_EDGE('',*,*,#3420,.F.);
#4782=ORIENTED_EDGE('',*,*,#3482,.F.);
#4783=ORIENTED_EDGE('',*,*,#3450,.T.);
#4784=ORIENTED_EDGE('',*,*,#3483,.F.);
#4785=ORIENTED_EDGE('',*,*,#3484,.T.);
#4786=ORIENTED_EDGE('',*,*,#3422,.F.);
#4787=ORIENTED_EDGE('',*,*,#3485,.F.);
#4788=ORIENTED_EDGE('',*,*,#3486,.F.);
#4789=ORIENTED_EDGE('',*,*,#3487,.T.);
#4790=ORIENTED_EDGE('',*,*,#3488,.T.);
#4791=ORIENTED_EDGE('',*,*,#3489,.T.);
#4792=ORIENTED_EDGE('',*,*,#3490,.F.);
#4793=ORIENTED_EDGE('',*,*,#3491,.T.);
#4794=ORIENTED_EDGE('',*,*,#3418,.F.);
#4795=ORIENTED_EDGE('',*,*,#3492,.F.);
#4796=ORIENTED_EDGE('',*,*,#3493,.T.);
#4797=ORIENTED_EDGE('',*,*,#3494,.F.);
#4798=ORIENTED_EDGE('',*,*,#3456,.F.);
#4799=ORIENTED_EDGE('',*,*,#3441,.F.);
#4800=ORIENTED_EDGE('',*,*,#3495,.F.);
#4801=ORIENTED_EDGE('',*,*,#3473,.F.);
#4802=ORIENTED_EDGE('',*,*,#3495,.T.);
#4803=ORIENTED_EDGE('',*,*,#3440,.F.);
#4804=ORIENTED_EDGE('',*,*,#3496,.F.);
#4805=ORIENTED_EDGE('',*,*,#3474,.F.);
#4806=ORIENTED_EDGE('',*,*,#3497,.F.);
#4807=ORIENTED_EDGE('',*,*,#3498,.T.);
#4808=ORIENTED_EDGE('',*,*,#3490,.T.);
#4809=ORIENTED_EDGE('',*,*,#3499,.T.);
#4810=ORIENTED_EDGE('',*,*,#3480,.F.);
#4811=ORIENTED_EDGE('',*,*,#3500,.T.);
#4812=ORIENTED_EDGE('',*,*,#3483,.T.);
#4813=ORIENTED_EDGE('',*,*,#3501,.T.);
#4814=ORIENTED_EDGE('',*,*,#3493,.F.);
#4815=ORIENTED_EDGE('',*,*,#3472,.F.);
#4816=ORIENTED_EDGE('',*,*,#3502,.F.);
#4817=ORIENTED_EDGE('',*,*,#3503,.F.);
#4818=ORIENTED_EDGE('',*,*,#3504,.T.);
#4819=ORIENTED_EDGE('',*,*,#3486,.T.);
#4820=ORIENTED_EDGE('',*,*,#3505,.T.);
#4821=ORIENTED_EDGE('',*,*,#3476,.F.);
#4822=ORIENTED_EDGE('',*,*,#3506,.F.);
#4823=ORIENTED_EDGE('',*,*,#3429,.F.);
#4824=ORIENTED_EDGE('',*,*,#3507,.T.);
#4825=ORIENTED_EDGE('',*,*,#3469,.F.);
#4826=ORIENTED_EDGE('',*,*,#3508,.F.);
#4827=ORIENTED_EDGE('',*,*,#3430,.F.);
#4828=ORIENTED_EDGE('',*,*,#3506,.T.);
#4829=ORIENTED_EDGE('',*,*,#3468,.F.);
#4830=ORIENTED_EDGE('',*,*,#3496,.T.);
#4831=ORIENTED_EDGE('',*,*,#3439,.F.);
#4832=ORIENTED_EDGE('',*,*,#3509,.F.);
#4833=ORIENTED_EDGE('',*,*,#3510,.F.);
#4834=ORIENTED_EDGE('',*,*,#3502,.T.);
#4835=ORIENTED_EDGE('',*,*,#3475,.F.);
#4836=ORIENTED_EDGE('',*,*,#3511,.T.);
#4837=ORIENTED_EDGE('',*,*,#3431,.F.);
#4838=ORIENTED_EDGE('',*,*,#3508,.T.);
#4839=ORIENTED_EDGE('',*,*,#3471,.F.);
#4840=ORIENTED_EDGE('',*,*,#3497,.T.);
#4841=ORIENTED_EDGE('',*,*,#3512,.T.);
#4842=ORIENTED_EDGE('',*,*,#3416,.F.);
#4843=ORIENTED_EDGE('',*,*,#3513,.F.);
#4844=ORIENTED_EDGE('',*,*,#3453,.T.);
#4845=ORIENTED_EDGE('',*,*,#3512,.F.);
#4846=ORIENTED_EDGE('',*,*,#3499,.F.);
#4847=ORIENTED_EDGE('',*,*,#3492,.T.);
#4848=ORIENTED_EDGE('',*,*,#3417,.F.);
#4849=ORIENTED_EDGE('',*,*,#3513,.T.);
#4850=ORIENTED_EDGE('',*,*,#3419,.F.);
#4851=ORIENTED_EDGE('',*,*,#3491,.F.);
#4852=ORIENTED_EDGE('',*,*,#3498,.F.);
#4853=ORIENTED_EDGE('',*,*,#3482,.T.);
#4854=ORIENTED_EDGE('',*,*,#3423,.F.);
#4855=ORIENTED_EDGE('',*,*,#3484,.F.);
#4856=ORIENTED_EDGE('',*,*,#3500,.F.);
#4857=ORIENTED_EDGE('',*,*,#3481,.F.);
#4858=ORIENTED_EDGE('',*,*,#3501,.F.);
#4859=ORIENTED_EDGE('',*,*,#3485,.T.);
#4860=ORIENTED_EDGE('',*,*,#3421,.F.);
#4861=ORIENTED_EDGE('',*,*,#3478,.T.);
#4862=ORIENTED_EDGE('',*,*,#3514,.T.);
#4863=ORIENTED_EDGE('',*,*,#3488,.F.);
#4864=ORIENTED_EDGE('',*,*,#3515,.F.);
#4865=ORIENTED_EDGE('',*,*,#3509,.T.);
#4866=ORIENTED_EDGE('',*,*,#3438,.F.);
#4867=ORIENTED_EDGE('',*,*,#3467,.F.);
#4868=ORIENTED_EDGE('',*,*,#3516,.F.);
#4869=ORIENTED_EDGE('',*,*,#3517,.T.);
#4870=ORIENTED_EDGE('',*,*,#3518,.T.);
#4871=ORIENTED_EDGE('',*,*,#3519,.T.);
#4872=ORIENTED_EDGE('',*,*,#3460,.T.);
#4873=ORIENTED_EDGE('',*,*,#3465,.T.);
#4874=ORIENTED_EDGE('',*,*,#3457,.T.);
#4875=ORIENTED_EDGE('',*,*,#3494,.T.);
#4876=ORIENTED_EDGE('',*,*,#3503,.T.);
#4877=ORIENTED_EDGE('',*,*,#3510,.T.);
#4878=ORIENTED_EDGE('',*,*,#3516,.T.);
#4879=ORIENTED_EDGE('',*,*,#3466,.T.);
#4880=ORIENTED_EDGE('',*,*,#3464,.T.);
#4881=ORIENTED_EDGE('',*,*,#3520,.T.);
#4882=ORIENTED_EDGE('',*,*,#3521,.T.);
#4883=ORIENTED_EDGE('',*,*,#3522,.T.);
#4884=ORIENTED_EDGE('',*,*,#3426,.T.);
#4885=ORIENTED_EDGE('',*,*,#3523,.T.);
#4886=ORIENTED_EDGE('',*,*,#3524,.T.);
#4887=ORIENTED_EDGE('',*,*,#3525,.T.);
#4888=ORIENTED_EDGE('',*,*,#3526,.T.);
#4889=ORIENTED_EDGE('',*,*,#3527,.T.);
#4890=ORIENTED_EDGE('',*,*,#3528,.T.);
#4891=ORIENTED_EDGE('',*,*,#3529,.T.);
#4892=ORIENTED_EDGE('',*,*,#3530,.T.);
#4893=ORIENTED_EDGE('',*,*,#3461,.T.);
#4894=ORIENTED_EDGE('',*,*,#3519,.F.);
#4895=ORIENTED_EDGE('',*,*,#3531,.F.);
#4896=ORIENTED_EDGE('',*,*,#3445,.F.);
#4897=ORIENTED_EDGE('',*,*,#3463,.T.);
#4898=ORIENTED_EDGE('',*,*,#3435,.F.);
#4899=ORIENTED_EDGE('',*,*,#3532,.F.);
#4900=ORIENTED_EDGE('',*,*,#3520,.F.);
#4901=ORIENTED_EDGE('',*,*,#3477,.T.);
#4902=ORIENTED_EDGE('',*,*,#3505,.F.);
#4903=ORIENTED_EDGE('',*,*,#3489,.F.);
#4904=ORIENTED_EDGE('',*,*,#3514,.F.);
#4905=ORIENTED_EDGE('',*,*,#3479,.T.);
#4906=ORIENTED_EDGE('',*,*,#3515,.T.);
#4907=ORIENTED_EDGE('',*,*,#3487,.F.);
#4908=ORIENTED_EDGE('',*,*,#3504,.F.);
#4909=ORIENTED_EDGE('',*,*,#3533,.F.);
#4910=ORIENTED_EDGE('',*,*,#3534,.F.);
#4911=ORIENTED_EDGE('',*,*,#3535,.F.);
#4912=ORIENTED_EDGE('',*,*,#3536,.F.);
#4913=ORIENTED_EDGE('',*,*,#3537,.F.);
#4914=ORIENTED_EDGE('',*,*,#3538,.F.);
#4915=ORIENTED_EDGE('',*,*,#3539,.F.);
#4916=ORIENTED_EDGE('',*,*,#3540,.F.);
#4917=ORIENTED_EDGE('',*,*,#3536,.T.);
#4918=ORIENTED_EDGE('',*,*,#3541,.T.);
#4919=ORIENTED_EDGE('',*,*,#3528,.F.);
#4920=ORIENTED_EDGE('',*,*,#3542,.F.);
#4921=ORIENTED_EDGE('',*,*,#3535,.T.);
#4922=ORIENTED_EDGE('',*,*,#3543,.T.);
#4923=ORIENTED_EDGE('',*,*,#3529,.F.);
#4924=ORIENTED_EDGE('',*,*,#3541,.F.);
#4925=ORIENTED_EDGE('',*,*,#3540,.T.);
#4926=ORIENTED_EDGE('',*,*,#3544,.T.);
#4927=ORIENTED_EDGE('',*,*,#3524,.F.);
#4928=ORIENTED_EDGE('',*,*,#3545,.F.);
#4929=ORIENTED_EDGE('',*,*,#3539,.T.);
#4930=ORIENTED_EDGE('',*,*,#3546,.T.);
#4931=ORIENTED_EDGE('',*,*,#3525,.F.);
#4932=ORIENTED_EDGE('',*,*,#3544,.F.);
#4933=ORIENTED_EDGE('',*,*,#3534,.T.);
#4934=ORIENTED_EDGE('',*,*,#3547,.T.);
#4935=ORIENTED_EDGE('',*,*,#3530,.F.);
#4936=ORIENTED_EDGE('',*,*,#3543,.F.);
#4937=ORIENTED_EDGE('',*,*,#3533,.T.);
#4938=ORIENTED_EDGE('',*,*,#3542,.T.);
#4939=ORIENTED_EDGE('',*,*,#3527,.F.);
#4940=ORIENTED_EDGE('',*,*,#3547,.F.);
#4941=ORIENTED_EDGE('',*,*,#3538,.T.);
#4942=ORIENTED_EDGE('',*,*,#3548,.T.);
#4943=ORIENTED_EDGE('',*,*,#3526,.F.);
#4944=ORIENTED_EDGE('',*,*,#3546,.F.);
#4945=ORIENTED_EDGE('',*,*,#3537,.T.);
#4946=ORIENTED_EDGE('',*,*,#3545,.T.);
#4947=ORIENTED_EDGE('',*,*,#3523,.F.);
#4948=ORIENTED_EDGE('',*,*,#3548,.F.);
#4949=ORIENTED_EDGE('',*,*,#3507,.F.);
#4950=ORIENTED_EDGE('',*,*,#3428,.F.);
#4951=ORIENTED_EDGE('',*,*,#3511,.F.);
#4952=ORIENTED_EDGE('',*,*,#3470,.F.);
#4953=ORIENTED_EDGE('',*,*,#3432,.F.);
#4954=ORIENTED_EDGE('',*,*,#3549,.F.);
#4955=ORIENTED_EDGE('',*,*,#3517,.F.);
#4956=ORIENTED_EDGE('',*,*,#3425,.T.);
#4957=ORIENTED_EDGE('',*,*,#3433,.F.);
#4958=ORIENTED_EDGE('',*,*,#3427,.T.);
#4959=ORIENTED_EDGE('',*,*,#3522,.F.);
#4960=ORIENTED_EDGE('',*,*,#3550,.F.);
#4961=ORIENTED_EDGE('',*,*,#3550,.T.);
#4962=ORIENTED_EDGE('',*,*,#3521,.F.);
#4963=ORIENTED_EDGE('',*,*,#3532,.T.);
#4964=ORIENTED_EDGE('',*,*,#3434,.F.);
#4965=ORIENTED_EDGE('',*,*,#3549,.T.);
#4966=ORIENTED_EDGE('',*,*,#3446,.F.);
#4967=ORIENTED_EDGE('',*,*,#3531,.T.);
#4968=ORIENTED_EDGE('',*,*,#3518,.F.);
#4969=ORIENTED_EDGE('',*,*,#3551,.F.);
#4970=ORIENTED_EDGE('',*,*,#3552,.F.);
#4971=ORIENTED_EDGE('',*,*,#3553,.F.);
#4972=ORIENTED_EDGE('',*,*,#3554,.F.);
#4973=ORIENTED_EDGE('',*,*,#3551,.T.);
#4974=ORIENTED_EDGE('',*,*,#3555,.F.);
#4975=ORIENTED_EDGE('',*,*,#3556,.F.);
#4976=ORIENTED_EDGE('',*,*,#3557,.F.);
#4977=ORIENTED_EDGE('',*,*,#3558,.F.);
#4978=ORIENTED_EDGE('',*,*,#3559,.T.);
#4979=ORIENTED_EDGE('',*,*,#3560,.F.);
#4980=ORIENTED_EDGE('',*,*,#3561,.T.);
#4981=ORIENTED_EDGE('',*,*,#3558,.T.);
#4982=ORIENTED_EDGE('',*,*,#3561,.F.);
#4983=ORIENTED_EDGE('',*,*,#3559,.F.);
#4984=ORIENTED_EDGE('',*,*,#3562,.T.);
#4985=ORIENTED_EDGE('',*,*,#3563,.F.);
#4986=ORIENTED_EDGE('',*,*,#3562,.F.);
#4987=ORIENTED_EDGE('',*,*,#3564,.F.);
#4988=ORIENTED_EDGE('',*,*,#3565,.T.);
#4989=ORIENTED_EDGE('',*,*,#3566,.F.);
#4990=ORIENTED_EDGE('',*,*,#3567,.T.);
#4991=ORIENTED_EDGE('',*,*,#3564,.T.);
#4992=ORIENTED_EDGE('',*,*,#3567,.F.);
#4993=ORIENTED_EDGE('',*,*,#3565,.F.);
#4994=ORIENTED_EDGE('',*,*,#3568,.T.);
#4995=ORIENTED_EDGE('',*,*,#3569,.F.);
#4996=ORIENTED_EDGE('',*,*,#3568,.F.);
#4997=ORIENTED_EDGE('',*,*,#3570,.F.);
#4998=ORIENTED_EDGE('',*,*,#3571,.T.);
#4999=ORIENTED_EDGE('',*,*,#3572,.F.);
#5000=ORIENTED_EDGE('',*,*,#3573,.T.);
#5001=ORIENTED_EDGE('',*,*,#3570,.T.);
#5002=ORIENTED_EDGE('',*,*,#3573,.F.);
#5003=ORIENTED_EDGE('',*,*,#3571,.F.);
#5004=ORIENTED_EDGE('',*,*,#3574,.T.);
#5005=ORIENTED_EDGE('',*,*,#3575,.F.);
#5006=ORIENTED_EDGE('',*,*,#3574,.F.);
#5007=ORIENTED_EDGE('',*,*,#3576,.F.);
#5008=ORIENTED_EDGE('',*,*,#3577,.T.);
#5009=ORIENTED_EDGE('',*,*,#3578,.T.);
#5010=ORIENTED_EDGE('',*,*,#3577,.F.);
#5011=ORIENTED_EDGE('',*,*,#3578,.F.);
#5012=ORIENTED_EDGE('',*,*,#3579,.F.);
#5013=ORIENTED_EDGE('',*,*,#3580,.T.);
#5014=ORIENTED_EDGE('',*,*,#3581,.T.);
#5015=ORIENTED_EDGE('',*,*,#3580,.F.);
#5016=ORIENTED_EDGE('',*,*,#3581,.F.);
#5017=ORIENTED_EDGE('',*,*,#3582,.F.);
#5018=ORIENTED_EDGE('',*,*,#3583,.T.);
#5019=ORIENTED_EDGE('',*,*,#3584,.T.);
#5020=ORIENTED_EDGE('',*,*,#3583,.F.);
#5021=ORIENTED_EDGE('',*,*,#3584,.F.);
#5022=ORIENTED_EDGE('',*,*,#3585,.F.);
#5023=ORIENTED_EDGE('',*,*,#3586,.T.);
#5024=ORIENTED_EDGE('',*,*,#3587,.F.);
#5025=ORIENTED_EDGE('',*,*,#3586,.F.);
#5026=ORIENTED_EDGE('',*,*,#3587,.T.);
#5027=ORIENTED_EDGE('',*,*,#3582,.T.);
#5028=ORIENTED_EDGE('',*,*,#3588,.F.);
#5029=ORIENTED_EDGE('',*,*,#3589,.T.);
#5030=ORIENTED_EDGE('',*,*,#3590,.F.);
#5031=ORIENTED_EDGE('',*,*,#3589,.F.);
#5032=ORIENTED_EDGE('',*,*,#3590,.T.);
#5033=ORIENTED_EDGE('',*,*,#3579,.T.);
#5034=ORIENTED_EDGE('',*,*,#3591,.F.);
#5035=ORIENTED_EDGE('',*,*,#3592,.F.);
#5036=ORIENTED_EDGE('',*,*,#3593,.F.);
#5037=ORIENTED_EDGE('',*,*,#3594,.F.);
#5038=ORIENTED_EDGE('',*,*,#3595,.T.);
#5039=ORIENTED_EDGE('',*,*,#3596,.F.);
#5040=ORIENTED_EDGE('',*,*,#3597,.T.);
#5041=ORIENTED_EDGE('',*,*,#3598,.F.);
#5042=ORIENTED_EDGE('',*,*,#3599,.T.);
#5043=ORIENTED_EDGE('',*,*,#3600,.F.);
#5044=ORIENTED_EDGE('',*,*,#3601,.T.);
#5045=ORIENTED_EDGE('',*,*,#3602,.F.);
#5046=ORIENTED_EDGE('',*,*,#3603,.T.);
#5047=ORIENTED_EDGE('',*,*,#3591,.T.);
#5048=ORIENTED_EDGE('',*,*,#3604,.T.);
#5049=ORIENTED_EDGE('',*,*,#3605,.T.);
#5050=ORIENTED_EDGE('',*,*,#3605,.F.);
#5051=ORIENTED_EDGE('',*,*,#3606,.F.);
#5052=ORIENTED_EDGE('',*,*,#3607,.F.);
#5053=ORIENTED_EDGE('',*,*,#3608,.F.);
#5054=ORIENTED_EDGE('',*,*,#3604,.F.);
#5055=ORIENTED_EDGE('',*,*,#3594,.T.);
#5056=ORIENTED_EDGE('',*,*,#3609,.F.);
#5057=ORIENTED_EDGE('',*,*,#3606,.T.);
#5058=ORIENTED_EDGE('',*,*,#3603,.F.);
#5059=ORIENTED_EDGE('',*,*,#3608,.T.);
#5060=ORIENTED_EDGE('',*,*,#3610,.F.);
#5061=ORIENTED_EDGE('',*,*,#3592,.T.);
#5062=ORIENTED_EDGE('',*,*,#3611,.T.);
#5063=ORIENTED_EDGE('',*,*,#3612,.F.);
#5064=ORIENTED_EDGE('',*,*,#3613,.F.);
#5065=ORIENTED_EDGE('',*,*,#3614,.T.);
#5066=ORIENTED_EDGE('',*,*,#3615,.F.);
#5067=ORIENTED_EDGE('',*,*,#3616,.T.);
#5068=ORIENTED_EDGE('',*,*,#3617,.F.);
#5069=ORIENTED_EDGE('',*,*,#3618,.T.);
#5070=ORIENTED_EDGE('',*,*,#3619,.F.);
#5071=ORIENTED_EDGE('',*,*,#3618,.F.);
#5072=ORIENTED_EDGE('',*,*,#3620,.F.);
#5073=ORIENTED_EDGE('',*,*,#3612,.T.);
#5074=ORIENTED_EDGE('',*,*,#3611,.F.);
#5075=ORIENTED_EDGE('',*,*,#3621,.F.);
#5076=ORIENTED_EDGE('',*,*,#3615,.T.);
#5077=ORIENTED_EDGE('',*,*,#3619,.T.);
#5078=ORIENTED_EDGE('',*,*,#3622,.T.);
#5079=ORIENTED_EDGE('',*,*,#3623,.T.);
#5080=ORIENTED_EDGE('',*,*,#3552,.T.);
#5081=ORIENTED_EDGE('',*,*,#3557,.T.);
#5082=ORIENTED_EDGE('',*,*,#3553,.T.);
#5083=ORIENTED_EDGE('',*,*,#3623,.F.);
#5084=ORIENTED_EDGE('',*,*,#3624,.T.);
#5085=ORIENTED_EDGE('',*,*,#3625,.F.);
#5086=ORIENTED_EDGE('',*,*,#3622,.F.);
#5087=ORIENTED_EDGE('',*,*,#3556,.T.);
#5088=ORIENTED_EDGE('',*,*,#3626,.F.);
#5089=ORIENTED_EDGE('',*,*,#3624,.F.);
#5090=ORIENTED_EDGE('',*,*,#3554,.T.);
#5091=ORIENTED_EDGE('',*,*,#3625,.T.);
#5092=ORIENTED_EDGE('',*,*,#3626,.T.);
#5093=ORIENTED_EDGE('',*,*,#3555,.T.);
#5094=ORIENTED_EDGE('',*,*,#3569,.T.);
#5095=ORIENTED_EDGE('',*,*,#3585,.T.);
#5096=ORIENTED_EDGE('',*,*,#3627,.T.);
#5097=ORIENTED_EDGE('',*,*,#3628,.F.);
#5098=ORIENTED_EDGE('',*,*,#3629,.T.);
#5099=ORIENTED_EDGE('',*,*,#3630,.F.);
#5100=ORIENTED_EDGE('',*,*,#3631,.T.);
#5101=ORIENTED_EDGE('',*,*,#3632,.F.);
#5102=ORIENTED_EDGE('',*,*,#3633,.T.);
#5103=ORIENTED_EDGE('',*,*,#3634,.F.);
#5104=ORIENTED_EDGE('',*,*,#3635,.T.);
#5105=ORIENTED_EDGE('',*,*,#3588,.T.);
#5106=ORIENTED_EDGE('',*,*,#3575,.T.);
#5107=ORIENTED_EDGE('',*,*,#3563,.T.);
#5108=ORIENTED_EDGE('',*,*,#3595,.F.);
#5109=ORIENTED_EDGE('',*,*,#3636,.T.);
#5110=ORIENTED_EDGE('',*,*,#3628,.T.);
#5111=ORIENTED_EDGE('',*,*,#3637,.T.);
#5112=ORIENTED_EDGE('',*,*,#3636,.F.);
#5113=ORIENTED_EDGE('',*,*,#3602,.T.);
#5114=ORIENTED_EDGE('',*,*,#3638,.F.);
#5115=ORIENTED_EDGE('',*,*,#3629,.F.);
#5116=ORIENTED_EDGE('',*,*,#3601,.F.);
#5117=ORIENTED_EDGE('',*,*,#3639,.T.);
#5118=ORIENTED_EDGE('',*,*,#3630,.T.);
#5119=ORIENTED_EDGE('',*,*,#3638,.T.);
#5120=ORIENTED_EDGE('',*,*,#3637,.F.);
#5121=ORIENTED_EDGE('',*,*,#3627,.F.);
#5122=ORIENTED_EDGE('',*,*,#3640,.F.);
#5123=ORIENTED_EDGE('',*,*,#3596,.T.);
#5124=ORIENTED_EDGE('',*,*,#3639,.F.);
#5125=ORIENTED_EDGE('',*,*,#3600,.T.);
#5126=ORIENTED_EDGE('',*,*,#3641,.F.);
#5127=ORIENTED_EDGE('',*,*,#3631,.F.);
#5128=ORIENTED_EDGE('',*,*,#3599,.F.);
#5129=ORIENTED_EDGE('',*,*,#3642,.T.);
#5130=ORIENTED_EDGE('',*,*,#3632,.T.);
#5131=ORIENTED_EDGE('',*,*,#3641,.T.);
#5132=ORIENTED_EDGE('',*,*,#3642,.F.);
#5133=ORIENTED_EDGE('',*,*,#3598,.T.);
#5134=ORIENTED_EDGE('',*,*,#3643,.F.);
#5135=ORIENTED_EDGE('',*,*,#3633,.F.);
#5136=ORIENTED_EDGE('',*,*,#3597,.F.);
#5137=ORIENTED_EDGE('',*,*,#3640,.T.);
#5138=ORIENTED_EDGE('',*,*,#3634,.T.);
#5139=ORIENTED_EDGE('',*,*,#3643,.T.);
#5140=ORIENTED_EDGE('',*,*,#3621,.T.);
#5141=ORIENTED_EDGE('',*,*,#3614,.F.);
#5142=ORIENTED_EDGE('',*,*,#3644,.F.);
#5143=ORIENTED_EDGE('',*,*,#3616,.F.);
#5144=ORIENTED_EDGE('',*,*,#3644,.T.);
#5145=ORIENTED_EDGE('',*,*,#3613,.T.);
#5146=ORIENTED_EDGE('',*,*,#3620,.T.);
#5147=ORIENTED_EDGE('',*,*,#3617,.T.);
#5148=ORIENTED_EDGE('',*,*,#3560,.T.);
#5149=ORIENTED_EDGE('',*,*,#3566,.T.);
#5150=ORIENTED_EDGE('',*,*,#3572,.T.);
#5151=ORIENTED_EDGE('',*,*,#3610,.T.);
#5152=ORIENTED_EDGE('',*,*,#3607,.T.);
#5153=ORIENTED_EDGE('',*,*,#3609,.T.);
#5154=ORIENTED_EDGE('',*,*,#3593,.T.);
#5155=ORIENTED_EDGE('',*,*,#3635,.F.);
#5156=ORIENTED_EDGE('',*,*,#3645,.T.);
#5157=ORIENTED_EDGE('',*,*,#3646,.T.);
#5158=ORIENTED_EDGE('',*,*,#3645,.F.);
#5159=ORIENTED_EDGE('',*,*,#3646,.F.);
#5160=ORIENTED_EDGE('',*,*,#3576,.T.);
#5161=ORIENTED_EDGE('',*,*,#3647,.F.);
#5162=ORIENTED_EDGE('',*,*,#3648,.T.);
#5163=ORIENTED_EDGE('',*,*,#3649,.T.);
#5164=ORIENTED_EDGE('',*,*,#3649,.F.);
#5165=ORIENTED_EDGE('',*,*,#3650,.T.);
#5166=ORIENTED_EDGE('',*,*,#3647,.T.);
#5167=ORIENTED_EDGE('',*,*,#3650,.F.);
#5168=ORIENTED_EDGE('',*,*,#3651,.F.);
#5169=ORIENTED_EDGE('',*,*,#3648,.F.);
#5170=ORIENTED_EDGE('',*,*,#3652,.T.);
#5171=ORIENTED_EDGE('',*,*,#3651,.T.);
#5172=ORIENTED_EDGE('',*,*,#3652,.F.);
#5173=PLANE('',#5846);
#5174=PLANE('',#5847);
#5175=PLANE('',#5848);
#5176=PLANE('',#5849);
#5177=PLANE('',#5850);
#5178=PLANE('',#5851);
#5179=PLANE('',#5852);
#5180=PLANE('',#5853);
#5181=PLANE('',#5854);
#5182=PLANE('',#5855);
#5183=PLANE('',#5856);
#5184=PLANE('',#5857);
#5185=PLANE('',#5858);
#5186=PLANE('',#5859);
#5187=PLANE('',#5863);
#5188=PLANE('',#5867);
#5189=PLANE('',#5868);
#5190=PLANE('',#5872);
#5191=PLANE('',#5873);
#5192=PLANE('',#5874);
#5193=PLANE('',#5875);
#5194=PLANE('',#5876);
#5195=PLANE('',#5877);
#5196=PLANE('',#5878);
#5197=PLANE('',#5879);
#5198=PLANE('',#5880);
#5199=PLANE('',#5881);
#5200=PLANE('',#5882);
#5201=PLANE('',#5883);
#5202=PLANE('',#5884);
#5203=PLANE('',#5888);
#5204=PLANE('',#5889);
#5205=PLANE('',#5893);
#5206=PLANE('',#5894);
#5207=PLANE('',#5898);
#5208=PLANE('',#5899);
#5209=PLANE('',#5903);
#5210=PLANE('',#5907);
#5211=PLANE('',#5908);
#5212=PLANE('',#5913);
#5213=PLANE('',#5914);
#5214=PLANE('',#5916);
#5215=PLANE('',#5917);
#5216=PLANE('',#5919);
#5217=PLANE('',#5921);
#5218=PLANE('',#5923);
#5219=PLANE('',#5924);
#5220=PLANE('',#5925);
#5221=PLANE('',#5927);
#5222=PLANE('',#5929);
#5223=PLANE('',#5930);
#5224=PLANE('',#5931);
#5225=PLANE('',#5933);
#5226=PLANE('',#5935);
#5227=PLANE('',#5936);
#5228=PLANE('',#5937);
#5229=PLANE('',#5939);
#5230=PLANE('',#5942);
#5231=PLANE('',#5943);
#5232=PLANE('',#5944);
#5233=PLANE('',#5945);
#5234=PLANE('',#6004);
#5235=PLANE('',#6063);
#5236=PLANE('',#6106);
#5237=PLANE('',#6107);
#5238=PLANE('',#6108);
#5239=PLANE('',#6109);
#5240=PLANE('',#6116);
#5241=PLANE('',#6118);
#5242=PLANE('',#6123);
#5243=PLANE('',#6125);
#5244=PLANE('',#6132);
#5245=PLANE('',#6133);
#5246=PLANE('',#6142);
#5247=PLANE('',#6145);
#5248=PLANE('',#6147);
#5249=PLANE('',#6148);
#5250=PLANE('',#6150);
#5251=PLANE('',#6151);
#5252=PLANE('',#6152);
#5253=PLANE('',#6157);
#5254=PLANE('',#6158);
#5255=PLANE('',#6159);
#5256=PLANE('',#6164);
#5257=PLANE('',#6166);
#5258=PLANE('',#6168);
#5259=PLANE('',#6170);
#5260=PLANE('',#6172);
#5261=PLANE('',#6173);
#5262=PLANE('',#6177);
#5263=PLANE('',#6182);
#5264=PLANE('',#6187);
#5265=PLANE('',#6188);
#5266=PLANE('',#6193);
#5267=PLANE('',#6194);
#5268=PLANE('',#6201);
#5269=PLANE('',#6204);
#5270=PLANE('',#6207);
#5271=PLANE('',#6210);
#5272=PLANE('',#6211);
#5273=PLANE('',#6216);
#5274=PLANE('',#6221);
#5275=PLANE('',#6222);
#5276=PLANE('',#6227);
#5277=PLANE('',#6228);
#5278=PLANE('',#6243);
#5279=PLANE('',#6244);
#5280=PLANE('',#6245);
#5281=PLANE('',#6246);
#5282=PLANE('',#6252);
#5283=PLANE('',#6259);
#5284=PLANE('',#6260);
#5285=PLANE('',#6261);
#5286=PLANE('',#6262);
#5287=PLANE('',#6263);
#5288=PLANE('',#6264);
#5289=PLANE('',#6265);
#5290=PLANE('',#6266);
#5291=PLANE('',#6267);
#5292=PLANE('',#6268);
#5293=PLANE('',#6269);
#5294=PLANE('',#6270);
#5295=PLANE('',#6271);
#5296=PLANE('',#6272);
#5297=PLANE('',#6273);
#5298=PLANE('',#6274);
#5299=PLANE('',#6275);
#5300=PLANE('',#6276);
#5301=PLANE('',#6277);
#5302=PLANE('',#6278);
#5303=PLANE('',#6279);
#5304=PLANE('',#6280);
#5305=PLANE('',#6281);
#5306=PLANE('',#6282);
#5307=PLANE('',#6283);
#5308=PLANE('',#6284);
#5309=PLANE('',#6285);
#5310=PLANE('',#6286);
#5311=PLANE('',#6289);
#5312=PLANE('',#6290);
#5313=PLANE('',#6291);
#5314=PLANE('',#6292);
#5315=PLANE('',#6293);
#5316=PLANE('',#6294);
#5317=PLANE('',#6295);
#5318=PLANE('',#6296);
#5319=PLANE('',#6297);
#5320=PLANE('',#6298);
#5321=PLANE('',#6299);
#5322=PLANE('',#6300);
#5323=PLANE('',#6301);
#5324=PLANE('',#6302);
#5325=PLANE('',#6303);
#5326=PLANE('',#6304);
#5327=PLANE('',#6305);
#5328=PLANE('',#6308);
#5329=PLANE('',#6309);
#5330=PLANE('',#6310);
#5331=PLANE('',#6317);
#5332=PLANE('',#6324);
#5333=PLANE('',#6334);
#5334=PLANE('',#6338);
#5335=PLANE('',#6342);
#5336=PLANE('',#6346);
#5337=PLANE('',#6350);
#5338=PLANE('',#6351);
#5339=PLANE('',#6352);
#5340=PLANE('',#6357);
#5341=PLANE('',#6358);
#5342=PLANE('',#6359);
#5343=PLANE('',#6360);
#5344=PLANE('',#6361);
#5345=PLANE('',#6362);
#5346=PLANE('',#6363);
#5347=PLANE('',#6364);
#5348=PLANE('',#6365);
#5349=PLANE('',#6366);
#5350=PLANE('',#6373);
#5351=PLANE('',#6375);
#5352=PLANE('',#6376);
#5353=PLANE('',#6378);
#5354=PLANE('',#6380);
#5355=PLANE('',#6381);
#5356=PLANE('',#6384);
#5357=PLANE('',#6385);
#5358=PLANE('',#6388);
#5359=PLANE('',#6391);
#5360=STYLED_ITEM('',(#9727),#5490);
#5361=STYLED_ITEM('',(#9727),#5491);
#5362=STYLED_ITEM('',(#9727),#5492);
#5363=STYLED_ITEM('',(#9727),#5493);
#5364=STYLED_ITEM('',(#9727),#5494);
#5365=STYLED_ITEM('',(#9727),#5495);
#5366=STYLED_ITEM('',(#9727),#5496);
#5367=STYLED_ITEM('',(#9727),#5497);
#5368=STYLED_ITEM('',(#9727),#5498);
#5369=STYLED_ITEM('',(#9727),#5499);
#5370=STYLED_ITEM('',(#9727),#5500);
#5371=STYLED_ITEM('',(#9727),#5501);
#5372=STYLED_ITEM('',(#9727),#5502);
#5373=STYLED_ITEM('',(#9727),#5503);
#5374=STYLED_ITEM('',(#9728),#5504);
#5375=STYLED_ITEM('',(#9727),#5505);
#5376=STYLED_ITEM('',(#9728),#5506);
#5377=STYLED_ITEM('',(#9727),#5507);
#5378=STYLED_ITEM('',(#9727),#5508);
#5379=STYLED_ITEM('',(#9728),#5509);
#5380=STYLED_ITEM('',(#9727),#5510);
#5381=STYLED_ITEM('',(#9727),#5511);
#5382=STYLED_ITEM('',(#9727),#5512);
#5383=STYLED_ITEM('',(#9727),#5513);
#5384=STYLED_ITEM('',(#9728),#5514);
#5385=STYLED_ITEM('',(#9727),#5515);
#5386=STYLED_ITEM('',(#9727),#5516);
#5387=STYLED_ITEM('',(#9727),#5517);
#5388=STYLED_ITEM('',(#9727),#5518);
#5389=STYLED_ITEM('',(#9727),#5519);
#5390=STYLED_ITEM('',(#9728),#5520);
#5391=STYLED_ITEM('',(#9727),#5521);
#5392=STYLED_ITEM('',(#9728),#5522);
#5393=STYLED_ITEM('',(#9728),#5523);
#5394=STYLED_ITEM('',(#9728),#5524);
#5395=STYLED_ITEM('',(#9727),#5525);
#5396=STYLED_ITEM('',(#9728),#5526);
#5397=STYLED_ITEM('',(#9728),#5527);
#5398=STYLED_ITEM('',(#9728),#5528);
#5399=STYLED_ITEM('',(#9728),#5529);
#5400=STYLED_ITEM('',(#9728),#5530);
#5401=STYLED_ITEM('',(#9728),#5531);
#5402=STYLED_ITEM('',(#9728),#5532);
#5403=STYLED_ITEM('',(#9728),#5533);
#5404=STYLED_ITEM('',(#9727),#5534);
#5405=STYLED_ITEM('',(#9727),#5535);
#5406=STYLED_ITEM('',(#9727),#5536);
#5407=STYLED_ITEM('',(#9728),#5537);
#5408=STYLED_ITEM('',(#9727),#5538);
#5409=STYLED_ITEM('',(#9728),#5539);
#5410=STYLED_ITEM('',(#9728),#5540);
#5411=STYLED_ITEM('',(#9728),#5541);
#5412=STYLED_ITEM('',(#9728),#5542);
#5413=STYLED_ITEM('',(#9728),#5543);
#5414=STYLED_ITEM('',(#9728),#5544);
#5415=STYLED_ITEM('',(#9728),#5545);
#5416=STYLED_ITEM('',(#9728),#5546);
#5417=STYLED_ITEM('',(#9728),#5547);
#5418=STYLED_ITEM('',(#9728),#5548);
#5419=STYLED_ITEM('',(#9728),#5549);
#5420=STYLED_ITEM('',(#9728),#5550);
#5421=STYLED_ITEM('',(#9728),#5551);
#5422=STYLED_ITEM('',(#9728),#5552);
#5423=STYLED_ITEM('',(#9728),#5553);
#5424=STYLED_ITEM('',(#9728),#5554);
#5425=STYLED_ITEM('',(#9728),#5555);
#5426=STYLED_ITEM('',(#9728),#5556);
#5427=STYLED_ITEM('',(#9728),#5557);
#5428=STYLED_ITEM('',(#9729),#5558);
#5429=STYLED_ITEM('',(#9726),#89);
#5430=STYLED_ITEM('',(#9730),#90);
#5431=STYLED_ITEM('',(#9728),#5631);
#5432=STYLED_ITEM('',(#9728),#5632);
#5433=STYLED_ITEM('',(#9728),#5633);
#5434=STYLED_ITEM('',(#9728),#5634);
#5435=STYLED_ITEM('',(#9728),#5635);
#5436=STYLED_ITEM('',(#9728),#5636);
#5437=STYLED_ITEM('',(#9728),#5637);
#5438=STYLED_ITEM('',(#9731),#5638);
#5439=STYLED_ITEM('',(#9728),#5639);
#5440=STYLED_ITEM('',(#9728),#5640);
#5441=STYLED_ITEM('',(#9731),#5641);
#5442=STYLED_ITEM('',(#9731),#5642);
#5443=STYLED_ITEM('',(#9728),#5643);
#5444=STYLED_ITEM('',(#9732),#5644);
#5445=STYLED_ITEM('',(#9732),#5645);
#5446=STYLED_ITEM('',(#9728),#5646);
#5447=STYLED_ITEM('',(#9732),#5647);
#5448=STYLED_ITEM('',(#9728),#5648);
#5449=STYLED_ITEM('',(#9728),#5649);
#5450=STYLED_ITEM('',(#9728),#5650);
#5451=STYLED_ITEM('',(#9728),#5651);
#5452=STYLED_ITEM('',(#9728),#5652);
#5453=STYLED_ITEM('',(#9728),#5653);
#5454=STYLED_ITEM('',(#9728),#5654);
#5455=STYLED_ITEM('',(#9732),#5655);
#5456=STYLED_ITEM('',(#9732),#5656);
#5457=STYLED_ITEM('',(#9726),#91);
#5458=STYLED_ITEM('',(#9728),#5657);
#5459=STYLED_ITEM('',(#9728),#5658);
#5460=STYLED_ITEM('',(#9728),#5659);
#5461=STYLED_ITEM('',(#9728),#5660);
#5462=STYLED_ITEM('',(#9728),#5661);
#5463=STYLED_ITEM('',(#9728),#5662);
#5464=STYLED_ITEM('',(#9728),#5663);
#5465=STYLED_ITEM('',(#9728),#5664);
#5466=STYLED_ITEM('',(#9728),#5665);
#5467=STYLED_ITEM('',(#9728),#5666);
#5468=STYLED_ITEM('',(#9733),#5667);
#5469=STYLED_ITEM('',(#9733),#5668);
#5470=STYLED_ITEM('',(#9733),#5669);
#5471=STYLED_ITEM('',(#9733),#5670);
#5472=STYLED_ITEM('',(#9733),#5671);
#5473=STYLED_ITEM('',(#9733),#5672);
#5474=STYLED_ITEM('',(#9733),#5673);
#5475=STYLED_ITEM('',(#9733),#5674);
#5476=STYLED_ITEM('',(#9728),#5675);
#5477=STYLED_ITEM('',(#9728),#5676);
#5478=STYLED_ITEM('',(#9728),#5677);
#5479=STYLED_ITEM('',(#9728),#5678);
#5480=STYLED_ITEM('',(#9728),#5679);
#5481=STYLED_ITEM('',(#9728),#5680);
#5482=STYLED_ITEM('',(#9728),#5681);
#5483=STYLED_ITEM('',(#9728),#5682);
#5484=STYLED_ITEM('',(#9728),#5683);
#5485=STYLED_ITEM('',(#9728),#5684);
#5486=STYLED_ITEM('',(#9726),#92);
#5487=STYLED_ITEM('',(#9725),#93);
#5488=STYLED_ITEM('',(#9725),#94);
#5489=STYLED_ITEM('',(#9725),#95);
#5490=ADVANCED_FACE('',(#583),#5173,.F.);
#5491=ADVANCED_FACE('',(#584),#5174,.T.);
#5492=ADVANCED_FACE('',(#585),#5175,.F.);
#5493=ADVANCED_FACE('',(#586),#5176,.F.);
#5494=ADVANCED_FACE('',(#587),#5177,.F.);
#5495=ADVANCED_FACE('',(#588),#5178,.F.);
#5496=ADVANCED_FACE('',(#589),#5179,.F.);
#5497=ADVANCED_FACE('',(#590),#5180,.F.);
#5498=ADVANCED_FACE('',(#591),#5181,.F.);
#5499=ADVANCED_FACE('',(#592),#5182,.F.);
#5500=ADVANCED_FACE('',(#593),#5183,.F.);
#5501=ADVANCED_FACE('',(#594),#5184,.F.);
#5502=ADVANCED_FACE('',(#595),#5185,.F.);
#5503=ADVANCED_FACE('',(#596),#5186,.F.);
#5504=ADVANCED_FACE('',(#597),#470,.F.);
#5505=ADVANCED_FACE('',(#598),#5187,.F.);
#5506=ADVANCED_FACE('',(#599),#471,.F.);
#5507=ADVANCED_FACE('',(#600),#5188,.F.);
#5508=ADVANCED_FACE('',(#601),#5189,.F.);
#5509=ADVANCED_FACE('',(#602),#472,.F.);
#5510=ADVANCED_FACE('',(#603),#5190,.F.);
#5511=ADVANCED_FACE('',(#604),#5191,.F.);
#5512=ADVANCED_FACE('',(#605),#5192,.F.);
#5513=ADVANCED_FACE('',(#606),#5193,.F.);
#5514=ADVANCED_FACE('',(#607),#5194,.F.);
#5515=ADVANCED_FACE('',(#608),#5195,.F.);
#5516=ADVANCED_FACE('',(#609),#5196,.F.);
#5517=ADVANCED_FACE('',(#610),#5197,.F.);
#5518=ADVANCED_FACE('',(#611),#5198,.F.);
#5519=ADVANCED_FACE('',(#612),#5199,.F.);
#5520=ADVANCED_FACE('',(#613),#5200,.F.);
#5521=ADVANCED_FACE('',(#614),#5201,.F.);
#5522=ADVANCED_FACE('',(#615),#5202,.F.);
#5523=ADVANCED_FACE('',(#616),#5203,.F.);
#5524=ADVANCED_FACE('',(#617),#5204,.T.);
#5525=ADVANCED_FACE('',(#618),#5205,.F.);
#5526=ADVANCED_FACE('',(#619),#5206,.F.);
#5527=ADVANCED_FACE('',(#620),#5207,.F.);
#5528=ADVANCED_FACE('',(#621),#5208,.T.);
#5529=ADVANCED_FACE('',(#622),#5209,.F.);
#5530=ADVANCED_FACE('',(#623),#5210,.F.);
#5531=ADVANCED_FACE('',(#624),#5211,.T.);
#5532=ADVANCED_FACE('',(#625),#473,.T.);
#5533=ADVANCED_FACE('',(#626),#5212,.F.);
#5534=ADVANCED_FACE('',(#627,#96),#5213,.T.);
#5535=ADVANCED_FACE('',(#628),#5214,.F.);
#5536=ADVANCED_FACE('',(#629),#5215,.F.);
#5537=ADVANCED_FACE('',(#630),#474,.T.);
#5538=ADVANCED_FACE('',(#631),#5216,.F.);
#5539=ADVANCED_FACE('',(#632),#475,.T.);
#5540=ADVANCED_FACE('',(#633),#5217,.F.);
#5541=ADVANCED_FACE('',(#634),#476,.F.);
#5542=ADVANCED_FACE('',(#635),#5218,.F.);
#5543=ADVANCED_FACE('',(#636),#5219,.F.);
#5544=ADVANCED_FACE('',(#637),#5220,.F.);
#5545=ADVANCED_FACE('',(#638),#477,.T.);
#5546=ADVANCED_FACE('',(#639),#5221,.F.);
#5547=ADVANCED_FACE('',(#640),#478,.F.);
#5548=ADVANCED_FACE('',(#641),#5222,.F.);
#5549=ADVANCED_FACE('',(#642),#5223,.F.);
#5550=ADVANCED_FACE('',(#643),#5224,.F.);
#5551=ADVANCED_FACE('',(#644),#479,.T.);
#5552=ADVANCED_FACE('',(#645),#5225,.F.);
#5553=ADVANCED_FACE('',(#646),#480,.F.);
#5554=ADVANCED_FACE('',(#647),#5226,.F.);
#5555=ADVANCED_FACE('',(#648),#5227,.F.);
#5556=ADVANCED_FACE('',(#649),#5228,.F.);
#5557=ADVANCED_FACE('',(#650),#481,.T.);
#5558=ADVANCED_FACE('',(#651),#5229,.F.);
#5559=ADVANCED_FACE('',(#652),#5230,.T.);
#5560=ADVANCED_FACE('',(#653),#5231,.T.);
#5561=ADVANCED_FACE('',(#654),#5232,.T.);
#5562=ADVANCED_FACE('',(#655,#97,#98,#99,#100,#101,#102,#103,#104,#105,
#106,#107,#108,#109,#110,#111,#112,#113,#114,#115,#116,#117,#118,#119,#120,
#121,#122,#123,#124,#125,#126,#127,#128,#129,#130,#131,#132,#133,#134,#135,
#136,#137,#138,#139,#140,#141,#142,#143,#144,#145,#146,#147,#148,#149,#150,
#151,#152,#153),#5233,.F.);
#5563=ADVANCED_FACE('',(#656,#154,#155,#156,#157,#158,#159,#160,#161,#162,
#163,#164,#165,#166,#167,#168,#169,#170,#171,#172,#173,#174,#175,#176,#177,
#178,#179,#180,#181,#182,#183,#184,#185,#186,#187,#188,#189,#190,#191,#192,
#193,#194,#195,#196,#197,#198,#199,#200,#201,#202,#203,#204,#205,#206,#207,
#208,#209,#210),#5234,.T.);
#5564=ADVANCED_FACE('',(#657),#5235,.T.);
#5565=ADVANCED_FACE('',(#658),#482,.F.);
#5566=ADVANCED_FACE('',(#659),#483,.F.);
#5567=ADVANCED_FACE('',(#660),#484,.F.);
#5568=ADVANCED_FACE('',(#661),#485,.F.);
#5569=ADVANCED_FACE('',(#662),#486,.F.);
#5570=ADVANCED_FACE('',(#663),#487,.F.);
#5571=ADVANCED_FACE('',(#664),#488,.F.);
#5572=ADVANCED_FACE('',(#665),#489,.F.);
#5573=ADVANCED_FACE('',(#666),#490,.F.);
#5574=ADVANCED_FACE('',(#667),#491,.F.);
#5575=ADVANCED_FACE('',(#668),#492,.F.);
#5576=ADVANCED_FACE('',(#669),#493,.F.);
#5577=ADVANCED_FACE('',(#670),#494,.F.);
#5578=ADVANCED_FACE('',(#671),#495,.F.);
#5579=ADVANCED_FACE('',(#672),#496,.F.);
#5580=ADVANCED_FACE('',(#673),#497,.F.);
#5581=ADVANCED_FACE('',(#674),#498,.F.);
#5582=ADVANCED_FACE('',(#675),#499,.F.);
#5583=ADVANCED_FACE('',(#676),#500,.F.);
#5584=ADVANCED_FACE('',(#677),#501,.F.);
#5585=ADVANCED_FACE('',(#678),#502,.F.);
#5586=ADVANCED_FACE('',(#679),#503,.F.);
#5587=ADVANCED_FACE('',(#680),#504,.F.);
#5588=ADVANCED_FACE('',(#681),#505,.F.);
#5589=ADVANCED_FACE('',(#682),#506,.F.);
#5590=ADVANCED_FACE('',(#683),#507,.F.);
#5591=ADVANCED_FACE('',(#684),#508,.F.);
#5592=ADVANCED_FACE('',(#685),#509,.F.);
#5593=ADVANCED_FACE('',(#686),#510,.F.);
#5594=ADVANCED_FACE('',(#687),#511,.F.);
#5595=ADVANCED_FACE('',(#688),#512,.F.);
#5596=ADVANCED_FACE('',(#689),#513,.F.);
#5597=ADVANCED_FACE('',(#690),#514,.F.);
#5598=ADVANCED_FACE('',(#691),#515,.F.);
#5599=ADVANCED_FACE('',(#692),#516,.F.);
#5600=ADVANCED_FACE('',(#693),#517,.F.);
#5601=ADVANCED_FACE('',(#694),#518,.F.);
#5602=ADVANCED_FACE('',(#695),#519,.F.);
#5603=ADVANCED_FACE('',(#696),#520,.F.);
#5604=ADVANCED_FACE('',(#697),#521,.F.);
#5605=ADVANCED_FACE('',(#698),#522,.F.);
#5606=ADVANCED_FACE('',(#699),#523,.F.);
#5607=ADVANCED_FACE('',(#700),#5236,.T.);
#5608=ADVANCED_FACE('',(#701),#5237,.T.);
#5609=ADVANCED_FACE('',(#702),#5238,.T.);
#5610=ADVANCED_FACE('',(#703),#5239,.T.);
#5611=ADVANCED_FACE('',(#704),#524,.F.);
#5612=ADVANCED_FACE('',(#705),#525,.F.);
#5613=ADVANCED_FACE('',(#706),#526,.F.);
#5614=ADVANCED_FACE('',(#707),#527,.F.);
#5615=ADVANCED_FACE('',(#708),#528,.F.);
#5616=ADVANCED_FACE('',(#709),#529,.F.);
#5617=ADVANCED_FACE('',(#710),#5240,.T.);
#5618=ADVANCED_FACE('',(#711),#530,.F.);
#5619=ADVANCED_FACE('',(#712),#5241,.T.);
#5620=ADVANCED_FACE('',(#713),#531,.F.);
#5621=ADVANCED_FACE('',(#714),#532,.F.);
#5622=ADVANCED_FACE('',(#715),#533,.F.);
#5623=ADVANCED_FACE('',(#716),#534,.F.);
#5624=ADVANCED_FACE('',(#717),#5242,.T.);
#5625=ADVANCED_FACE('',(#718),#535,.F.);
#5626=ADVANCED_FACE('',(#719),#5243,.T.);
#5627=ADVANCED_FACE('',(#720),#536,.F.);
#5628=ADVANCED_FACE('',(#721),#537,.F.);
#5629=ADVANCED_FACE('',(#722),#538,.F.);
#5630=ADVANCED_FACE('',(#723),#539,.F.);
#5631=ADVANCED_FACE('',(#724),#5244,.F.);
#5632=ADVANCED_FACE('',(#725),#5245,.F.);
#5633=ADVANCED_FACE('',(#726),#540,.T.);
#5634=ADVANCED_FACE('',(#727),#541,.T.);
#5635=ADVANCED_FACE('',(#728),#5246,.T.);
#5636=ADVANCED_FACE('',(#729),#5247,.F.);
#5637=ADVANCED_FACE('',(#730),#542,.T.);
#5638=ADVANCED_FACE('',(#731),#5248,.F.);
#5639=ADVANCED_FACE('',(#732),#5249,.T.);
#5640=ADVANCED_FACE('',(#733),#543,.T.);
#5641=ADVANCED_FACE('',(#734),#5250,.T.);
#5642=ADVANCED_FACE('',(#735),#5251,.F.);
#5643=ADVANCED_FACE('',(#736),#5252,.F.);
#5644=ADVANCED_FACE('',(#737),#5253,.F.);
#5645=ADVANCED_FACE('',(#738),#5254,.F.);
#5646=ADVANCED_FACE('',(#739),#5255,.T.);
#5647=ADVANCED_FACE('',(#740),#5256,.T.);
#5648=ADVANCED_FACE('',(#741),#544,.T.);
#5649=ADVANCED_FACE('',(#742),#5257,.F.);
#5650=ADVANCED_FACE('',(#743),#545,.T.);
#5651=ADVANCED_FACE('',(#744),#5258,.T.);
#5652=ADVANCED_FACE('',(#745),#546,.T.);
#5653=ADVANCED_FACE('',(#746),#5259,.T.);
#5654=ADVANCED_FACE('',(#747),#547,.T.);
#5655=ADVANCED_FACE('',(#748),#5260,.T.);
#5656=ADVANCED_FACE('',(#749),#5261,.T.);
#5657=ADVANCED_FACE('',(#750),#5262,.F.);
#5658=ADVANCED_FACE('',(#751),#5263,.F.);
#5659=ADVANCED_FACE('',(#752),#548,.T.);
#5660=ADVANCED_FACE('',(#753),#549,.T.);
#5661=ADVANCED_FACE('',(#754),#5264,.F.);
#5662=ADVANCED_FACE('',(#755),#5265,.T.);
#5663=ADVANCED_FACE('',(#756),#550,.T.);
#5664=ADVANCED_FACE('',(#757),#551,.T.);
#5665=ADVANCED_FACE('',(#758),#5266,.T.);
#5666=ADVANCED_FACE('',(#759,#211),#5267,.T.);
#5667=ADVANCED_FACE('',(#760),#552,.T.);
#5668=ADVANCED_FACE('',(#761),#5268,.F.);
#5669=ADVANCED_FACE('',(#762),#553,.T.);
#5670=ADVANCED_FACE('',(#763),#5269,.T.);
#5671=ADVANCED_FACE('',(#764),#554,.T.);
#5672=ADVANCED_FACE('',(#765),#5270,.T.);
#5673=ADVANCED_FACE('',(#766),#555,.T.);
#5674=ADVANCED_FACE('',(#767),#5271,.F.);
#5675=ADVANCED_FACE('',(#768,#212),#5272,.F.);
#5676=ADVANCED_FACE('',(#769),#5273,.F.);
#5677=ADVANCED_FACE('',(#770),#556,.T.);
#5678=ADVANCED_FACE('',(#771),#557,.T.);
#5679=ADVANCED_FACE('',(#772),#5274,.F.);
#5680=ADVANCED_FACE('',(#773),#5275,.T.);
#5681=ADVANCED_FACE('',(#774),#558,.T.);
#5682=ADVANCED_FACE('',(#775),#559,.T.);
#5683=ADVANCED_FACE('',(#776),#5276,.T.);
#5684=ADVANCED_FACE('',(#777),#5277,.T.);
#5685=ADVANCED_FACE('',(#778),#5278,.T.);
#5686=ADVANCED_FACE('',(#779),#5279,.T.);
#5687=ADVANCED_FACE('',(#780),#5280,.F.);
#5688=ADVANCED_FACE('',(#781,#213),#5281,.T.);
#5689=ADVANCED_FACE('',(#782),#560,.F.);
#5690=ADVANCED_FACE('',(#783),#5282,.F.);
#5691=ADVANCED_FACE('',(#784),#561,.F.);
#5692=ADVANCED_FACE('',(#785),#562,.F.);
#5693=ADVANCED_FACE('',(#786),#5283,.F.);
#5694=ADVANCED_FACE('',(#787),#5284,.F.);
#5695=ADVANCED_FACE('',(#788),#5285,.F.);
#5696=ADVANCED_FACE('',(#789),#5286,.F.);
#5697=ADVANCED_FACE('',(#790),#5287,.F.);
#5698=ADVANCED_FACE('',(#791),#5288,.F.);
#5699=ADVANCED_FACE('',(#792),#5289,.F.);
#5700=ADVANCED_FACE('',(#793,#214),#5290,.T.);
#5701=ADVANCED_FACE('',(#794,#215),#5291,.F.);
#5702=ADVANCED_FACE('',(#795,#216),#5292,.F.);
#5703=ADVANCED_FACE('',(#796),#5293,.T.);
#5704=ADVANCED_FACE('',(#797),#5294,.T.);
#5705=ADVANCED_FACE('',(#798),#5295,.T.);
#5706=ADVANCED_FACE('',(#799),#5296,.T.);
#5707=ADVANCED_FACE('',(#800,#217,#218),#5297,.T.);
#5708=ADVANCED_FACE('',(#801,#219),#5298,.T.);
#5709=ADVANCED_FACE('',(#802),#5299,.F.);
#5710=ADVANCED_FACE('',(#803),#5300,.F.);
#5711=ADVANCED_FACE('',(#804),#5301,.T.);
#5712=ADVANCED_FACE('',(#805),#5302,.F.);
#5713=ADVANCED_FACE('',(#806,#220),#5303,.F.);
#5714=ADVANCED_FACE('',(#807),#5304,.T.);
#5715=ADVANCED_FACE('',(#808),#5305,.T.);
#5716=ADVANCED_FACE('',(#809),#5306,.T.);
#5717=ADVANCED_FACE('',(#810),#5307,.T.);
#5718=ADVANCED_FACE('',(#811),#5308,.T.);
#5719=ADVANCED_FACE('',(#812),#5309,.F.);
#5720=ADVANCED_FACE('',(#813,#221,#222),#5310,.F.);
#5721=ADVANCED_FACE('',(#814),#5311,.F.);
#5722=ADVANCED_FACE('',(#815),#5312,.F.);
#5723=ADVANCED_FACE('',(#816),#5313,.T.);
#5724=ADVANCED_FACE('',(#817),#5314,.T.);
#5725=ADVANCED_FACE('',(#818),#5315,.F.);
#5726=ADVANCED_FACE('',(#819),#5316,.F.);
#5727=ADVANCED_FACE('',(#820),#5317,.T.);
#5728=ADVANCED_FACE('',(#821),#5318,.T.);
#5729=ADVANCED_FACE('',(#822),#5319,.T.);
#5730=ADVANCED_FACE('',(#823),#5320,.T.);
#5731=ADVANCED_FACE('',(#824),#5321,.T.);
#5732=ADVANCED_FACE('',(#825),#5322,.T.);
#5733=ADVANCED_FACE('',(#826),#5323,.T.);
#5734=ADVANCED_FACE('',(#827),#5324,.T.);
#5735=ADVANCED_FACE('',(#828),#5325,.F.);
#5736=ADVANCED_FACE('',(#829),#5326,.F.);
#5737=ADVANCED_FACE('',(#830),#5327,.F.);
#5738=ADVANCED_FACE('',(#831),#563,.F.);
#5739=ADVANCED_FACE('',(#832),#564,.F.);
#5740=ADVANCED_FACE('',(#833),#5328,.F.);
#5741=ADVANCED_FACE('',(#834),#5329,.F.);
#5742=ADVANCED_FACE('',(#835,#223),#5330,.F.);
#5743=ADVANCED_FACE('',(#836),#565,.F.);
#5744=ADVANCED_FACE('',(#837),#566,.F.);
#5745=ADVANCED_FACE('',(#838,#224),#5331,.F.);
#5746=ADVANCED_FACE('',(#839),#567,.F.);
#5747=ADVANCED_FACE('',(#840),#568,.F.);
#5748=ADVANCED_FACE('',(#841,#225),#5332,.F.);
#5749=ADVANCED_FACE('',(#842),#569,.F.);
#5750=ADVANCED_FACE('',(#843),#570,.F.);
#5751=ADVANCED_FACE('',(#844),#571,.F.);
#5752=ADVANCED_FACE('',(#845),#5333,.F.);
#5753=ADVANCED_FACE('',(#846),#572,.F.);
#5754=ADVANCED_FACE('',(#847),#5334,.F.);
#5755=ADVANCED_FACE('',(#848),#573,.F.);
#5756=ADVANCED_FACE('',(#849),#5335,.F.);
#5757=ADVANCED_FACE('',(#850),#574,.T.);
#5758=ADVANCED_FACE('',(#851,#226),#5336,.T.);
#5759=ADVANCED_FACE('',(#852),#575,.T.);
#5760=ADVANCED_FACE('',(#853,#227),#5337,.T.);
#5761=ADVANCED_FACE('',(#854),#5338,.F.);
#5762=ADVANCED_FACE('',(#855,#228),#5339,.F.);
#5763=ADVANCED_FACE('',(#856),#5340,.F.);
#5764=ADVANCED_FACE('',(#857),#5341,.F.);
#5765=ADVANCED_FACE('',(#858),#5342,.F.);
#5766=ADVANCED_FACE('',(#859),#5343,.F.);
#5767=ADVANCED_FACE('',(#860),#5344,.F.);
#5768=ADVANCED_FACE('',(#861),#5345,.F.);
#5769=ADVANCED_FACE('',(#862,#229),#5346,.T.);
#5770=ADVANCED_FACE('',(#863),#5347,.F.);
#5771=ADVANCED_FACE('',(#864),#5348,.F.);
#5772=ADVANCED_FACE('',(#865,#230,#231,#232,#233,#234,#235,#236),#5349,
 .F.);
#5773=ADVANCED_FACE('',(#866),#576,.F.);
#5774=ADVANCED_FACE('',(#867),#5350,.F.);
#5775=ADVANCED_FACE('',(#868),#577,.F.);
#5776=ADVANCED_FACE('',(#869),#5351,.F.);
#5777=ADVANCED_FACE('',(#870),#5352,.F.);
#5778=ADVANCED_FACE('',(#871),#578,.F.);
#5779=ADVANCED_FACE('',(#872),#5353,.F.);
#5780=ADVANCED_FACE('',(#873),#579,.F.);
#5781=ADVANCED_FACE('',(#874),#5354,.F.);
#5782=ADVANCED_FACE('',(#875,#237,#238,#239,#240),#5355,.T.);
#5783=ADVANCED_FACE('',(#876),#580,.T.);
#5784=ADVANCED_FACE('',(#877,#241),#5356,.F.);
#5785=ADVANCED_FACE('',(#878,#242),#5357,.F.);
#5786=ADVANCED_FACE('',(#879),#5358,.T.);
#5787=ADVANCED_FACE('',(#880),#581,.T.);
#5788=ADVANCED_FACE('',(#881),#5359,.T.);
#5789=ADVANCED_FACE('',(#882),#582,.T.);
#5790=CLOSED_SHELL('',(#5490,#5491,#5492,#5493,#5494,#5495,#5496,#5497,
#5498,#5499,#5500,#5501,#5502,#5503,#5504,#5505,#5506,#5507,#5508,#5509,
#5510,#5511,#5512,#5513,#5514,#5515,#5516,#5517,#5518,#5519,#5520,#5521,
#5522,#5523,#5524,#5525,#5526,#5527,#5528,#5529,#5530,#5531,#5532,#5533,
#5534,#5535,#5536,#5537,#5538,#5539,#5540,#5541,#5542,#5543,#5544,#5545,
#5546,#5547,#5548,#5549,#5550,#5551,#5552,#5553,#5554,#5555,#5556,#5557,
#5558));
#5791=CLOSED_SHELL('',(#5559,#5560,#5561,#5562,#5563,#5564,#5565,#5566,
#5567,#5568,#5569,#5570,#5571,#5572,#5573,#5574,#5575,#5576,#5577,#5578,
#5579,#5580,#5581,#5582,#5583,#5584,#5585,#5586,#5587,#5588,#5589,#5590,
#5591,#5592,#5593,#5594,#5595,#5596,#5597,#5598,#5599,#5600,#5601,#5602,
#5603,#5604,#5605,#5606,#5607,#5608,#5609,#5610,#5611,#5612,#5613,#5614,
#5615,#5616,#5617,#5618,#5619,#5620,#5621,#5622,#5623,#5624,#5625,#5626,
#5627,#5628,#5629,#5630));
#5792=CLOSED_SHELL('',(#5631,#5632,#5633,#5634,#5635,#5636,#5637,#5638,
#5639,#5640,#5641,#5642,#5643,#5644,#5645,#5646,#5647,#5648,#5649,#5650,
#5651,#5652,#5653,#5654,#5655,#5656));
#5793=CLOSED_SHELL('',(#5657,#5658,#5659,#5660,#5661,#5662,#5663,#5664,
#5665,#5666,#5667,#5668,#5669,#5670,#5671,#5672,#5673,#5674,#5675,#5676,
#5677,#5678,#5679,#5680,#5681,#5682,#5683,#5684));
#5794=CLOSED_SHELL('',(#5685,#5686,#5687,#5688,#5689,#5690,#5691,#5692,
#5693,#5694,#5695,#5696,#5697,#5698,#5699,#5700,#5701,#5702,#5703,#5704,
#5705,#5706,#5707,#5708,#5709,#5710,#5711,#5712,#5713,#5714,#5715,#5716,
#5717,#5718,#5719,#5720,#5721,#5722,#5723,#5724,#5725,#5726,#5727,#5728,
#5729,#5730,#5731,#5732,#5733,#5734,#5735,#5736,#5737,#5738,#5739));
#5795=CLOSED_SHELL('',(#5740,#5741,#5742,#5743,#5744,#5745,#5746,#5747,
#5748,#5749,#5750,#5751,#5752,#5753,#5754,#5755,#5756,#5757,#5758,#5759,
#5760,#5761,#5762,#5763,#5764,#5765,#5766,#5767,#5768,#5769,#5770,#5771,
#5772,#5773,#5774,#5775,#5776,#5777,#5778,#5779,#5780,#5781,#5782,#5783,
#5784));
#5796=CLOSED_SHELL('',(#5785,#5786,#5787,#5788,#5789));
#5797=DERIVED_UNIT_ELEMENT(#5805,1.);
#5798=DERIVED_UNIT_ELEMENT(#9638,-3.);
#5799=DERIVED_UNIT_ELEMENT(#5805,1.);
#5800=DERIVED_UNIT_ELEMENT(#9638,-3.);
#5801=DERIVED_UNIT_ELEMENT(#5805,1.);
#5802=DERIVED_UNIT_ELEMENT(#9638,-3.);
#5803=DERIVED_UNIT_ELEMENT(#5805,1.);
#5804=DERIVED_UNIT_ELEMENT(#9638,-3.);
#5805=(
MASS_UNIT()
NAMED_UNIT(*)
SI_UNIT(.KILO.,.GRAM.)
);
#5806=DERIVED_UNIT((#5797,#5798));
#5807=DERIVED_UNIT((#5799,#5800));
#5808=DERIVED_UNIT((#5801,#5802));
#5809=DERIVED_UNIT((#5803,#5804));
#5810=MEASURE_REPRESENTATION_ITEM('density measure',
POSITIVE_RATIO_MEASURE(7850.),#5806);
#5811=MEASURE_REPRESENTATION_ITEM('density measure',
POSITIVE_RATIO_MEASURE(7850.),#5807);
#5812=MEASURE_REPRESENTATION_ITEM('density measure',
POSITIVE_RATIO_MEASURE(7850.),#5808);
#5813=MEASURE_REPRESENTATION_ITEM('density measure',
POSITIVE_RATIO_MEASURE(7850.),#5809);
#5814=PROPERTY_DEFINITION_REPRESENTATION(#5834,#5822);
#5815=PROPERTY_DEFINITION_REPRESENTATION(#5835,#5823);
#5816=PROPERTY_DEFINITION_REPRESENTATION(#5836,#5824);
#5817=PROPERTY_DEFINITION_REPRESENTATION(#5837,#5825);
#5818=PROPERTY_DEFINITION_REPRESENTATION(#5838,#5826);
#5819=PROPERTY_DEFINITION_REPRESENTATION(#5839,#5827);
#5820=PROPERTY_DEFINITION_REPRESENTATION(#5840,#5828);
#5821=PROPERTY_DEFINITION_REPRESENTATION(#5841,#5829);
#5822=REPRESENTATION('material name',(#5830),#9630);
#5823=REPRESENTATION('density',(#5810),#9630);
#5824=REPRESENTATION('material name',(#5831),#9631);
#5825=REPRESENTATION('density',(#5811),#9631);
#5826=REPRESENTATION('material name',(#5832),#9633);
#5827=REPRESENTATION('density',(#5812),#9633);
#5828=REPRESENTATION('material name',(#5833),#9635);
#5829=REPRESENTATION('density',(#5813),#9635);
#5830=DESCRIPTIVE_REPRESENTATION_ITEM('Steel','Steel');
#5831=DESCRIPTIVE_REPRESENTATION_ITEM('Steel','Steel');
#5832=DESCRIPTIVE_REPRESENTATION_ITEM('Steel','Steel');
#5833=DESCRIPTIVE_REPRESENTATION_ITEM('Steel','Steel');
#5834=PROPERTY_DEFINITION('material property','material name',#9689);
#5835=PROPERTY_DEFINITION('material property','density of part',#9689);
#5836=PROPERTY_DEFINITION('material property','material name',#9690);
#5837=PROPERTY_DEFINITION('material property','density of part',#9690);
#5838=PROPERTY_DEFINITION('material property','material name',#9692);
#5839=PROPERTY_DEFINITION('material property','density of part',#9692);
#5840=PROPERTY_DEFINITION('material property','material name',#9694);
#5841=PROPERTY_DEFINITION('material property','density of part',#9694);
#5842=AXIS2_PLACEMENT_3D('',#8034,#6395,#6396);
#5843=AXIS2_PLACEMENT_3D('',#8035,#6397,#6398);
#5844=AXIS2_PLACEMENT_3D('',#8036,#6399,#6400);
#5845=AXIS2_PLACEMENT_3D('',#8037,#6401,#6402);
#5846=AXIS2_PLACEMENT_3D('',#8038,#6403,#6404);
#5847=AXIS2_PLACEMENT_3D('',#8047,#6409,#6410);
#5848=AXIS2_PLACEMENT_3D('',#8061,#6418,#6419);
#5849=AXIS2_PLACEMENT_3D('',#8065,#6422,#6423);
#5850=AXIS2_PLACEMENT_3D('',#8071,#6427,#6428);
#5851=AXIS2_PLACEMENT_3D('',#8075,#6431,#6432);
#5852=AXIS2_PLACEMENT_3D('',#8087,#6439,#6440);
#5853=AXIS2_PLACEMENT_3D('',#8095,#6445,#6446);
#5854=AXIS2_PLACEMENT_3D('',#8099,#6449,#6450);
#5855=AXIS2_PLACEMENT_3D('',#8103,#6453,#6454);
#5856=AXIS2_PLACEMENT_3D('',#8105,#6456,#6457);
#5857=AXIS2_PLACEMENT_3D('',#8109,#6460,#6461);
#5858=AXIS2_PLACEMENT_3D('',#8129,#6472,#6473);
#5859=AXIS2_PLACEMENT_3D('',#8131,#6475,#6476);
#5860=AXIS2_PLACEMENT_3D('',#8137,#6480,#6481);
#5861=AXIS2_PLACEMENT_3D('',#8139,#6482,#6483);
#5862=AXIS2_PLACEMENT_3D('',#8142,#6485,#6486);
#5863=AXIS2_PLACEMENT_3D('',#8143,#6487,#6488);
#5864=AXIS2_PLACEMENT_3D('',#8149,#6492,#6493);
#5865=AXIS2_PLACEMENT_3D('',#8151,#6494,#6495);
#5866=AXIS2_PLACEMENT_3D('',#8154,#6497,#6498);
#5867=AXIS2_PLACEMENT_3D('',#8155,#6499,#6500);
#5868=AXIS2_PLACEMENT_3D('',#8157,#6502,#6503);
#5869=AXIS2_PLACEMENT_3D('',#8159,#6505,#6506);
#5870=AXIS2_PLACEMENT_3D('',#8161,#6507,#6508);
#5871=AXIS2_PLACEMENT_3D('',#8164,#6510,#6511);
#5872=AXIS2_PLACEMENT_3D('',#8165,#6512,#6513);
#5873=AXIS2_PLACEMENT_3D('',#8171,#6517,#6518);
#5874=AXIS2_PLACEMENT_3D('',#8175,#6521,#6522);
#5875=AXIS2_PLACEMENT_3D('',#8179,#6525,#6526);
#5876=AXIS2_PLACEMENT_3D('',#8181,#6528,#6529);
#5877=AXIS2_PLACEMENT_3D('',#8186,#6533,#6534);
#5878=AXIS2_PLACEMENT_3D('',#8198,#6541,#6542);
#5879=AXIS2_PLACEMENT_3D('',#8202,#6545,#6546);
#5880=AXIS2_PLACEMENT_3D('',#8206,#6549,#6550);
#5881=AXIS2_PLACEMENT_3D('',#8210,#6553,#6554);
#5882=AXIS2_PLACEMENT_3D('',#8218,#6559,#6560);
#5883=AXIS2_PLACEMENT_3D('',#8221,#6563,#6564);
#5884=AXIS2_PLACEMENT_3D('',#8228,#6569,#6570);
#5885=AXIS2_PLACEMENT_3D('',#8230,#6571,#6572);
#5886=AXIS2_PLACEMENT_3D('',#8234,#6574,#6575);
#5887=AXIS2_PLACEMENT_3D('',#8242,#6579,#6580);
#5888=AXIS2_PLACEMENT_3D('',#8244,#6582,#6583);
#5889=AXIS2_PLACEMENT_3D('',#8248,#6586,#6587);
#5890=AXIS2_PLACEMENT_3D('',#8250,#6588,#6589);
#5891=AXIS2_PLACEMENT_3D('',#8258,#6593,#6594);
#5892=AXIS2_PLACEMENT_3D('',#8261,#6596,#6597);
#5893=AXIS2_PLACEMENT_3D('',#8262,#6598,#6599);
#5894=AXIS2_PLACEMENT_3D('',#8264,#6601,#6602);
#5895=AXIS2_PLACEMENT_3D('',#8266,#6603,#6604);
#5896=AXIS2_PLACEMENT_3D('',#8270,#6606,#6607);
#5897=AXIS2_PLACEMENT_3D('',#8278,#6611,#6612);
#5898=AXIS2_PLACEMENT_3D('',#8280,#6614,#6615);
#5899=AXIS2_PLACEMENT_3D('',#8284,#6618,#6619);
#5900=AXIS2_PLACEMENT_3D('',#8286,#6620,#6621);
#5901=AXIS2_PLACEMENT_3D('',#8294,#6625,#6626);
#5902=AXIS2_PLACEMENT_3D('',#8297,#6628,#6629);
#5903=AXIS2_PLACEMENT_3D('',#8298,#6630,#6631);
#5904=AXIS2_PLACEMENT_3D('',#8300,#6632,#6633);
#5905=AXIS2_PLACEMENT_3D('',#8304,#6635,#6636);
#5906=AXIS2_PLACEMENT_3D('',#8312,#6640,#6641);
#5907=AXIS2_PLACEMENT_3D('',#8314,#6643,#6644);
#5908=AXIS2_PLACEMENT_3D('',#8318,#6647,#6648);
#5909=AXIS2_PLACEMENT_3D('',#8320,#6649,#6650);
#5910=AXIS2_PLACEMENT_3D('',#8328,#6654,#6655);
#5911=AXIS2_PLACEMENT_3D('',#8331,#6657,#6658);
#5912=AXIS2_PLACEMENT_3D('',#8332,#6659,#6660);
#5913=AXIS2_PLACEMENT_3D('',#8334,#6662,#6663);
#5914=AXIS2_PLACEMENT_3D('',#8336,#6665,#6666);
#5915=AXIS2_PLACEMENT_3D('',#8343,#6670,#6671);
#5916=AXIS2_PLACEMENT_3D('',#8344,#6672,#6673);
#5917=AXIS2_PLACEMENT_3D('',#8346,#6675,#6676);
#5918=AXIS2_PLACEMENT_3D('',#8348,#6678,#6679);
#5919=AXIS2_PLACEMENT_3D('',#8350,#6681,#6682);
#5920=AXIS2_PLACEMENT_3D('',#8351,#6683,#6684);
#5921=AXIS2_PLACEMENT_3D('',#8353,#6686,#6687);
#5922=AXIS2_PLACEMENT_3D('',#8355,#6689,#6690);
#5923=AXIS2_PLACEMENT_3D('',#8357,#6692,#6693);
#5924=AXIS2_PLACEMENT_3D('',#8359,#6695,#6696);
#5925=AXIS2_PLACEMENT_3D('',#8361,#6698,#6699);
#5926=AXIS2_PLACEMENT_3D('',#8363,#6701,#6702);
#5927=AXIS2_PLACEMENT_3D('',#8364,#6703,#6704);
#5928=AXIS2_PLACEMENT_3D('',#8366,#6706,#6707);
#5929=AXIS2_PLACEMENT_3D('',#8368,#6709,#6710);
#5930=AXIS2_PLACEMENT_3D('',#8370,#6712,#6713);
#5931=AXIS2_PLACEMENT_3D('',#8372,#6715,#6716);
#5932=AXIS2_PLACEMENT_3D('',#8374,#6718,#6719);
#5933=AXIS2_PLACEMENT_3D('',#8375,#6720,#6721);
#5934=AXIS2_PLACEMENT_3D('',#8377,#6723,#6724);
#5935=AXIS2_PLACEMENT_3D('',#8379,#6726,#6727);
#5936=AXIS2_PLACEMENT_3D('',#8381,#6729,#6730);
#5937=AXIS2_PLACEMENT_3D('',#8383,#6732,#6733);
#5938=AXIS2_PLACEMENT_3D('',#8385,#6735,#6736);
#5939=AXIS2_PLACEMENT_3D('',#8386,#6737,#6738);
#5940=AXIS2_PLACEMENT_3D('',#8387,#6739,#6740);
#5941=AXIS2_PLACEMENT_3D('',#8388,#6741,#6742);
#5942=AXIS2_PLACEMENT_3D('',#8389,#6743,#6744);
#5943=AXIS2_PLACEMENT_3D('',#8398,#6749,#6750);
#5944=AXIS2_PLACEMENT_3D('',#8404,#6754,#6755);
#5945=AXIS2_PLACEMENT_3D('',#8410,#6759,#6760);
#5946=AXIS2_PLACEMENT_3D('',#8413,#6762,#6763);
#5947=AXIS2_PLACEMENT_3D('',#8415,#6764,#6765);
#5948=AXIS2_PLACEMENT_3D('',#8417,#6766,#6767);
#5949=AXIS2_PLACEMENT_3D('',#8419,#6768,#6769);
#5950=AXIS2_PLACEMENT_3D('',#8421,#6770,#6771);
#5951=AXIS2_PLACEMENT_3D('',#8423,#6772,#6773);
#5952=AXIS2_PLACEMENT_3D('',#8425,#6774,#6775);
#5953=AXIS2_PLACEMENT_3D('',#8427,#6776,#6777);
#5954=AXIS2_PLACEMENT_3D('',#8429,#6778,#6779);
#5955=AXIS2_PLACEMENT_3D('',#8431,#6780,#6781);
#5956=AXIS2_PLACEMENT_3D('',#8433,#6782,#6783);
#5957=AXIS2_PLACEMENT_3D('',#8435,#6784,#6785);
#5958=AXIS2_PLACEMENT_3D('',#8437,#6786,#6787);
#5959=AXIS2_PLACEMENT_3D('',#8439,#6788,#6789);
#5960=AXIS2_PLACEMENT_3D('',#8441,#6790,#6791);
#5961=AXIS2_PLACEMENT_3D('',#8443,#6792,#6793);
#5962=AXIS2_PLACEMENT_3D('',#8445,#6794,#6795);
#5963=AXIS2_PLACEMENT_3D('',#8447,#6796,#6797);
#5964=AXIS2_PLACEMENT_3D('',#8449,#6798,#6799);
#5965=AXIS2_PLACEMENT_3D('',#8451,#6800,#6801);
#5966=AXIS2_PLACEMENT_3D('',#8453,#6802,#6803);
#5967=AXIS2_PLACEMENT_3D('',#8455,#6804,#6805);
#5968=AXIS2_PLACEMENT_3D('',#8457,#6806,#6807);
#5969=AXIS2_PLACEMENT_3D('',#8459,#6808,#6809);
#5970=AXIS2_PLACEMENT_3D('',#8461,#6810,#6811);
#5971=AXIS2_PLACEMENT_3D('',#8463,#6812,#6813);
#5972=AXIS2_PLACEMENT_3D('',#8465,#6814,#6815);
#5973=AXIS2_PLACEMENT_3D('',#8467,#6816,#6817);
#5974=AXIS2_PLACEMENT_3D('',#8469,#6818,#6819);
#5975=AXIS2_PLACEMENT_3D('',#8471,#6820,#6821);
#5976=AXIS2_PLACEMENT_3D('',#8473,#6822,#6823);
#5977=AXIS2_PLACEMENT_3D('',#8475,#6824,#6825);
#5978=AXIS2_PLACEMENT_3D('',#8477,#6826,#6827);
#5979=AXIS2_PLACEMENT_3D('',#8479,#6828,#6829);
#5980=AXIS2_PLACEMENT_3D('',#8481,#6830,#6831);
#5981=AXIS2_PLACEMENT_3D('',#8483,#6832,#6833);
#5982=AXIS2_PLACEMENT_3D('',#8485,#6834,#6835);
#5983=AXIS2_PLACEMENT_3D('',#8487,#6836,#6837);
#5984=AXIS2_PLACEMENT_3D('',#8489,#6838,#6839);
#5985=AXIS2_PLACEMENT_3D('',#8491,#6840,#6841);
#5986=AXIS2_PLACEMENT_3D('',#8493,#6842,#6843);
#5987=AXIS2_PLACEMENT_3D('',#8495,#6844,#6845);
#5988=AXIS2_PLACEMENT_3D('',#8505,#6850,#6851);
#5989=AXIS2_PLACEMENT_3D('',#8507,#6852,#6853);
#5990=AXIS2_PLACEMENT_3D('',#8509,#6854,#6855);
#5991=AXIS2_PLACEMENT_3D('',#8511,#6856,#6857);
#5992=AXIS2_PLACEMENT_3D('',#8513,#6858,#6859);
#5993=AXIS2_PLACEMENT_3D('',#8516,#6860,#6861);
#5994=AXIS2_PLACEMENT_3D('',#8520,#6863,#6864);
#5995=AXIS2_PLACEMENT_3D('',#8523,#6866,#6867);
#5996=AXIS2_PLACEMENT_3D('',#8525,#6868,#6869);
#5997=AXIS2_PLACEMENT_3D('',#8527,#6870,#6871);
#5998=AXIS2_PLACEMENT_3D('',#8530,#6872,#6873);
#5999=AXIS2_PLACEMENT_3D('',#8534,#6875,#6876);
#6000=AXIS2_PLACEMENT_3D('',#8537,#6878,#6879);
#6001=AXIS2_PLACEMENT_3D('',#8539,#6880,#6881);
#6002=AXIS2_PLACEMENT_3D('',#8541,#6882,#6883);
#6003=AXIS2_PLACEMENT_3D('',#8543,#6884,#6885);
#6004=AXIS2_PLACEMENT_3D('',#8544,#6886,#6887);
#6005=AXIS2_PLACEMENT_3D('',#8547,#6889,#6890);
#6006=AXIS2_PLACEMENT_3D('',#8549,#6891,#6892);
#6007=AXIS2_PLACEMENT_3D('',#8551,#6893,#6894);
#6008=AXIS2_PLACEMENT_3D('',#8553,#6895,#6896);
#6009=AXIS2_PLACEMENT_3D('',#8555,#6897,#6898);
#6010=AXIS2_PLACEMENT_3D('',#8557,#6899,#6900);
#6011=AXIS2_PLACEMENT_3D('',#8559,#6901,#6902);
#6012=AXIS2_PLACEMENT_3D('',#8561,#6903,#6904);
#6013=AXIS2_PLACEMENT_3D('',#8563,#6905,#6906);
#6014=AXIS2_PLACEMENT_3D('',#8565,#6907,#6908);
#6015=AXIS2_PLACEMENT_3D('',#8567,#6909,#6910);
#6016=AXIS2_PLACEMENT_3D('',#8569,#6911,#6912);
#6017=AXIS2_PLACEMENT_3D('',#8571,#6913,#6914);
#6018=AXIS2_PLACEMENT_3D('',#8573,#6915,#6916);
#6019=AXIS2_PLACEMENT_3D('',#8575,#6917,#6918);
#6020=AXIS2_PLACEMENT_3D('',#8577,#6919,#6920);
#6021=AXIS2_PLACEMENT_3D('',#8579,#6921,#6922);
#6022=AXIS2_PLACEMENT_3D('',#8581,#6923,#6924);
#6023=AXIS2_PLACEMENT_3D('',#8583,#6925,#6926);
#6024=AXIS2_PLACEMENT_3D('',#8585,#6927,#6928);
#6025=AXIS2_PLACEMENT_3D('',#8587,#6929,#6930);
#6026=AXIS2_PLACEMENT_3D('',#8589,#6931,#6932);
#6027=AXIS2_PLACEMENT_3D('',#8591,#6933,#6934);
#6028=AXIS2_PLACEMENT_3D('',#8593,#6935,#6936);
#6029=AXIS2_PLACEMENT_3D('',#8595,#6937,#6938);
#6030=AXIS2_PLACEMENT_3D('',#8597,#6939,#6940);
#6031=AXIS2_PLACEMENT_3D('',#8599,#6941,#6942);
#6032=AXIS2_PLACEMENT_3D('',#8601,#6943,#6944);
#6033=AXIS2_PLACEMENT_3D('',#8603,#6945,#6946);
#6034=AXIS2_PLACEMENT_3D('',#8605,#6947,#6948);
#6035=AXIS2_PLACEMENT_3D('',#8607,#6949,#6950);
#6036=AXIS2_PLACEMENT_3D('',#8609,#6951,#6952);
#6037=AXIS2_PLACEMENT_3D('',#8611,#6953,#6954);
#6038=AXIS2_PLACEMENT_3D('',#8613,#6955,#6956);
#6039=AXIS2_PLACEMENT_3D('',#8615,#6957,#6958);
#6040=AXIS2_PLACEMENT_3D('',#8617,#6959,#6960);
#6041=AXIS2_PLACEMENT_3D('',#8619,#6961,#6962);
#6042=AXIS2_PLACEMENT_3D('',#8621,#6963,#6964);
#6043=AXIS2_PLACEMENT_3D('',#8623,#6965,#6966);
#6044=AXIS2_PLACEMENT_3D('',#8625,#6967,#6968);
#6045=AXIS2_PLACEMENT_3D('',#8627,#6969,#6970);
#6046=AXIS2_PLACEMENT_3D('',#8629,#6971,#6972);
#6047=AXIS2_PLACEMENT_3D('',#8639,#6977,#6978);
#6048=AXIS2_PLACEMENT_3D('',#8641,#6979,#6980);
#6049=AXIS2_PLACEMENT_3D('',#8643,#6981,#6982);
#6050=AXIS2_PLACEMENT_3D('',#8645,#6983,#6984);
#6051=AXIS2_PLACEMENT_3D('',#8647,#6985,#6986);
#6052=AXIS2_PLACEMENT_3D('',#8650,#6987,#6988);
#6053=AXIS2_PLACEMENT_3D('',#8654,#6990,#6991);
#6054=AXIS2_PLACEMENT_3D('',#8657,#6993,#6994);
#6055=AXIS2_PLACEMENT_3D('',#8659,#6995,#6996);
#6056=AXIS2_PLACEMENT_3D('',#8661,#6997,#6998);
#6057=AXIS2_PLACEMENT_3D('',#8664,#6999,#7000);
#6058=AXIS2_PLACEMENT_3D('',#8668,#7002,#7003);
#6059=AXIS2_PLACEMENT_3D('',#8671,#7005,#7006);
#6060=AXIS2_PLACEMENT_3D('',#8673,#7007,#7008);
#6061=AXIS2_PLACEMENT_3D('',#8675,#7009,#7010);
#6062=AXIS2_PLACEMENT_3D('',#8677,#7011,#7012);
#6063=AXIS2_PLACEMENT_3D('',#8678,#7013,#7014);
#6064=AXIS2_PLACEMENT_3D('',#8679,#7015,#7016);
#6065=AXIS2_PLACEMENT_3D('',#8681,#7018,#7019);
#6066=AXIS2_PLACEMENT_3D('',#8683,#7021,#7022);
#6067=AXIS2_PLACEMENT_3D('',#8685,#7024,#7025);
#6068=AXIS2_PLACEMENT_3D('',#8687,#7027,#7028);
#6069=AXIS2_PLACEMENT_3D('',#8689,#7030,#7031);
#6070=AXIS2_PLACEMENT_3D('',#8691,#7033,#7034);
#6071=AXIS2_PLACEMENT_3D('',#8693,#7036,#7037);
#6072=AXIS2_PLACEMENT_3D('',#8695,#7039,#7040);
#6073=AXIS2_PLACEMENT_3D('',#8697,#7042,#7043);
#6074=AXIS2_PLACEMENT_3D('',#8699,#7045,#7046);
#6075=AXIS2_PLACEMENT_3D('',#8701,#7048,#7049);
#6076=AXIS2_PLACEMENT_3D('',#8703,#7051,#7052);
#6077=AXIS2_PLACEMENT_3D('',#8705,#7054,#7055);
#6078=AXIS2_PLACEMENT_3D('',#8707,#7057,#7058);
#6079=AXIS2_PLACEMENT_3D('',#8709,#7060,#7061);
#6080=AXIS2_PLACEMENT_3D('',#8711,#7063,#7064);
#6081=AXIS2_PLACEMENT_3D('',#8713,#7066,#7067);
#6082=AXIS2_PLACEMENT_3D('',#8715,#7069,#7070);
#6083=AXIS2_PLACEMENT_3D('',#8717,#7072,#7073);
#6084=AXIS2_PLACEMENT_3D('',#8719,#7075,#7076);
#6085=AXIS2_PLACEMENT_3D('',#8721,#7078,#7079);
#6086=AXIS2_PLACEMENT_3D('',#8723,#7081,#7082);
#6087=AXIS2_PLACEMENT_3D('',#8725,#7084,#7085);
#6088=AXIS2_PLACEMENT_3D('',#8727,#7087,#7088);
#6089=AXIS2_PLACEMENT_3D('',#8729,#7090,#7091);
#6090=AXIS2_PLACEMENT_3D('',#8731,#7093,#7094);
#6091=AXIS2_PLACEMENT_3D('',#8733,#7096,#7097);
#6092=AXIS2_PLACEMENT_3D('',#8735,#7099,#7100);
#6093=AXIS2_PLACEMENT_3D('',#8737,#7102,#7103);
#6094=AXIS2_PLACEMENT_3D('',#8739,#7105,#7106);
#6095=AXIS2_PLACEMENT_3D('',#8741,#7108,#7109);
#6096=AXIS2_PLACEMENT_3D('',#8743,#7111,#7112);
#6097=AXIS2_PLACEMENT_3D('',#8745,#7114,#7115);
#6098=AXIS2_PLACEMENT_3D('',#8747,#7117,#7118);
#6099=AXIS2_PLACEMENT_3D('',#8749,#7120,#7121);
#6100=AXIS2_PLACEMENT_3D('',#8751,#7123,#7124);
#6101=AXIS2_PLACEMENT_3D('',#8753,#7126,#7127);
#6102=AXIS2_PLACEMENT_3D('',#8755,#7129,#7130);
#6103=AXIS2_PLACEMENT_3D('',#8757,#7132,#7133);
#6104=AXIS2_PLACEMENT_3D('',#8759,#7135,#7136);
#6105=AXIS2_PLACEMENT_3D('',#8761,#7138,#7139);
#6106=AXIS2_PLACEMENT_3D('',#8763,#7141,#7142);
#6107=AXIS2_PLACEMENT_3D('',#8766,#7145,#7146);
#6108=AXIS2_PLACEMENT_3D('',#8768,#7148,#7149);
#6109=AXIS2_PLACEMENT_3D('',#8770,#7151,#7152);
#6110=AXIS2_PLACEMENT_3D('',#8771,#7153,#7154);
#6111=AXIS2_PLACEMENT_3D('',#8773,#7156,#7157);
#6112=AXIS2_PLACEMENT_3D('',#8775,#7159,#7160);
#6113=AXIS2_PLACEMENT_3D('',#8777,#7162,#7163);
#6114=AXIS2_PLACEMENT_3D('',#8779,#7165,#7166);
#6115=AXIS2_PLACEMENT_3D('',#8781,#7168,#7169);
#6116=AXIS2_PLACEMENT_3D('',#8784,#7172,#7173);
#6117=AXIS2_PLACEMENT_3D('',#8786,#7175,#7176);
#6118=AXIS2_PLACEMENT_3D('',#8788,#7178,#7179);
#6119=AXIS2_PLACEMENT_3D('',#8789,#7180,#7181);
#6120=AXIS2_PLACEMENT_3D('',#8791,#7183,#7184);
#6121=AXIS2_PLACEMENT_3D('',#8793,#7186,#7187);
#6122=AXIS2_PLACEMENT_3D('',#8795,#7189,#7190);
#6123=AXIS2_PLACEMENT_3D('',#8798,#7193,#7194);
#6124=AXIS2_PLACEMENT_3D('',#8800,#7196,#7197);
#6125=AXIS2_PLACEMENT_3D('',#8802,#7199,#7200);
#6126=AXIS2_PLACEMENT_3D('',#8803,#7201,#7202);
#6127=AXIS2_PLACEMENT_3D('',#8805,#7204,#7205);
#6128=AXIS2_PLACEMENT_3D('',#8807,#7207,#7208);
#6129=AXIS2_PLACEMENT_3D('',#8809,#7210,#7211);
#6130=AXIS2_PLACEMENT_3D('',#8811,#7213,#7214);
#6131=AXIS2_PLACEMENT_3D('',#8812,#7215,#7216);
#6132=AXIS2_PLACEMENT_3D('',#8813,#7217,#7218);
#6133=AXIS2_PLACEMENT_3D('',#8822,#7223,#7224);
#6134=AXIS2_PLACEMENT_3D('',#8827,#7226,#7227);
#6135=AXIS2_PLACEMENT_3D('',#8835,#7231,#7232);
#6136=AXIS2_PLACEMENT_3D('',#8838,#7234,#7235);
#6137=AXIS2_PLACEMENT_3D('',#8839,#7236,#7237);
#6138=AXIS2_PLACEMENT_3D('',#8840,#7238,#7239);
#6139=AXIS2_PLACEMENT_3D('',#8842,#7240,#7241);
#6140=AXIS2_PLACEMENT_3D('',#8844,#7243,#7244);
#6141=AXIS2_PLACEMENT_3D('',#8847,#7246,#7247);
#6142=AXIS2_PLACEMENT_3D('',#8848,#7248,#7249);
#6143=AXIS2_PLACEMENT_3D('',#8854,#7252,#7253);
#6144=AXIS2_PLACEMENT_3D('',#8861,#7257,#7258);
#6145=AXIS2_PLACEMENT_3D('',#8862,#7259,#7260);
#6146=AXIS2_PLACEMENT_3D('',#8864,#7262,#7263);
#6147=AXIS2_PLACEMENT_3D('',#8866,#7265,#7266);
#6148=AXIS2_PLACEMENT_3D('',#8876,#7272,#7273);
#6149=AXIS2_PLACEMENT_3D('',#8878,#7275,#7276);
#6150=AXIS2_PLACEMENT_3D('',#8880,#7278,#7279);
#6151=AXIS2_PLACEMENT_3D('',#8890,#7285,#7286);
#6152=AXIS2_PLACEMENT_3D('',#8892,#7288,#7289);
#6153=AXIS2_PLACEMENT_3D('',#8897,#7291,#7292);
#6154=AXIS2_PLACEMENT_3D('',#8901,#7294,#7295);
#6155=AXIS2_PLACEMENT_3D('',#8904,#7297,#7298);
#6156=AXIS2_PLACEMENT_3D('',#8905,#7299,#7300);
#6157=AXIS2_PLACEMENT_3D('',#8906,#7301,#7302);
#6158=AXIS2_PLACEMENT_3D('',#8912,#7306,#7307);
#6159=AXIS2_PLACEMENT_3D('',#8916,#7310,#7311);
#6160=AXIS2_PLACEMENT_3D('',#8920,#7313,#7314);
#6161=AXIS2_PLACEMENT_3D('',#8922,#7315,#7316);
#6162=AXIS2_PLACEMENT_3D('',#8926,#7318,#7319);
#6163=AXIS2_PLACEMENT_3D('',#8929,#7321,#7322);
#6164=AXIS2_PLACEMENT_3D('',#8930,#7323,#7324);
#6165=AXIS2_PLACEMENT_3D('',#8934,#7327,#7328);
#6166=AXIS2_PLACEMENT_3D('',#8936,#7330,#7331);
#6167=AXIS2_PLACEMENT_3D('',#8938,#7333,#7334);
#6168=AXIS2_PLACEMENT_3D('',#8940,#7336,#7337);
#6169=AXIS2_PLACEMENT_3D('',#8942,#7339,#7340);
#6170=AXIS2_PLACEMENT_3D('',#8944,#7342,#7343);
#6171=AXIS2_PLACEMENT_3D('',#8946,#7345,#7346);
#6172=AXIS2_PLACEMENT_3D('',#8948,#7348,#7349);
#6173=AXIS2_PLACEMENT_3D('',#8950,#7351,#7352);
#6174=AXIS2_PLACEMENT_3D('',#8951,#7353,#7354);
#6175=AXIS2_PLACEMENT_3D('',#8952,#7355,#7356);
#6176=AXIS2_PLACEMENT_3D('',#8953,#7357,#7358);
#6177=AXIS2_PLACEMENT_3D('',#8954,#7359,#7360);
#6178=AXIS2_PLACEMENT_3D('',#8959,#7362,#7363);
#6179=AXIS2_PLACEMENT_3D('',#8963,#7365,#7366);
#6180=AXIS2_PLACEMENT_3D('',#8967,#7368,#7369);
#6181=AXIS2_PLACEMENT_3D('',#8970,#7371,#7372);
#6182=AXIS2_PLACEMENT_3D('',#8971,#7373,#7374);
#6183=AXIS2_PLACEMENT_3D('',#8977,#7378,#7379);
#6184=AXIS2_PLACEMENT_3D('',#8980,#7381,#7382);
#6185=AXIS2_PLACEMENT_3D('',#8981,#7383,#7384);
#6186=AXIS2_PLACEMENT_3D('',#8983,#7385,#7386);
#6187=AXIS2_PLACEMENT_3D('',#8985,#7388,#7389);
#6188=AXIS2_PLACEMENT_3D('',#8989,#7392,#7393);
#6189=AXIS2_PLACEMENT_3D('',#8993,#7396,#7397);
#6190=AXIS2_PLACEMENT_3D('',#8996,#7399,#7400);
#6191=AXIS2_PLACEMENT_3D('',#8997,#7401,#7402);
#6192=AXIS2_PLACEMENT_3D('',#8999,#7403,#7404);
#6193=AXIS2_PLACEMENT_3D('',#9001,#7406,#7407);
#6194=AXIS2_PLACEMENT_3D('',#9003,#7409,#7410);
#6195=AXIS2_PLACEMENT_3D('',#9006,#7411,#7412);
#6196=AXIS2_PLACEMENT_3D('',#9010,#7414,#7415);
#6197=AXIS2_PLACEMENT_3D('',#9014,#7417,#7418);
#6198=AXIS2_PLACEMENT_3D('',#9018,#7420,#7421);
#6199=AXIS2_PLACEMENT_3D('',#9020,#7423,#7424);
#6200=AXIS2_PLACEMENT_3D('',#9024,#7426,#7427);
#6201=AXIS2_PLACEMENT_3D('',#9026,#7429,#7430);
#6202=AXIS2_PLACEMENT_3D('',#9030,#7433,#7434);
#6203=AXIS2_PLACEMENT_3D('',#9033,#7436,#7437);
#6204=AXIS2_PLACEMENT_3D('',#9034,#7438,#7439);
#6205=AXIS2_PLACEMENT_3D('',#9038,#7442,#7443);
#6206=AXIS2_PLACEMENT_3D('',#9041,#7445,#7446);
#6207=AXIS2_PLACEMENT_3D('',#9042,#7447,#7448);
#6208=AXIS2_PLACEMENT_3D('',#9046,#7451,#7452);
#6209=AXIS2_PLACEMENT_3D('',#9049,#7454,#7455);
#6210=AXIS2_PLACEMENT_3D('',#9050,#7456,#7457);
#6211=AXIS2_PLACEMENT_3D('',#9052,#7459,#7460);
#6212=AXIS2_PLACEMENT_3D('',#9057,#7462,#7463);
#6213=AXIS2_PLACEMENT_3D('',#9061,#7465,#7466);
#6214=AXIS2_PLACEMENT_3D('',#9065,#7468,#7469);
#6215=AXIS2_PLACEMENT_3D('',#9068,#7471,#7472);
#6216=AXIS2_PLACEMENT_3D('',#9069,#7473,#7474);
#6217=AXIS2_PLACEMENT_3D('',#9075,#7478,#7479);
#6218=AXIS2_PLACEMENT_3D('',#9078,#7481,#7482);
#6219=AXIS2_PLACEMENT_3D('',#9079,#7483,#7484);
#6220=AXIS2_PLACEMENT_3D('',#9081,#7485,#7486);
#6221=AXIS2_PLACEMENT_3D('',#9083,#7488,#7489);
#6222=AXIS2_PLACEMENT_3D('',#9087,#7492,#7493);
#6223=AXIS2_PLACEMENT_3D('',#9091,#7496,#7497);
#6224=AXIS2_PLACEMENT_3D('',#9094,#7499,#7500);
#6225=AXIS2_PLACEMENT_3D('',#9095,#7501,#7502);
#6226=AXIS2_PLACEMENT_3D('',#9097,#7503,#7504);
#6227=AXIS2_PLACEMENT_3D('',#9099,#7506,#7507);
#6228=AXIS2_PLACEMENT_3D('',#9101,#7509,#7510);
#6229=AXIS2_PLACEMENT_3D('',#9102,#7511,#7512);
#6230=AXIS2_PLACEMENT_3D('',#9103,#7513,#7514);
#6231=AXIS2_PLACEMENT_3D('',#9104,#7515,#7516);
#6232=AXIS2_PLACEMENT_3D('',#9105,#7517,#7518);
#6233=AXIS2_PLACEMENT_3D('',#9106,#7519,#7520);
#6234=AXIS2_PLACEMENT_3D('',#9107,#7521,#7522);
#6235=AXIS2_PLACEMENT_3D('',#9108,#7523,#7524);
#6236=AXIS2_PLACEMENT_3D('',#9109,#7525,#7526);
#6237=AXIS2_PLACEMENT_3D('',#9110,#7527,#7528);
#6238=AXIS2_PLACEMENT_3D('',#9111,#7529,#7530);
#6239=AXIS2_PLACEMENT_3D('',#9112,#7531,#7532);
#6240=AXIS2_PLACEMENT_3D('',#9113,#7533,#7534);
#6241=AXIS2_PLACEMENT_3D('',#9114,#7535,#7536);
#6242=AXIS2_PLACEMENT_3D('',#9115,#7537,#7538);
#6243=AXIS2_PLACEMENT_3D('',#9116,#7539,#7540);
#6244=AXIS2_PLACEMENT_3D('',#9125,#7545,#7546);
#6245=AXIS2_PLACEMENT_3D('',#9134,#7551,#7552);
#6246=AXIS2_PLACEMENT_3D('',#9143,#7557,#7558);
#6247=AXIS2_PLACEMENT_3D('',#9157,#7565,#7566);
#6248=AXIS2_PLACEMENT_3D('',#9180,#7578,#7579);
#6249=AXIS2_PLACEMENT_3D('',#9181,#7580,#7581);
#6250=AXIS2_PLACEMENT_3D('',#9183,#7582,#7583);
#6251=AXIS2_PLACEMENT_3D('',#9186,#7585,#7586);
#6252=AXIS2_PLACEMENT_3D('',#9187,#7587,#7588);
#6253=AXIS2_PLACEMENT_3D('',#9188,#7589,#7590);
#6254=AXIS2_PLACEMENT_3D('',#9190,#7591,#7592);
#6255=AXIS2_PLACEMENT_3D('',#9193,#7594,#7595);
#6256=AXIS2_PLACEMENT_3D('',#9194,#7596,#7597);
#6257=AXIS2_PLACEMENT_3D('',#9196,#7598,#7599);
#6258=AXIS2_PLACEMENT_3D('',#9199,#7601,#7602);
#6259=AXIS2_PLACEMENT_3D('',#9200,#7603,#7604);
#6260=AXIS2_PLACEMENT_3D('',#9201,#7605,#7606);
#6261=AXIS2_PLACEMENT_3D('',#9202,#7607,#7608);
#6262=AXIS2_PLACEMENT_3D('',#9208,#7612,#7613);
#6263=AXIS2_PLACEMENT_3D('',#9214,#7617,#7618);
#6264=AXIS2_PLACEMENT_3D('',#9220,#7622,#7623);
#6265=AXIS2_PLACEMENT_3D('',#9222,#7625,#7626);
#6266=AXIS2_PLACEMENT_3D('',#9226,#7629,#7630);
#6267=AXIS2_PLACEMENT_3D('',#9243,#7639,#7640);
#6268=AXIS2_PLACEMENT_3D('',#9252,#7645,#7646);
#6269=AXIS2_PLACEMENT_3D('',#9258,#7650,#7651);
#6270=AXIS2_PLACEMENT_3D('',#9264,#7655,#7656);
#6271=AXIS2_PLACEMENT_3D('',#9273,#7661,#7662);
#6272=AXIS2_PLACEMENT_3D('',#9279,#7666,#7667);
#6273=AXIS2_PLACEMENT_3D('',#9284,#7671,#7672);
#6274=AXIS2_PLACEMENT_3D('',#9293,#7679,#7680);
#6275=AXIS2_PLACEMENT_3D('',#9299,#7685,#7686);
#6276=AXIS2_PLACEMENT_3D('',#9302,#7689,#7690);
#6277=AXIS2_PLACEMENT_3D('',#9304,#7692,#7693);
#6278=AXIS2_PLACEMENT_3D('',#9308,#7696,#7697);
#6279=AXIS2_PLACEMENT_3D('',#9310,#7699,#7700);
#6280=AXIS2_PLACEMENT_3D('',#9313,#7703,#7704);
#6281=AXIS2_PLACEMENT_3D('',#9314,#7705,#7706);
#6282=AXIS2_PLACEMENT_3D('',#9315,#7707,#7708);
#6283=AXIS2_PLACEMENT_3D('',#9316,#7709,#7710);
#6284=AXIS2_PLACEMENT_3D('',#9317,#7711,#7712);
#6285=AXIS2_PLACEMENT_3D('',#9320,#7715,#7716);
#6286=AXIS2_PLACEMENT_3D('',#9322,#7718,#7719);
#6287=AXIS2_PLACEMENT_3D('',#9326,#7721,#7722);
#6288=AXIS2_PLACEMENT_3D('',#9331,#7725,#7726);
#6289=AXIS2_PLACEMENT_3D('',#9349,#7736,#7737);
#6290=AXIS2_PLACEMENT_3D('',#9351,#7739,#7740);
#6291=AXIS2_PLACEMENT_3D('',#9353,#7742,#7743);
#6292=AXIS2_PLACEMENT_3D('',#9354,#7744,#7745);
#6293=AXIS2_PLACEMENT_3D('',#9355,#7746,#7747);
#6294=AXIS2_PLACEMENT_3D('',#9364,#7752,#7753);
#6295=AXIS2_PLACEMENT_3D('',#9373,#7758,#7759);
#6296=AXIS2_PLACEMENT_3D('',#9376,#7762,#7763);
#6297=AXIS2_PLACEMENT_3D('',#9378,#7765,#7766);
#6298=AXIS2_PLACEMENT_3D('',#9381,#7769,#7770);
#6299=AXIS2_PLACEMENT_3D('',#9383,#7772,#7773);
#6300=AXIS2_PLACEMENT_3D('',#9385,#7775,#7776);
#6301=AXIS2_PLACEMENT_3D('',#9386,#7777,#7778);
#6302=AXIS2_PLACEMENT_3D('',#9388,#7780,#7781);
#6303=AXIS2_PLACEMENT_3D('',#9389,#7782,#7783);
#6304=AXIS2_PLACEMENT_3D('',#9390,#7784,#7785);
#6305=AXIS2_PLACEMENT_3D('',#9392,#7787,#7788);
#6306=AXIS2_PLACEMENT_3D('',#9394,#7790,#7791);
#6307=AXIS2_PLACEMENT_3D('',#9395,#7792,#7793);
#6308=AXIS2_PLACEMENT_3D('',#9396,#7794,#7795);
#6309=AXIS2_PLACEMENT_3D('',#9405,#7800,#7801);
#6310=AXIS2_PLACEMENT_3D('',#9411,#7805,#7806);
#6311=AXIS2_PLACEMENT_3D('',#9413,#7807,#7808);
#6312=AXIS2_PLACEMENT_3D('',#9415,#7809,#7810);
#6313=AXIS2_PLACEMENT_3D('',#9416,#7811,#7812);
#6314=AXIS2_PLACEMENT_3D('',#9418,#7813,#7814);
#6315=AXIS2_PLACEMENT_3D('',#9420,#7816,#7817);
#6316=AXIS2_PLACEMENT_3D('',#9423,#7819,#7820);
#6317=AXIS2_PLACEMENT_3D('',#9424,#7821,#7822);
#6318=AXIS2_PLACEMENT_3D('',#9426,#7823,#7824);
#6319=AXIS2_PLACEMENT_3D('',#9428,#7825,#7826);
#6320=AXIS2_PLACEMENT_3D('',#9429,#7827,#7828);
#6321=AXIS2_PLACEMENT_3D('',#9431,#7829,#7830);
#6322=AXIS2_PLACEMENT_3D('',#9433,#7832,#7833);
#6323=AXIS2_PLACEMENT_3D('',#9436,#7835,#7836);
#6324=AXIS2_PLACEMENT_3D('',#9437,#7837,#7838);
#6325=AXIS2_PLACEMENT_3D('',#9439,#7839,#7840);
#6326=AXIS2_PLACEMENT_3D('',#9441,#7841,#7842);
#6327=AXIS2_PLACEMENT_3D('',#9442,#7843,#7844);
#6328=AXIS2_PLACEMENT_3D('',#9444,#7845,#7846);
#6329=AXIS2_PLACEMENT_3D('',#9446,#7848,#7849);
#6330=AXIS2_PLACEMENT_3D('',#9449,#7851,#7852);
#6331=AXIS2_PLACEMENT_3D('',#9450,#7853,#7854);
#6332=AXIS2_PLACEMENT_3D('',#9452,#7855,#7856);
#6333=AXIS2_PLACEMENT_3D('',#9455,#7858,#7859);
#6334=AXIS2_PLACEMENT_3D('',#9456,#7860,#7861);
#6335=AXIS2_PLACEMENT_3D('',#9457,#7862,#7863);
#6336=AXIS2_PLACEMENT_3D('',#9459,#7864,#7865);
#6337=AXIS2_PLACEMENT_3D('',#9462,#7867,#7868);
#6338=AXIS2_PLACEMENT_3D('',#9463,#7869,#7870);
#6339=AXIS2_PLACEMENT_3D('',#9464,#7871,#7872);
#6340=AXIS2_PLACEMENT_3D('',#9466,#7873,#7874);
#6341=AXIS2_PLACEMENT_3D('',#9469,#7876,#7877);
#6342=AXIS2_PLACEMENT_3D('',#9470,#7878,#7879);
#6343=AXIS2_PLACEMENT_3D('',#9471,#7880,#7881);
#6344=AXIS2_PLACEMENT_3D('',#9473,#7882,#7883);
#6345=AXIS2_PLACEMENT_3D('',#9476,#7885,#7886);
#6346=AXIS2_PLACEMENT_3D('',#9477,#7887,#7888);
#6347=AXIS2_PLACEMENT_3D('',#9478,#7889,#7890);
#6348=AXIS2_PLACEMENT_3D('',#9480,#7891,#7892);
#6349=AXIS2_PLACEMENT_3D('',#9483,#7894,#7895);
#6350=AXIS2_PLACEMENT_3D('',#9484,#7896,#7897);
#6351=AXIS2_PLACEMENT_3D('',#9485,#7898,#7899);
#6352=AXIS2_PLACEMENT_3D('',#9494,#7904,#7905);
#6353=AXIS2_PLACEMENT_3D('',#9497,#7906,#7907);
#6354=AXIS2_PLACEMENT_3D('',#9501,#7909,#7910);
#6355=AXIS2_PLACEMENT_3D('',#9505,#7912,#7913);
#6356=AXIS2_PLACEMENT_3D('',#9509,#7915,#7916);
#6357=AXIS2_PLACEMENT_3D('',#9516,#7921,#7922);
#6358=AXIS2_PLACEMENT_3D('',#9522,#7926,#7927);
#6359=AXIS2_PLACEMENT_3D('',#9524,#7929,#7930);
#6360=AXIS2_PLACEMENT_3D('',#9526,#7932,#7933);
#6361=AXIS2_PLACEMENT_3D('',#9535,#7938,#7939);
#6362=AXIS2_PLACEMENT_3D('',#9544,#7944,#7945);
#6363=AXIS2_PLACEMENT_3D('',#9547,#7948,#7949);
#6364=AXIS2_PLACEMENT_3D('',#9552,#7953,#7954);
#6365=AXIS2_PLACEMENT_3D('',#9556,#7957,#7958);
#6366=AXIS2_PLACEMENT_3D('',#9558,#7960,#7961);
#6367=AXIS2_PLACEMENT_3D('',#9563,#7963,#7964);
#6368=AXIS2_PLACEMENT_3D('',#9567,#7966,#7967);
#6369=AXIS2_PLACEMENT_3D('',#9571,#7969,#7970);
#6370=AXIS2_PLACEMENT_3D('',#9574,#7972,#7973);
#6371=AXIS2_PLACEMENT_3D('',#9576,#7974,#7975);
#6372=AXIS2_PLACEMENT_3D('',#9577,#7976,#7977);
#6373=AXIS2_PLACEMENT_3D('',#9580,#7980,#7981);
#6374=AXIS2_PLACEMENT_3D('',#9582,#7983,#7984);
#6375=AXIS2_PLACEMENT_3D('',#9584,#7986,#7987);
#6376=AXIS2_PLACEMENT_3D('',#9586,#7989,#7990);
#6377=AXIS2_PLACEMENT_3D('',#9588,#7992,#7993);
#6378=AXIS2_PLACEMENT_3D('',#9590,#7995,#7996);
#6379=AXIS2_PLACEMENT_3D('',#9592,#7998,#7999);
#6380=AXIS2_PLACEMENT_3D('',#9593,#8000,#8001);
#6381=AXIS2_PLACEMENT_3D('',#9595,#8003,#8004);
#6382=AXIS2_PLACEMENT_3D('',#9596,#8005,#8006);
#6383=AXIS2_PLACEMENT_3D('',#9599,#8008,#8009);
#6384=AXIS2_PLACEMENT_3D('',#9600,#8010,#8011);
#6385=AXIS2_PLACEMENT_3D('',#9601,#8012,#8013);
#6386=AXIS2_PLACEMENT_3D('',#9603,#8014,#8015);
#6387=AXIS2_PLACEMENT_3D('',#9605,#8016,#8017);
#6388=AXIS2_PLACEMENT_3D('',#9606,#8018,#8019);
#6389=AXIS2_PLACEMENT_3D('',#9608,#8020,#8021);
#6390=AXIS2_PLACEMENT_3D('',#9609,#8022,#8023);
#6391=AXIS2_PLACEMENT_3D('',#9611,#8025,#8026);
#6392=AXIS2_PLACEMENT_3D('',#9613,#8027,#8028);
#6393=AXIS2_PLACEMENT_3D('',#9614,#8029,#8030);
#6394=AXIS2_PLACEMENT_3D('',#9616,#8032,#8033);
#6395=DIRECTION('axis',(0.,0.,1.));
#6396=DIRECTION('refdir',(1.,0.,0.));
#6397=DIRECTION('axis',(0.,0.,1.));
#6398=DIRECTION('refdir',(1.,0.,0.));
#6399=DIRECTION('axis',(0.,0.,1.));
#6400=DIRECTION('refdir',(1.,0.,0.));
#6401=DIRECTION('axis',(0.,0.,1.));
#6402=DIRECTION('refdir',(1.,0.,0.));
#6403=DIRECTION('center_axis',(0.,-0.990268068741466,0.13917310096081));
#6404=DIRECTION('ref_axis',(0.,-0.13917310096081,-0.990268068741466));
#6405=DIRECTION('',(1.,1.110223024625E-16,0.));
#6406=DIRECTION('',(-0.0694186808304365,0.138837361660873,0.987879159492096));
#6407=DIRECTION('',(1.,1.110223024625E-16,0.));
#6408=DIRECTION('',(0.0694186808304365,0.138837361660873,0.987879159492096));
#6409=DIRECTION('center_axis',(0.,0.,-1.));
#6410=DIRECTION('ref_axis',(0.370454302631933,-0.928850692878833,0.));
#6411=DIRECTION('',(0.707106781186548,-0.707106781186548,0.));
#6412=DIRECTION('',(1.110223024625E-16,-1.,0.));
#6413=DIRECTION('',(-0.707106781186548,-0.707106781186548,0.));
#6414=DIRECTION('',(-1.,-1.110223024625E-16,0.));
#6415=DIRECTION('',(-0.707106781186548,0.707106781186548,0.));
#6416=DIRECTION('',(-1.110223024625E-16,1.,0.));
#6417=DIRECTION('',(0.707106781186548,0.707106781186548,0.));
#6418=DIRECTION('center_axis',(-0.699379129651724,-0.699379129651722,0.147436989982832));
#6419=DIRECTION('ref_axis',(0.206277448965606,0.,0.978493543181682));
#6420=DIRECTION('',(0.707106781186548,-0.707106781186548,0.));
#6421=DIRECTION('',(0.138837361660873,0.069418680830437,0.987879159492096));
#6422=DIRECTION('center_axis',(1.110223024625E-16,-1.,0.));
#6423=DIRECTION('ref_axis',(1.,1.110223024625E-16,0.));
#6424=DIRECTION('',(0.,0.,1.));
#6425=DIRECTION('',(1.,1.110223024625E-16,0.));
#6426=DIRECTION('',(0.,0.,1.));
#6427=DIRECTION('center_axis',(0.699379129651724,-0.699379129651722,0.147436989982832));
#6428=DIRECTION('ref_axis',(0.206277448965606,0.,-0.978493543181682));
#6429=DIRECTION('',(-0.138837361660873,0.069418680830437,0.987879159492096));
#6430=DIRECTION('',(0.707106781186548,0.707106781186548,0.));
#6431=DIRECTION('center_axis',(0.990268068741466,0.,0.139173100960809));
#6432=DIRECTION('ref_axis',(0.139173100960809,0.,-0.990268068741466));
#6433=DIRECTION('',(-0.138837361660873,-0.069418680830437,0.987879159492096));
#6434=DIRECTION('',(-1.110223024625E-16,1.,0.));
#6435=DIRECTION('',(1.144237745222E-17,1.,0.));
#6436=DIRECTION('',(-1.110223024625E-16,1.,0.));
#6437=DIRECTION('',(1.144237745222E-17,1.,0.));
#6438=DIRECTION('',(-1.110223024625E-16,1.,0.));
#6439=DIRECTION('center_axis',(-0.990268068741466,0.,0.139173100960809));
#6440=DIRECTION('ref_axis',(0.139173100960809,0.,0.990268068741466));
#6441=DIRECTION('',(1.110223024625E-16,-1.,0.));
#6442=DIRECTION('',(1.110223024625E-16,-1.,0.));
#6443=DIRECTION('',(1.110223024625E-16,-1.,0.));
#6444=DIRECTION('',(0.138837361660873,-0.069418680830437,0.987879159492096));
#6445=DIRECTION('center_axis',(0.699379129651724,0.699379129651722,0.147436989982832));
#6446=DIRECTION('ref_axis',(0.206277448965606,0.,-0.978493543181682));
#6447=DIRECTION('',(-0.0694186808304365,-0.138837361660873,0.987879159492096));
#6448=DIRECTION('',(-0.707106781186548,0.707106781186548,0.));
#6449=DIRECTION('center_axis',(-0.699379129651724,0.699379129651722,0.147436989982832));
#6450=DIRECTION('ref_axis',(0.206277448965606,0.,0.978493543181682));
#6451=DIRECTION('',(-0.707106781186548,-0.707106781186548,0.));
#6452=DIRECTION('',(0.0694186808304365,-0.138837361660873,0.987879159492096));
#6453=DIRECTION('center_axis',(0.,0.990268068741466,0.13917310096081));
#6454=DIRECTION('ref_axis',(0.,-0.13917310096081,0.990268068741466));
#6455=DIRECTION('',(-1.,-1.110223024625E-16,0.));
#6456=DIRECTION('center_axis',(-0.707106781186548,-0.707106781186548,0.));
#6457=DIRECTION('ref_axis',(0.707106781186548,-0.707106781186548,0.));
#6458=DIRECTION('',(0.707106781186548,-0.707106781186548,0.));
#6459=DIRECTION('',(0.,0.,1.));
#6460=DIRECTION('center_axis',(1.022886882533E-31,-6.310887241768E-27,-1.));
#6461=DIRECTION('ref_axis',(1.,1.217738924546E-16,1.02288688252532E-31));
#6462=DIRECTION('',(0.707106781186548,0.707106781186548,0.));
#6463=DIRECTION('',(-1.110223024625E-16,1.,0.));
#6464=DIRECTION('',(1.,-1.144237745222E-17,0.));
#6465=DIRECTION('',(-1.110223024625E-16,1.,0.));
#6466=DIRECTION('',(0.707106781186548,0.707106781186548,0.));
#6467=DIRECTION('',(1.,1.110223024625E-16,0.));
#6468=DIRECTION('',(0.707106781186548,-0.707106781186548,0.));
#6469=DIRECTION('',(1.110223024625E-16,-1.,0.));
#6470=DIRECTION('',(-1.,-1.110223024625E-16,0.));
#6471=DIRECTION('',(1.110223024625E-16,-1.,0.));
#6472=DIRECTION('center_axis',(0.707106781186548,-0.707106781186548,0.));
#6473=DIRECTION('ref_axis',(0.707106781186548,0.707106781186548,0.));
#6474=DIRECTION('',(0.,0.,1.));
#6475=DIRECTION('center_axis',(1.,1.110223024625E-16,0.));
#6476=DIRECTION('ref_axis',(-1.110223024625E-16,1.,0.));
#6477=DIRECTION('',(0.,0.,1.));
#6478=DIRECTION('',(-1.110223024625E-16,1.,0.));
#6479=DIRECTION('',(0.,0.,1.));
#6480=DIRECTION('center_axis',(-1.144237745222E-17,-1.,0.));
#6481=DIRECTION('ref_axis',(2.22044604925E-15,-2.54071818078092E-32,1.));
#6482=DIRECTION('center_axis',(-1.144237745222E-17,-1.,-5.473822126269E-48));
#6483=DIRECTION('ref_axis',(2.22044604925E-15,-2.54071818078092E-32,1.));
#6484=DIRECTION('',(1.144237745222E-17,1.,0.));
#6485=DIRECTION('center_axis',(-1.144237745222E-17,-1.,-5.473822126269E-48));
#6486=DIRECTION('ref_axis',(2.22044604925E-15,-2.54071818078092E-32,1.));
#6487=DIRECTION('center_axis',(1.,1.110223024625E-16,0.));
#6488=DIRECTION('ref_axis',(-1.110223024625E-16,1.,0.));
#6489=DIRECTION('',(0.,0.,1.));
#6490=DIRECTION('',(-1.110223024625E-16,1.,0.));
#6491=DIRECTION('',(0.,0.,1.));
#6492=DIRECTION('center_axis',(-1.144237745222E-17,-1.,0.));
#6493=DIRECTION('ref_axis',(2.22044604925E-15,-2.54071818078092E-32,1.));
#6494=DIRECTION('center_axis',(-1.144237745222E-17,-1.,-5.473822126269E-48));
#6495=DIRECTION('ref_axis',(2.22044604925E-15,-2.54071818078092E-32,1.));
#6496=DIRECTION('',(1.144237745222E-17,1.,0.));
#6497=DIRECTION('center_axis',(-1.144237745222E-17,-1.,-5.473822126269E-48));
#6498=DIRECTION('ref_axis',(2.22044604925E-15,-2.54071818078092E-32,1.));
#6499=DIRECTION('center_axis',(1.,1.110223024625E-16,0.));
#6500=DIRECTION('ref_axis',(-1.110223024625E-16,1.,0.));
#6501=DIRECTION('',(0.,0.,1.));
#6502=DIRECTION('center_axis',(-1.,-1.110223024625E-16,0.));
#6503=DIRECTION('ref_axis',(1.110223024625E-16,-1.,0.));
#6504=DIRECTION('',(0.,0.,1.));
#6505=DIRECTION('center_axis',(-1.110223024625E-16,1.,0.));
#6506=DIRECTION('ref_axis',(-2.22044604925E-15,-2.46519032881497E-31,1.));
#6507=DIRECTION('center_axis',(-1.110223024625E-16,1.,0.));
#6508=DIRECTION('ref_axis',(-2.22044604925E-15,-2.46519032881497E-31,1.));
#6509=DIRECTION('',(1.110223024625E-16,-1.,0.));
#6510=DIRECTION('center_axis',(-1.110223024625E-16,1.,0.));
#6511=DIRECTION('ref_axis',(-2.22044604925E-15,-2.46519032881497E-31,1.));
#6512=DIRECTION('center_axis',(-1.,-1.110223024625E-16,0.));
#6513=DIRECTION('ref_axis',(1.110223024625E-16,-1.,0.));
#6514=DIRECTION('',(0.,0.,1.));
#6515=DIRECTION('',(1.110223024625E-16,-1.,0.));
#6516=DIRECTION('',(0.,0.,1.));
#6517=DIRECTION('center_axis',(0.707106781186548,0.707106781186548,0.));
#6518=DIRECTION('ref_axis',(-0.707106781186548,0.707106781186548,0.));
#6519=DIRECTION('',(0.,0.,1.));
#6520=DIRECTION('',(-0.707106781186548,0.707106781186548,0.));
#6521=DIRECTION('center_axis',(-0.707106781186548,0.707106781186548,0.));
#6522=DIRECTION('ref_axis',(-0.707106781186548,-0.707106781186548,0.));
#6523=DIRECTION('',(-0.707106781186548,-0.707106781186548,0.));
#6524=DIRECTION('',(0.,0.,1.));
#6525=DIRECTION('center_axis',(-1.110223024625E-16,1.,0.));
#6526=DIRECTION('ref_axis',(-1.,-1.110223024625E-16,0.));
#6527=DIRECTION('',(-1.,-1.110223024625E-16,0.));
#6528=DIRECTION('center_axis',(0.,0.,-1.));
#6529=DIRECTION('ref_axis',(1.,-1.144237745222E-17,0.));
#6530=DIRECTION('',(1.,-1.144237745222E-17,0.));
#6531=DIRECTION('',(-1.110223024625E-16,1.,0.));
#6532=DIRECTION('',(1.144237745222E-17,1.,0.));
#6533=DIRECTION('center_axis',(0.990268068741466,0.,-0.13917310096081));
#6534=DIRECTION('ref_axis',(-0.13917310096081,0.,-0.990268068741466));
#6535=DIRECTION('',(-1.110223024625E-16,1.,0.));
#6536=DIRECTION('',(0.138837361660873,0.069418680830437,0.987879159492096));
#6537=DIRECTION('',(-1.110223024625E-16,1.,0.));
#6538=DIRECTION('',(0.138837361660873,-0.069418680830437,0.987879159492096));
#6539=DIRECTION('',(-1.110223024625E-16,1.,0.));
#6540=DIRECTION('',(-1.110223024625E-16,1.,0.));
#6541=DIRECTION('center_axis',(0.699379129651723,-0.699379129651722,-0.147436989982832));
#6542=DIRECTION('ref_axis',(-0.206277448965606,0.,-0.978493543181682));
#6543=DIRECTION('',(0.707106781186548,0.707106781186548,0.));
#6544=DIRECTION('',(0.0694186808304366,-0.138837361660873,0.987879159492096));
#6545=DIRECTION('center_axis',(0.,-0.990268068741466,-0.13917310096081));
#6546=DIRECTION('ref_axis',(0.,0.13917310096081,-0.990268068741466));
#6547=DIRECTION('',(1.,1.110223024625E-16,0.));
#6548=DIRECTION('',(-0.0694186808304366,-0.138837361660873,0.987879159492096));
#6549=DIRECTION('center_axis',(-0.699379129651723,-0.699379129651722,-0.147436989982832));
#6550=DIRECTION('ref_axis',(-0.206277448965606,0.,0.978493543181682));
#6551=DIRECTION('',(0.707106781186548,-0.707106781186548,0.));
#6552=DIRECTION('',(-0.138837361660873,-0.069418680830437,0.987879159492096));
#6553=DIRECTION('center_axis',(-0.990268068741466,0.,-0.13917310096081));
#6554=DIRECTION('ref_axis',(-0.13917310096081,0.,0.990268068741466));
#6555=DIRECTION('',(1.110223024625E-16,-1.,0.));
#6556=DIRECTION('',(-0.138837361660873,0.069418680830437,0.987879159492096));
#6557=DIRECTION('',(1.110223024625E-16,-1.,0.));
#6558=DIRECTION('',(1.110223024625E-16,-1.,0.));
#6559=DIRECTION('center_axis',(0.,0.,-1.));
#6560=DIRECTION('ref_axis',(-1.,-1.110223024625E-16,0.));
#6561=DIRECTION('',(-1.,-1.110223024625E-16,0.));
#6562=DIRECTION('',(1.110223024625E-16,-1.,0.));
#6563=DIRECTION('center_axis',(1.022886882533E-31,-6.310887241768E-27,-1.));
#6564=DIRECTION('ref_axis',(1.,1.217738924546E-16,1.02288688252532E-31));
#6565=DIRECTION('',(-0.707106781186548,-0.707106781186548,0.));
#6566=DIRECTION('',(-1.,-1.110223024625E-16,0.));
#6567=DIRECTION('',(-0.707106781186548,0.707106781186548,0.));
#6568=DIRECTION('',(1.,-1.144237745222E-17,0.));
#6569=DIRECTION('center_axis',(1.144237745222E-17,1.,0.));
#6570=DIRECTION('ref_axis',(0.,0.,1.));
#6571=DIRECTION('center_axis',(1.144237745222E-17,1.,0.));
#6572=DIRECTION('ref_axis',(-0.98480775301219,1.12685420278381E-17,0.173648177667033));
#6573=DIRECTION('',(0.155518033909023,-1.77949604460927E-18,0.987833053268148));
#6574=DIRECTION('center_axis',(-1.144237745222E-17,-1.,1.094764425254E-47));
#6575=DIRECTION('ref_axis',(-2.22044604925E-15,2.54071818078092E-32,-1.));
#6576=DIRECTION('',(1.,-1.144237745222E-17,0.));
#6577=DIRECTION('',(0.,0.,1.));
#6578=DIRECTION('',(-1.,1.144237745222E-17,0.));
#6579=DIRECTION('center_axis',(1.144237745222E-17,1.,3.851859888774E-34));
#6580=DIRECTION('ref_axis',(0.98480775301219,-1.12685420278381E-17,-0.173648177667033));
#6581=DIRECTION('',(-0.155518033909023,1.77949604460927E-18,-0.987833053268148));
#6582=DIRECTION('center_axis',(-0.987833053268148,1.13031586552717E-17,
0.155518033909023));
#6583=DIRECTION('ref_axis',(-0.155518033909023,1.77949604460927E-18,-0.987833053268148));
#6584=DIRECTION('',(1.144237745222E-17,1.,0.));
#6585=DIRECTION('',(-0.155518033909023,1.77949604460927E-18,-0.987833053268148));
#6586=DIRECTION('center_axis',(1.144237745222E-17,1.,0.));
#6587=DIRECTION('ref_axis',(0.,0.,1.));
#6588=DIRECTION('center_axis',(1.144237745222E-17,1.,3.851859888774E-34));
#6589=DIRECTION('ref_axis',(0.98480775301219,-1.12685420278381E-17,-0.173648177667033));
#6590=DIRECTION('',(-1.,1.144237745222E-17,0.));
#6591=DIRECTION('',(0.,0.,1.));
#6592=DIRECTION('',(1.,-1.144237745222E-17,0.));
#6593=DIRECTION('center_axis',(-1.144237745222E-17,-1.,1.094764425254E-47));
#6594=DIRECTION('ref_axis',(-2.22044604925E-15,2.54071818078092E-32,-1.));
#6595=DIRECTION('',(0.155518033909023,-1.77949604460927E-18,0.987833053268148));
#6596=DIRECTION('center_axis',(1.144237745222E-17,1.,0.));
#6597=DIRECTION('ref_axis',(-0.98480775301219,1.12685420278381E-17,0.173648177667033));
#6598=DIRECTION('center_axis',(1.022886882533E-31,-6.310887241768E-27,-1.));
#6599=DIRECTION('ref_axis',(1.,1.217738924546E-16,1.02288688252532E-31));
#6600=DIRECTION('',(1.,-1.144237745222E-17,0.));
#6601=DIRECTION('center_axis',(1.144237745222E-17,1.,0.));
#6602=DIRECTION('ref_axis',(0.,0.,1.));
#6603=DIRECTION('center_axis',(1.144237745222E-17,1.,0.));
#6604=DIRECTION('ref_axis',(-0.98480775301219,1.12685420278381E-17,0.173648177667033));
#6605=DIRECTION('',(0.155518033909023,-1.77949604460927E-18,0.987833053268148));
#6606=DIRECTION('center_axis',(-1.144237745222E-17,-1.,1.094764425254E-47));
#6607=DIRECTION('ref_axis',(-2.22044604925E-15,2.54071818078092E-32,-1.));
#6608=DIRECTION('',(1.,-1.144237745222E-17,0.));
#6609=DIRECTION('',(0.,0.,1.));
#6610=DIRECTION('',(-1.,1.144237745222E-17,0.));
#6611=DIRECTION('center_axis',(1.144237745222E-17,1.,3.851859888774E-34));
#6612=DIRECTION('ref_axis',(0.98480775301219,-1.12685420278381E-17,-0.173648177667033));
#6613=DIRECTION('',(-0.155518033909023,1.77949604460927E-18,-0.987833053268148));
#6614=DIRECTION('center_axis',(-0.987833053268148,1.13031586552717E-17,
0.155518033909023));
#6615=DIRECTION('ref_axis',(-0.155518033909023,1.77949604460927E-18,-0.987833053268148));
#6616=DIRECTION('',(1.144237745222E-17,1.,0.));
#6617=DIRECTION('',(-0.155518033909023,1.77949604460927E-18,-0.987833053268148));
#6618=DIRECTION('center_axis',(1.144237745222E-17,1.,0.));
#6619=DIRECTION('ref_axis',(0.,0.,1.));
#6620=DIRECTION('center_axis',(1.144237745222E-17,1.,3.851859888774E-34));
#6621=DIRECTION('ref_axis',(0.98480775301219,-1.12685420278381E-17,-0.173648177667033));
#6622=DIRECTION('',(-1.,1.144237745222E-17,0.));
#6623=DIRECTION('',(0.,0.,1.));
#6624=DIRECTION('',(1.,-1.144237745222E-17,0.));
#6625=DIRECTION('center_axis',(-1.144237745222E-17,-1.,1.094764425254E-47));
#6626=DIRECTION('ref_axis',(-2.22044604925E-15,2.54071818078092E-32,-1.));
#6627=DIRECTION('',(0.155518033909023,-1.77949604460927E-18,0.987833053268148));
#6628=DIRECTION('center_axis',(1.144237745222E-17,1.,0.));
#6629=DIRECTION('ref_axis',(-0.98480775301219,1.12685420278381E-17,0.173648177667033));
#6630=DIRECTION('center_axis',(1.110223024625E-16,-1.,0.));
#6631=DIRECTION('ref_axis',(0.,0.,1.));
#6632=DIRECTION('center_axis',(1.110223024625E-16,-1.,0.));
#6633=DIRECTION('ref_axis',(0.98480775301219,1.09335624222334E-16,0.173648177667033));
#6634=DIRECTION('',(-0.155518033909023,-1.72659701989726E-17,0.987833053268148));
#6635=DIRECTION('center_axis',(-1.110223024625E-16,1.,0.));
#6636=DIRECTION('ref_axis',(2.22044604925E-15,2.46519032881497E-31,-1.));
#6637=DIRECTION('',(-1.,-1.110223024625E-16,0.));
#6638=DIRECTION('',(0.,0.,1.));
#6639=DIRECTION('',(1.,1.110223024625E-16,0.));
#6640=DIRECTION('center_axis',(1.110223024625E-16,-1.,0.));
#6641=DIRECTION('ref_axis',(-0.98480775301219,-1.09335624222334E-16,-0.173648177667033));
#6642=DIRECTION('',(0.155518033909023,1.72659701989726E-17,-0.987833053268148));
#6643=DIRECTION('center_axis',(0.987833053268148,1.09671500022416E-16,0.155518033909023));
#6644=DIRECTION('ref_axis',(0.155518033909023,1.72659701989726E-17,-0.987833053268148));
#6645=DIRECTION('',(1.110223024625E-16,-1.,0.));
#6646=DIRECTION('',(0.155518033909023,1.72659701989726E-17,-0.987833053268148));
#6647=DIRECTION('center_axis',(1.110223024625E-16,-1.,0.));
#6648=DIRECTION('ref_axis',(0.,0.,1.));
#6649=DIRECTION('center_axis',(1.110223024625E-16,-1.,0.));
#6650=DIRECTION('ref_axis',(-0.98480775301219,-1.09335624222334E-16,-0.173648177667033));
#6651=DIRECTION('',(1.,1.110223024625E-16,0.));
#6652=DIRECTION('',(0.,0.,1.));
#6653=DIRECTION('',(-1.,-1.110223024625E-16,0.));
#6654=DIRECTION('center_axis',(-1.110223024625E-16,1.,0.));
#6655=DIRECTION('ref_axis',(2.22044604925E-15,2.46519032881497E-31,-1.));
#6656=DIRECTION('',(-0.155518033909023,-1.72659701989726E-17,0.987833053268148));
#6657=DIRECTION('center_axis',(1.110223024625E-16,-1.,0.));
#6658=DIRECTION('ref_axis',(0.98480775301219,1.09335624222334E-16,0.173648177667033));
#6659=DIRECTION('center_axis',(-1.144237745222E-17,-1.,0.));
#6660=DIRECTION('ref_axis',(-0.98480775301219,1.12685420278381E-17,0.173648177667033));
#6661=DIRECTION('',(1.144237745222E-17,1.,0.));
#6662=DIRECTION('center_axis',(0.,0.,-1.));
#6663=DIRECTION('ref_axis',(1.,-1.144237745222E-17,0.));
#6664=DIRECTION('',(1.144237745222E-17,1.,0.));
#6665=DIRECTION('center_axis',(0.,0.,1.));
#6666=DIRECTION('ref_axis',(0.36901367924202,-0.92942396382505,0.));
#6667=DIRECTION('',(-0.707106781186548,0.707106781186548,0.));
#6668=DIRECTION('',(-1.,-1.110223024625E-16,0.));
#6669=DIRECTION('',(-0.707106781186548,-0.707106781186548,0.));
#6670=DIRECTION('center_axis',(0.,0.,-1.));
#6671=DIRECTION('ref_axis',(1.110223024625E-16,-1.,0.));
#6672=DIRECTION('center_axis',(0.699379129651723,0.699379129651722,-0.147436989982832));
#6673=DIRECTION('ref_axis',(-0.206277448965606,0.,-0.978493543181682));
#6674=DIRECTION('',(0.0694186808304366,0.138837361660873,0.987879159492096));
#6675=DIRECTION('center_axis',(-0.699379129651723,0.699379129651722,-0.147436989982832));
#6676=DIRECTION('ref_axis',(-0.206277448965606,0.,0.978493543181682));
#6677=DIRECTION('',(-0.0694186808304366,0.138837361660873,0.987879159492096));
#6678=DIRECTION('center_axis',(-1.110223024625E-16,1.,0.));
#6679=DIRECTION('ref_axis',(0.98480775301219,1.09335624222334E-16,0.173648177667033));
#6680=DIRECTION('',(1.110223024625E-16,-1.,0.));
#6681=DIRECTION('center_axis',(0.,0.990268068741466,-0.13917310096081));
#6682=DIRECTION('ref_axis',(0.,0.13917310096081,0.990268068741466));
#6683=DIRECTION('center_axis',(-1.144237745222E-17,-1.,0.));
#6684=DIRECTION('ref_axis',(-0.98480775301219,1.12685420278381E-17,0.173648177667033));
#6685=DIRECTION('',(1.144237745222E-17,1.,0.));
#6686=DIRECTION('center_axis',(0.987833053268148,-1.13031586552717E-17,
-0.155518033909023));
#6687=DIRECTION('ref_axis',(0.155518033909023,-1.77949604460927E-18,0.987833053268148));
#6688=DIRECTION('',(1.144237745222E-17,1.,0.));
#6689=DIRECTION('center_axis',(-1.144237745222E-17,-1.,0.));
#6690=DIRECTION('ref_axis',(-2.22044604925E-15,2.54071818078092E-32,-1.));
#6691=DIRECTION('',(1.144237745222E-17,1.,0.));
#6692=DIRECTION('center_axis',(0.,0.,-1.));
#6693=DIRECTION('ref_axis',(1.,-1.144237745222E-17,0.));
#6694=DIRECTION('',(1.144237745222E-17,1.,0.));
#6695=DIRECTION('center_axis',(1.,-1.144237745222E-17,0.));
#6696=DIRECTION('ref_axis',(0.,0.,1.));
#6697=DIRECTION('',(1.144237745222E-17,1.,0.));
#6698=DIRECTION('center_axis',(0.,0.,1.));
#6699=DIRECTION('ref_axis',(-1.,1.144237745222E-17,0.));
#6700=DIRECTION('',(1.144237745222E-17,1.,0.));
#6701=DIRECTION('center_axis',(-1.144237745222E-17,-1.,0.));
#6702=DIRECTION('ref_axis',(0.98480775301219,-1.12685420278381E-17,-0.173648177667033));
#6703=DIRECTION('center_axis',(0.987833053268148,-1.13031586552717E-17,
-0.155518033909023));
#6704=DIRECTION('ref_axis',(0.155518033909023,-1.77949604460927E-18,0.987833053268148));
#6705=DIRECTION('',(1.144237745222E-17,1.,0.));
#6706=DIRECTION('center_axis',(-1.144237745222E-17,-1.,0.));
#6707=DIRECTION('ref_axis',(-2.22044604925E-15,2.54071818078092E-32,-1.));
#6708=DIRECTION('',(1.144237745222E-17,1.,0.));
#6709=DIRECTION('center_axis',(0.,0.,-1.));
#6710=DIRECTION('ref_axis',(1.,-1.144237745222E-17,0.));
#6711=DIRECTION('',(1.144237745222E-17,1.,0.));
#6712=DIRECTION('center_axis',(1.,-1.144237745222E-17,0.));
#6713=DIRECTION('ref_axis',(0.,0.,1.));
#6714=DIRECTION('',(1.144237745222E-17,1.,0.));
#6715=DIRECTION('center_axis',(0.,0.,1.));
#6716=DIRECTION('ref_axis',(-1.,1.144237745222E-17,0.));
#6717=DIRECTION('',(1.144237745222E-17,1.,0.));
#6718=DIRECTION('center_axis',(-1.144237745222E-17,-1.,0.));
#6719=DIRECTION('ref_axis',(0.98480775301219,-1.12685420278381E-17,-0.173648177667033));
#6720=DIRECTION('center_axis',(-0.987833053268148,-1.09671500022416E-16,
-0.155518033909023));
#6721=DIRECTION('ref_axis',(-0.155518033909023,-1.72659701989726E-17,0.987833053268148));
#6722=DIRECTION('',(1.110223024625E-16,-1.,0.));
#6723=DIRECTION('center_axis',(-1.110223024625E-16,1.,0.));
#6724=DIRECTION('ref_axis',(2.22044604925E-15,2.46519032881497E-31,-1.));
#6725=DIRECTION('',(1.110223024625E-16,-1.,0.));
#6726=DIRECTION('center_axis',(0.,0.,-1.));
#6727=DIRECTION('ref_axis',(-1.,-1.110223024625E-16,0.));
#6728=DIRECTION('',(1.110223024625E-16,-1.,0.));
#6729=DIRECTION('center_axis',(-1.,-1.110223024625E-16,0.));
#6730=DIRECTION('ref_axis',(0.,0.,1.));
#6731=DIRECTION('',(1.110223024625E-16,-1.,0.));
#6732=DIRECTION('center_axis',(0.,0.,1.));
#6733=DIRECTION('ref_axis',(1.,1.110223024625E-16,0.));
#6734=DIRECTION('',(1.110223024625E-16,-1.,0.));
#6735=DIRECTION('center_axis',(-1.110223024625E-16,1.,0.));
#6736=DIRECTION('ref_axis',(-0.98480775301219,-1.09335624222334E-16,-0.173648177667033));
#6737=DIRECTION('center_axis',(0.,0.,-1.));
#6738=DIRECTION('ref_axis',(1.110223024625E-16,-1.,0.));
#6739=DIRECTION('',(0.,0.,1.));
#6740=DIRECTION('',(1.,0.,0.));
#6741=DIRECTION('axis',(0.,0.,1.));
#6742=DIRECTION('refdir',(1.,0.,0.));
#6743=DIRECTION('center_axis',(0.,-1.,0.));
#6744=DIRECTION('ref_axis',(-1.,0.,0.));
#6745=DIRECTION('',(0.,0.,1.));
#6746=DIRECTION('',(-1.,0.,0.));
#6747=DIRECTION('',(0.,0.,1.));
#6748=DIRECTION('',(-1.,0.,0.));
#6749=DIRECTION('center_axis',(1.,0.,0.));
#6750=DIRECTION('ref_axis',(0.,-1.,0.));
#6751=DIRECTION('',(0.,0.,1.));
#6752=DIRECTION('',(0.,-1.,0.));
#6753=DIRECTION('',(0.,-1.,0.));
#6754=DIRECTION('center_axis',(-1.,0.,0.));
#6755=DIRECTION('ref_axis',(0.,1.,0.));
#6756=DIRECTION('',(0.,1.,0.));
#6757=DIRECTION('',(0.,0.,1.));
#6758=DIRECTION('',(0.,1.,0.));
#6759=DIRECTION('center_axis',(0.,0.,1.));
#6760=DIRECTION('ref_axis',(1.,0.,0.));
#6761=DIRECTION('',(1.,0.,0.));
#6762=DIRECTION('center_axis',(0.,0.,-1.));
#6763=DIRECTION('ref_axis',(0.,-1.,0.));
#6764=DIRECTION('center_axis',(0.,0.,-1.));
#6765=DIRECTION('ref_axis',(0.,-1.,0.));
#6766=DIRECTION('center_axis',(0.,0.,-1.));
#6767=DIRECTION('ref_axis',(0.,-1.,0.));
#6768=DIRECTION('center_axis',(0.,0.,-1.));
#6769=DIRECTION('ref_axis',(0.,-1.,0.));
#6770=DIRECTION('center_axis',(0.,0.,-1.));
#6771=DIRECTION('ref_axis',(0.,-1.,0.));
#6772=DIRECTION('center_axis',(0.,0.,-1.));
#6773=DIRECTION('ref_axis',(0.,-1.,0.));
#6774=DIRECTION('center_axis',(0.,0.,-1.));
#6775=DIRECTION('ref_axis',(0.,-1.,0.));
#6776=DIRECTION('center_axis',(0.,0.,-1.));
#6777=DIRECTION('ref_axis',(0.,-1.,0.));
#6778=DIRECTION('center_axis',(0.,0.,-1.));
#6779=DIRECTION('ref_axis',(0.,-1.,0.));
#6780=DIRECTION('center_axis',(0.,0.,-1.));
#6781=DIRECTION('ref_axis',(0.,-1.,0.));
#6782=DIRECTION('center_axis',(0.,0.,-1.));
#6783=DIRECTION('ref_axis',(0.,-1.,0.));
#6784=DIRECTION('center_axis',(0.,0.,-1.));
#6785=DIRECTION('ref_axis',(0.,-1.,0.));
#6786=DIRECTION('center_axis',(0.,0.,-1.));
#6787=DIRECTION('ref_axis',(0.,-1.,0.));
#6788=DIRECTION('center_axis',(0.,0.,-1.));
#6789=DIRECTION('ref_axis',(0.,-1.,0.));
#6790=DIRECTION('center_axis',(0.,0.,-1.));
#6791=DIRECTION('ref_axis',(0.,-1.,0.));
#6792=DIRECTION('center_axis',(0.,0.,-1.));
#6793=DIRECTION('ref_axis',(0.,-1.,0.));
#6794=DIRECTION('center_axis',(0.,0.,-1.));
#6795=DIRECTION('ref_axis',(0.,-1.,0.));
#6796=DIRECTION('center_axis',(0.,0.,-1.));
#6797=DIRECTION('ref_axis',(0.,-1.,0.));
#6798=DIRECTION('center_axis',(0.,0.,-1.));
#6799=DIRECTION('ref_axis',(0.,-1.,0.));
#6800=DIRECTION('center_axis',(0.,0.,-1.));
#6801=DIRECTION('ref_axis',(0.,-1.,0.));
#6802=DIRECTION('center_axis',(0.,0.,-1.));
#6803=DIRECTION('ref_axis',(0.,-1.,0.));
#6804=DIRECTION('center_axis',(0.,0.,-1.));
#6805=DIRECTION('ref_axis',(0.,-1.,0.));
#6806=DIRECTION('center_axis',(0.,0.,-1.));
#6807=DIRECTION('ref_axis',(0.,-1.,0.));
#6808=DIRECTION('center_axis',(0.,0.,-1.));
#6809=DIRECTION('ref_axis',(0.,-1.,0.));
#6810=DIRECTION('center_axis',(0.,0.,-1.));
#6811=DIRECTION('ref_axis',(0.,-1.,0.));
#6812=DIRECTION('center_axis',(0.,0.,-1.));
#6813=DIRECTION('ref_axis',(0.,-1.,0.));
#6814=DIRECTION('center_axis',(0.,0.,-1.));
#6815=DIRECTION('ref_axis',(0.,-1.,0.));
#6816=DIRECTION('center_axis',(0.,0.,-1.));
#6817=DIRECTION('ref_axis',(0.,-1.,0.));
#6818=DIRECTION('center_axis',(0.,0.,-1.));
#6819=DIRECTION('ref_axis',(0.,-1.,0.));
#6820=DIRECTION('center_axis',(0.,0.,-1.));
#6821=DIRECTION('ref_axis',(0.,-1.,0.));
#6822=DIRECTION('center_axis',(0.,0.,-1.));
#6823=DIRECTION('ref_axis',(0.,-1.,0.));
#6824=DIRECTION('center_axis',(0.,0.,-1.));
#6825=DIRECTION('ref_axis',(0.,-1.,0.));
#6826=DIRECTION('center_axis',(0.,0.,-1.));
#6827=DIRECTION('ref_axis',(0.,-1.,0.));
#6828=DIRECTION('center_axis',(0.,0.,-1.));
#6829=DIRECTION('ref_axis',(0.,-1.,0.));
#6830=DIRECTION('center_axis',(0.,0.,-1.));
#6831=DIRECTION('ref_axis',(0.,-1.,0.));
#6832=DIRECTION('center_axis',(0.,0.,-1.));
#6833=DIRECTION('ref_axis',(0.,-1.,0.));
#6834=DIRECTION('center_axis',(0.,0.,-1.));
#6835=DIRECTION('ref_axis',(0.,-1.,0.));
#6836=DIRECTION('center_axis',(0.,0.,-1.));
#6837=DIRECTION('ref_axis',(0.,-1.,0.));
#6838=DIRECTION('center_axis',(0.,0.,-1.));
#6839=DIRECTION('ref_axis',(0.,-1.,0.));
#6840=DIRECTION('center_axis',(0.,0.,-1.));
#6841=DIRECTION('ref_axis',(0.,-1.,0.));
#6842=DIRECTION('center_axis',(0.,0.,-1.));
#6843=DIRECTION('ref_axis',(0.,-1.,0.));
#6844=DIRECTION('center_axis',(0.,0.,-1.));
#6845=DIRECTION('ref_axis',(0.,-1.,0.));
#6846=DIRECTION('',(1.,0.,0.));
#6847=DIRECTION('',(0.,1.,0.));
#6848=DIRECTION('',(-1.,0.,0.));
#6849=DIRECTION('',(0.,-1.,0.));
#6850=DIRECTION('center_axis',(0.,0.,-1.));
#6851=DIRECTION('ref_axis',(0.,-1.,0.));
#6852=DIRECTION('center_axis',(0.,0.,-1.));
#6853=DIRECTION('ref_axis',(0.,-1.,0.));
#6854=DIRECTION('center_axis',(0.,0.,-1.));
#6855=DIRECTION('ref_axis',(0.,-1.,0.));
#6856=DIRECTION('center_axis',(0.,0.,-1.));
#6857=DIRECTION('ref_axis',(0.,-1.,0.));
#6858=DIRECTION('center_axis',(0.,0.,-1.));
#6859=DIRECTION('ref_axis',(0.,-1.,0.));
#6860=DIRECTION('center_axis',(0.,0.,-1.));
#6861=DIRECTION('ref_axis',(0.,1.,0.));
#6862=DIRECTION('',(-1.,0.,0.));
#6863=DIRECTION('center_axis',(0.,0.,-1.));
#6864=DIRECTION('ref_axis',(0.,-1.,0.));
#6865=DIRECTION('',(1.,0.,0.));
#6866=DIRECTION('center_axis',(0.,0.,-1.));
#6867=DIRECTION('ref_axis',(0.,-1.,0.));
#6868=DIRECTION('center_axis',(0.,0.,-1.));
#6869=DIRECTION('ref_axis',(0.,-1.,0.));
#6870=DIRECTION('center_axis',(0.,0.,-1.));
#6871=DIRECTION('ref_axis',(0.,-1.,0.));
#6872=DIRECTION('center_axis',(0.,0.,-1.));
#6873=DIRECTION('ref_axis',(0.,1.,0.));
#6874=DIRECTION('',(-1.,0.,0.));
#6875=DIRECTION('center_axis',(0.,0.,-1.));
#6876=DIRECTION('ref_axis',(0.,-1.,0.));
#6877=DIRECTION('',(1.,0.,0.));
#6878=DIRECTION('center_axis',(0.,0.,-1.));
#6879=DIRECTION('ref_axis',(0.,-1.,0.));
#6880=DIRECTION('center_axis',(0.,0.,-1.));
#6881=DIRECTION('ref_axis',(0.,-1.,0.));
#6882=DIRECTION('center_axis',(0.,0.,-1.));
#6883=DIRECTION('ref_axis',(0.,-1.,0.));
#6884=DIRECTION('center_axis',(0.,0.,-1.));
#6885=DIRECTION('ref_axis',(0.,-1.,0.));
#6886=DIRECTION('center_axis',(0.,0.,1.));
#6887=DIRECTION('ref_axis',(1.,0.,0.));
#6888=DIRECTION('',(1.,0.,0.));
#6889=DIRECTION('center_axis',(0.,0.,-1.));
#6890=DIRECTION('ref_axis',(0.,-1.,0.));
#6891=DIRECTION('center_axis',(0.,0.,-1.));
#6892=DIRECTION('ref_axis',(0.,-1.,0.));
#6893=DIRECTION('center_axis',(0.,0.,-1.));
#6894=DIRECTION('ref_axis',(0.,-1.,0.));
#6895=DIRECTION('center_axis',(0.,0.,-1.));
#6896=DIRECTION('ref_axis',(0.,-1.,0.));
#6897=DIRECTION('center_axis',(0.,0.,-1.));
#6898=DIRECTION('ref_axis',(0.,-1.,0.));
#6899=DIRECTION('center_axis',(0.,0.,-1.));
#6900=DIRECTION('ref_axis',(0.,-1.,0.));
#6901=DIRECTION('center_axis',(0.,0.,-1.));
#6902=DIRECTION('ref_axis',(0.,-1.,0.));
#6903=DIRECTION('center_axis',(0.,0.,-1.));
#6904=DIRECTION('ref_axis',(0.,-1.,0.));
#6905=DIRECTION('center_axis',(0.,0.,-1.));
#6906=DIRECTION('ref_axis',(0.,-1.,0.));
#6907=DIRECTION('center_axis',(0.,0.,-1.));
#6908=DIRECTION('ref_axis',(0.,-1.,0.));
#6909=DIRECTION('center_axis',(0.,0.,-1.));
#6910=DIRECTION('ref_axis',(0.,-1.,0.));
#6911=DIRECTION('center_axis',(0.,0.,-1.));
#6912=DIRECTION('ref_axis',(0.,-1.,0.));
#6913=DIRECTION('center_axis',(0.,0.,-1.));
#6914=DIRECTION('ref_axis',(0.,-1.,0.));
#6915=DIRECTION('center_axis',(0.,0.,-1.));
#6916=DIRECTION('ref_axis',(0.,-1.,0.));
#6917=DIRECTION('center_axis',(0.,0.,-1.));
#6918=DIRECTION('ref_axis',(0.,-1.,0.));
#6919=DIRECTION('center_axis',(0.,0.,-1.));
#6920=DIRECTION('ref_axis',(0.,-1.,0.));
#6921=DIRECTION('center_axis',(0.,0.,-1.));
#6922=DIRECTION('ref_axis',(0.,-1.,0.));
#6923=DIRECTION('center_axis',(0.,0.,-1.));
#6924=DIRECTION('ref_axis',(0.,-1.,0.));
#6925=DIRECTION('center_axis',(0.,0.,-1.));
#6926=DIRECTION('ref_axis',(0.,-1.,0.));
#6927=DIRECTION('center_axis',(0.,0.,-1.));
#6928=DIRECTION('ref_axis',(0.,-1.,0.));
#6929=DIRECTION('center_axis',(0.,0.,-1.));
#6930=DIRECTION('ref_axis',(0.,-1.,0.));
#6931=DIRECTION('center_axis',(0.,0.,-1.));
#6932=DIRECTION('ref_axis',(0.,-1.,0.));
#6933=DIRECTION('center_axis',(0.,0.,-1.));
#6934=DIRECTION('ref_axis',(0.,-1.,0.));
#6935=DIRECTION('center_axis',(0.,0.,-1.));
#6936=DIRECTION('ref_axis',(0.,-1.,0.));
#6937=DIRECTION('center_axis',(0.,0.,-1.));
#6938=DIRECTION('ref_axis',(0.,-1.,0.));
#6939=DIRECTION('center_axis',(0.,0.,-1.));
#6940=DIRECTION('ref_axis',(0.,-1.,0.));
#6941=DIRECTION('center_axis',(0.,0.,-1.));
#6942=DIRECTION('ref_axis',(0.,-1.,0.));
#6943=DIRECTION('center_axis',(0.,0.,-1.));
#6944=DIRECTION('ref_axis',(0.,-1.,0.));
#6945=DIRECTION('center_axis',(0.,0.,-1.));
#6946=DIRECTION('ref_axis',(0.,-1.,0.));
#6947=DIRECTION('center_axis',(0.,0.,-1.));
#6948=DIRECTION('ref_axis',(0.,-1.,0.));
#6949=DIRECTION('center_axis',(0.,0.,-1.));
#6950=DIRECTION('ref_axis',(0.,-1.,0.));
#6951=DIRECTION('center_axis',(0.,0.,-1.));
#6952=DIRECTION('ref_axis',(0.,-1.,0.));
#6953=DIRECTION('center_axis',(0.,0.,-1.));
#6954=DIRECTION('ref_axis',(0.,-1.,0.));
#6955=DIRECTION('center_axis',(0.,0.,-1.));
#6956=DIRECTION('ref_axis',(0.,-1.,0.));
#6957=DIRECTION('center_axis',(0.,0.,-1.));
#6958=DIRECTION('ref_axis',(0.,-1.,0.));
#6959=DIRECTION('center_axis',(0.,0.,-1.));
#6960=DIRECTION('ref_axis',(0.,-1.,0.));
#6961=DIRECTION('center_axis',(0.,0.,-1.));
#6962=DIRECTION('ref_axis',(0.,-1.,0.));
#6963=DIRECTION('center_axis',(0.,0.,-1.));
#6964=DIRECTION('ref_axis',(0.,-1.,0.));
#6965=DIRECTION('center_axis',(0.,0.,-1.));
#6966=DIRECTION('ref_axis',(0.,-1.,0.));
#6967=DIRECTION('center_axis',(0.,0.,-1.));
#6968=DIRECTION('ref_axis',(0.,-1.,0.));
#6969=DIRECTION('center_axis',(0.,0.,-1.));
#6970=DIRECTION('ref_axis',(0.,-1.,0.));
#6971=DIRECTION('center_axis',(0.,0.,-1.));
#6972=DIRECTION('ref_axis',(0.,-1.,0.));
#6973=DIRECTION('',(1.,0.,0.));
#6974=DIRECTION('',(0.,-1.,0.));
#6975=DIRECTION('',(-1.,0.,0.));
#6976=DIRECTION('',(0.,1.,0.));
#6977=DIRECTION('center_axis',(0.,0.,-1.));
#6978=DIRECTION('ref_axis',(0.,-1.,0.));
#6979=DIRECTION('center_axis',(0.,0.,-1.));
#6980=DIRECTION('ref_axis',(0.,-1.,0.));
#6981=DIRECTION('center_axis',(0.,0.,-1.));
#6982=DIRECTION('ref_axis',(0.,-1.,0.));
#6983=DIRECTION('center_axis',(0.,0.,-1.));
#6984=DIRECTION('ref_axis',(0.,-1.,0.));
#6985=DIRECTION('center_axis',(0.,0.,-1.));
#6986=DIRECTION('ref_axis',(0.,-1.,0.));
#6987=DIRECTION('center_axis',(0.,0.,-1.));
#6988=DIRECTION('ref_axis',(0.,1.,0.));
#6989=DIRECTION('',(1.,0.,0.));
#6990=DIRECTION('center_axis',(0.,0.,-1.));
#6991=DIRECTION('ref_axis',(0.,-1.,0.));
#6992=DIRECTION('',(-1.,0.,0.));
#6993=DIRECTION('center_axis',(0.,0.,-1.));
#6994=DIRECTION('ref_axis',(0.,-1.,0.));
#6995=DIRECTION('center_axis',(0.,0.,-1.));
#6996=DIRECTION('ref_axis',(0.,-1.,0.));
#6997=DIRECTION('center_axis',(0.,0.,-1.));
#6998=DIRECTION('ref_axis',(0.,-1.,0.));
#6999=DIRECTION('center_axis',(0.,0.,-1.));
#7000=DIRECTION('ref_axis',(0.,1.,0.));
#7001=DIRECTION('',(1.,0.,0.));
#7002=DIRECTION('center_axis',(0.,0.,-1.));
#7003=DIRECTION('ref_axis',(0.,-1.,0.));
#7004=DIRECTION('',(-1.,0.,0.));
#7005=DIRECTION('center_axis',(0.,0.,-1.));
#7006=DIRECTION('ref_axis',(0.,-1.,0.));
#7007=DIRECTION('center_axis',(0.,0.,-1.));
#7008=DIRECTION('ref_axis',(0.,-1.,0.));
#7009=DIRECTION('center_axis',(0.,0.,-1.));
#7010=DIRECTION('ref_axis',(0.,-1.,0.));
#7011=DIRECTION('center_axis',(0.,0.,-1.));
#7012=DIRECTION('ref_axis',(0.,-1.,0.));
#7013=DIRECTION('center_axis',(0.,1.,0.));
#7014=DIRECTION('ref_axis',(1.,0.,0.));
#7015=DIRECTION('center_axis',(0.,0.,-1.));
#7016=DIRECTION('ref_axis',(0.,-1.,0.));
#7017=DIRECTION('',(0.,0.,-1.));
#7018=DIRECTION('center_axis',(0.,0.,-1.));
#7019=DIRECTION('ref_axis',(0.,-1.,0.));
#7020=DIRECTION('',(0.,0.,-1.));
#7021=DIRECTION('center_axis',(0.,0.,-1.));
#7022=DIRECTION('ref_axis',(0.,-1.,0.));
#7023=DIRECTION('',(0.,0.,-1.));
#7024=DIRECTION('center_axis',(0.,0.,-1.));
#7025=DIRECTION('ref_axis',(0.,-1.,0.));
#7026=DIRECTION('',(0.,0.,-1.));
#7027=DIRECTION('center_axis',(0.,0.,-1.));
#7028=DIRECTION('ref_axis',(0.,-1.,0.));
#7029=DIRECTION('',(0.,0.,-1.));
#7030=DIRECTION('center_axis',(0.,0.,-1.));
#7031=DIRECTION('ref_axis',(0.,-1.,0.));
#7032=DIRECTION('',(0.,0.,-1.));
#7033=DIRECTION('center_axis',(0.,0.,-1.));
#7034=DIRECTION('ref_axis',(0.,-1.,0.));
#7035=DIRECTION('',(0.,0.,-1.));
#7036=DIRECTION('center_axis',(0.,0.,-1.));
#7037=DIRECTION('ref_axis',(0.,-1.,0.));
#7038=DIRECTION('',(0.,0.,-1.));
#7039=DIRECTION('center_axis',(0.,0.,-1.));
#7040=DIRECTION('ref_axis',(0.,-1.,0.));
#7041=DIRECTION('',(0.,0.,-1.));
#7042=DIRECTION('center_axis',(0.,0.,-1.));
#7043=DIRECTION('ref_axis',(0.,-1.,0.));
#7044=DIRECTION('',(0.,0.,-1.));
#7045=DIRECTION('center_axis',(0.,0.,-1.));
#7046=DIRECTION('ref_axis',(0.,-1.,0.));
#7047=DIRECTION('',(0.,0.,-1.));
#7048=DIRECTION('center_axis',(0.,0.,-1.));
#7049=DIRECTION('ref_axis',(0.,-1.,0.));
#7050=DIRECTION('',(0.,0.,-1.));
#7051=DIRECTION('center_axis',(0.,0.,-1.));
#7052=DIRECTION('ref_axis',(0.,-1.,0.));
#7053=DIRECTION('',(0.,0.,-1.));
#7054=DIRECTION('center_axis',(0.,0.,-1.));
#7055=DIRECTION('ref_axis',(0.,-1.,0.));
#7056=DIRECTION('',(0.,0.,-1.));
#7057=DIRECTION('center_axis',(0.,0.,-1.));
#7058=DIRECTION('ref_axis',(0.,-1.,0.));
#7059=DIRECTION('',(0.,0.,-1.));
#7060=DIRECTION('center_axis',(0.,0.,-1.));
#7061=DIRECTION('ref_axis',(0.,-1.,0.));
#7062=DIRECTION('',(0.,0.,-1.));
#7063=DIRECTION('center_axis',(0.,0.,-1.));
#7064=DIRECTION('ref_axis',(0.,-1.,0.));
#7065=DIRECTION('',(0.,0.,-1.));
#7066=DIRECTION('center_axis',(0.,0.,-1.));
#7067=DIRECTION('ref_axis',(0.,-1.,0.));
#7068=DIRECTION('',(0.,0.,-1.));
#7069=DIRECTION('center_axis',(0.,0.,-1.));
#7070=DIRECTION('ref_axis',(0.,-1.,0.));
#7071=DIRECTION('',(0.,0.,-1.));
#7072=DIRECTION('center_axis',(0.,0.,-1.));
#7073=DIRECTION('ref_axis',(0.,-1.,0.));
#7074=DIRECTION('',(0.,0.,-1.));
#7075=DIRECTION('center_axis',(0.,0.,-1.));
#7076=DIRECTION('ref_axis',(0.,-1.,0.));
#7077=DIRECTION('',(0.,0.,-1.));
#7078=DIRECTION('center_axis',(0.,0.,-1.));
#7079=DIRECTION('ref_axis',(0.,-1.,0.));
#7080=DIRECTION('',(0.,0.,-1.));
#7081=DIRECTION('center_axis',(0.,0.,-1.));
#7082=DIRECTION('ref_axis',(0.,-1.,0.));
#7083=DIRECTION('',(0.,0.,-1.));
#7084=DIRECTION('center_axis',(0.,0.,-1.));
#7085=DIRECTION('ref_axis',(0.,-1.,0.));
#7086=DIRECTION('',(0.,0.,-1.));
#7087=DIRECTION('center_axis',(0.,0.,-1.));
#7088=DIRECTION('ref_axis',(0.,-1.,0.));
#7089=DIRECTION('',(0.,0.,-1.));
#7090=DIRECTION('center_axis',(0.,0.,-1.));
#7091=DIRECTION('ref_axis',(0.,-1.,0.));
#7092=DIRECTION('',(0.,0.,-1.));
#7093=DIRECTION('center_axis',(0.,0.,-1.));
#7094=DIRECTION('ref_axis',(0.,-1.,0.));
#7095=DIRECTION('',(0.,0.,-1.));
#7096=DIRECTION('center_axis',(0.,0.,-1.));
#7097=DIRECTION('ref_axis',(0.,-1.,0.));
#7098=DIRECTION('',(0.,0.,-1.));
#7099=DIRECTION('center_axis',(0.,0.,-1.));
#7100=DIRECTION('ref_axis',(0.,-1.,0.));
#7101=DIRECTION('',(0.,0.,-1.));
#7102=DIRECTION('center_axis',(0.,0.,-1.));
#7103=DIRECTION('ref_axis',(0.,-1.,0.));
#7104=DIRECTION('',(0.,0.,-1.));
#7105=DIRECTION('center_axis',(0.,0.,-1.));
#7106=DIRECTION('ref_axis',(0.,-1.,0.));
#7107=DIRECTION('',(0.,0.,-1.));
#7108=DIRECTION('center_axis',(0.,0.,-1.));
#7109=DIRECTION('ref_axis',(0.,-1.,0.));
#7110=DIRECTION('',(0.,0.,-1.));
#7111=DIRECTION('center_axis',(0.,0.,-1.));
#7112=DIRECTION('ref_axis',(0.,-1.,0.));
#7113=DIRECTION('',(0.,0.,-1.));
#7114=DIRECTION('center_axis',(0.,0.,-1.));
#7115=DIRECTION('ref_axis',(0.,-1.,0.));
#7116=DIRECTION('',(0.,0.,-1.));
#7117=DIRECTION('center_axis',(0.,0.,-1.));
#7118=DIRECTION('ref_axis',(0.,-1.,0.));
#7119=DIRECTION('',(0.,0.,-1.));
#7120=DIRECTION('center_axis',(0.,0.,-1.));
#7121=DIRECTION('ref_axis',(0.,-1.,0.));
#7122=DIRECTION('',(0.,0.,-1.));
#7123=DIRECTION('center_axis',(0.,0.,-1.));
#7124=DIRECTION('ref_axis',(0.,-1.,0.));
#7125=DIRECTION('',(0.,0.,-1.));
#7126=DIRECTION('center_axis',(0.,0.,-1.));
#7127=DIRECTION('ref_axis',(0.,-1.,0.));
#7128=DIRECTION('',(0.,0.,-1.));
#7129=DIRECTION('center_axis',(0.,0.,-1.));
#7130=DIRECTION('ref_axis',(0.,-1.,0.));
#7131=DIRECTION('',(0.,0.,-1.));
#7132=DIRECTION('center_axis',(0.,0.,-1.));
#7133=DIRECTION('ref_axis',(0.,-1.,0.));
#7134=DIRECTION('',(0.,0.,-1.));
#7135=DIRECTION('center_axis',(0.,0.,-1.));
#7136=DIRECTION('ref_axis',(0.,-1.,0.));
#7137=DIRECTION('',(0.,0.,-1.));
#7138=DIRECTION('center_axis',(0.,0.,-1.));
#7139=DIRECTION('ref_axis',(0.,-1.,0.));
#7140=DIRECTION('',(0.,0.,-1.));
#7141=DIRECTION('center_axis',(0.,1.,0.));
#7142=DIRECTION('ref_axis',(1.,0.,0.));
#7143=DIRECTION('',(0.,0.,1.));
#7144=DIRECTION('',(0.,0.,1.));
#7145=DIRECTION('center_axis',(1.,0.,0.));
#7146=DIRECTION('ref_axis',(0.,-1.,0.));
#7147=DIRECTION('',(0.,0.,1.));
#7148=DIRECTION('center_axis',(-1.,0.,0.));
#7149=DIRECTION('ref_axis',(0.,1.,0.));
#7150=DIRECTION('',(0.,0.,1.));
#7151=DIRECTION('center_axis',(0.,-1.,0.));
#7152=DIRECTION('ref_axis',(-1.,0.,0.));
#7153=DIRECTION('center_axis',(0.,0.,-1.));
#7154=DIRECTION('ref_axis',(0.,-1.,0.));
#7155=DIRECTION('',(0.,0.,-1.));
#7156=DIRECTION('center_axis',(0.,0.,-1.));
#7157=DIRECTION('ref_axis',(0.,-1.,0.));
#7158=DIRECTION('',(0.,0.,-1.));
#7159=DIRECTION('center_axis',(0.,0.,-1.));
#7160=DIRECTION('ref_axis',(0.,-1.,0.));
#7161=DIRECTION('',(0.,0.,-1.));
#7162=DIRECTION('center_axis',(0.,0.,-1.));
#7163=DIRECTION('ref_axis',(0.,-1.,0.));
#7164=DIRECTION('',(0.,0.,-1.));
#7165=DIRECTION('center_axis',(0.,0.,-1.));
#7166=DIRECTION('ref_axis',(0.,-1.,0.));
#7167=DIRECTION('',(0.,0.,-1.));
#7168=DIRECTION('center_axis',(0.,0.,-1.));
#7169=DIRECTION('ref_axis',(0.,1.,0.));
#7170=DIRECTION('',(0.,0.,1.));
#7171=DIRECTION('',(0.,0.,1.));
#7172=DIRECTION('center_axis',(0.,1.,0.));
#7173=DIRECTION('ref_axis',(1.,0.,0.));
#7174=DIRECTION('',(0.,0.,1.));
#7175=DIRECTION('center_axis',(0.,0.,-1.));
#7176=DIRECTION('ref_axis',(0.,-1.,0.));
#7177=DIRECTION('',(0.,0.,1.));
#7178=DIRECTION('center_axis',(0.,-1.,0.));
#7179=DIRECTION('ref_axis',(-1.,0.,0.));
#7180=DIRECTION('center_axis',(0.,0.,-1.));
#7181=DIRECTION('ref_axis',(0.,-1.,0.));
#7182=DIRECTION('',(0.,0.,-1.));
#7183=DIRECTION('center_axis',(0.,0.,-1.));
#7184=DIRECTION('ref_axis',(0.,-1.,0.));
#7185=DIRECTION('',(0.,0.,-1.));
#7186=DIRECTION('center_axis',(0.,0.,-1.));
#7187=DIRECTION('ref_axis',(0.,-1.,0.));
#7188=DIRECTION('',(0.,0.,-1.));
#7189=DIRECTION('center_axis',(0.,0.,-1.));
#7190=DIRECTION('ref_axis',(0.,1.,0.));
#7191=DIRECTION('',(0.,0.,1.));
#7192=DIRECTION('',(0.,0.,1.));
#7193=DIRECTION('center_axis',(0.,1.,0.));
#7194=DIRECTION('ref_axis',(1.,0.,0.));
#7195=DIRECTION('',(0.,0.,1.));
#7196=DIRECTION('center_axis',(0.,0.,-1.));
#7197=DIRECTION('ref_axis',(0.,-1.,0.));
#7198=DIRECTION('',(0.,0.,1.));
#7199=DIRECTION('center_axis',(0.,-1.,0.));
#7200=DIRECTION('ref_axis',(-1.,0.,0.));
#7201=DIRECTION('center_axis',(0.,0.,-1.));
#7202=DIRECTION('ref_axis',(0.,-1.,0.));
#7203=DIRECTION('',(0.,0.,-1.));
#7204=DIRECTION('center_axis',(0.,0.,-1.));
#7205=DIRECTION('ref_axis',(0.,-1.,0.));
#7206=DIRECTION('',(0.,0.,-1.));
#7207=DIRECTION('center_axis',(0.,0.,-1.));
#7208=DIRECTION('ref_axis',(0.,-1.,0.));
#7209=DIRECTION('',(0.,0.,-1.));
#7210=DIRECTION('center_axis',(0.,0.,-1.));
#7211=DIRECTION('ref_axis',(0.,-1.,0.));
#7212=DIRECTION('',(0.,0.,-1.));
#7213=DIRECTION('axis',(0.,0.,1.));
#7214=DIRECTION('refdir',(1.,0.,0.));
#7215=DIRECTION('axis',(0.,0.,1.));
#7216=DIRECTION('refdir',(1.,0.,0.));
#7217=DIRECTION('center_axis',(1.,0.,0.));
#7218=DIRECTION('ref_axis',(0.,0.,1.));
#7219=DIRECTION('',(0.,0.,1.));
#7220=DIRECTION('',(0.,1.,0.));
#7221=DIRECTION('',(0.,0.,1.));
#7222=DIRECTION('',(0.,1.,0.));
#7223=DIRECTION('center_axis',(0.,1.,0.));
#7224=DIRECTION('ref_axis',(0.,0.,1.));
#7225=DIRECTION('',(1.,0.,0.));
#7226=DIRECTION('center_axis',(0.,1.,0.));
#7227=DIRECTION('ref_axis',(0.,0.,1.));
#7228=DIRECTION('',(1.,0.,0.));
#7229=DIRECTION('',(0.,0.,1.));
#7230=DIRECTION('',(1.,0.,0.));
#7231=DIRECTION('center_axis',(0.,-1.,0.));
#7232=DIRECTION('ref_axis',(0.,0.,1.));
#7233=DIRECTION('',(1.,0.,0.));
#7234=DIRECTION('center_axis',(0.,1.,0.));
#7235=DIRECTION('ref_axis',(0.,0.,1.));
#7236=DIRECTION('center_axis',(0.,-1.,0.));
#7237=DIRECTION('ref_axis',(0.,0.,1.));
#7238=DIRECTION('center_axis',(0.,1.,0.));
#7239=DIRECTION('ref_axis',(-1.,0.,0.));
#7240=DIRECTION('center_axis',(0.,-1.,0.));
#7241=DIRECTION('ref_axis',(0.,0.,1.));
#7242=DIRECTION('',(0.,1.,0.));
#7243=DIRECTION('center_axis',(0.,1.,0.));
#7244=DIRECTION('ref_axis',(-1.,0.,0.));
#7245=DIRECTION('',(0.,1.,0.));
#7246=DIRECTION('center_axis',(0.,1.,0.));
#7247=DIRECTION('ref_axis',(0.,0.,1.));
#7248=DIRECTION('center_axis',(0.,1.,0.));
#7249=DIRECTION('ref_axis',(0.,0.,1.));
#7250=DIRECTION('',(1.,0.,0.));
#7251=DIRECTION('',(1.,0.,0.));
#7252=DIRECTION('center_axis',(0.,-1.,0.));
#7253=DIRECTION('ref_axis',(0.,0.,1.));
#7254=DIRECTION('',(1.,0.,0.));
#7255=DIRECTION('',(0.,0.,1.));
#7256=DIRECTION('',(1.,0.,0.));
#7257=DIRECTION('center_axis',(0.,1.,0.));
#7258=DIRECTION('ref_axis',(0.,0.,1.));
#7259=DIRECTION('center_axis',(0.,0.,1.));
#7260=DIRECTION('ref_axis',(1.,0.,0.));
#7261=DIRECTION('',(0.,1.,0.));
#7262=DIRECTION('center_axis',(0.,1.,0.));
#7263=DIRECTION('ref_axis',(1.,0.,0.));
#7264=DIRECTION('',(0.,1.,0.));
#7265=DIRECTION('center_axis',(0.,1.,0.));
#7266=DIRECTION('ref_axis',(0.,0.,1.));
#7267=DIRECTION('',(1.,0.,0.));
#7268=DIRECTION('',(1.,0.,0.));
#7269=DIRECTION('',(0.,0.,1.));
#7270=DIRECTION('',(1.,0.,0.));
#7271=DIRECTION('',(1.,0.,0.));
#7272=DIRECTION('center_axis',(0.,0.,1.));
#7273=DIRECTION('ref_axis',(1.,0.,0.));
#7274=DIRECTION('',(0.,1.,0.));
#7275=DIRECTION('center_axis',(0.,1.,0.));
#7276=DIRECTION('ref_axis',(1.,0.,0.));
#7277=DIRECTION('',(0.,1.,0.));
#7278=DIRECTION('center_axis',(0.,1.,0.));
#7279=DIRECTION('ref_axis',(0.,0.,1.));
#7280=DIRECTION('',(1.,0.,0.));
#7281=DIRECTION('',(1.,0.,0.));
#7282=DIRECTION('',(0.,0.,1.));
#7283=DIRECTION('',(1.,0.,0.));
#7284=DIRECTION('',(1.,0.,0.));
#7285=DIRECTION('center_axis',(0.,0.,1.));
#7286=DIRECTION('ref_axis',(1.,0.,0.));
#7287=DIRECTION('',(0.,1.,0.));
#7288=DIRECTION('center_axis',(0.,1.,0.));
#7289=DIRECTION('ref_axis',(0.,0.,1.));
#7290=DIRECTION('',(1.,0.,0.));
#7291=DIRECTION('center_axis',(0.,1.,0.));
#7292=DIRECTION('ref_axis',(0.,0.,1.));
#7293=DIRECTION('',(0.,0.,1.));
#7294=DIRECTION('center_axis',(0.,-1.,0.));
#7295=DIRECTION('ref_axis',(0.,0.,1.));
#7296=DIRECTION('',(1.,0.,0.));
#7297=DIRECTION('center_axis',(0.,1.,0.));
#7298=DIRECTION('ref_axis',(0.,0.,1.));
#7299=DIRECTION('center_axis',(0.,-1.,0.));
#7300=DIRECTION('ref_axis',(0.,0.,1.));
#7301=DIRECTION('center_axis',(0.,1.,0.));
#7302=DIRECTION('ref_axis',(0.,0.,1.));
#7303=DIRECTION('',(0.,0.,1.));
#7304=DIRECTION('',(1.,0.,0.));
#7305=DIRECTION('',(0.,0.,1.));
#7306=DIRECTION('center_axis',(1.,0.,0.));
#7307=DIRECTION('ref_axis',(0.,0.,1.));
#7308=DIRECTION('',(0.,1.,0.));
#7309=DIRECTION('',(0.,0.,1.));
#7310=DIRECTION('center_axis',(0.,1.,0.));
#7311=DIRECTION('ref_axis',(0.,0.,1.));
#7312=DIRECTION('',(1.,0.,0.));
#7313=DIRECTION('center_axis',(0.,-1.,0.));
#7314=DIRECTION('ref_axis',(0.,0.,1.));
#7315=DIRECTION('center_axis',(0.,1.,0.));
#7316=DIRECTION('ref_axis',(0.,0.,1.));
#7317=DIRECTION('',(1.,0.,0.));
#7318=DIRECTION('center_axis',(0.,-1.,0.));
#7319=DIRECTION('ref_axis',(0.,0.,1.));
#7320=DIRECTION('',(0.,0.,1.));
#7321=DIRECTION('center_axis',(0.,1.,0.));
#7322=DIRECTION('ref_axis',(0.,0.,1.));
#7323=DIRECTION('center_axis',(0.,1.,0.));
#7324=DIRECTION('ref_axis',(0.,0.,1.));
#7325=DIRECTION('',(1.,0.,0.));
#7326=DIRECTION('',(0.,0.,1.));
#7327=DIRECTION('center_axis',(0.,1.,0.));
#7328=DIRECTION('ref_axis',(-1.,0.,0.));
#7329=DIRECTION('',(0.,1.,0.));
#7330=DIRECTION('center_axis',(0.,0.,1.));
#7331=DIRECTION('ref_axis',(1.,0.,0.));
#7332=DIRECTION('',(0.,1.,0.));
#7333=DIRECTION('center_axis',(0.,1.,0.));
#7334=DIRECTION('ref_axis',(1.,0.,0.));
#7335=DIRECTION('',(0.,1.,0.));
#7336=DIRECTION('center_axis',(1.,0.,0.));
#7337=DIRECTION('ref_axis',(0.,0.,1.));
#7338=DIRECTION('',(0.,1.,0.));
#7339=DIRECTION('center_axis',(0.,1.,0.));
#7340=DIRECTION('ref_axis',(1.,0.,0.));
#7341=DIRECTION('',(0.,1.,0.));
#7342=DIRECTION('center_axis',(0.,0.,1.));
#7343=DIRECTION('ref_axis',(1.,0.,0.));
#7344=DIRECTION('',(0.,1.,0.));
#7345=DIRECTION('center_axis',(0.,1.,0.));
#7346=DIRECTION('ref_axis',(-1.,0.,0.));
#7347=DIRECTION('',(0.,1.,0.));
#7348=DIRECTION('center_axis',(1.,0.,0.));
#7349=DIRECTION('ref_axis',(0.,0.,1.));
#7350=DIRECTION('',(0.,1.,0.));
#7351=DIRECTION('center_axis',(0.,0.,1.));
#7352=DIRECTION('ref_axis',(1.,0.,0.));
#7353=DIRECTION('',(0.,0.,1.));
#7354=DIRECTION('',(1.,0.,0.));
#7355=DIRECTION('axis',(0.,0.,1.));
#7356=DIRECTION('refdir',(1.,0.,0.));
#7357=DIRECTION('axis',(0.,0.,1.));
#7358=DIRECTION('refdir',(1.,0.,0.));
#7359=DIRECTION('center_axis',(1.,0.,0.));
#7360=DIRECTION('ref_axis',(0.,0.,1.));
#7361=DIRECTION('',(0.,0.,1.));
#7362=DIRECTION('center_axis',(-1.,0.,0.));
#7363=DIRECTION('ref_axis',(0.,0.,1.));
#7364=DIRECTION('',(0.,1.,0.));
#7365=DIRECTION('center_axis',(1.,0.,0.));
#7366=DIRECTION('ref_axis',(0.,0.,1.));
#7367=DIRECTION('',(0.,0.,1.));
#7368=DIRECTION('center_axis',(-1.,0.,0.));
#7369=DIRECTION('ref_axis',(0.,0.,1.));
#7370=DIRECTION('',(0.,1.,0.));
#7371=DIRECTION('center_axis',(1.,0.,0.));
#7372=DIRECTION('ref_axis',(0.,0.,1.));
#7373=DIRECTION('center_axis',(0.,1.,0.));
#7374=DIRECTION('ref_axis',(0.,0.,1.));
#7375=DIRECTION('',(0.,0.,1.));
#7376=DIRECTION('',(1.,0.,0.));
#7377=DIRECTION('',(1.,0.,0.));
#7378=DIRECTION('center_axis',(1.,0.,0.));
#7379=DIRECTION('ref_axis',(0.,-1.,0.));
#7380=DIRECTION('',(1.,0.,0.));
#7381=DIRECTION('center_axis',(1.,0.,0.));
#7382=DIRECTION('ref_axis',(0.,0.,1.));
#7383=DIRECTION('center_axis',(1.,0.,0.));
#7384=DIRECTION('ref_axis',(0.,-1.,0.));
#7385=DIRECTION('center_axis',(-1.,0.,0.));
#7386=DIRECTION('ref_axis',(0.,0.,1.));
#7387=DIRECTION('',(1.,0.,0.));
#7388=DIRECTION('center_axis',(0.,0.,1.));
#7389=DIRECTION('ref_axis',(1.,0.,0.));
#7390=DIRECTION('',(1.,0.,0.));
#7391=DIRECTION('',(0.,1.,0.));
#7392=DIRECTION('center_axis',(0.,0.,1.));
#7393=DIRECTION('ref_axis',(1.,0.,0.));
#7394=DIRECTION('',(0.,1.,0.));
#7395=DIRECTION('',(1.,0.,0.));
#7396=DIRECTION('center_axis',(1.,0.,0.));
#7397=DIRECTION('ref_axis',(0.,1.,0.));
#7398=DIRECTION('',(1.,0.,0.));
#7399=DIRECTION('center_axis',(-1.,0.,0.));
#7400=DIRECTION('ref_axis',(0.,0.,1.));
#7401=DIRECTION('center_axis',(1.,0.,0.));
#7402=DIRECTION('ref_axis',(0.,1.,0.));
#7403=DIRECTION('center_axis',(1.,0.,0.));
#7404=DIRECTION('ref_axis',(0.,0.,1.));
#7405=DIRECTION('',(1.,0.,0.));
#7406=DIRECTION('center_axis',(0.,1.,0.));
#7407=DIRECTION('ref_axis',(0.,0.,1.));
#7408=DIRECTION('',(0.,0.,1.));
#7409=DIRECTION('center_axis',(1.,0.,0.));
#7410=DIRECTION('ref_axis',(0.,0.,1.));
#7411=DIRECTION('center_axis',(1.,0.,0.));
#7412=DIRECTION('ref_axis',(0.,0.,1.));
#7413=DIRECTION('',(0.,0.,1.));
#7414=DIRECTION('center_axis',(-1.,0.,0.));
#7415=DIRECTION('ref_axis',(0.,0.,1.));
#7416=DIRECTION('',(0.,1.,0.));
#7417=DIRECTION('center_axis',(1.,0.,0.));
#7418=DIRECTION('ref_axis',(0.,0.,1.));
#7419=DIRECTION('',(0.,0.,1.));
#7420=DIRECTION('center_axis',(-1.,0.,0.));
#7421=DIRECTION('ref_axis',(0.,0.,1.));
#7422=DIRECTION('',(0.,1.,0.));
#7423=DIRECTION('center_axis',(1.,0.,0.));
#7424=DIRECTION('ref_axis',(0.,-1.,0.));
#7425=DIRECTION('',(1.,0.,0.));
#7426=DIRECTION('center_axis',(1.,0.,0.));
#7427=DIRECTION('ref_axis',(0.,0.,1.));
#7428=DIRECTION('',(1.,0.,0.));
#7429=DIRECTION('center_axis',(0.,0.,1.));
#7430=DIRECTION('ref_axis',(1.,0.,0.));
#7431=DIRECTION('',(1.,0.,0.));
#7432=DIRECTION('',(0.,1.,0.));
#7433=DIRECTION('center_axis',(1.,0.,0.));
#7434=DIRECTION('ref_axis',(0.,1.,0.));
#7435=DIRECTION('',(1.,0.,0.));
#7436=DIRECTION('center_axis',(-1.,0.,0.));
#7437=DIRECTION('ref_axis',(0.,0.,1.));
#7438=DIRECTION('center_axis',(0.,1.,0.));
#7439=DIRECTION('ref_axis',(0.,0.,1.));
#7440=DIRECTION('',(0.,0.,1.));
#7441=DIRECTION('',(1.,0.,0.));
#7442=DIRECTION('center_axis',(1.,0.,0.));
#7443=DIRECTION('ref_axis',(0.,1.,0.));
#7444=DIRECTION('',(1.,0.,0.));
#7445=DIRECTION('center_axis',(1.,0.,0.));
#7446=DIRECTION('ref_axis',(0.,0.,1.));
#7447=DIRECTION('center_axis',(0.,0.,1.));
#7448=DIRECTION('ref_axis',(1.,0.,0.));
#7449=DIRECTION('',(1.,0.,0.));
#7450=DIRECTION('',(0.,1.,0.));
#7451=DIRECTION('center_axis',(1.,0.,0.));
#7452=DIRECTION('ref_axis',(0.,-1.,0.));
#7453=DIRECTION('',(1.,0.,0.));
#7454=DIRECTION('center_axis',(-1.,0.,0.));
#7455=DIRECTION('ref_axis',(0.,0.,1.));
#7456=DIRECTION('center_axis',(0.,1.,0.));
#7457=DIRECTION('ref_axis',(0.,0.,1.));
#7458=DIRECTION('',(0.,0.,1.));
#7459=DIRECTION('center_axis',(1.,0.,0.));
#7460=DIRECTION('ref_axis',(0.,0.,1.));
#7461=DIRECTION('',(0.,0.,1.));
#7462=DIRECTION('center_axis',(-1.,0.,0.));
#7463=DIRECTION('ref_axis',(0.,0.,1.));
#7464=DIRECTION('',(0.,1.,0.));
#7465=DIRECTION('center_axis',(1.,0.,0.));
#7466=DIRECTION('ref_axis',(0.,0.,1.));
#7467=DIRECTION('',(0.,0.,1.));
#7468=DIRECTION('center_axis',(-1.,0.,0.));
#7469=DIRECTION('ref_axis',(0.,0.,1.));
#7470=DIRECTION('',(0.,1.,0.));
#7471=DIRECTION('center_axis',(1.,0.,0.));
#7472=DIRECTION('ref_axis',(0.,0.,1.));
#7473=DIRECTION('center_axis',(0.,1.,0.));
#7474=DIRECTION('ref_axis',(0.,0.,1.));
#7475=DIRECTION('',(0.,0.,1.));
#7476=DIRECTION('',(1.,0.,0.));
#7477=DIRECTION('',(1.,0.,0.));
#7478=DIRECTION('center_axis',(1.,0.,0.));
#7479=DIRECTION('ref_axis',(0.,-1.,0.));
#7480=DIRECTION('',(1.,0.,0.));
#7481=DIRECTION('center_axis',(1.,0.,0.));
#7482=DIRECTION('ref_axis',(0.,0.,1.));
#7483=DIRECTION('center_axis',(1.,0.,0.));
#7484=DIRECTION('ref_axis',(0.,-1.,0.));
#7485=DIRECTION('center_axis',(-1.,0.,0.));
#7486=DIRECTION('ref_axis',(0.,0.,1.));
#7487=DIRECTION('',(1.,0.,0.));
#7488=DIRECTION('center_axis',(0.,0.,1.));
#7489=DIRECTION('ref_axis',(1.,0.,0.));
#7490=DIRECTION('',(1.,0.,0.));
#7491=DIRECTION('',(0.,1.,0.));
#7492=DIRECTION('center_axis',(0.,0.,1.));
#7493=DIRECTION('ref_axis',(1.,0.,0.));
#7494=DIRECTION('',(0.,1.,0.));
#7495=DIRECTION('',(1.,0.,0.));
#7496=DIRECTION('center_axis',(1.,0.,0.));
#7497=DIRECTION('ref_axis',(0.,1.,0.));
#7498=DIRECTION('',(1.,0.,0.));
#7499=DIRECTION('center_axis',(-1.,0.,0.));
#7500=DIRECTION('ref_axis',(0.,0.,1.));
#7501=DIRECTION('center_axis',(1.,0.,0.));
#7502=DIRECTION('ref_axis',(0.,1.,0.));
#7503=DIRECTION('center_axis',(1.,0.,0.));
#7504=DIRECTION('ref_axis',(0.,0.,1.));
#7505=DIRECTION('',(1.,0.,0.));
#7506=DIRECTION('center_axis',(0.,1.,0.));
#7507=DIRECTION('ref_axis',(0.,0.,1.));
#7508=DIRECTION('',(0.,0.,1.));
#7509=DIRECTION('center_axis',(1.,0.,0.));
#7510=DIRECTION('ref_axis',(0.,0.,1.));
#7511=DIRECTION('',(0.,0.,1.));
#7512=DIRECTION('',(1.,0.,0.));
#7513=DIRECTION('',(0.,0.,1.));
#7514=DIRECTION('',(1.,0.,0.));
#7515=DIRECTION('',(0.,0.,1.));
#7516=DIRECTION('',(1.110223024625E-16,-1.,0.));
#7517=DIRECTION('',(0.,0.,1.));
#7518=DIRECTION('',(1.110223024625E-16,-1.,0.));
#7519=DIRECTION('',(0.,0.,1.));
#7520=DIRECTION('',(1.,0.,0.));
#7521=DIRECTION('',(0.,0.,1.));
#7522=DIRECTION('',(1.110223024625E-16,1.,0.));
#7523=DIRECTION('',(0.,0.,1.));
#7524=DIRECTION('',(1.110223024625E-16,1.,0.));
#7525=DIRECTION('',(0.,0.,1.));
#7526=DIRECTION('',(1.110223024625E-16,1.,0.));
#7527=DIRECTION('',(0.,0.,1.));
#7528=DIRECTION('',(1.110223024625E-16,-1.,0.));
#7529=DIRECTION('',(0.,0.,1.));
#7530=DIRECTION('',(1.110223024625E-16,-1.,0.));
#7531=DIRECTION('',(0.,0.,1.));
#7532=DIRECTION('',(1.110223024625E-16,-1.,0.));
#7533=DIRECTION('',(0.,0.,1.));
#7534=DIRECTION('',(1.110223024625E-16,1.,0.));
#7535=DIRECTION('',(0.,0.,1.));
#7536=DIRECTION('',(1.110223024625E-16,1.,0.));
#7537=DIRECTION('',(0.,0.,1.));
#7538=DIRECTION('',(1.110223024625E-16,-1.,0.));
#7539=DIRECTION('center_axis',(0.,0.,1.));
#7540=DIRECTION('ref_axis',(1.,0.,0.));
#7541=DIRECTION('',(1.,0.,0.));
#7542=DIRECTION('',(0.,1.,0.));
#7543=DIRECTION('',(-1.,0.,0.));
#7544=DIRECTION('',(0.,-1.,0.));
#7545=DIRECTION('center_axis',(0.,0.,1.));
#7546=DIRECTION('ref_axis',(1.,0.,0.));
#7547=DIRECTION('',(1.,0.,0.));
#7548=DIRECTION('',(0.,1.,0.));
#7549=DIRECTION('',(-1.,0.,0.));
#7550=DIRECTION('',(0.,-1.,0.));
#7551=DIRECTION('center_axis',(0.,0.,1.));
#7552=DIRECTION('ref_axis',(1.,0.,0.));
#7553=DIRECTION('',(-1.,0.,0.));
#7554=DIRECTION('',(0.,1.,0.));
#7555=DIRECTION('',(1.,0.,0.));
#7556=DIRECTION('',(0.,-1.,0.));
#7557=DIRECTION('center_axis',(0.,1.,0.));
#7558=DIRECTION('ref_axis',(0.,0.,-1.));
#7559=DIRECTION('',(0.,0.,-1.));
#7560=DIRECTION('',(-1.,0.,0.));
#7561=DIRECTION('',(0.,0.,1.));
#7562=DIRECTION('',(1.,0.,0.));
#7563=DIRECTION('',(0.,0.,1.));
#7564=DIRECTION('',(0.,0.,-1.));
#7565=DIRECTION('center_axis',(0.,-1.,0.));
#7566=DIRECTION('ref_axis',(0.,0.,1.));
#7567=DIRECTION('',(0.,0.,-1.));
#7568=DIRECTION('',(-1.,0.,0.));
#7569=DIRECTION('',(0.,0.,1.));
#7570=DIRECTION('',(-1.,0.,0.));
#7571=DIRECTION('',(0.,0.,-1.));
#7572=DIRECTION('',(1.,0.,0.));
#7573=DIRECTION('',(0.,0.,1.));
#7574=DIRECTION('',(-1.,0.,0.));
#7575=DIRECTION('',(0.,0.,-1.));
#7576=DIRECTION('',(-1.,0.,0.));
#7577=DIRECTION('',(0.,0.,1.));
#7578=DIRECTION('center_axis',(0.,-1.,0.));
#7579=DIRECTION('ref_axis',(0.,0.,1.));
#7580=DIRECTION('center_axis',(0.,1.,-2.22044604925032E-16));
#7581=DIRECTION('ref_axis',(0.,-2.22044604925032E-16,-1.));
#7582=DIRECTION('center_axis',(0.,1.,0.));
#7583=DIRECTION('ref_axis',(0.,-2.22044604925032E-16,-1.));
#7584=DIRECTION('',(0.,1.,-2.22044604925032E-16));
#7585=DIRECTION('center_axis',(0.,1.,-2.22044604925032E-16));
#7586=DIRECTION('ref_axis',(0.,-2.22044604925032E-16,-1.));
#7587=DIRECTION('center_axis',(0.,1.,-2.22044604925032E-16));
#7588=DIRECTION('ref_axis',(0.,-2.22044604925032E-16,-1.));
#7589=DIRECTION('center_axis',(0.,1.,-2.22044604925032E-16));
#7590=DIRECTION('ref_axis',(0.,-2.22044604925032E-16,-1.));
#7591=DIRECTION('center_axis',(0.,1.,0.));
#7592=DIRECTION('ref_axis',(0.,-2.22044604925032E-16,-1.));
#7593=DIRECTION('',(0.,1.,-2.22044604925032E-16));
#7594=DIRECTION('center_axis',(0.,1.,-2.22044604925032E-16));
#7595=DIRECTION('ref_axis',(0.,-2.22044604925032E-16,-1.));
#7596=DIRECTION('center_axis',(0.,1.,-2.22044604925032E-16));
#7597=DIRECTION('ref_axis',(0.,-2.22044604925032E-16,-1.));
#7598=DIRECTION('center_axis',(0.,1.,0.));
#7599=DIRECTION('ref_axis',(0.,-2.22044604925032E-16,-1.));
#7600=DIRECTION('',(0.,1.,-2.22044604925032E-16));
#7601=DIRECTION('center_axis',(0.,1.,-2.22044604925032E-16));
#7602=DIRECTION('ref_axis',(0.,-2.22044604925032E-16,-1.));
#7603=DIRECTION('center_axis',(0.,1.,-2.22044604925032E-16));
#7604=DIRECTION('ref_axis',(0.,-2.22044604925032E-16,-1.));
#7605=DIRECTION('center_axis',(0.,1.,-2.22044604925032E-16));
#7606=DIRECTION('ref_axis',(0.,-2.22044604925032E-16,-1.));
#7607=DIRECTION('center_axis',(0.,0.,1.));
#7608=DIRECTION('ref_axis',(-1.,0.,0.));
#7609=DIRECTION('',(0.,-1.,0.));
#7610=DIRECTION('',(1.,0.,0.));
#7611=DIRECTION('',(0.,-1.,0.));
#7612=DIRECTION('center_axis',(0.,0.,1.));
#7613=DIRECTION('ref_axis',(1.,0.,0.));
#7614=DIRECTION('',(0.,1.,0.));
#7615=DIRECTION('',(1.,0.,0.));
#7616=DIRECTION('',(0.,-1.,0.));
#7617=DIRECTION('center_axis',(0.,0.,1.));
#7618=DIRECTION('ref_axis',(1.,0.,0.));
#7619=DIRECTION('',(0.,-1.,0.));
#7620=DIRECTION('',(0.,1.,0.));
#7621=DIRECTION('',(1.,0.,0.));
#7622=DIRECTION('center_axis',(-1.,0.,0.));
#7623=DIRECTION('ref_axis',(0.,0.,-1.));
#7624=DIRECTION('',(0.,0.,1.));
#7625=DIRECTION('center_axis',(1.,0.,0.));
#7626=DIRECTION('ref_axis',(0.,0.,1.));
#7627=DIRECTION('',(0.,0.,-1.));
#7628=DIRECTION('',(0.,1.,0.));
#7629=DIRECTION('center_axis',(0.,-1.,0.));
#7630=DIRECTION('ref_axis',(0.,0.,-1.));
#7631=DIRECTION('',(0.,0.,-1.));
#7632=DIRECTION('',(1.,0.,0.));
#7633=DIRECTION('',(0.,0.,1.));
#7634=DIRECTION('',(-1.,0.,0.));
#7635=DIRECTION('',(1.,0.,0.));
#7636=DIRECTION('',(0.,0.,-1.));
#7637=DIRECTION('',(-1.,0.,-6.33625999835365E-16));
#7638=DIRECTION('',(0.,0.,1.));
#7639=DIRECTION('center_axis',(0.,1.,0.));
#7640=DIRECTION('ref_axis',(0.,0.,1.));
#7641=DIRECTION('',(-1.,0.,0.));
#7642=DIRECTION('',(0.,0.,1.));
#7643=DIRECTION('',(-1.,0.,0.));
#7644=DIRECTION('',(0.,0.,-1.));
#7645=DIRECTION('center_axis',(0.,1.,0.));
#7646=DIRECTION('ref_axis',(0.,0.,1.));
#7647=DIRECTION('',(1.,0.,6.33625999835365E-16));
#7648=DIRECTION('',(0.,0.,1.));
#7649=DIRECTION('',(0.,0.,1.));
#7650=DIRECTION('center_axis',(0.,1.,0.));
#7651=DIRECTION('ref_axis',(0.,0.,1.));
#7652=DIRECTION('',(1.,0.,0.));
#7653=DIRECTION('',(0.,0.,1.));
#7654=DIRECTION('',(0.,0.,1.));
#7655=DIRECTION('center_axis',(0.,1.,0.));
#7656=DIRECTION('ref_axis',(0.,0.,1.));
#7657=DIRECTION('',(-1.,0.,0.));
#7658=DIRECTION('',(0.,0.,-1.));
#7659=DIRECTION('',(-1.,0.,0.));
#7660=DIRECTION('',(0.,0.,1.));
#7661=DIRECTION('center_axis',(0.,1.,0.));
#7662=DIRECTION('ref_axis',(0.,0.,1.));
#7663=DIRECTION('',(1.,0.,0.));
#7664=DIRECTION('',(0.,0.,1.));
#7665=DIRECTION('',(0.,0.,1.));
#7666=DIRECTION('center_axis',(-1.,0.,0.));
#7667=DIRECTION('ref_axis',(0.,-1.,0.));
#7668=DIRECTION('',(0.,1.,0.));
#7669=DIRECTION('',(0.,0.,1.));
#7670=DIRECTION('',(0.,-1.,0.));
#7671=DIRECTION('center_axis',(0.,0.,1.));
#7672=DIRECTION('ref_axis',(0.,-1.,0.));
#7673=DIRECTION('',(0.,1.,0.));
#7674=DIRECTION('',(1.,0.,6.33625999835365E-16));
#7675=DIRECTION('',(0.,1.,0.));
#7676=DIRECTION('',(0.,-1.,0.));
#7677=DIRECTION('',(0.,1.,0.));
#7678=DIRECTION('',(0.,-1.,0.));
#7679=DIRECTION('center_axis',(0.,0.,-1.));
#7680=DIRECTION('ref_axis',(0.,1.,0.));
#7681=DIRECTION('',(0.,-1.,0.));
#7682=DIRECTION('',(-1.,0.,0.));
#7683=DIRECTION('',(0.,1.,0.));
#7684=DIRECTION('',(0.,-1.,0.));
#7685=DIRECTION('center_axis',(0.,0.,1.));
#7686=DIRECTION('ref_axis',(1.,0.,0.));
#7687=DIRECTION('',(0.,-1.,0.));
#7688=DIRECTION('',(0.,-1.,0.));
#7689=DIRECTION('center_axis',(1.,0.,0.));
#7690=DIRECTION('ref_axis',(0.,1.,0.));
#7691=DIRECTION('',(0.,-1.,0.));
#7692=DIRECTION('center_axis',(1.,0.,0.));
#7693=DIRECTION('ref_axis',(0.,1.,0.));
#7694=DIRECTION('',(0.,1.,0.));
#7695=DIRECTION('',(0.,0.,-1.));
#7696=DIRECTION('center_axis',(0.,0.,-1.));
#7697=DIRECTION('ref_axis',(0.,1.,0.));
#7698=DIRECTION('',(0.,1.,0.));
#7699=DIRECTION('center_axis',(0.,1.,0.));
#7700=DIRECTION('ref_axis',(0.,0.,1.));
#7701=DIRECTION('',(0.,0.,1.));
#7702=DIRECTION('',(0.,0.,1.));
#7703=DIRECTION('center_axis',(1.,0.,0.));
#7704=DIRECTION('ref_axis',(0.,0.,-1.));
#7705=DIRECTION('center_axis',(-1.,0.,0.));
#7706=DIRECTION('ref_axis',(0.,0.,1.));
#7707=DIRECTION('center_axis',(-1.,0.,0.));
#7708=DIRECTION('ref_axis',(0.,0.,1.));
#7709=DIRECTION('center_axis',(1.,0.,0.));
#7710=DIRECTION('ref_axis',(0.,0.,-1.));
#7711=DIRECTION('center_axis',(0.,0.,-1.));
#7712=DIRECTION('ref_axis',(-1.,0.,0.));
#7713=DIRECTION('',(0.,1.,0.));
#7714=DIRECTION('',(0.,1.,0.));
#7715=DIRECTION('center_axis',(0.,0.,1.));
#7716=DIRECTION('ref_axis',(1.,0.,0.));
#7717=DIRECTION('',(1.,0.,0.));
#7718=DIRECTION('center_axis',(0.,1.,0.));
#7719=DIRECTION('ref_axis',(0.,0.,-1.));
#7720=DIRECTION('',(0.,0.,-1.));
#7721=DIRECTION('center_axis',(0.,1.,0.));
#7722=DIRECTION('ref_axis',(0.,0.,1.));
#7723=DIRECTION('',(0.,0.,-1.));
#7724=DIRECTION('',(0.,0.,1.));
#7725=DIRECTION('center_axis',(0.,1.,0.));
#7726=DIRECTION('ref_axis',(0.,0.,1.));
#7727=DIRECTION('',(0.,0.,1.));
#7728=DIRECTION('',(1.,0.,0.));
#7729=DIRECTION('',(0.,0.,-1.));
#7730=DIRECTION('',(-1.,0.,0.));
#7731=DIRECTION('',(0.,0.,1.));
#7732=DIRECTION('',(1.,0.,0.));
#7733=DIRECTION('',(0.,0.,-1.));
#7734=DIRECTION('',(-1.,0.,0.));
#7735=DIRECTION('',(0.,0.,1.));
#7736=DIRECTION('center_axis',(1.,0.,0.));
#7737=DIRECTION('ref_axis',(0.,0.,1.));
#7738=DIRECTION('',(0.,-1.,0.));
#7739=DIRECTION('center_axis',(-1.,0.,0.));
#7740=DIRECTION('ref_axis',(0.,0.,-1.));
#7741=DIRECTION('',(0.,1.,0.));
#7742=DIRECTION('center_axis',(-1.,0.,0.));
#7743=DIRECTION('ref_axis',(0.,0.,1.));
#7744=DIRECTION('center_axis',(1.,0.,0.));
#7745=DIRECTION('ref_axis',(0.,0.,-1.));
#7746=DIRECTION('center_axis',(0.,1.,0.));
#7747=DIRECTION('ref_axis',(0.,0.,1.));
#7748=DIRECTION('',(1.,0.,0.));
#7749=DIRECTION('',(0.,0.,1.));
#7750=DIRECTION('',(-1.,0.,0.));
#7751=DIRECTION('',(0.,0.,-1.));
#7752=DIRECTION('center_axis',(0.,1.,0.));
#7753=DIRECTION('ref_axis',(0.,0.,1.));
#7754=DIRECTION('',(1.,0.,0.));
#7755=DIRECTION('',(0.,0.,1.));
#7756=DIRECTION('',(-1.,0.,0.));
#7757=DIRECTION('',(0.,0.,-1.));
#7758=DIRECTION('center_axis',(1.,0.,0.));
#7759=DIRECTION('ref_axis',(0.,0.,-1.));
#7760=DIRECTION('',(0.,1.,0.));
#7761=DIRECTION('',(0.,1.,0.));
#7762=DIRECTION('center_axis',(0.,0.,-1.));
#7763=DIRECTION('ref_axis',(-1.,0.,0.));
#7764=DIRECTION('',(0.,1.,0.));
#7765=DIRECTION('center_axis',(1.,0.,0.));
#7766=DIRECTION('ref_axis',(0.,0.,-1.));
#7767=DIRECTION('',(0.,1.,0.));
#7768=DIRECTION('',(0.,1.,0.));
#7769=DIRECTION('center_axis',(0.,0.,-1.));
#7770=DIRECTION('ref_axis',(-1.,0.,0.));
#7771=DIRECTION('',(0.,1.,0.));
#7772=DIRECTION('center_axis',(-1.,0.,0.));
#7773=DIRECTION('ref_axis',(0.,0.,1.));
#7774=DIRECTION('',(0.,1.,0.));
#7775=DIRECTION('center_axis',(0.,0.,1.));
#7776=DIRECTION('ref_axis',(1.,0.,0.));
#7777=DIRECTION('center_axis',(-1.,0.,0.));
#7778=DIRECTION('ref_axis',(0.,0.,1.));
#7779=DIRECTION('',(0.,1.,0.));
#7780=DIRECTION('center_axis',(0.,0.,1.));
#7781=DIRECTION('ref_axis',(1.,0.,0.));
#7782=DIRECTION('center_axis',(-1.,0.,0.));
#7783=DIRECTION('ref_axis',(0.,-1.,0.));
#7784=DIRECTION('center_axis',(1.,0.,0.));
#7785=DIRECTION('ref_axis',(0.,0.,1.));
#7786=DIRECTION('',(0.,1.,0.));
#7787=DIRECTION('center_axis',(-1.,0.,0.));
#7788=DIRECTION('ref_axis',(0.,0.,-1.));
#7789=DIRECTION('',(0.,-1.,0.));
#7790=DIRECTION('center_axis',(0.,-1.,0.));
#7791=DIRECTION('ref_axis',(0.,0.,1.));
#7792=DIRECTION('center_axis',(0.,-1.,0.));
#7793=DIRECTION('ref_axis',(0.,0.,1.));
#7794=DIRECTION('center_axis',(0.,0.,-1.));
#7795=DIRECTION('ref_axis',(-1.,0.,0.));
#7796=DIRECTION('',(0.,1.,0.));
#7797=DIRECTION('',(-1.,0.,0.));
#7798=DIRECTION('',(0.,-1.,0.));
#7799=DIRECTION('',(1.,5.47382212626881E-48,0.));
#7800=DIRECTION('center_axis',(1.,0.,0.));
#7801=DIRECTION('ref_axis',(0.,0.,-1.));
#7802=DIRECTION('',(0.,-2.22044604925032E-16,-1.));
#7803=DIRECTION('',(0.,1.,0.));
#7804=DIRECTION('',(0.,0.,1.));
#7805=DIRECTION('center_axis',(0.,1.,-2.22044604925032E-16));
#7806=DIRECTION('ref_axis',(0.,-2.22044604925032E-16,-1.));
#7807=DIRECTION('center_axis',(0.,1.,-2.22044604925032E-16));
#7808=DIRECTION('ref_axis',(0.,-2.22044604925032E-16,-1.));
#7809=DIRECTION('center_axis',(0.,1.,-2.22044604925032E-16));
#7810=DIRECTION('ref_axis',(0.,-2.22044604925032E-16,-1.));
#7811=DIRECTION('center_axis',(0.,1.,-2.22044604925032E-16));
#7812=DIRECTION('ref_axis',(0.,-2.22044604925032E-16,-1.));
#7813=DIRECTION('center_axis',(0.,1.,-2.22044604925032E-16));
#7814=DIRECTION('ref_axis',(0.,-2.22044604925032E-16,-1.));
#7815=DIRECTION('',(0.,1.,-2.22044604925032E-16));
#7816=DIRECTION('center_axis',(0.,1.,-2.22044604925032E-16));
#7817=DIRECTION('ref_axis',(0.,-2.22044604925032E-16,-1.));
#7818=DIRECTION('',(0.,1.,-2.22044604925032E-16));
#7819=DIRECTION('center_axis',(5.47382212626881E-48,-1.,2.22044604925032E-16));
#7820=DIRECTION('ref_axis',(0.,-2.22044604925032E-16,-1.));
#7821=DIRECTION('center_axis',(0.,1.,-2.22044604925032E-16));
#7822=DIRECTION('ref_axis',(0.,-2.22044604925032E-16,-1.));
#7823=DIRECTION('center_axis',(0.,1.,-2.22044604925032E-16));
#7824=DIRECTION('ref_axis',(0.,-2.22044604925032E-16,-1.));
#7825=DIRECTION('center_axis',(0.,1.,-2.22044604925032E-16));
#7826=DIRECTION('ref_axis',(0.,-2.22044604925032E-16,-1.));
#7827=DIRECTION('center_axis',(0.,1.,-2.22044604925032E-16));
#7828=DIRECTION('ref_axis',(0.,-2.22044604925032E-16,-1.));
#7829=DIRECTION('center_axis',(0.,1.,-2.22044604925032E-16));
#7830=DIRECTION('ref_axis',(0.,-2.22044604925032E-16,-1.));
#7831=DIRECTION('',(0.,1.,-2.22044604925032E-16));
#7832=DIRECTION('center_axis',(0.,1.,-2.22044604925032E-16));
#7833=DIRECTION('ref_axis',(0.,-2.22044604925032E-16,-1.));
#7834=DIRECTION('',(0.,1.,-2.22044604925032E-16));
#7835=DIRECTION('center_axis',(5.47382212626881E-48,-1.,2.22044604925032E-16));
#7836=DIRECTION('ref_axis',(0.,-2.22044604925032E-16,-1.));
#7837=DIRECTION('center_axis',(0.,1.,-2.22044604925032E-16));
#7838=DIRECTION('ref_axis',(0.,-2.22044604925032E-16,-1.));
#7839=DIRECTION('center_axis',(0.,1.,-2.22044604925032E-16));
#7840=DIRECTION('ref_axis',(0.,-2.22044604925032E-16,-1.));
#7841=DIRECTION('center_axis',(0.,1.,-2.22044604925032E-16));
#7842=DIRECTION('ref_axis',(0.,-2.22044604925032E-16,-1.));
#7843=DIRECTION('center_axis',(0.,1.,-2.22044604925032E-16));
#7844=DIRECTION('ref_axis',(0.,-2.22044604925032E-16,-1.));
#7845=DIRECTION('center_axis',(0.,1.,-2.22044604925032E-16));
#7846=DIRECTION('ref_axis',(0.,-2.22044604925032E-16,-1.));
#7847=DIRECTION('',(0.,1.,-2.22044604925032E-16));
#7848=DIRECTION('center_axis',(0.,1.,-2.22044604925032E-16));
#7849=DIRECTION('ref_axis',(0.,-2.22044604925032E-16,-1.));
#7850=DIRECTION('',(0.,1.,-2.22044604925032E-16));
#7851=DIRECTION('center_axis',(5.47382212626881E-48,-1.,2.22044604925032E-16));
#7852=DIRECTION('ref_axis',(0.,-2.22044604925032E-16,-1.));
#7853=DIRECTION('center_axis',(0.,-1.,2.22044604925032E-16));
#7854=DIRECTION('ref_axis',(0.,2.22044604925032E-16,1.));
#7855=DIRECTION('center_axis',(0.,-1.,2.22044604925032E-16));
#7856=DIRECTION('ref_axis',(0.,2.22044604925032E-16,1.));
#7857=DIRECTION('',(0.,-1.,2.22044604925032E-16));
#7858=DIRECTION('center_axis',(0.,-1.,2.22044604925032E-16));
#7859=DIRECTION('ref_axis',(0.,2.22044604925032E-16,1.));
#7860=DIRECTION('center_axis',(0.,-1.,2.22044604925032E-16));
#7861=DIRECTION('ref_axis',(0.,2.22044604925032E-16,1.));
#7862=DIRECTION('center_axis',(0.,-1.,4.93038065763132E-32));
#7863=DIRECTION('ref_axis',(0.,4.93038065763132E-32,1.));
#7864=DIRECTION('center_axis',(0.,-1.,4.93038065763132E-32));
#7865=DIRECTION('ref_axis',(0.,4.93038065763132E-32,1.));
#7866=DIRECTION('',(0.,-1.,4.93038065763132E-32));
#7867=DIRECTION('center_axis',(0.,-1.,4.93038065763132E-32));
#7868=DIRECTION('ref_axis',(0.,4.93038065763132E-32,1.));
#7869=DIRECTION('center_axis',(0.,-1.,4.93038065763132E-32));
#7870=DIRECTION('ref_axis',(0.,4.93038065763132E-32,1.));
#7871=DIRECTION('center_axis',(0.,-1.,4.93038065763132E-32));
#7872=DIRECTION('ref_axis',(0.,4.93038065763132E-32,1.));
#7873=DIRECTION('center_axis',(0.,-1.,4.93038065763132E-32));
#7874=DIRECTION('ref_axis',(0.,4.93038065763132E-32,1.));
#7875=DIRECTION('',(0.,-1.,4.93038065763132E-32));
#7876=DIRECTION('center_axis',(0.,-1.,4.93038065763132E-32));
#7877=DIRECTION('ref_axis',(0.,4.93038065763132E-32,1.));
#7878=DIRECTION('center_axis',(0.,-1.,4.93038065763132E-32));
#7879=DIRECTION('ref_axis',(0.,4.93038065763132E-32,1.));
#7880=DIRECTION('center_axis',(0.,-1.,0.));
#7881=DIRECTION('ref_axis',(-1.,0.,0.));
#7882=DIRECTION('center_axis',(-5.47382212626881E-48,1.,-2.22044604925032E-16));
#7883=DIRECTION('ref_axis',(-1.,0.,0.));
#7884=DIRECTION('',(0.,1.,0.));
#7885=DIRECTION('center_axis',(0.,-1.,4.93038065763132E-32));
#7886=DIRECTION('ref_axis',(-1.,0.,0.));
#7887=DIRECTION('center_axis',(0.,1.,-4.93038065763132E-32));
#7888=DIRECTION('ref_axis',(-1.,0.,0.));
#7889=DIRECTION('center_axis',(0.,-1.,0.));
#7890=DIRECTION('ref_axis',(-1.,0.,0.));
#7891=DIRECTION('center_axis',(-5.47382212626881E-48,1.,-2.22044604925032E-16));
#7892=DIRECTION('ref_axis',(-1.,0.,0.));
#7893=DIRECTION('',(0.,1.,0.));
#7894=DIRECTION('center_axis',(0.,-1.,4.93038065763132E-32));
#7895=DIRECTION('ref_axis',(-1.,0.,0.));
#7896=DIRECTION('center_axis',(0.,1.,-4.93038065763132E-32));
#7897=DIRECTION('ref_axis',(-1.,0.,0.));
#7898=DIRECTION('center_axis',(-1.,0.,0.));
#7899=DIRECTION('ref_axis',(0.,0.,1.));
#7900=DIRECTION('',(0.,-2.22044604925032E-16,-1.));
#7901=DIRECTION('',(0.,1.,0.));
#7902=DIRECTION('',(0.,2.22044604925032E-16,1.));
#7903=DIRECTION('',(0.,-1.,0.));
#7904=DIRECTION('center_axis',(-5.47382212626882E-48,-1.,2.22044604925032E-16));
#7905=DIRECTION('ref_axis',(1.,-5.47382212626882E-48,1.21543267145726E-63));
#7906=DIRECTION('center_axis',(5.47382212626882E-48,1.,-2.22044604925032E-16));
#7907=DIRECTION('ref_axis',(-0.707106781186546,0.,0.707106781186549));
#7908=DIRECTION('',(1.,-5.47382212626882E-48,0.));
#7909=DIRECTION('center_axis',(5.47382212626882E-48,1.,-2.22044604925032E-16));
#7910=DIRECTION('ref_axis',(0.707106781186546,0.,0.707106781186549));
#7911=DIRECTION('',(0.,-2.22044604925032E-16,-1.));
#7912=DIRECTION('center_axis',(5.47382212626882E-48,1.,-2.22044604925032E-16));
#7913=DIRECTION('ref_axis',(0.707106781186547,0.,-0.707106781186547));
#7914=DIRECTION('',(-1.,5.47382212626882E-48,0.));
#7915=DIRECTION('center_axis',(5.47382212626882E-48,1.,-2.22044604925032E-16));
#7916=DIRECTION('ref_axis',(-0.707106781186547,0.,-0.707106781186547));
#7917=DIRECTION('',(0.,2.22044604925032E-16,1.));
#7918=DIRECTION('',(-1.,5.47382212626882E-48,0.));
#7919=DIRECTION('',(1.,-5.47382212626882E-48,0.));
#7920=DIRECTION('',(0.,2.22044604925032E-16,1.));
#7921=DIRECTION('center_axis',(1.,0.,0.));
#7922=DIRECTION('ref_axis',(0.,0.,-1.));
#7923=DIRECTION('',(0.,1.,0.));
#7924=DIRECTION('',(0.,-2.22044604925032E-16,-1.));
#7925=DIRECTION('',(0.,-1.,0.));
#7926=DIRECTION('center_axis',(0.,0.,-1.));
#7927=DIRECTION('ref_axis',(-1.,0.,0.));
#7928=DIRECTION('',(-1.,0.,0.));
#7929=DIRECTION('center_axis',(0.,0.,1.));
#7930=DIRECTION('ref_axis',(1.,0.,0.));
#7931=DIRECTION('',(1.,0.,0.));
#7932=DIRECTION('center_axis',(1.,0.,0.));
#7933=DIRECTION('ref_axis',(0.,1.,-2.22044604925032E-16));
#7934=DIRECTION('',(0.,0.,-1.));
#7935=DIRECTION('',(0.,1.,-2.22044604925032E-16));
#7936=DIRECTION('',(0.,-2.22044604925032E-16,-1.));
#7937=DIRECTION('',(0.,1.,0.));
#7938=DIRECTION('center_axis',(-1.,0.,0.));
#7939=DIRECTION('ref_axis',(0.,-1.,2.22044604925032E-16));
#7940=DIRECTION('',(0.,0.,-1.));
#7941=DIRECTION('',(0.,-1.,0.));
#7942=DIRECTION('',(0.,2.22044604925031E-16,1.));
#7943=DIRECTION('',(0.,1.,-2.22044604925032E-16));
#7944=DIRECTION('center_axis',(0.,2.22044604925032E-16,1.));
#7945=DIRECTION('ref_axis',(0.,1.,-2.22044604925032E-16));
#7946=DIRECTION('',(-1.,0.,0.));
#7947=DIRECTION('',(1.,0.,0.));
#7948=DIRECTION('center_axis',(0.,1.,0.));
#7949=DIRECTION('ref_axis',(0.,0.,1.));
#7950=DIRECTION('',(-1.,0.,0.));
#7951=DIRECTION('',(-1.,0.,0.));
#7952=DIRECTION('',(0.,0.,-1.));
#7953=DIRECTION('center_axis',(-1.,0.,0.));
#7954=DIRECTION('ref_axis',(0.,0.,1.));
#7955=DIRECTION('',(0.,-1.,0.));
#7956=DIRECTION('',(0.,2.22044604925032E-16,1.));
#7957=DIRECTION('center_axis',(0.,0.,1.));
#7958=DIRECTION('ref_axis',(1.,0.,0.));
#7959=DIRECTION('',(1.,5.47382212626881E-48,0.));
#7960=DIRECTION('center_axis',(5.47382212626881E-48,-1.,2.22044604925032E-16));
#7961=DIRECTION('ref_axis',(1.,5.47382212626881E-48,-1.21543267145725E-63));
#7962=DIRECTION('',(1.,5.47382212626881E-48,0.));
#7963=DIRECTION('center_axis',(-5.47382212626881E-48,1.,-2.22044604925032E-16));
#7964=DIRECTION('ref_axis',(-0.707106781186546,0.,0.707106781186549));
#7965=DIRECTION('',(0.,2.22044604925032E-16,1.));
#7966=DIRECTION('center_axis',(-5.47382212626881E-48,1.,-2.22044604925032E-16));
#7967=DIRECTION('ref_axis',(-0.707106781186547,0.,-0.707106781186547));
#7968=DIRECTION('',(-1.,-5.47382212626881E-48,0.));
#7969=DIRECTION('center_axis',(-5.47382212626881E-48,1.,-2.22044604925032E-16));
#7970=DIRECTION('ref_axis',(0.707106781186547,0.,-0.707106781186547));
#7971=DIRECTION('',(0.,-2.22044604925032E-16,-1.));
#7972=DIRECTION('center_axis',(-5.47382212626881E-48,1.,-2.22044604925032E-16));
#7973=DIRECTION('ref_axis',(0.707106781186546,0.,0.707106781186549));
#7974=DIRECTION('center_axis',(-5.47382212626881E-48,1.,-2.22044604925032E-16));
#7975=DIRECTION('ref_axis',(1.,0.,0.));
#7976=DIRECTION('center_axis',(0.,1.,0.));
#7977=DIRECTION('ref_axis',(-0.707106781186546,0.,0.707106781186549));
#7978=DIRECTION('',(0.,1.,0.));
#7979=DIRECTION('',(0.,-1.,0.));
#7980=DIRECTION('center_axis',(-1.,0.,0.));
#7981=DIRECTION('ref_axis',(0.,-2.22044604925032E-16,-1.));
#7982=DIRECTION('',(0.,-1.,0.));
#7983=DIRECTION('center_axis',(0.,1.,0.));
#7984=DIRECTION('ref_axis',(-0.707106781186547,0.,-0.707106781186547));
#7985=DIRECTION('',(0.,1.,0.));
#7986=DIRECTION('center_axis',(0.,0.,1.));
#7987=DIRECTION('ref_axis',(-1.,0.,0.));
#7988=DIRECTION('',(0.,1.,0.));
#7989=DIRECTION('center_axis',(0.,0.,-1.));
#7990=DIRECTION('ref_axis',(1.,0.,0.));
#7991=DIRECTION('',(0.,-1.,0.));
#7992=DIRECTION('center_axis',(0.,1.,0.));
#7993=DIRECTION('ref_axis',(0.707106781186547,0.,-0.707106781186547));
#7994=DIRECTION('',(0.,1.,0.));
#7995=DIRECTION('center_axis',(1.,0.,0.));
#7996=DIRECTION('ref_axis',(0.,2.22044604925032E-16,1.));
#7997=DIRECTION('',(0.,-1.,0.));
#7998=DIRECTION('center_axis',(0.,1.,0.));
#7999=DIRECTION('ref_axis',(0.707106781186546,0.,0.707106781186549));
#8000=DIRECTION('center_axis',(0.,0.,-1.));
#8001=DIRECTION('ref_axis',(-1.,0.,0.));
#8002=DIRECTION('',(-1.,0.,0.));
#8003=DIRECTION('center_axis',(0.,-1.,2.22044604925032E-16));
#8004=DIRECTION('ref_axis',(0.,2.22044604925032E-16,1.));
#8005=DIRECTION('center_axis',(0.,-1.,0.));
#8006=DIRECTION('ref_axis',(1.,0.,0.));
#8007=DIRECTION('',(0.,1.,0.));
#8008=DIRECTION('center_axis',(0.,1.,-2.22044604925032E-16));
#8009=DIRECTION('ref_axis',(1.,0.,0.));
#8010=DIRECTION('center_axis',(0.,-1.,2.22044604925032E-16));
#8011=DIRECTION('ref_axis',(1.,0.,0.));
#8012=DIRECTION('center_axis',(0.,1.,0.));
#8013=DIRECTION('ref_axis',(0.,0.,1.));
#8014=DIRECTION('center_axis',(0.,-1.,0.));
#8015=DIRECTION('ref_axis',(1.,0.,0.));
#8016=DIRECTION('center_axis',(0.,1.,0.));
#8017=DIRECTION('ref_axis',(1.,0.,0.));
#8018=DIRECTION('center_axis',(0.,1.,-2.22044604925031E-16));
#8019=DIRECTION('ref_axis',(1.,0.,0.));
#8020=DIRECTION('center_axis',(0.,-1.,2.22044604925031E-16));
#8021=DIRECTION('ref_axis',(1.,0.,0.));
#8022=DIRECTION('center_axis',(0.,1.,-2.22044604925031E-16));
#8023=DIRECTION('ref_axis',(1.,0.,0.));
#8024=DIRECTION('',(0.,-1.,2.22044604925031E-16));
#8025=DIRECTION('center_axis',(0.,-1.,2.22044604925031E-16));
#8026=DIRECTION('ref_axis',(-1.,0.,0.));
#8027=DIRECTION('center_axis',(0.,1.,-2.22044604925031E-16));
#8028=DIRECTION('ref_axis',(1.,0.,0.));
#8029=DIRECTION('center_axis',(0.,1.,-2.22044604925031E-16));
#8030=DIRECTION('ref_axis',(1.,0.,0.));
#8031=DIRECTION('',(0.,-1.,2.22044604925031E-16));
#8032=DIRECTION('',(0.,1.,-2.22044604925032E-16));
#8033=DIRECTION('',(1.,0.,0.));
#8034=CARTESIAN_POINT('',(0.,0.,0.));
#8035=CARTESIAN_POINT('',(0.,0.,0.));
#8036=CARTESIAN_POINT('',(0.,0.,0.));
#8037=CARTESIAN_POINT('',(0.,0.,0.));
#8038=CARTESIAN_POINT('Origin',(0.,1.433243103516,0.1));
#8039=CARTESIAN_POINT('',(-0.571621551758,1.433243103516,0.1));
#8040=CARTESIAN_POINT('',(0.571621551758,1.433243103516,0.1));
#8041=CARTESIAN_POINT('',(-0.571621551758,1.433243103516,0.1));
#8042=CARTESIAN_POINT('',(-0.605,1.5,0.575));
#8043=CARTESIAN_POINT('',(-0.571621551758,1.433243103516,0.1));
#8044=CARTESIAN_POINT('',(0.605,1.5,0.575));
#8045=CARTESIAN_POINT('',(-0.605,1.5,0.575));
#8046=CARTESIAN_POINT('',(0.571621551758,1.433243103516,0.1));
#8047=CARTESIAN_POINT('Origin',(-0.571621551758,1.433243103516,0.1));
#8048=CARTESIAN_POINT('',(0.633243103516,1.371621551758,0.1));
#8049=CARTESIAN_POINT('',(0.571621551758,1.433243103516,0.1));
#8050=CARTESIAN_POINT('',(0.633243103516,-1.371621551758,0.1));
#8051=CARTESIAN_POINT('',(0.633243103516,1.371621551758,0.1));
#8052=CARTESIAN_POINT('',(0.571621551758,-1.433243103516,0.1));
#8053=CARTESIAN_POINT('',(0.633243103516,-1.371621551758,0.1));
#8054=CARTESIAN_POINT('',(-0.571621551758,-1.433243103516,0.1));
#8055=CARTESIAN_POINT('',(0.571621551758,-1.433243103516,0.1));
#8056=CARTESIAN_POINT('',(-0.633243103516,-1.371621551758,0.1));
#8057=CARTESIAN_POINT('',(-0.571621551758,-1.433243103516,0.1));
#8058=CARTESIAN_POINT('',(-0.633243103516,1.371621551758,0.1));
#8059=CARTESIAN_POINT('',(-0.633243103516,-1.371621551758,0.1));
#8060=CARTESIAN_POINT('',(-0.633243103516,1.371621551758,0.1));
#8061=CARTESIAN_POINT('Origin',(0.602432327637,1.402432327637,0.1));
#8062=CARTESIAN_POINT('',(0.7,1.405,0.575));
#8063=CARTESIAN_POINT('',(0.605,1.5,0.575));
#8064=CARTESIAN_POINT('',(0.633243103516,1.371621551758,0.1));
#8065=CARTESIAN_POINT('Origin',(-0.605,1.5,0.725));
#8066=CARTESIAN_POINT('',(-0.605,1.5,0.725));
#8067=CARTESIAN_POINT('',(-0.605,1.5,0.575));
#8068=CARTESIAN_POINT('',(0.605,1.5,0.725));
#8069=CARTESIAN_POINT('',(-0.605,1.5,0.725));
#8070=CARTESIAN_POINT('',(0.605,1.5,0.575));
#8071=CARTESIAN_POINT('Origin',(-0.602432327637,1.402432327637,0.1));
#8072=CARTESIAN_POINT('',(-0.7,1.405,0.575));
#8073=CARTESIAN_POINT('',(-0.633243103516,1.371621551758,0.1));
#8074=CARTESIAN_POINT('',(-0.7,1.405,0.575));
#8075=CARTESIAN_POINT('Origin',(-0.633243103516,2.77555756156289E-16,0.1));
#8076=CARTESIAN_POINT('',(-0.7,-1.405,0.575));
#8077=CARTESIAN_POINT('',(-0.633243103516,-1.371621551758,0.1));
#8078=CARTESIAN_POINT('',(-0.7,-1.15,0.575));
#8079=CARTESIAN_POINT('',(-0.7,-1.405,0.575));
#8080=CARTESIAN_POINT('',(-0.7,-0.75,0.575));
#8081=CARTESIAN_POINT('',(-0.7,-1.15,0.575));
#8082=CARTESIAN_POINT('',(-0.7,0.75,0.575));
#8083=CARTESIAN_POINT('',(-0.7,-1.405,0.575));
#8084=CARTESIAN_POINT('',(-0.7,1.15,0.575));
#8085=CARTESIAN_POINT('',(-0.7,0.75,0.575));
#8086=CARTESIAN_POINT('',(-0.7,-1.405,0.575));
#8087=CARTESIAN_POINT('Origin',(0.633243103516,-2.77555756156289E-16,0.1));
#8088=CARTESIAN_POINT('',(0.7,0.2,0.575));
#8089=CARTESIAN_POINT('',(0.7,1.405,0.575));
#8090=CARTESIAN_POINT('',(0.7,-0.2,0.575));
#8091=CARTESIAN_POINT('',(0.7,0.2,0.575));
#8092=CARTESIAN_POINT('',(0.7,-1.405,0.575));
#8093=CARTESIAN_POINT('',(0.7,1.405,0.575));
#8094=CARTESIAN_POINT('',(0.633243103516,-1.371621551758,0.1));
#8095=CARTESIAN_POINT('Origin',(-0.602432327637,-1.402432327637,0.1));
#8096=CARTESIAN_POINT('',(-0.605,-1.5,0.575));
#8097=CARTESIAN_POINT('',(-0.571621551758,-1.433243103516,0.1));
#8098=CARTESIAN_POINT('',(-0.605,-1.5,0.575));
#8099=CARTESIAN_POINT('Origin',(0.602432327637,-1.402432327637,0.1));
#8100=CARTESIAN_POINT('',(0.605,-1.5,0.575));
#8101=CARTESIAN_POINT('',(0.7,-1.405,0.575));
#8102=CARTESIAN_POINT('',(0.571621551758,-1.433243103516,0.1));
#8103=CARTESIAN_POINT('Origin',(0.,-1.433243103516,0.1));
#8104=CARTESIAN_POINT('',(0.605,-1.5,0.575));
#8105=CARTESIAN_POINT('Origin',(0.605,1.5,0.725));
#8106=CARTESIAN_POINT('',(0.7,1.405,0.725));
#8107=CARTESIAN_POINT('',(0.605,1.5,0.725));
#8108=CARTESIAN_POINT('',(0.7,1.405,0.575));
#8109=CARTESIAN_POINT('Origin',(-1.486299604971E-16,1.4875,0.725));
#8110=CARTESIAN_POINT('',(-0.7,1.405,0.725));
#8111=CARTESIAN_POINT('',(-0.7,1.405,0.725));
#8112=CARTESIAN_POINT('',(-0.7,1.15,0.725));
#8113=CARTESIAN_POINT('',(-0.7,-1.405,0.725));
#8114=CARTESIAN_POINT('',(-0.675,1.15,0.725));
#8115=CARTESIAN_POINT('',(-0.7,1.15,0.725));
#8116=CARTESIAN_POINT('',(-0.675,1.3925,0.725));
#8117=CARTESIAN_POINT('',(-0.675,-1.3925,0.725));
#8118=CARTESIAN_POINT('',(-0.5925,1.475,0.725));
#8119=CARTESIAN_POINT('',(-0.675,1.3925,0.725));
#8120=CARTESIAN_POINT('',(0.5925,1.475,0.725));
#8121=CARTESIAN_POINT('',(-0.5925,1.475,0.725));
#8122=CARTESIAN_POINT('',(0.675,1.3925,0.725));
#8123=CARTESIAN_POINT('',(0.5925,1.475,0.725));
#8124=CARTESIAN_POINT('',(0.675,0.2,0.725));
#8125=CARTESIAN_POINT('',(0.675,1.3925,0.725));
#8126=CARTESIAN_POINT('',(0.7,0.2,0.725));
#8127=CARTESIAN_POINT('',(0.7,0.2,0.725));
#8128=CARTESIAN_POINT('',(0.7,1.405,0.725));
#8129=CARTESIAN_POINT('Origin',(-0.7,1.405,0.725));
#8130=CARTESIAN_POINT('',(-0.7,1.405,0.575));
#8131=CARTESIAN_POINT('Origin',(-0.7,-1.405,0.725));
#8132=CARTESIAN_POINT('',(-0.7,-1.405,0.725));
#8133=CARTESIAN_POINT('',(-0.7,-1.405,0.575));
#8134=CARTESIAN_POINT('',(-0.7,-1.15,0.725));
#8135=CARTESIAN_POINT('',(-0.7,-1.405,0.725));
#8136=CARTESIAN_POINT('',(-0.7,-1.15,0.529763586955));
#8137=CARTESIAN_POINT('Origin',(-0.7,-1.15,0.475));
#8138=CARTESIAN_POINT('',(-0.798480775301,-1.15,0.492364817767));
#8139=CARTESIAN_POINT('Origin',(-0.7,-1.15,0.475));
#8140=CARTESIAN_POINT('',(-0.798480775301,-0.75,0.492364817767));
#8141=CARTESIAN_POINT('',(-0.798480775301,-1.15,0.492364817767));
#8142=CARTESIAN_POINT('Origin',(-0.7,-0.75,0.475));
#8143=CARTESIAN_POINT('Origin',(-0.7,-1.405,0.725));
#8144=CARTESIAN_POINT('',(-0.7,-0.75,0.725));
#8145=CARTESIAN_POINT('',(-0.7,-0.75,0.529763586955));
#8146=CARTESIAN_POINT('',(-0.7,0.75,0.725));
#8147=CARTESIAN_POINT('',(-0.7,-1.405,0.725));
#8148=CARTESIAN_POINT('',(-0.7,0.75,0.529763586955));
#8149=CARTESIAN_POINT('Origin',(-0.7,0.75,0.475));
#8150=CARTESIAN_POINT('',(-0.798480775301,0.75,0.492364817767));
#8151=CARTESIAN_POINT('Origin',(-0.7,0.75,0.475));
#8152=CARTESIAN_POINT('',(-0.798480775301,1.15,0.492364817767));
#8153=CARTESIAN_POINT('',(-0.798480775301,0.75,0.492364817767));
#8154=CARTESIAN_POINT('Origin',(-0.7,1.15,0.475));
#8155=CARTESIAN_POINT('Origin',(-0.7,-1.405,0.725));
#8156=CARTESIAN_POINT('',(-0.7,1.15,0.529763586955));
#8157=CARTESIAN_POINT('Origin',(0.7,1.405,0.725));
#8158=CARTESIAN_POINT('',(0.7,0.2,0.529763586955));
#8159=CARTESIAN_POINT('Origin',(0.7,0.2,0.475));
#8160=CARTESIAN_POINT('',(0.798480775301,0.2,0.492364817767));
#8161=CARTESIAN_POINT('Origin',(0.7,0.2,0.475));
#8162=CARTESIAN_POINT('',(0.798480775301,-0.2,0.492364817767));
#8163=CARTESIAN_POINT('',(0.798480775301,0.2,0.492364817767));
#8164=CARTESIAN_POINT('Origin',(0.7,-0.2,0.475));
#8165=CARTESIAN_POINT('Origin',(0.7,1.405,0.725));
#8166=CARTESIAN_POINT('',(0.7,-0.2,0.725));
#8167=CARTESIAN_POINT('',(0.7,-0.2,0.529763586955));
#8168=CARTESIAN_POINT('',(0.7,-1.405,0.725));
#8169=CARTESIAN_POINT('',(0.7,1.405,0.725));
#8170=CARTESIAN_POINT('',(0.7,-1.405,0.575));
#8171=CARTESIAN_POINT('Origin',(-0.605,-1.5,0.725));
#8172=CARTESIAN_POINT('',(-0.605,-1.5,0.725));
#8173=CARTESIAN_POINT('',(-0.605,-1.5,0.575));
#8174=CARTESIAN_POINT('',(-0.605,-1.5,0.725));
#8175=CARTESIAN_POINT('Origin',(0.7,-1.405,0.725));
#8176=CARTESIAN_POINT('',(0.605,-1.5,0.725));
#8177=CARTESIAN_POINT('',(0.7,-1.405,0.725));
#8178=CARTESIAN_POINT('',(0.605,-1.5,0.575));
#8179=CARTESIAN_POINT('Origin',(0.605,-1.5,0.725));
#8180=CARTESIAN_POINT('',(0.605,-1.5,0.725));
#8181=CARTESIAN_POINT('Origin',(-0.7,0.75,0.725));
#8182=CARTESIAN_POINT('',(-0.675,0.75,0.725));
#8183=CARTESIAN_POINT('',(-0.7,0.75,0.725));
#8184=CARTESIAN_POINT('',(-0.675,-1.3925,0.725));
#8185=CARTESIAN_POINT('',(-0.7,0.75,0.725));
#8186=CARTESIAN_POINT('Origin',(-0.675,0.,0.725));
#8187=CARTESIAN_POINT('',(-0.675,-1.3925,0.725));
#8188=CARTESIAN_POINT('',(-0.675,-1.15,0.725));
#8189=CARTESIAN_POINT('',(-0.675,-1.3925,0.725));
#8190=CARTESIAN_POINT('',(-0.608243103516,-1.359121551758,1.2));
#8191=CARTESIAN_POINT('',(-0.675,-1.3925,0.725));
#8192=CARTESIAN_POINT('',(-0.608243103516,1.359121551758,1.2));
#8193=CARTESIAN_POINT('',(-0.608243103516,-1.359121551758,1.2));
#8194=CARTESIAN_POINT('',(-0.675,1.3925,0.725));
#8195=CARTESIAN_POINT('',(-0.675,-0.75,0.725));
#8196=CARTESIAN_POINT('',(-0.675,-1.3925,0.725));
#8197=CARTESIAN_POINT('',(-0.675,-1.3925,0.725));
#8198=CARTESIAN_POINT('Origin',(-0.63375,1.43375,0.725));
#8199=CARTESIAN_POINT('',(-0.559121551758,1.408243103516,1.2));
#8200=CARTESIAN_POINT('',(-0.608243103516,1.359121551758,1.2));
#8201=CARTESIAN_POINT('',(-0.5925,1.475,0.725));
#8202=CARTESIAN_POINT('Origin',(-6.93889390390723E-17,1.475,0.725));
#8203=CARTESIAN_POINT('',(0.559121551758,1.408243103516,1.2));
#8204=CARTESIAN_POINT('',(-0.559121551758,1.408243103516,1.2));
#8205=CARTESIAN_POINT('',(0.5925,1.475,0.725));
#8206=CARTESIAN_POINT('Origin',(0.63375,1.43375,0.725));
#8207=CARTESIAN_POINT('',(0.608243103516,1.359121551758,1.2));
#8208=CARTESIAN_POINT('',(0.559121551758,1.408243103516,1.2));
#8209=CARTESIAN_POINT('',(0.675,1.3925,0.725));
#8210=CARTESIAN_POINT('Origin',(0.675,0.,0.725));
#8211=CARTESIAN_POINT('',(0.608243103516,-1.359121551758,1.2));
#8212=CARTESIAN_POINT('',(0.608243103516,1.359121551758,1.2));
#8213=CARTESIAN_POINT('',(0.675,-1.3925,0.725));
#8214=CARTESIAN_POINT('',(0.675,-1.3925,0.725));
#8215=CARTESIAN_POINT('',(0.675,-0.2,0.725));
#8216=CARTESIAN_POINT('',(0.675,1.3925,0.725));
#8217=CARTESIAN_POINT('',(0.675,1.3925,0.725));
#8218=CARTESIAN_POINT('Origin',(0.7,0.2,0.725));
#8219=CARTESIAN_POINT('',(0.7,-0.2,0.725));
#8220=CARTESIAN_POINT('',(0.7,0.2,0.725));
#8221=CARTESIAN_POINT('Origin',(-1.486299604971E-16,1.4875,0.725));
#8222=CARTESIAN_POINT('',(0.5925,-1.475,0.725));
#8223=CARTESIAN_POINT('',(0.675,-1.3925,0.725));
#8224=CARTESIAN_POINT('',(-0.5925,-1.475,0.725));
#8225=CARTESIAN_POINT('',(0.5925,-1.475,0.725));
#8226=CARTESIAN_POINT('',(-0.5925,-1.475,0.725));
#8227=CARTESIAN_POINT('',(-0.7,-1.15,0.725));
#8228=CARTESIAN_POINT('Origin',(-0.931323080229,-1.15,0.33452717391));
#8229=CARTESIAN_POINT('',(-0.946201938253,-1.15,0.518412044417));
#8230=CARTESIAN_POINT('Origin',(-0.7,-1.15,0.475));
#8231=CARTESIAN_POINT('',(-0.991192795358,-1.15,0.232635182233));
#8232=CARTESIAN_POINT('',(-0.991192795358,-1.15,0.232635182233));
#8233=CARTESIAN_POINT('',(-1.089673570659,-1.15,0.15));
#8234=CARTESIAN_POINT('Origin',(-1.089673570659,-1.15,0.25));
#8235=CARTESIAN_POINT('',(-1.25,-1.15,0.15));
#8236=CARTESIAN_POINT('',(-1.25,-1.15,0.15));
#8237=CARTESIAN_POINT('',(-1.25,-1.15,5.551115123126E-17));
#8238=CARTESIAN_POINT('',(-1.25,-1.15,5.551115123126E-17));
#8239=CARTESIAN_POINT('',(-1.089673570659,-1.15,5.551115123126E-17));
#8240=CARTESIAN_POINT('',(-1.089673570659,-1.15,5.551115123126E-17));
#8241=CARTESIAN_POINT('',(-0.843471632406,-1.15,0.206587955583));
#8242=CARTESIAN_POINT('Origin',(-1.089673570659,-1.15,0.25));
#8243=CARTESIAN_POINT('',(-0.798480775301,-1.15,0.492364817767));
#8244=CARTESIAN_POINT('Origin',(-0.798480775301,-1.15,0.492364817767));
#8245=CARTESIAN_POINT('',(-0.843471632406,-0.75,0.206587955583));
#8246=CARTESIAN_POINT('',(-0.843471632406,-1.15,0.206587955583));
#8247=CARTESIAN_POINT('',(-0.798480775301,-0.75,0.492364817767));
#8248=CARTESIAN_POINT('Origin',(-0.931323080229,-0.75,0.33452717391));
#8249=CARTESIAN_POINT('',(-1.089673570659,-0.75,5.551115123126E-17));
#8250=CARTESIAN_POINT('Origin',(-1.089673570659,-0.75,0.25));
#8251=CARTESIAN_POINT('',(-1.25,-0.75,5.551115123126E-17));
#8252=CARTESIAN_POINT('',(-1.089673570659,-0.75,5.551115123126E-17));
#8253=CARTESIAN_POINT('',(-1.25,-0.75,0.15));
#8254=CARTESIAN_POINT('',(-1.25,-0.75,5.551115123126E-17));
#8255=CARTESIAN_POINT('',(-1.089673570659,-0.75,0.15));
#8256=CARTESIAN_POINT('',(-1.25,-0.75,0.15));
#8257=CARTESIAN_POINT('',(-0.991192795358,-0.75,0.232635182233));
#8258=CARTESIAN_POINT('Origin',(-1.089673570659,-0.75,0.25));
#8259=CARTESIAN_POINT('',(-0.946201938253,-0.75,0.518412044417));
#8260=CARTESIAN_POINT('',(-0.991192795358,-0.75,0.232635182233));
#8261=CARTESIAN_POINT('Origin',(-0.7,-0.75,0.475));
#8262=CARTESIAN_POINT('Origin',(-1.486299604971E-16,1.4875,0.725));
#8263=CARTESIAN_POINT('',(-0.7,-0.75,0.725));
#8264=CARTESIAN_POINT('Origin',(-0.931323080229,0.75,0.33452717391));
#8265=CARTESIAN_POINT('',(-0.946201938253,0.75,0.518412044417));
#8266=CARTESIAN_POINT('Origin',(-0.7,0.75,0.475));
#8267=CARTESIAN_POINT('',(-0.991192795358,0.75,0.232635182233));
#8268=CARTESIAN_POINT('',(-0.991192795358,0.75,0.232635182233));
#8269=CARTESIAN_POINT('',(-1.089673570659,0.75,0.15));
#8270=CARTESIAN_POINT('Origin',(-1.089673570659,0.75,0.25));
#8271=CARTESIAN_POINT('',(-1.25,0.75,0.15));
#8272=CARTESIAN_POINT('',(-1.25,0.75,0.15));
#8273=CARTESIAN_POINT('',(-1.25,0.75,5.551115123126E-17));
#8274=CARTESIAN_POINT('',(-1.25,0.75,5.551115123126E-17));
#8275=CARTESIAN_POINT('',(-1.089673570659,0.75,5.551115123126E-17));
#8276=CARTESIAN_POINT('',(-1.089673570659,0.75,5.551115123126E-17));
#8277=CARTESIAN_POINT('',(-0.843471632406,0.75,0.206587955583));
#8278=CARTESIAN_POINT('Origin',(-1.089673570659,0.75,0.25));
#8279=CARTESIAN_POINT('',(-0.798480775301,0.75,0.492364817767));
#8280=CARTESIAN_POINT('Origin',(-0.798480775301,0.75,0.492364817767));
#8281=CARTESIAN_POINT('',(-0.843471632406,1.15,0.206587955583));
#8282=CARTESIAN_POINT('',(-0.843471632406,0.75,0.206587955583));
#8283=CARTESIAN_POINT('',(-0.798480775301,1.15,0.492364817767));
#8284=CARTESIAN_POINT('Origin',(-0.931323080229,1.15,0.33452717391));
#8285=CARTESIAN_POINT('',(-1.089673570659,1.15,5.551115123126E-17));
#8286=CARTESIAN_POINT('Origin',(-1.089673570659,1.15,0.25));
#8287=CARTESIAN_POINT('',(-1.25,1.15,5.551115123126E-17));
#8288=CARTESIAN_POINT('',(-1.089673570659,1.15,5.551115123126E-17));
#8289=CARTESIAN_POINT('',(-1.25,1.15,0.15));
#8290=CARTESIAN_POINT('',(-1.25,1.15,5.551115123126E-17));
#8291=CARTESIAN_POINT('',(-1.089673570659,1.15,0.15));
#8292=CARTESIAN_POINT('',(-1.25,1.15,0.15));
#8293=CARTESIAN_POINT('',(-0.991192795358,1.15,0.232635182233));
#8294=CARTESIAN_POINT('Origin',(-1.089673570659,1.15,0.25));
#8295=CARTESIAN_POINT('',(-0.946201938253,1.15,0.518412044417));
#8296=CARTESIAN_POINT('',(-0.991192795358,1.15,0.232635182233));
#8297=CARTESIAN_POINT('Origin',(-0.7,1.15,0.475));
#8298=CARTESIAN_POINT('Origin',(0.931323080229,0.2,0.33452717391));
#8299=CARTESIAN_POINT('',(0.946201938253,0.2,0.518412044417));
#8300=CARTESIAN_POINT('Origin',(0.7,0.2,0.475));
#8301=CARTESIAN_POINT('',(0.991192795358,0.2,0.232635182233));
#8302=CARTESIAN_POINT('',(0.991192795358,0.2,0.232635182233));
#8303=CARTESIAN_POINT('',(1.089673570659,0.2,0.15));
#8304=CARTESIAN_POINT('Origin',(1.089673570659,0.2,0.25));
#8305=CARTESIAN_POINT('',(1.25,0.2,0.15));
#8306=CARTESIAN_POINT('',(1.25,0.2,0.15));
#8307=CARTESIAN_POINT('',(1.25,0.2,5.551115123126E-17));
#8308=CARTESIAN_POINT('',(1.25,0.2,5.551115123126E-17));
#8309=CARTESIAN_POINT('',(1.089673570659,0.2,5.551115123126E-17));
#8310=CARTESIAN_POINT('',(1.089673570659,0.2,5.551115123126E-17));
#8311=CARTESIAN_POINT('',(0.843471632406,0.2,0.206587955583));
#8312=CARTESIAN_POINT('Origin',(1.089673570659,0.2,0.25));
#8313=CARTESIAN_POINT('',(0.798480775301,0.2,0.492364817767));
#8314=CARTESIAN_POINT('Origin',(0.798480775301,0.2,0.492364817767));
#8315=CARTESIAN_POINT('',(0.843471632406,-0.2,0.206587955583));
#8316=CARTESIAN_POINT('',(0.843471632406,0.2,0.206587955583));
#8317=CARTESIAN_POINT('',(0.798480775301,-0.2,0.492364817767));
#8318=CARTESIAN_POINT('Origin',(0.931323080229,-0.2,0.33452717391));
#8319=CARTESIAN_POINT('',(1.089673570659,-0.2,5.551115123126E-17));
#8320=CARTESIAN_POINT('Origin',(1.089673570659,-0.2,0.25));
#8321=CARTESIAN_POINT('',(1.25,-0.2,5.551115123126E-17));
#8322=CARTESIAN_POINT('',(1.089673570659,-0.2,5.551115123126E-17));
#8323=CARTESIAN_POINT('',(1.25,-0.2,0.15));
#8324=CARTESIAN_POINT('',(1.25,-0.2,5.551115123126E-17));
#8325=CARTESIAN_POINT('',(1.089673570659,-0.2,0.15));
#8326=CARTESIAN_POINT('',(1.25,-0.2,0.15));
#8327=CARTESIAN_POINT('',(0.991192795358,-0.2,0.232635182233));
#8328=CARTESIAN_POINT('Origin',(1.089673570659,-0.2,0.25));
#8329=CARTESIAN_POINT('',(0.946201938253,-0.2,0.518412044417));
#8330=CARTESIAN_POINT('',(0.991192795358,-0.2,0.232635182233));
#8331=CARTESIAN_POINT('Origin',(0.7,-0.2,0.475));
#8332=CARTESIAN_POINT('Origin',(-0.7,0.75,0.475));
#8333=CARTESIAN_POINT('',(-0.946201938253,0.75,0.518412044417));
#8334=CARTESIAN_POINT('Origin',(-0.7,-1.15,0.725));
#8335=CARTESIAN_POINT('',(-0.7,-1.15,0.725));
#8336=CARTESIAN_POINT('Origin',(-0.559121551758,1.408243103516,1.2));
#8337=CARTESIAN_POINT('',(-0.559121551758,-1.408243103516,1.2));
#8338=CARTESIAN_POINT('',(-0.559121551758,-1.408243103516,1.2));
#8339=CARTESIAN_POINT('',(0.559121551758,-1.408243103516,1.2));
#8340=CARTESIAN_POINT('',(0.559121551758,-1.408243103516,1.2));
#8341=CARTESIAN_POINT('',(0.608243103516,-1.359121551758,1.2));
#8342=CARTESIAN_POINT('',(-0.428243103516,1.178243103516,1.2));
#8343=CARTESIAN_POINT('Origin',(-0.428243103516,1.228243103516,1.2));
#8344=CARTESIAN_POINT('Origin',(-0.63375,-1.43375,0.725));
#8345=CARTESIAN_POINT('',(-0.5925,-1.475,0.725));
#8346=CARTESIAN_POINT('Origin',(0.63375,-1.43375,0.725));
#8347=CARTESIAN_POINT('',(0.5925,-1.475,0.725));
#8348=CARTESIAN_POINT('Origin',(0.7,0.2,0.475));
#8349=CARTESIAN_POINT('',(0.946201938253,0.2,0.518412044417));
#8350=CARTESIAN_POINT('Origin',(6.93889390390723E-17,-1.475,0.725));
#8351=CARTESIAN_POINT('Origin',(-0.7,-1.15,0.475));
#8352=CARTESIAN_POINT('',(-0.946201938253,-1.15,0.518412044417));
#8353=CARTESIAN_POINT('Origin',(-0.991192795358,-1.15,0.232635182233));
#8354=CARTESIAN_POINT('',(-0.991192795358,-1.15,0.232635182233));
#8355=CARTESIAN_POINT('Origin',(-1.089673570659,-1.15,0.25));
#8356=CARTESIAN_POINT('',(-1.089673570659,-1.15,0.15));
#8357=CARTESIAN_POINT('Origin',(-1.25,-1.15,0.15));
#8358=CARTESIAN_POINT('',(-1.25,-1.15,0.15));
#8359=CARTESIAN_POINT('Origin',(-1.25,-1.15,5.551115123126E-17));
#8360=CARTESIAN_POINT('',(-1.25,-1.15,5.551115123126E-17));
#8361=CARTESIAN_POINT('Origin',(-1.089673570659,-1.15,5.551115123126E-17));
#8362=CARTESIAN_POINT('',(-1.089673570659,-1.15,5.551115123126E-17));
#8363=CARTESIAN_POINT('Origin',(-1.089673570659,-1.15,0.25));
#8364=CARTESIAN_POINT('Origin',(-0.991192795358,0.75,0.232635182233));
#8365=CARTESIAN_POINT('',(-0.991192795358,0.75,0.232635182233));
#8366=CARTESIAN_POINT('Origin',(-1.089673570659,0.75,0.25));
#8367=CARTESIAN_POINT('',(-1.089673570659,0.75,0.15));
#8368=CARTESIAN_POINT('Origin',(-1.25,0.75,0.15));
#8369=CARTESIAN_POINT('',(-1.25,0.75,0.15));
#8370=CARTESIAN_POINT('Origin',(-1.25,0.75,5.551115123126E-17));
#8371=CARTESIAN_POINT('',(-1.25,0.75,5.551115123126E-17));
#8372=CARTESIAN_POINT('Origin',(-1.089673570659,0.75,5.551115123126E-17));
#8373=CARTESIAN_POINT('',(-1.089673570659,0.75,5.551115123126E-17));
#8374=CARTESIAN_POINT('Origin',(-1.089673570659,0.75,0.25));
#8375=CARTESIAN_POINT('Origin',(0.991192795358,0.2,0.232635182233));
#8376=CARTESIAN_POINT('',(0.991192795358,0.2,0.232635182233));
#8377=CARTESIAN_POINT('Origin',(1.089673570659,0.2,0.25));
#8378=CARTESIAN_POINT('',(1.089673570659,0.2,0.15));
#8379=CARTESIAN_POINT('Origin',(1.25,0.2,0.15));
#8380=CARTESIAN_POINT('',(1.25,0.2,0.15));
#8381=CARTESIAN_POINT('Origin',(1.25,0.2,5.551115123126E-17));
#8382=CARTESIAN_POINT('',(1.25,0.2,5.551115123126E-17));
#8383=CARTESIAN_POINT('Origin',(1.089673570659,0.2,5.551115123126E-17));
#8384=CARTESIAN_POINT('',(1.089673570659,0.2,5.551115123126E-17));
#8385=CARTESIAN_POINT('Origin',(1.089673570659,0.2,0.25));
#8386=CARTESIAN_POINT('Origin',(-0.428243103516,1.228243103516,1.2));
#8387=CARTESIAN_POINT('',(0.,0.,0.));
#8388=CARTESIAN_POINT('',(0.,0.,0.));
#8389=CARTESIAN_POINT('Origin',(170.5,-145.25,0.));
#8390=CARTESIAN_POINT('',(170.5,-145.25,0.));
#8391=CARTESIAN_POINT('',(170.5,-145.25,1.51));
#8392=CARTESIAN_POINT('',(170.5,-145.25,0.));
#8393=CARTESIAN_POINT('',(110.5,-145.25,1.51));
#8394=CARTESIAN_POINT('',(170.5,-145.25,1.51));
#8395=CARTESIAN_POINT('',(110.5,-145.25,0.));
#8396=CARTESIAN_POINT('',(110.5,-145.25,0.));
#8397=CARTESIAN_POINT('',(170.5,-145.25,0.));
#8398=CARTESIAN_POINT('Origin',(170.5,-40.25,0.));
#8399=CARTESIAN_POINT('',(170.5,-40.25,0.));
#8400=CARTESIAN_POINT('',(170.5,-40.25,1.51));
#8401=CARTESIAN_POINT('',(170.5,-40.25,0.));
#8402=CARTESIAN_POINT('',(170.5,-40.25,1.51));
#8403=CARTESIAN_POINT('',(170.5,-40.25,0.));
#8404=CARTESIAN_POINT('Origin',(110.5,-145.25,0.));
#8405=CARTESIAN_POINT('',(110.5,-40.25,1.51));
#8406=CARTESIAN_POINT('',(110.5,-145.25,1.51));
#8407=CARTESIAN_POINT('',(110.5,-40.25,0.));
#8408=CARTESIAN_POINT('',(110.5,-40.25,0.));
#8409=CARTESIAN_POINT('',(110.5,-145.25,0.));
#8410=CARTESIAN_POINT('Origin',(0.,0.,0.));
#8411=CARTESIAN_POINT('',(110.5,-40.25,0.));
#8412=CARTESIAN_POINT('',(132.88,-136.442,0.));
#8413=CARTESIAN_POINT('Origin',(132.88,-136.95,0.));
#8414=CARTESIAN_POINT('',(132.88,-133.902,0.));
#8415=CARTESIAN_POINT('Origin',(132.88,-134.41,0.));
#8416=CARTESIAN_POINT('',(132.88,-131.362,0.));
#8417=CARTESIAN_POINT('Origin',(132.88,-131.87,0.));
#8418=CARTESIAN_POINT('',(132.88,-128.822,0.));
#8419=CARTESIAN_POINT('Origin',(132.88,-129.33,0.));
#8420=CARTESIAN_POINT('',(132.88,-126.282,0.));
#8421=CARTESIAN_POINT('Origin',(132.88,-126.79,0.));
#8422=CARTESIAN_POINT('',(132.88,-123.742,0.));
#8423=CARTESIAN_POINT('Origin',(132.88,-124.25,0.));
#8424=CARTESIAN_POINT('',(132.88,-121.202,0.));
#8425=CARTESIAN_POINT('Origin',(132.88,-121.71,0.));
#8426=CARTESIAN_POINT('',(132.88,-118.662,0.));
#8427=CARTESIAN_POINT('Origin',(132.88,-119.17,0.));
#8428=CARTESIAN_POINT('',(132.88,-116.122,0.));
#8429=CARTESIAN_POINT('Origin',(132.88,-116.63,0.));
#8430=CARTESIAN_POINT('',(132.88,-113.582,0.));
#8431=CARTESIAN_POINT('Origin',(132.88,-114.09,0.));
#8432=CARTESIAN_POINT('',(132.88,-111.042,0.));
#8433=CARTESIAN_POINT('Origin',(132.88,-111.55,0.));
#8434=CARTESIAN_POINT('',(132.88,-108.502,0.));
#8435=CARTESIAN_POINT('Origin',(132.88,-109.01,0.));
#8436=CARTESIAN_POINT('',(135.15,-95.685,0.));
#8437=CARTESIAN_POINT('Origin',(135.15,-96.035,0.));
#8438=CARTESIAN_POINT('',(135.15,-93.905,0.));
#8439=CARTESIAN_POINT('Origin',(135.15,-94.255,0.));
#8440=CARTESIAN_POINT('',(140.5,-136.15,0.));
#8441=CARTESIAN_POINT('Origin',(140.5,-137.25,0.));
#8442=CARTESIAN_POINT('',(148.12,-136.442,0.));
#8443=CARTESIAN_POINT('Origin',(148.12,-136.95,0.));
#8444=CARTESIAN_POINT('',(148.12,-133.902,0.));
#8445=CARTESIAN_POINT('Origin',(148.12,-134.41,0.));
#8446=CARTESIAN_POINT('',(148.12,-131.362,0.));
#8447=CARTESIAN_POINT('Origin',(148.12,-131.87,0.));
#8448=CARTESIAN_POINT('',(148.12,-128.822,0.));
#8449=CARTESIAN_POINT('Origin',(148.12,-129.33,0.));
#8450=CARTESIAN_POINT('',(148.12,-126.282,0.));
#8451=CARTESIAN_POINT('Origin',(148.12,-126.79,0.));
#8452=CARTESIAN_POINT('',(148.12,-123.742,0.));
#8453=CARTESIAN_POINT('Origin',(148.12,-124.25,0.));
#8454=CARTESIAN_POINT('',(148.12,-121.202,0.));
#8455=CARTESIAN_POINT('Origin',(148.12,-121.71,0.));
#8456=CARTESIAN_POINT('',(148.12,-118.662,0.));
#8457=CARTESIAN_POINT('Origin',(148.12,-119.17,0.));
#8458=CARTESIAN_POINT('',(148.12,-116.122,0.));
#8459=CARTESIAN_POINT('Origin',(148.12,-116.63,0.));
#8460=CARTESIAN_POINT('',(148.12,-113.582,0.));
#8461=CARTESIAN_POINT('Origin',(148.12,-114.09,0.));
#8462=CARTESIAN_POINT('',(148.12,-111.042,0.));
#8463=CARTESIAN_POINT('Origin',(148.12,-111.55,0.));
#8464=CARTESIAN_POINT('',(148.12,-108.502,0.));
#8465=CARTESIAN_POINT('Origin',(148.12,-109.01,0.));
#8466=CARTESIAN_POINT('',(145.85,-96.575,0.));
#8467=CARTESIAN_POINT('Origin',(145.85,-96.925,0.));
#8468=CARTESIAN_POINT('',(145.85,-94.795,0.));
#8469=CARTESIAN_POINT('Origin',(145.85,-95.145,0.));
#8470=CARTESIAN_POINT('',(145.85,-93.015,0.));
#8471=CARTESIAN_POINT('Origin',(145.85,-93.365,0.));
#8472=CARTESIAN_POINT('',(135.15,-92.125,0.));
#8473=CARTESIAN_POINT('Origin',(135.15,-92.475,0.));
#8474=CARTESIAN_POINT('',(135.15,-90.345,0.));
#8475=CARTESIAN_POINT('Origin',(135.15,-90.695,0.));
#8476=CARTESIAN_POINT('',(135.15,-88.565,0.));
#8477=CARTESIAN_POINT('Origin',(135.15,-88.915,0.));
#8478=CARTESIAN_POINT('',(135.15,-86.785,0.));
#8479=CARTESIAN_POINT('Origin',(135.15,-87.135,0.));
#8480=CARTESIAN_POINT('',(135.15,-85.005,0.));
#8481=CARTESIAN_POINT('Origin',(135.15,-85.355,0.));
#8482=CARTESIAN_POINT('',(135.15,-83.225,0.));
#8483=CARTESIAN_POINT('Origin',(135.15,-83.575,0.));
#8484=CARTESIAN_POINT('',(123.5,-62.58,0.));
#8485=CARTESIAN_POINT('Origin',(123.5,-63.33,0.));
#8486=CARTESIAN_POINT('',(118.5,-47.15,0.));
#8487=CARTESIAN_POINT('Origin',(118.5,-48.25,0.));
#8488=CARTESIAN_POINT('',(123.5,-57.5,0.));
#8489=CARTESIAN_POINT('Origin',(123.5,-58.25,0.));
#8490=CARTESIAN_POINT('',(123.5,-52.42,0.));
#8491=CARTESIAN_POINT('Origin',(123.5,-53.17,0.));
#8492=CARTESIAN_POINT('',(133.55,-64.65,0.));
#8493=CARTESIAN_POINT('Origin',(133.55,-65.15,0.));
#8494=CARTESIAN_POINT('',(133.55,-59.65,0.));
#8495=CARTESIAN_POINT('Origin',(133.55,-60.15,0.));
#8496=CARTESIAN_POINT('',(136.055,-98.1875,0.));
#8497=CARTESIAN_POINT('',(144.945,-98.1875,0.));
#8498=CARTESIAN_POINT('',(136.055,-98.1875,0.));
#8499=CARTESIAN_POINT('',(144.945,-82.3125,0.));
#8500=CARTESIAN_POINT('',(144.945,-98.1875,0.));
#8501=CARTESIAN_POINT('',(136.055,-82.3125,0.));
#8502=CARTESIAN_POINT('',(144.945,-82.3125,0.));
#8503=CARTESIAN_POINT('',(136.055,-82.3125,0.));
#8504=CARTESIAN_POINT('',(145.85,-91.235,0.));
#8505=CARTESIAN_POINT('Origin',(145.85,-91.585,0.));
#8506=CARTESIAN_POINT('',(145.85,-89.455,0.));
#8507=CARTESIAN_POINT('Origin',(145.85,-89.805,0.));
#8508=CARTESIAN_POINT('',(145.85,-87.675,0.));
#8509=CARTESIAN_POINT('Origin',(145.85,-88.025,0.));
#8510=CARTESIAN_POINT('',(145.85,-85.895,0.));
#8511=CARTESIAN_POINT('Origin',(145.85,-86.245,0.));
#8512=CARTESIAN_POINT('',(145.85,-84.115,0.));
#8513=CARTESIAN_POINT('Origin',(145.85,-84.465,0.));
#8514=CARTESIAN_POINT('',(139.9,-69.,0.));
#8515=CARTESIAN_POINT('',(139.9,-67.5,0.));
#8516=CARTESIAN_POINT('Origin',(139.9,-68.25,0.));
#8517=CARTESIAN_POINT('',(141.2,-69.,0.));
#8518=CARTESIAN_POINT('',(69.95,-69.,0.));
#8519=CARTESIAN_POINT('',(141.2,-67.5,0.));
#8520=CARTESIAN_POINT('Origin',(141.2,-68.25,0.));
#8521=CARTESIAN_POINT('',(70.6,-67.5,0.));
#8522=CARTESIAN_POINT('',(148.05,-64.65,0.));
#8523=CARTESIAN_POINT('Origin',(148.05,-65.15,0.));
#8524=CARTESIAN_POINT('',(148.05,-62.15,0.));
#8525=CARTESIAN_POINT('Origin',(148.05,-62.65,0.));
#8526=CARTESIAN_POINT('',(148.05,-59.65,0.));
#8527=CARTESIAN_POINT('Origin',(148.05,-60.15,0.));
#8528=CARTESIAN_POINT('',(139.9,-57.8,0.));
#8529=CARTESIAN_POINT('',(139.9,-56.3,0.));
#8530=CARTESIAN_POINT('Origin',(139.9,-57.05,0.));
#8531=CARTESIAN_POINT('',(141.2,-57.8,0.));
#8532=CARTESIAN_POINT('',(69.95,-57.8,0.));
#8533=CARTESIAN_POINT('',(141.2,-56.3,0.));
#8534=CARTESIAN_POINT('Origin',(141.2,-57.05,0.));
#8535=CARTESIAN_POINT('',(70.6,-56.3,0.));
#8536=CARTESIAN_POINT('',(158.5,-62.58,0.));
#8537=CARTESIAN_POINT('Origin',(158.5,-63.33,0.));
#8538=CARTESIAN_POINT('',(158.5,-57.5,0.));
#8539=CARTESIAN_POINT('Origin',(158.5,-58.25,0.));
#8540=CARTESIAN_POINT('',(158.5,-52.42,0.));
#8541=CARTESIAN_POINT('Origin',(158.5,-53.17,0.));
#8542=CARTESIAN_POINT('',(162.5,-47.15,0.));
#8543=CARTESIAN_POINT('Origin',(162.5,-48.25,0.));
#8544=CARTESIAN_POINT('Origin',(0.,0.,1.51));
#8545=CARTESIAN_POINT('',(110.5,-40.25,1.51));
#8546=CARTESIAN_POINT('',(132.88,-136.442,1.51));
#8547=CARTESIAN_POINT('Origin',(132.88,-136.95,1.51));
#8548=CARTESIAN_POINT('',(132.88,-133.902,1.51));
#8549=CARTESIAN_POINT('Origin',(132.88,-134.41,1.51));
#8550=CARTESIAN_POINT('',(132.88,-131.362,1.51));
#8551=CARTESIAN_POINT('Origin',(132.88,-131.87,1.51));
#8552=CARTESIAN_POINT('',(132.88,-128.822,1.51));
#8553=CARTESIAN_POINT('Origin',(132.88,-129.33,1.51));
#8554=CARTESIAN_POINT('',(132.88,-126.282,1.51));
#8555=CARTESIAN_POINT('Origin',(132.88,-126.79,1.51));
#8556=CARTESIAN_POINT('',(132.88,-123.742,1.51));
#8557=CARTESIAN_POINT('Origin',(132.88,-124.25,1.51));
#8558=CARTESIAN_POINT('',(132.88,-121.202,1.51));
#8559=CARTESIAN_POINT('Origin',(132.88,-121.71,1.51));
#8560=CARTESIAN_POINT('',(132.88,-118.662,1.51));
#8561=CARTESIAN_POINT('Origin',(132.88,-119.17,1.51));
#8562=CARTESIAN_POINT('',(132.88,-116.122,1.51));
#8563=CARTESIAN_POINT('Origin',(132.88,-116.63,1.51));
#8564=CARTESIAN_POINT('',(132.88,-113.582,1.51));
#8565=CARTESIAN_POINT('Origin',(132.88,-114.09,1.51));
#8566=CARTESIAN_POINT('',(132.88,-111.042,1.51));
#8567=CARTESIAN_POINT('Origin',(132.88,-111.55,1.51));
#8568=CARTESIAN_POINT('',(132.88,-108.502,1.51));
#8569=CARTESIAN_POINT('Origin',(132.88,-109.01,1.51));
#8570=CARTESIAN_POINT('',(135.15,-95.685,1.51));
#8571=CARTESIAN_POINT('Origin',(135.15,-96.035,1.51));
#8572=CARTESIAN_POINT('',(135.15,-93.905,1.51));
#8573=CARTESIAN_POINT('Origin',(135.15,-94.255,1.51));
#8574=CARTESIAN_POINT('',(140.5,-136.15,1.51));
#8575=CARTESIAN_POINT('Origin',(140.5,-137.25,1.51));
#8576=CARTESIAN_POINT('',(148.12,-136.442,1.51));
#8577=CARTESIAN_POINT('Origin',(148.12,-136.95,1.51));
#8578=CARTESIAN_POINT('',(148.12,-133.902,1.51));
#8579=CARTESIAN_POINT('Origin',(148.12,-134.41,1.51));
#8580=CARTESIAN_POINT('',(148.12,-131.362,1.51));
#8581=CARTESIAN_POINT('Origin',(148.12,-131.87,1.51));
#8582=CARTESIAN_POINT('',(148.12,-128.822,1.51));
#8583=CARTESIAN_POINT('Origin',(148.12,-129.33,1.51));
#8584=CARTESIAN_POINT('',(148.12,-126.282,1.51));
#8585=CARTESIAN_POINT('Origin',(148.12,-126.79,1.51));
#8586=CARTESIAN_POINT('',(148.12,-123.742,1.51));
#8587=CARTESIAN_POINT('Origin',(148.12,-124.25,1.51));
#8588=CARTESIAN_POINT('',(148.12,-121.202,1.51));
#8589=CARTESIAN_POINT('Origin',(148.12,-121.71,1.51));
#8590=CARTESIAN_POINT('',(148.12,-118.662,1.51));
#8591=CARTESIAN_POINT('Origin',(148.12,-119.17,1.51));
#8592=CARTESIAN_POINT('',(148.12,-116.122,1.51));
#8593=CARTESIAN_POINT('Origin',(148.12,-116.63,1.51));
#8594=CARTESIAN_POINT('',(148.12,-113.582,1.51));
#8595=CARTESIAN_POINT('Origin',(148.12,-114.09,1.51));
#8596=CARTESIAN_POINT('',(148.12,-111.042,1.51));
#8597=CARTESIAN_POINT('Origin',(148.12,-111.55,1.51));
#8598=CARTESIAN_POINT('',(148.12,-108.502,1.51));
#8599=CARTESIAN_POINT('Origin',(148.12,-109.01,1.51));
#8600=CARTESIAN_POINT('',(145.85,-96.575,1.51));
#8601=CARTESIAN_POINT('Origin',(145.85,-96.925,1.51));
#8602=CARTESIAN_POINT('',(145.85,-94.795,1.51));
#8603=CARTESIAN_POINT('Origin',(145.85,-95.145,1.51));
#8604=CARTESIAN_POINT('',(145.85,-93.015,1.51));
#8605=CARTESIAN_POINT('Origin',(145.85,-93.365,1.51));
#8606=CARTESIAN_POINT('',(135.15,-92.125,1.51));
#8607=CARTESIAN_POINT('Origin',(135.15,-92.475,1.51));
#8608=CARTESIAN_POINT('',(135.15,-90.345,1.51));
#8609=CARTESIAN_POINT('Origin',(135.15,-90.695,1.51));
#8610=CARTESIAN_POINT('',(135.15,-88.565,1.51));
#8611=CARTESIAN_POINT('Origin',(135.15,-88.915,1.51));
#8612=CARTESIAN_POINT('',(135.15,-86.785,1.51));
#8613=CARTESIAN_POINT('Origin',(135.15,-87.135,1.51));
#8614=CARTESIAN_POINT('',(135.15,-85.005,1.51));
#8615=CARTESIAN_POINT('Origin',(135.15,-85.355,1.51));
#8616=CARTESIAN_POINT('',(135.15,-83.225,1.51));
#8617=CARTESIAN_POINT('Origin',(135.15,-83.575,1.51));
#8618=CARTESIAN_POINT('',(123.5,-62.58,1.51));
#8619=CARTESIAN_POINT('Origin',(123.5,-63.33,1.51));
#8620=CARTESIAN_POINT('',(118.5,-47.15,1.51));
#8621=CARTESIAN_POINT('Origin',(118.5,-48.25,1.51));
#8622=CARTESIAN_POINT('',(123.5,-57.5,1.51));
#8623=CARTESIAN_POINT('Origin',(123.5,-58.25,1.51));
#8624=CARTESIAN_POINT('',(123.5,-52.42,1.51));
#8625=CARTESIAN_POINT('Origin',(123.5,-53.17,1.51));
#8626=CARTESIAN_POINT('',(133.55,-64.65,1.51));
#8627=CARTESIAN_POINT('Origin',(133.55,-65.15,1.51));
#8628=CARTESIAN_POINT('',(133.55,-59.65,1.51));
#8629=CARTESIAN_POINT('Origin',(133.55,-60.15,1.51));
#8630=CARTESIAN_POINT('',(136.055,-98.1875,1.51));
#8631=CARTESIAN_POINT('',(144.945,-98.1875,1.51));
#8632=CARTESIAN_POINT('',(136.055,-98.1875,1.51));
#8633=CARTESIAN_POINT('',(136.055,-82.3125,1.51));
#8634=CARTESIAN_POINT('',(136.055,-82.3125,1.51));
#8635=CARTESIAN_POINT('',(144.945,-82.3125,1.51));
#8636=CARTESIAN_POINT('',(144.945,-82.3125,1.51));
#8637=CARTESIAN_POINT('',(144.945,-98.1875,1.51));
#8638=CARTESIAN_POINT('',(145.85,-91.235,1.51));
#8639=CARTESIAN_POINT('Origin',(145.85,-91.585,1.51));
#8640=CARTESIAN_POINT('',(145.85,-89.455,1.51));
#8641=CARTESIAN_POINT('Origin',(145.85,-89.805,1.51));
#8642=CARTESIAN_POINT('',(145.85,-87.675,1.51));
#8643=CARTESIAN_POINT('Origin',(145.85,-88.025,1.51));
#8644=CARTESIAN_POINT('',(145.85,-85.895,1.51));
#8645=CARTESIAN_POINT('Origin',(145.85,-86.245,1.51));
#8646=CARTESIAN_POINT('',(145.85,-84.115,1.51));
#8647=CARTESIAN_POINT('Origin',(145.85,-84.465,1.51));
#8648=CARTESIAN_POINT('',(139.9,-69.,1.51));
#8649=CARTESIAN_POINT('',(139.9,-67.5,1.51));
#8650=CARTESIAN_POINT('Origin',(139.9,-68.25,1.51));
#8651=CARTESIAN_POINT('',(141.2,-67.5,1.51));
#8652=CARTESIAN_POINT('',(70.6,-67.5,1.51));
#8653=CARTESIAN_POINT('',(141.2,-69.,1.51));
#8654=CARTESIAN_POINT('Origin',(141.2,-68.25,1.51));
#8655=CARTESIAN_POINT('',(69.95,-69.,1.51));
#8656=CARTESIAN_POINT('',(148.05,-64.65,1.51));
#8657=CARTESIAN_POINT('Origin',(148.05,-65.15,1.51));
#8658=CARTESIAN_POINT('',(148.05,-62.15,1.51));
#8659=CARTESIAN_POINT('Origin',(148.05,-62.65,1.51));
#8660=CARTESIAN_POINT('',(148.05,-59.65,1.51));
#8661=CARTESIAN_POINT('Origin',(148.05,-60.15,1.51));
#8662=CARTESIAN_POINT('',(139.9,-57.8,1.51));
#8663=CARTESIAN_POINT('',(139.9,-56.3,1.51));
#8664=CARTESIAN_POINT('Origin',(139.9,-57.05,1.51));
#8665=CARTESIAN_POINT('',(141.2,-56.3,1.51));
#8666=CARTESIAN_POINT('',(70.6,-56.3,1.51));
#8667=CARTESIAN_POINT('',(141.2,-57.8,1.51));
#8668=CARTESIAN_POINT('Origin',(141.2,-57.05,1.51));
#8669=CARTESIAN_POINT('',(69.95,-57.8,1.51));
#8670=CARTESIAN_POINT('',(158.5,-62.58,1.51));
#8671=CARTESIAN_POINT('Origin',(158.5,-63.33,1.51));
#8672=CARTESIAN_POINT('',(158.5,-57.5,1.51));
#8673=CARTESIAN_POINT('Origin',(158.5,-58.25,1.51));
#8674=CARTESIAN_POINT('',(158.5,-52.42,1.51));
#8675=CARTESIAN_POINT('Origin',(158.5,-53.17,1.51));
#8676=CARTESIAN_POINT('',(162.5,-47.15,1.51));
#8677=CARTESIAN_POINT('Origin',(162.5,-48.25,1.51));
#8678=CARTESIAN_POINT('Origin',(110.5,-40.25,0.));
#8679=CARTESIAN_POINT('Origin',(132.88,-136.95,-0.046));
#8680=CARTESIAN_POINT('',(132.88,-136.442,-0.046));
#8681=CARTESIAN_POINT('Origin',(132.88,-134.41,-0.046));
#8682=CARTESIAN_POINT('',(132.88,-133.902,-0.046));
#8683=CARTESIAN_POINT('Origin',(132.88,-131.87,-0.046));
#8684=CARTESIAN_POINT('',(132.88,-131.362,-0.046));
#8685=CARTESIAN_POINT('Origin',(132.88,-129.33,-0.046));
#8686=CARTESIAN_POINT('',(132.88,-128.822,-0.046));
#8687=CARTESIAN_POINT('Origin',(132.88,-126.79,-0.046));
#8688=CARTESIAN_POINT('',(132.88,-126.282,-0.046));
#8689=CARTESIAN_POINT('Origin',(132.88,-124.25,-0.046));
#8690=CARTESIAN_POINT('',(132.88,-123.742,-0.046));
#8691=CARTESIAN_POINT('Origin',(132.88,-121.71,-0.046));
#8692=CARTESIAN_POINT('',(132.88,-121.202,-0.046));
#8693=CARTESIAN_POINT('Origin',(132.88,-119.17,-0.046));
#8694=CARTESIAN_POINT('',(132.88,-118.662,-0.046));
#8695=CARTESIAN_POINT('Origin',(132.88,-116.63,-0.046));
#8696=CARTESIAN_POINT('',(132.88,-116.122,-0.046));
#8697=CARTESIAN_POINT('Origin',(132.88,-114.09,-0.046));
#8698=CARTESIAN_POINT('',(132.88,-113.582,-0.046));
#8699=CARTESIAN_POINT('Origin',(132.88,-111.55,-0.046));
#8700=CARTESIAN_POINT('',(132.88,-111.042,-0.046));
#8701=CARTESIAN_POINT('Origin',(132.88,-109.01,-0.046));
#8702=CARTESIAN_POINT('',(132.88,-108.502,-0.046));
#8703=CARTESIAN_POINT('Origin',(135.15,-96.035,-0.046));
#8704=CARTESIAN_POINT('',(135.15,-95.685,-0.046));
#8705=CARTESIAN_POINT('Origin',(135.15,-94.255,-0.046));
#8706=CARTESIAN_POINT('',(135.15,-93.905,-0.046));
#8707=CARTESIAN_POINT('Origin',(140.5,-137.25,-0.046));
#8708=CARTESIAN_POINT('',(140.5,-136.15,-0.046));
#8709=CARTESIAN_POINT('Origin',(148.12,-136.95,-0.046));
#8710=CARTESIAN_POINT('',(148.12,-136.442,-0.046));
#8711=CARTESIAN_POINT('Origin',(148.12,-134.41,-0.046));
#8712=CARTESIAN_POINT('',(148.12,-133.902,-0.046));
#8713=CARTESIAN_POINT('Origin',(148.12,-131.87,-0.046));
#8714=CARTESIAN_POINT('',(148.12,-131.362,-0.046));
#8715=CARTESIAN_POINT('Origin',(148.12,-129.33,-0.046));
#8716=CARTESIAN_POINT('',(148.12,-128.822,-0.046));
#8717=CARTESIAN_POINT('Origin',(148.12,-126.79,-0.046));
#8718=CARTESIAN_POINT('',(148.12,-126.282,-0.046));
#8719=CARTESIAN_POINT('Origin',(148.12,-124.25,-0.046));
#8720=CARTESIAN_POINT('',(148.12,-123.742,-0.046));
#8721=CARTESIAN_POINT('Origin',(148.12,-121.71,-0.046));
#8722=CARTESIAN_POINT('',(148.12,-121.202,-0.046));
#8723=CARTESIAN_POINT('Origin',(148.12,-119.17,-0.046));
#8724=CARTESIAN_POINT('',(148.12,-118.662,-0.046));
#8725=CARTESIAN_POINT('Origin',(148.12,-116.63,-0.046));
#8726=CARTESIAN_POINT('',(148.12,-116.122,-0.046));
#8727=CARTESIAN_POINT('Origin',(148.12,-114.09,-0.046));
#8728=CARTESIAN_POINT('',(148.12,-113.582,-0.046));
#8729=CARTESIAN_POINT('Origin',(148.12,-111.55,-0.046));
#8730=CARTESIAN_POINT('',(148.12,-111.042,-0.046));
#8731=CARTESIAN_POINT('Origin',(148.12,-109.01,-0.046));
#8732=CARTESIAN_POINT('',(148.12,-108.502,-0.046));
#8733=CARTESIAN_POINT('Origin',(145.85,-96.925,-0.046));
#8734=CARTESIAN_POINT('',(145.85,-96.575,-0.046));
#8735=CARTESIAN_POINT('Origin',(145.85,-95.145,-0.046));
#8736=CARTESIAN_POINT('',(145.85,-94.795,-0.046));
#8737=CARTESIAN_POINT('Origin',(145.85,-93.365,-0.046));
#8738=CARTESIAN_POINT('',(145.85,-93.015,-0.046));
#8739=CARTESIAN_POINT('Origin',(135.15,-92.475,-0.046));
#8740=CARTESIAN_POINT('',(135.15,-92.125,-0.046));
#8741=CARTESIAN_POINT('Origin',(135.15,-90.695,-0.046));
#8742=CARTESIAN_POINT('',(135.15,-90.345,-0.046));
#8743=CARTESIAN_POINT('Origin',(135.15,-88.915,-0.046));
#8744=CARTESIAN_POINT('',(135.15,-88.565,-0.046));
#8745=CARTESIAN_POINT('Origin',(135.15,-87.135,-0.046));
#8746=CARTESIAN_POINT('',(135.15,-86.785,-0.046));
#8747=CARTESIAN_POINT('Origin',(135.15,-85.355,-0.046));
#8748=CARTESIAN_POINT('',(135.15,-85.005,-0.046));
#8749=CARTESIAN_POINT('Origin',(135.15,-83.575,-0.046));
#8750=CARTESIAN_POINT('',(135.15,-83.225,-0.046));
#8751=CARTESIAN_POINT('Origin',(123.5,-63.33,-0.046));
#8752=CARTESIAN_POINT('',(123.5,-62.58,-0.046));
#8753=CARTESIAN_POINT('Origin',(118.5,-48.25,-0.046));
#8754=CARTESIAN_POINT('',(118.5,-47.15,-0.046));
#8755=CARTESIAN_POINT('Origin',(123.5,-58.25,-0.046));
#8756=CARTESIAN_POINT('',(123.5,-57.5,-0.046));
#8757=CARTESIAN_POINT('Origin',(123.5,-53.17,-0.046));
#8758=CARTESIAN_POINT('',(123.5,-52.42,-0.046));
#8759=CARTESIAN_POINT('Origin',(133.55,-65.15,-0.046));
#8760=CARTESIAN_POINT('',(133.55,-64.65,-0.046));
#8761=CARTESIAN_POINT('Origin',(133.55,-60.15,-0.046));
#8762=CARTESIAN_POINT('',(133.55,-59.65,-0.046));
#8763=CARTESIAN_POINT('Origin',(136.055,-98.1875,0.));
#8764=CARTESIAN_POINT('',(136.055,-98.1875,0.));
#8765=CARTESIAN_POINT('',(144.945,-98.1875,0.));
#8766=CARTESIAN_POINT('Origin',(136.055,-82.3125,0.));
#8767=CARTESIAN_POINT('',(136.055,-82.3125,0.));
#8768=CARTESIAN_POINT('Origin',(144.945,-98.1875,0.));
#8769=CARTESIAN_POINT('',(144.945,-82.3125,0.));
#8770=CARTESIAN_POINT('Origin',(144.945,-82.3125,0.));
#8771=CARTESIAN_POINT('Origin',(145.85,-91.585,-0.046));
#8772=CARTESIAN_POINT('',(145.85,-91.235,-0.046));
#8773=CARTESIAN_POINT('Origin',(145.85,-89.805,-0.046));
#8774=CARTESIAN_POINT('',(145.85,-89.455,-0.046));
#8775=CARTESIAN_POINT('Origin',(145.85,-88.025,-0.046));
#8776=CARTESIAN_POINT('',(145.85,-87.675,-0.046));
#8777=CARTESIAN_POINT('Origin',(145.85,-86.245,-0.046));
#8778=CARTESIAN_POINT('',(145.85,-85.895,-0.046));
#8779=CARTESIAN_POINT('Origin',(145.85,-84.465,-0.046));
#8780=CARTESIAN_POINT('',(145.85,-84.115,-0.046));
#8781=CARTESIAN_POINT('Origin',(139.9,-68.25,-0.046));
#8782=CARTESIAN_POINT('',(139.9,-67.5,-0.046));
#8783=CARTESIAN_POINT('',(139.9,-69.,-0.046));
#8784=CARTESIAN_POINT('Origin',(139.9,-69.,-0.046));
#8785=CARTESIAN_POINT('',(141.2,-69.,-0.046));
#8786=CARTESIAN_POINT('Origin',(141.2,-68.25,-0.046));
#8787=CARTESIAN_POINT('',(141.2,-67.5,-0.046));
#8788=CARTESIAN_POINT('Origin',(141.2,-67.5,-0.046));
#8789=CARTESIAN_POINT('Origin',(148.05,-65.15,-0.046));
#8790=CARTESIAN_POINT('',(148.05,-64.65,-0.046));
#8791=CARTESIAN_POINT('Origin',(148.05,-62.65,-0.046));
#8792=CARTESIAN_POINT('',(148.05,-62.15,-0.046));
#8793=CARTESIAN_POINT('Origin',(148.05,-60.15,-0.046));
#8794=CARTESIAN_POINT('',(148.05,-59.65,-0.046));
#8795=CARTESIAN_POINT('Origin',(139.9,-57.05,-0.046));
#8796=CARTESIAN_POINT('',(139.9,-56.3,-0.046));
#8797=CARTESIAN_POINT('',(139.9,-57.8,-0.046));
#8798=CARTESIAN_POINT('Origin',(139.9,-57.8,-0.046));
#8799=CARTESIAN_POINT('',(141.2,-57.8,-0.046));
#8800=CARTESIAN_POINT('Origin',(141.2,-57.05,-0.046));
#8801=CARTESIAN_POINT('',(141.2,-56.3,-0.046));
#8802=CARTESIAN_POINT('Origin',(141.2,-56.3,-0.046));
#8803=CARTESIAN_POINT('Origin',(158.5,-63.33,-0.046));
#8804=CARTESIAN_POINT('',(158.5,-62.58,-0.046));
#8805=CARTESIAN_POINT('Origin',(158.5,-58.25,-0.046));
#8806=CARTESIAN_POINT('',(158.5,-57.5,-0.046));
#8807=CARTESIAN_POINT('Origin',(158.5,-53.17,-0.046));
#8808=CARTESIAN_POINT('',(158.5,-52.42,-0.046));
#8809=CARTESIAN_POINT('Origin',(162.5,-48.25,-0.046));
#8810=CARTESIAN_POINT('',(162.5,-47.15,-0.046));
#8811=CARTESIAN_POINT('',(0.,0.,0.));
#8812=CARTESIAN_POINT('',(0.,0.,0.));
#8813=CARTESIAN_POINT('Origin',(-1.,-0.6,0.));
#8814=CARTESIAN_POINT('',(-1.,-0.6,0.045));
#8815=CARTESIAN_POINT('',(-1.,-0.6,0.405));
#8816=CARTESIAN_POINT('',(-1.,-0.6,0.));
#8817=CARTESIAN_POINT('',(-1.,0.6,0.405));
#8818=CARTESIAN_POINT('',(-1.,-0.6,0.405));
#8819=CARTESIAN_POINT('',(-1.,0.6,0.045));
#8820=CARTESIAN_POINT('',(-1.,0.6,0.));
#8821=CARTESIAN_POINT('',(-1.,-0.6,0.045));
#8822=CARTESIAN_POINT('Origin',(-1.,-0.6,0.));
#8823=CARTESIAN_POINT('',(-0.955,-0.6,-2.775557561563E-17));
#8824=CARTESIAN_POINT('',(-0.745,-0.6,-2.775557561563E-17));
#8825=CARTESIAN_POINT('',(-1.,-0.6,0.));
#8826=CARTESIAN_POINT('',(-0.7,-0.6,0.045));
#8827=CARTESIAN_POINT('Origin',(-0.745,-0.6,0.045));
#8828=CARTESIAN_POINT('',(-0.955,-0.6,0.045));
#8829=CARTESIAN_POINT('',(-0.955,-0.6,0.045));
#8830=CARTESIAN_POINT('',(-0.955,-0.6,0.405));
#8831=CARTESIAN_POINT('',(-0.955,-0.6,0.045));
#8832=CARTESIAN_POINT('',(-0.7,-0.6,0.405));
#8833=CARTESIAN_POINT('',(-0.955,-0.6,0.405));
#8834=CARTESIAN_POINT('',(-0.745,-0.6,0.45));
#8835=CARTESIAN_POINT('Origin',(-0.745,-0.6,0.405));
#8836=CARTESIAN_POINT('',(-0.955,-0.6,0.45));
#8837=CARTESIAN_POINT('',(-1.,-0.6,0.45));
#8838=CARTESIAN_POINT('Origin',(-0.955,-0.6,0.405));
#8839=CARTESIAN_POINT('Origin',(-0.955,-0.6,0.045));
#8840=CARTESIAN_POINT('Origin',(-0.955,-0.6,0.045));
#8841=CARTESIAN_POINT('',(-0.955,0.6,-2.775557561563E-17));
#8842=CARTESIAN_POINT('Origin',(-0.955,0.6,0.045));
#8843=CARTESIAN_POINT('',(-0.955,-0.6,-2.775557561563E-17));
#8844=CARTESIAN_POINT('Origin',(-0.955,-0.6,0.405));
#8845=CARTESIAN_POINT('',(-0.955,0.6,0.45));
#8846=CARTESIAN_POINT('',(-0.955,-0.6,0.45));
#8847=CARTESIAN_POINT('Origin',(-0.955,0.6,0.405));
#8848=CARTESIAN_POINT('Origin',(-1.,0.6,0.));
#8849=CARTESIAN_POINT('',(-0.745,0.6,-2.775557561563E-17));
#8850=CARTESIAN_POINT('',(-1.,0.6,0.));
#8851=CARTESIAN_POINT('',(-0.745,0.6,0.45));
#8852=CARTESIAN_POINT('',(-1.,0.6,0.45));
#8853=CARTESIAN_POINT('',(-0.7,0.6,0.405));
#8854=CARTESIAN_POINT('Origin',(-0.745,0.6,0.405));
#8855=CARTESIAN_POINT('',(-0.955,0.6,0.405));
#8856=CARTESIAN_POINT('',(-0.955,0.6,0.405));
#8857=CARTESIAN_POINT('',(-0.955,0.6,0.045));
#8858=CARTESIAN_POINT('',(-0.955,0.6,0.045));
#8859=CARTESIAN_POINT('',(-0.7,0.6,0.045));
#8860=CARTESIAN_POINT('',(-0.955,0.6,0.045));
#8861=CARTESIAN_POINT('Origin',(-0.745,0.6,0.045));
#8862=CARTESIAN_POINT('Origin',(-1.,-0.6,0.));
#8863=CARTESIAN_POINT('',(-0.745,-0.6,-2.775557561563E-17));
#8864=CARTESIAN_POINT('Origin',(-0.745,-0.6,0.045));
#8865=CARTESIAN_POINT('',(-0.7,-0.6,0.045));
#8866=CARTESIAN_POINT('Origin',(-0.955,-0.6,0.045));
#8867=CARTESIAN_POINT('',(0.7,-0.6,0.045));
#8868=CARTESIAN_POINT('',(-0.955,-0.6,0.045));
#8869=CARTESIAN_POINT('',(0.955,-0.6,0.045));
#8870=CARTESIAN_POINT('',(-0.955,-0.6,0.045));
#8871=CARTESIAN_POINT('',(0.955,-0.6,0.405));
#8872=CARTESIAN_POINT('',(0.955,-0.6,0.045));
#8873=CARTESIAN_POINT('',(0.7,-0.6,0.405));
#8874=CARTESIAN_POINT('',(-0.955,-0.6,0.405));
#8875=CARTESIAN_POINT('',(-0.7,-0.6,0.405));
#8876=CARTESIAN_POINT('Origin',(-1.,-0.6,0.45));
#8877=CARTESIAN_POINT('',(-0.745,-0.6,0.45));
#8878=CARTESIAN_POINT('Origin',(-0.745,-0.6,0.405));
#8879=CARTESIAN_POINT('',(-0.7,-0.6,0.405));
#8880=CARTESIAN_POINT('Origin',(-0.955,0.6,0.045));
#8881=CARTESIAN_POINT('',(0.7,0.6,0.405));
#8882=CARTESIAN_POINT('',(-0.7,0.6,0.405));
#8883=CARTESIAN_POINT('',(0.955,0.6,0.405));
#8884=CARTESIAN_POINT('',(-0.955,0.6,0.405));
#8885=CARTESIAN_POINT('',(0.955,0.6,0.045));
#8886=CARTESIAN_POINT('',(0.955,0.6,0.045));
#8887=CARTESIAN_POINT('',(0.7,0.6,0.045));
#8888=CARTESIAN_POINT('',(-0.955,0.6,0.045));
#8889=CARTESIAN_POINT('',(-0.955,0.6,0.045));
#8890=CARTESIAN_POINT('Origin',(-0.955,-0.6,0.045));
#8891=CARTESIAN_POINT('',(0.7,-0.6,0.045));
#8892=CARTESIAN_POINT('Origin',(0.7,-0.6,0.));
#8893=CARTESIAN_POINT('',(0.745,-0.6,-2.775557561563E-17));
#8894=CARTESIAN_POINT('',(0.955,-0.6,-2.775557561563E-17));
#8895=CARTESIAN_POINT('',(0.7,-0.6,0.));
#8896=CARTESIAN_POINT('',(1.,-0.6,0.045));
#8897=CARTESIAN_POINT('Origin',(0.955,-0.6,0.045));
#8898=CARTESIAN_POINT('',(1.,-0.6,0.405));
#8899=CARTESIAN_POINT('',(1.,-0.6,0.));
#8900=CARTESIAN_POINT('',(0.955,-0.6,0.45));
#8901=CARTESIAN_POINT('Origin',(0.955,-0.6,0.405));
#8902=CARTESIAN_POINT('',(0.745,-0.6,0.45));
#8903=CARTESIAN_POINT('',(0.7,-0.6,0.45));
#8904=CARTESIAN_POINT('Origin',(0.745,-0.6,0.405));
#8905=CARTESIAN_POINT('Origin',(0.745,-0.6,0.045));
#8906=CARTESIAN_POINT('Origin',(-0.7,-0.6,0.405));
#8907=CARTESIAN_POINT('',(0.7,-0.6,0.45));
#8908=CARTESIAN_POINT('',(0.7,-0.6,0.405));
#8909=CARTESIAN_POINT('',(-0.7,-0.6,0.45));
#8910=CARTESIAN_POINT('',(-0.7,-0.6,0.45));
#8911=CARTESIAN_POINT('',(-0.7,-0.6,0.405));
#8912=CARTESIAN_POINT('Origin',(-0.7,-0.6,0.405));
#8913=CARTESIAN_POINT('',(-0.7,0.6,0.45));
#8914=CARTESIAN_POINT('',(-0.7,-0.6,0.45));
#8915=CARTESIAN_POINT('',(-0.7,0.6,0.405));
#8916=CARTESIAN_POINT('Origin',(0.7,0.6,0.));
#8917=CARTESIAN_POINT('',(0.745,0.6,-2.775557561563E-17));
#8918=CARTESIAN_POINT('',(0.955,0.6,-2.775557561563E-17));
#8919=CARTESIAN_POINT('',(0.7,0.6,0.));
#8920=CARTESIAN_POINT('Origin',(0.745,0.6,0.045));
#8921=CARTESIAN_POINT('',(0.745,0.6,0.45));
#8922=CARTESIAN_POINT('Origin',(0.745,0.6,0.405));
#8923=CARTESIAN_POINT('',(0.955,0.6,0.45));
#8924=CARTESIAN_POINT('',(0.7,0.6,0.45));
#8925=CARTESIAN_POINT('',(1.,0.6,0.405));
#8926=CARTESIAN_POINT('Origin',(0.955,0.6,0.405));
#8927=CARTESIAN_POINT('',(1.,0.6,0.045));
#8928=CARTESIAN_POINT('',(1.,0.6,0.));
#8929=CARTESIAN_POINT('Origin',(0.955,0.6,0.045));
#8930=CARTESIAN_POINT('Origin',(-0.7,0.6,0.405));
#8931=CARTESIAN_POINT('',(0.7,0.6,0.45));
#8932=CARTESIAN_POINT('',(-0.7,0.6,0.45));
#8933=CARTESIAN_POINT('',(0.7,0.6,0.405));
#8934=CARTESIAN_POINT('Origin',(0.745,-0.6,0.045));
#8935=CARTESIAN_POINT('',(0.745,-0.6,-2.775557561563E-17));
#8936=CARTESIAN_POINT('Origin',(0.7,-0.6,0.));
#8937=CARTESIAN_POINT('',(0.955,-0.6,-2.775557561563E-17));
#8938=CARTESIAN_POINT('Origin',(0.955,-0.6,0.045));
#8939=CARTESIAN_POINT('',(1.,-0.6,0.045));
#8940=CARTESIAN_POINT('Origin',(1.,-0.6,0.));
#8941=CARTESIAN_POINT('',(1.,-0.6,0.405));
#8942=CARTESIAN_POINT('Origin',(0.955,-0.6,0.405));
#8943=CARTESIAN_POINT('',(0.955,-0.6,0.45));
#8944=CARTESIAN_POINT('Origin',(0.7,-0.6,0.45));
#8945=CARTESIAN_POINT('',(0.745,-0.6,0.45));
#8946=CARTESIAN_POINT('Origin',(0.745,-0.6,0.405));
#8947=CARTESIAN_POINT('',(0.7,-0.6,0.405));
#8948=CARTESIAN_POINT('Origin',(0.7,-0.6,0.405));
#8949=CARTESIAN_POINT('',(0.7,-0.6,0.45));
#8950=CARTESIAN_POINT('Origin',(-0.7,-0.6,0.45));
#8951=CARTESIAN_POINT('',(0.,0.,0.));
#8952=CARTESIAN_POINT('',(0.,0.,0.));
#8953=CARTESIAN_POINT('',(0.,0.,0.));
#8954=CARTESIAN_POINT('Origin',(-1.,-0.625,0.));
#8955=CARTESIAN_POINT('',(-1.,-0.625,0.04));
#8956=CARTESIAN_POINT('',(-1.,-0.625,1.21));
#8957=CARTESIAN_POINT('',(-1.,-0.625,0.));
#8958=CARTESIAN_POINT('',(-1.,-0.585,1.25));
#8959=CARTESIAN_POINT('Origin',(-1.,-0.585,1.21));
#8960=CARTESIAN_POINT('',(-1.,0.585,1.25));
#8961=CARTESIAN_POINT('',(-1.,-0.625,1.25));
#8962=CARTESIAN_POINT('',(-1.,0.625,1.21));
#8963=CARTESIAN_POINT('Origin',(-1.,0.585,1.21));
#8964=CARTESIAN_POINT('',(-1.,0.625,0.04));
#8965=CARTESIAN_POINT('',(-1.,0.625,0.));
#8966=CARTESIAN_POINT('',(-1.,0.585,0.));
#8967=CARTESIAN_POINT('Origin',(-1.,0.585,0.04));
#8968=CARTESIAN_POINT('',(-1.,-0.585,0.));
#8969=CARTESIAN_POINT('',(-1.,-0.625,0.));
#8970=CARTESIAN_POINT('Origin',(-1.,-0.585,0.04));
#8971=CARTESIAN_POINT('Origin',(-1.,-0.625,0.));
#8972=CARTESIAN_POINT('',(-0.6,-0.625,0.04));
#8973=CARTESIAN_POINT('',(-0.6,-0.625,1.21));
#8974=CARTESIAN_POINT('',(-0.6,-0.625,0.));
#8975=CARTESIAN_POINT('',(-1.,-0.625,1.21));
#8976=CARTESIAN_POINT('',(-1.,-0.625,0.04));
#8977=CARTESIAN_POINT('Origin',(-1.,-0.585,0.04));
#8978=CARTESIAN_POINT('',(-0.6,-0.585,0.));
#8979=CARTESIAN_POINT('',(-1.,-0.585,0.));
#8980=CARTESIAN_POINT('Origin',(-0.6,-0.585,0.04));
#8981=CARTESIAN_POINT('Origin',(-1.,-0.585,1.21));
#8982=CARTESIAN_POINT('',(-0.6,-0.585,1.25));
#8983=CARTESIAN_POINT('Origin',(-0.6,-0.585,1.21));
#8984=CARTESIAN_POINT('',(-1.,-0.585,1.25));
#8985=CARTESIAN_POINT('Origin',(-1.,-0.625,0.));
#8986=CARTESIAN_POINT('',(-0.6,0.585,0.));
#8987=CARTESIAN_POINT('',(-1.,0.585,0.));
#8988=CARTESIAN_POINT('',(-0.6,-0.625,0.));
#8989=CARTESIAN_POINT('Origin',(-1.,-0.625,1.25));
#8990=CARTESIAN_POINT('',(-0.6,0.585,1.25));
#8991=CARTESIAN_POINT('',(-0.6,-0.625,1.25));
#8992=CARTESIAN_POINT('',(-1.,0.585,1.25));
#8993=CARTESIAN_POINT('Origin',(-1.,0.585,0.04));
#8994=CARTESIAN_POINT('',(-0.6,0.625,0.04));
#8995=CARTESIAN_POINT('',(-1.,0.625,0.04));
#8996=CARTESIAN_POINT('Origin',(-0.6,0.585,0.04));
#8997=CARTESIAN_POINT('Origin',(-1.,0.585,1.21));
#8998=CARTESIAN_POINT('',(-0.6,0.625,1.21));
#8999=CARTESIAN_POINT('Origin',(-0.6,0.585,1.21));
#9000=CARTESIAN_POINT('',(-1.,0.625,1.21));
#9001=CARTESIAN_POINT('Origin',(-1.,0.625,0.));
#9002=CARTESIAN_POINT('',(-0.6,0.625,0.));
#9003=CARTESIAN_POINT('Origin',(-0.6,-0.625,0.));
#9004=CARTESIAN_POINT('',(-0.6,-0.585,0.08));
#9005=CARTESIAN_POINT('',(-0.6,-0.545,0.04));
#9006=CARTESIAN_POINT('Origin',(-0.6,-0.545,0.08));
#9007=CARTESIAN_POINT('',(-0.6,-0.585,1.17));
#9008=CARTESIAN_POINT('',(-0.6,-0.585,0.04));
#9009=CARTESIAN_POINT('',(-0.6,-0.545,1.21));
#9010=CARTESIAN_POINT('Origin',(-0.6,-0.545,1.17));
#9011=CARTESIAN_POINT('',(-0.6,0.545,1.21));
#9012=CARTESIAN_POINT('',(-0.6,-0.585,1.21));
#9013=CARTESIAN_POINT('',(-0.6,0.585,1.17));
#9014=CARTESIAN_POINT('Origin',(-0.6,0.545,1.17));
#9015=CARTESIAN_POINT('',(-0.6,0.585,0.08));
#9016=CARTESIAN_POINT('',(-0.6,0.585,0.04));
#9017=CARTESIAN_POINT('',(-0.6,0.545,0.04));
#9018=CARTESIAN_POINT('Origin',(-0.6,0.545,0.08));
#9019=CARTESIAN_POINT('',(-0.6,-0.585,0.04));
#9020=CARTESIAN_POINT('Origin',(-0.6,-0.545,0.08));
#9021=CARTESIAN_POINT('',(0.6,-0.545,0.04));
#9022=CARTESIAN_POINT('',(-0.6,-0.545,0.04));
#9023=CARTESIAN_POINT('',(0.6,-0.585,0.08));
#9024=CARTESIAN_POINT('Origin',(0.6,-0.545,0.08));
#9025=CARTESIAN_POINT('',(-0.6,-0.585,0.08));
#9026=CARTESIAN_POINT('Origin',(-0.6,-0.585,0.04));
#9027=CARTESIAN_POINT('',(0.6,0.545,0.04));
#9028=CARTESIAN_POINT('',(-0.6,0.545,0.04));
#9029=CARTESIAN_POINT('',(0.6,-0.585,0.04));
#9030=CARTESIAN_POINT('Origin',(-0.6,0.545,0.08));
#9031=CARTESIAN_POINT('',(0.6,0.585,0.08));
#9032=CARTESIAN_POINT('',(-0.6,0.585,0.08));
#9033=CARTESIAN_POINT('Origin',(0.6,0.545,0.08));
#9034=CARTESIAN_POINT('Origin',(-0.6,0.585,0.04));
#9035=CARTESIAN_POINT('',(0.6,0.585,1.17));
#9036=CARTESIAN_POINT('',(0.6,0.585,0.04));
#9037=CARTESIAN_POINT('',(-0.6,0.585,1.17));
#9038=CARTESIAN_POINT('Origin',(-0.6,0.545,1.17));
#9039=CARTESIAN_POINT('',(0.6,0.545,1.21));
#9040=CARTESIAN_POINT('',(-0.6,0.545,1.21));
#9041=CARTESIAN_POINT('Origin',(0.6,0.545,1.17));
#9042=CARTESIAN_POINT('Origin',(-0.6,-0.585,1.21));
#9043=CARTESIAN_POINT('',(0.6,-0.545,1.21));
#9044=CARTESIAN_POINT('',(-0.6,-0.545,1.21));
#9045=CARTESIAN_POINT('',(0.6,-0.585,1.21));
#9046=CARTESIAN_POINT('Origin',(-0.6,-0.545,1.17));
#9047=CARTESIAN_POINT('',(0.6,-0.585,1.17));
#9048=CARTESIAN_POINT('',(-0.6,-0.585,1.17));
#9049=CARTESIAN_POINT('Origin',(0.6,-0.545,1.17));
#9050=CARTESIAN_POINT('Origin',(-0.6,-0.585,0.04));
#9051=CARTESIAN_POINT('',(0.6,-0.585,0.04));
#9052=CARTESIAN_POINT('Origin',(0.6,-0.625,0.));
#9053=CARTESIAN_POINT('',(0.6,-0.625,0.04));
#9054=CARTESIAN_POINT('',(0.6,-0.625,1.21));
#9055=CARTESIAN_POINT('',(0.6,-0.625,0.));
#9056=CARTESIAN_POINT('',(0.6,-0.585,1.25));
#9057=CARTESIAN_POINT('Origin',(0.6,-0.585,1.21));
#9058=CARTESIAN_POINT('',(0.6,0.585,1.25));
#9059=CARTESIAN_POINT('',(0.6,-0.625,1.25));
#9060=CARTESIAN_POINT('',(0.6,0.625,1.21));
#9061=CARTESIAN_POINT('Origin',(0.6,0.585,1.21));
#9062=CARTESIAN_POINT('',(0.6,0.625,0.04));
#9063=CARTESIAN_POINT('',(0.6,0.625,0.));
#9064=CARTESIAN_POINT('',(0.6,0.585,0.));
#9065=CARTESIAN_POINT('Origin',(0.6,0.585,0.04));
#9066=CARTESIAN_POINT('',(0.6,-0.585,0.));
#9067=CARTESIAN_POINT('',(0.6,-0.625,0.));
#9068=CARTESIAN_POINT('Origin',(0.6,-0.585,0.04));
#9069=CARTESIAN_POINT('Origin',(0.6,-0.625,0.));
#9070=CARTESIAN_POINT('',(1.,-0.625,0.04));
#9071=CARTESIAN_POINT('',(1.,-0.625,1.21));
#9072=CARTESIAN_POINT('',(1.,-0.625,0.));
#9073=CARTESIAN_POINT('',(0.6,-0.625,1.21));
#9074=CARTESIAN_POINT('',(0.6,-0.625,0.04));
#9075=CARTESIAN_POINT('Origin',(0.6,-0.585,0.04));
#9076=CARTESIAN_POINT('',(1.,-0.585,0.));
#9077=CARTESIAN_POINT('',(0.6,-0.585,0.));
#9078=CARTESIAN_POINT('Origin',(1.,-0.585,0.04));
#9079=CARTESIAN_POINT('Origin',(0.6,-0.585,1.21));
#9080=CARTESIAN_POINT('',(1.,-0.585,1.25));
#9081=CARTESIAN_POINT('Origin',(1.,-0.585,1.21));
#9082=CARTESIAN_POINT('',(0.6,-0.585,1.25));
#9083=CARTESIAN_POINT('Origin',(0.6,-0.625,0.));
#9084=CARTESIAN_POINT('',(1.,0.585,0.));
#9085=CARTESIAN_POINT('',(0.6,0.585,0.));
#9086=CARTESIAN_POINT('',(1.,-0.625,0.));
#9087=CARTESIAN_POINT('Origin',(0.6,-0.625,1.25));
#9088=CARTESIAN_POINT('',(1.,0.585,1.25));
#9089=CARTESIAN_POINT('',(1.,-0.625,1.25));
#9090=CARTESIAN_POINT('',(0.6,0.585,1.25));
#9091=CARTESIAN_POINT('Origin',(0.6,0.585,0.04));
#9092=CARTESIAN_POINT('',(1.,0.625,0.04));
#9093=CARTESIAN_POINT('',(0.6,0.625,0.04));
#9094=CARTESIAN_POINT('Origin',(1.,0.585,0.04));
#9095=CARTESIAN_POINT('Origin',(0.6,0.585,1.21));
#9096=CARTESIAN_POINT('',(1.,0.625,1.21));
#9097=CARTESIAN_POINT('Origin',(1.,0.585,1.21));
#9098=CARTESIAN_POINT('',(0.6,0.625,1.21));
#9099=CARTESIAN_POINT('Origin',(0.6,0.625,0.));
#9100=CARTESIAN_POINT('',(1.,0.625,0.));
#9101=CARTESIAN_POINT('Origin',(1.,-0.625,0.));
#9102=CARTESIAN_POINT('',(0.,0.,0.));
#9103=CARTESIAN_POINT('',(126.,-96.05,1.595));
#9104=CARTESIAN_POINT('',(136.51,-100.7875,1.595));
#9105=CARTESIAN_POINT('',(140.4,-102.45,1.595));
#9106=CARTESIAN_POINT('',(0.,0.,0.));
#9107=CARTESIAN_POINT('',(136.61,-104.8875,1.595));
#9108=CARTESIAN_POINT('',(150.6,-95.85,1.595));
#9109=CARTESIAN_POINT('',(132.7,-96.8875,1.595));
#9110=CARTESIAN_POINT('',(148.6,-91.75,1.595));
#9111=CARTESIAN_POINT('',(133.6,-104.8875,1.595));
#9112=CARTESIAN_POINT('',(148.2,-95.85,1.595));
#9113=CARTESIAN_POINT('',(133.5,-100.7875,1.595));
#9114=CARTESIAN_POINT('',(151.,-87.7125,1.595));
#9115=CARTESIAN_POINT('',(148.6,-87.7125,1.595));
#9116=CARTESIAN_POINT('Origin',(161.799939437025,-3.26499977350235,39.0147196142322));
#9117=CARTESIAN_POINT('',(160.799939437025,-3.16499977350235,39.0147196142322));
#9118=CARTESIAN_POINT('',(165.817939437025,-3.16499977350235,39.0147196142322));
#9119=CARTESIAN_POINT('',(161.799939437025,-3.16499977350235,39.0147196142322));
#9120=CARTESIAN_POINT('',(165.817939437025,1.83500022649765,39.0147196142322));
#9121=CARTESIAN_POINT('',(165.817939437025,-3.16499977350235,39.0147196142322));
#9122=CARTESIAN_POINT('',(160.799939437025,1.83500022649765,39.0147196142322));
#9123=CARTESIAN_POINT('',(161.799939437025,1.83500022649765,39.0147196142322));
#9124=CARTESIAN_POINT('',(160.799939437025,-3.16499977350235,39.0147196142322));
#9125=CARTESIAN_POINT('Origin',(114.99999742955,-3.26499977350235,39.4999991953373));
#9126=CARTESIAN_POINT('',(113.99999742955,-3.16499977350235,39.4999991953373));
#9127=CARTESIAN_POINT('',(118.999997362494,-3.16499977350235,39.4999991953373));
#9128=CARTESIAN_POINT('',(114.99999742955,-3.16499977350235,39.4999991953373));
#9129=CARTESIAN_POINT('',(118.999997362494,1.83500022649765,39.4999991953373));
#9130=CARTESIAN_POINT('',(118.999997362494,-2.26499977350235,39.4999991953373));
#9131=CARTESIAN_POINT('',(113.99999742955,1.83500022649765,39.4999991953373));
#9132=CARTESIAN_POINT('',(114.99999742955,1.83500022649765,39.4999991953373));
#9133=CARTESIAN_POINT('',(113.99999742955,-2.76499977350235,39.4999991953373));
#9134=CARTESIAN_POINT('Origin',(142.000002115965,20.9350002264977,89.0000011622906));
#9135=CARTESIAN_POINT('',(142.000002115965,20.9350002264977,89.0000011622906));
#9136=CARTESIAN_POINT('',(139.991301290732,20.9350002264977,89.0000011622906));
#9137=CARTESIAN_POINT('',(140.995651703348,20.9350002264977,89.0000011622906));
#9138=CARTESIAN_POINT('',(142.000002115965,18.9350002264977,89.0000011622906));
#9139=CARTESIAN_POINT('',(142.000002115965,20.9350002264977,89.0000011622906));
#9140=CARTESIAN_POINT('',(139.991301290732,18.9350002264977,89.0000011622906));
#9141=CARTESIAN_POINT('',(140.995651703348,18.9350002264976,89.0000011622906));
#9142=CARTESIAN_POINT('',(139.991301290732,20.9350002264977,89.0000011622906));
#9143=CARTESIAN_POINT('Origin',(139.991301290732,20.9350002264977,119.529719614232));
#9144=CARTESIAN_POINT('',(174.991301290732,20.9350002264977,155.014719614232));
#9145=CARTESIAN_POINT('',(174.991301290732,20.9350002264977,31.0147196142322));
#9146=CARTESIAN_POINT('',(174.991301290732,20.9350002264977,84.0447196142321));
#9147=CARTESIAN_POINT('',(104.991301290732,20.9350002264977,31.0147196142322));
#9148=CARTESIAN_POINT('',(139.991301290732,20.9350002264977,31.0147196142322));
#9149=CARTESIAN_POINT('',(104.991301290732,20.9350002264977,155.014719614232));
#9150=CARTESIAN_POINT('',(104.991301290732,20.9350002264977,119.529719614232));
#9151=CARTESIAN_POINT('',(139.991301290732,20.9350002264977,155.014719614232));
#9152=CARTESIAN_POINT('',(142.000002115965,20.9350002264977,71.4933268210383));
#9153=CARTESIAN_POINT('',(142.000002115965,20.9350002264977,95.5115232176352));
#9154=CARTESIAN_POINT('',(139.991301290732,20.9350002264977,71.4889951867612));
#9155=CARTESIAN_POINT('',(139.991301290732,20.9350002264977,98.7648603882614));
#9156=CARTESIAN_POINT('',(139.991301290732,20.9350002264977,53.6058000402896));
#9157=CARTESIAN_POINT('Origin',(141.014938354492,20.9350002264977,62.5473976135254));
#9158=CARTESIAN_POINT('',(139.991301290732,20.9350002264977,35.3447196142321));
#9159=CARTESIAN_POINT('',(139.991301290732,20.9350002264977,86.5677598272609));
#9160=CARTESIAN_POINT('',(109.000001624227,20.9350002264977,35.3447196142321));
#9161=CARTESIAN_POINT('',(139.991301290732,20.9350002264977,35.3447196142321));
#9162=CARTESIAN_POINT('',(109.000001624227,20.9350002264977,85.0000011920929));
#9163=CARTESIAN_POINT('',(109.000001624227,20.9350002264977,76.7648594271365));
#9164=CARTESIAN_POINT('',(106.991301290732,20.9350002264977,85.0000011920929));
#9165=CARTESIAN_POINT('',(124.495651457479,20.9350002264977,85.0000011920929));
#9166=CARTESIAN_POINT('',(106.991301290732,20.9350002264977,34.0147196142322));
#9167=CARTESIAN_POINT('',(106.991301290732,20.9350002264977,93.0147196142322));
#9168=CARTESIAN_POINT('',(172.991301290732,20.9350002264977,34.0147196142322));
#9169=CARTESIAN_POINT('',(139.991301290732,20.9350002264977,34.0147196142322));
#9170=CARTESIAN_POINT('',(172.991301290732,20.9350002264977,85.0000012665987));
#9171=CARTESIAN_POINT('',(172.991301290732,20.9350002264977,93.0147196142322));
#9172=CARTESIAN_POINT('',(171.000002548099,20.9350002264977,85.0000012665987));
#9173=CARTESIAN_POINT('',(157.495651949218,20.9350002264977,85.0000012665987));
#9174=CARTESIAN_POINT('',(171.000002548099,20.9350002264977,35.3447196142321));
#9175=CARTESIAN_POINT('',(171.000002548099,20.9350002264977,102.264860440415));
#9176=CARTESIAN_POINT('',(142.000002115965,20.9350002264977,35.3447196142321));
#9177=CARTESIAN_POINT('',(139.991301290732,20.9350002264977,35.3447196142321));
#9178=CARTESIAN_POINT('',(142.000002115965,20.9350002264977,53.6014684060124));
#9179=CARTESIAN_POINT('',(142.000002115965,20.9350002264977,75.2872196142321));
#9180=CARTESIAN_POINT('Origin',(141.014938354492,20.9350002264977,62.5473976135254));
#9181=CARTESIAN_POINT('Origin',(139.890684630514,-2.26499977350234,150.638492272621));
#9182=CARTESIAN_POINT('',(139.890684630514,-3.16499977350233,152.08849227262));
#9183=CARTESIAN_POINT('Origin',(139.890684630514,-3.16499977350234,150.638492272621));
#9184=CARTESIAN_POINT('',(139.890684630514,0.735000226497665,152.08849227262));
#9185=CARTESIAN_POINT('',(139.890684630514,-2.26499977350234,152.08849227262));
#9186=CARTESIAN_POINT('Origin',(139.890684630514,0.735000226497664,150.638492272621));
#9187=CARTESIAN_POINT('Origin',(139.890684630514,0.735000226497664,150.638492272621));
#9188=CARTESIAN_POINT('Origin',(116.519260406494,-2.26499977350236,36.8535280227661));
#9189=CARTESIAN_POINT('',(116.519260406494,-3.16499977350236,38.3035280227661));
#9190=CARTESIAN_POINT('Origin',(116.519260406494,-3.16499977350236,36.8535280227661));
#9191=CARTESIAN_POINT('',(116.519260406494,0.735000226497641,38.3035280227661));
#9192=CARTESIAN_POINT('',(116.519260406494,-2.26499977350236,38.3035280227661));
#9193=CARTESIAN_POINT('Origin',(116.519260406494,0.73500022649764,36.8535280227661));
#9194=CARTESIAN_POINT('Origin',(163.311747607368,-2.26499977350236,36.332553358623));
#9195=CARTESIAN_POINT('',(163.311747607368,-3.16499977350236,37.7825533586229));
#9196=CARTESIAN_POINT('Origin',(163.311747607368,-3.16499977350236,36.332553358623));
#9197=CARTESIAN_POINT('',(163.311747607368,0.735000226497641,37.7825533586229));
#9198=CARTESIAN_POINT('',(163.311747607368,-2.26499977350236,37.7825533586229));
#9199=CARTESIAN_POINT('Origin',(163.311747607368,0.73500022649764,36.332553358623));
#9200=CARTESIAN_POINT('Origin',(163.311747607368,0.73500022649764,36.332553358623));
#9201=CARTESIAN_POINT('Origin',(116.519260406494,0.73500022649764,36.8535280227661));
#9202=CARTESIAN_POINT('Origin',(175.000002607703,20.9350002264977,85.0000012665987));
#9203=CARTESIAN_POINT('',(172.991301290732,18.9350002264976,85.0000012665987));
#9204=CARTESIAN_POINT('',(172.991301290732,19.9350002264977,85.0000012665987));
#9205=CARTESIAN_POINT('',(171.000002548099,18.9350002264977,85.0000012665987));
#9206=CARTESIAN_POINT('',(157.495651949218,18.9350002264976,85.0000012665987));
#9207=CARTESIAN_POINT('',(171.000002548099,20.9350002264977,85.0000012665987));
#9208=CARTESIAN_POINT('Origin',(139.991301290732,19.9350002264977,35.3447196142321));
#9209=CARTESIAN_POINT('',(171.000002548099,18.9350002264977,35.3447196142321));
#9210=CARTESIAN_POINT('',(171.000002548099,20.4350002264977,35.3447196142321));
#9211=CARTESIAN_POINT('',(142.000002115965,18.9350002264977,35.3447196142321));
#9212=CARTESIAN_POINT('',(139.991301290732,18.9350002264976,35.3447196142321));
#9213=CARTESIAN_POINT('',(142.000002115965,20.4350002264977,35.3447196142321));
#9214=CARTESIAN_POINT('Origin',(139.991301290732,19.9350002264977,35.3447196142321));
#9215=CARTESIAN_POINT('',(109.000001624227,18.9350002264977,35.3447196142321));
#9216=CARTESIAN_POINT('',(109.000001624227,20.4350002264977,35.3447196142321));
#9217=CARTESIAN_POINT('',(139.991301290732,18.9350002264977,35.3447196142321));
#9218=CARTESIAN_POINT('',(139.991301290732,20.4350002264977,35.3447196142321));
#9219=CARTESIAN_POINT('',(139.991301290732,18.9350002264976,35.3447196142321));
#9220=CARTESIAN_POINT('Origin',(171.000002548099,20.9350002264977,85.0000012665987));
#9221=CARTESIAN_POINT('',(171.000002548099,18.9350002264976,102.264860440415));
#9222=CARTESIAN_POINT('Origin',(109.000001624227,20.9350002264977,33.9999992400408));
#9223=CARTESIAN_POINT('',(109.000001624227,18.9350002264977,85.0000011920929));
#9224=CARTESIAN_POINT('',(109.000001624227,18.9350002264976,76.7648594271365));
#9225=CARTESIAN_POINT('',(109.000001624227,20.9350002264977,85.0000011920929));
#9226=CARTESIAN_POINT('Origin',(139.991301290732,-3.56499977350235,93.0147196142322));
#9227=CARTESIAN_POINT('',(104.991301290732,-3.56499977350235,155.014719614232));
#9228=CARTESIAN_POINT('',(104.991301290732,-3.56499977350235,31.0147196142322));
#9229=CARTESIAN_POINT('',(104.991301290732,-3.56499977350235,155.014719614232));
#9230=CARTESIAN_POINT('',(174.991301290732,-3.56499977350235,31.0147196142322));
#9231=CARTESIAN_POINT('',(104.991301290732,-3.56499977350235,31.0147196142322));
#9232=CARTESIAN_POINT('',(174.991301290732,-3.56499977350235,155.014719614232));
#9233=CARTESIAN_POINT('',(174.991301290732,-3.56499977350235,31.0147196142322));
#9234=CARTESIAN_POINT('',(174.991301290732,-3.56499977350235,155.014719614232));
#9235=CARTESIAN_POINT('',(106.991301290732,-3.56499977350235,153.014719614232));
#9236=CARTESIAN_POINT('',(172.991301290732,-3.56499977350235,153.014719614232));
#9237=CARTESIAN_POINT('',(142.615201178548,-3.56499977350235,153.014719614232));
#9238=CARTESIAN_POINT('',(172.991301290732,-3.56499977350235,34.0147196142322));
#9239=CARTESIAN_POINT('',(172.991301290732,-3.56499977350235,153.014719614232));
#9240=CARTESIAN_POINT('',(106.991301290732,-3.56499977350235,34.0147196142322));
#9241=CARTESIAN_POINT('',(113.99999742955,-3.56499977350235,34.0147196142322));
#9242=CARTESIAN_POINT('',(106.991301290732,-3.56499977350235,34.0147196142322));
#9243=CARTESIAN_POINT('Origin',(139.991301290732,-3.16499977350235,93.0147196142322));
#9244=CARTESIAN_POINT('',(142.615201178548,-3.16499977350235,153.014719614232));
#9245=CARTESIAN_POINT('',(137.615201178548,-3.16499977350235,153.014719614232));
#9246=CARTESIAN_POINT('',(123.491301290732,-3.16499977350235,153.014719614232));
#9247=CARTESIAN_POINT('',(137.615201178548,-3.16499977350235,148.014719614232));
#9248=CARTESIAN_POINT('',(137.615201178548,-3.16499977350235,150.014719614232));
#9249=CARTESIAN_POINT('',(142.615201178548,-3.16499977350235,148.014719614232));
#9250=CARTESIAN_POINT('',(141.365201178548,-3.16499977350235,148.014719614232));
#9251=CARTESIAN_POINT('',(142.615201178548,-3.16499977350235,149.014719614232));
#9252=CARTESIAN_POINT('Origin',(139.991301290732,-3.16499977350235,93.0147196142322));
#9253=CARTESIAN_POINT('',(113.99999742955,-3.16499977350235,34.0147196142322));
#9254=CARTESIAN_POINT('',(118.999997362494,-3.16499977350235,34.0147196142322));
#9255=CARTESIAN_POINT('',(156.491301290732,-3.16499977350235,34.0147196142322));
#9256=CARTESIAN_POINT('',(118.999997362494,-3.16499977350235,38.4999991953373));
#9257=CARTESIAN_POINT('',(113.99999742955,-3.16499977350235,35.9999991953373));
#9258=CARTESIAN_POINT('Origin',(139.991301290732,1.83500022649765,93.0147196142322));
#9259=CARTESIAN_POINT('',(113.99999742955,1.83500022649765,34.0147196142322));
#9260=CARTESIAN_POINT('',(118.999997362494,1.83500022649765,34.0147196142322));
#9261=CARTESIAN_POINT('',(139.991301290732,1.83500022649765,34.0147196142322));
#9262=CARTESIAN_POINT('',(113.99999742955,1.83500022649765,35.9999991953373));
#9263=CARTESIAN_POINT('',(118.999997362494,1.83500022649765,38.4999991953373));
#9264=CARTESIAN_POINT('Origin',(139.991301290732,1.83500022649765,93.0147196142322));
#9265=CARTESIAN_POINT('',(142.615201178548,1.83500022649765,153.014719614232));
#9266=CARTESIAN_POINT('',(137.615201178548,1.83500022649765,153.014719614232));
#9267=CARTESIAN_POINT('',(139.991301290732,1.83500022649765,153.014719614232));
#9268=CARTESIAN_POINT('',(142.615201178548,1.83500022649765,148.014719614232));
#9269=CARTESIAN_POINT('',(142.615201178548,1.83500022649765,149.014719614232));
#9270=CARTESIAN_POINT('',(137.615201178548,1.83500022649765,148.014719614232));
#9271=CARTESIAN_POINT('',(141.365201178548,1.83500022649765,148.014719614232));
#9272=CARTESIAN_POINT('',(137.615201178548,1.83500022649765,150.014719614232));
#9273=CARTESIAN_POINT('Origin',(139.991301290732,1.83500022649765,93.0147196142322));
#9274=CARTESIAN_POINT('',(160.799939437025,1.83500022649765,34.0147196142322));
#9275=CARTESIAN_POINT('',(165.817939437025,1.83500022649765,34.0147196142322));
#9276=CARTESIAN_POINT('',(139.991301290732,1.83500022649765,34.0147196142322));
#9277=CARTESIAN_POINT('',(160.799939437025,1.83500022649765,36.0147196142322));
#9278=CARTESIAN_POINT('',(165.817939437025,1.83500022649765,38.5147196142322));
#9279=CARTESIAN_POINT('Origin',(172.991301290732,3.93500022649765,93.0147196142322));
#9280=CARTESIAN_POINT('',(172.991301290732,18.9350002264976,153.014719614232));
#9281=CARTESIAN_POINT('',(172.991301290732,16.4350002264976,153.014719614232));
#9282=CARTESIAN_POINT('',(172.991301290732,18.9350002264976,93.0147196142322));
#9283=CARTESIAN_POINT('',(172.991301290732,3.93500022649765,34.0147196142322));
#9284=CARTESIAN_POINT('Origin',(139.991301290732,3.93500022649765,34.0147196142322));
#9285=CARTESIAN_POINT('',(106.991301290732,3.93500022649765,34.0147196142322));
#9286=CARTESIAN_POINT('',(160.799939437025,-3.16499977350235,34.0147196142322));
#9287=CARTESIAN_POINT('',(165.817939437025,-3.16499977350235,34.0147196142322));
#9288=CARTESIAN_POINT('',(156.491301290732,-3.16499977350235,34.0147196142322));
#9289=CARTESIAN_POINT('',(160.799939437025,0.385000226497652,34.0147196142322));
#9290=CARTESIAN_POINT('',(165.817939437025,0.385000226497652,34.0147196142322));
#9291=CARTESIAN_POINT('',(113.99999742955,0.835000226497652,34.0147196142322));
#9292=CARTESIAN_POINT('',(118.999997362494,0.835000226497652,34.0147196142322));
#9293=CARTESIAN_POINT('Origin',(139.991301290732,3.93500022649765,153.014719614232));
#9294=CARTESIAN_POINT('',(106.991301290732,18.9350002264976,153.014719614232));
#9295=CARTESIAN_POINT('',(106.991301290732,-3.16499977350235,153.014719614232));
#9296=CARTESIAN_POINT('',(139.991301290732,18.9350002264976,153.014719614232));
#9297=CARTESIAN_POINT('',(142.615201178548,0.335000226497651,153.014719614232));
#9298=CARTESIAN_POINT('',(137.615201178548,0.335000226497651,153.014719614232));
#9299=CARTESIAN_POINT('Origin',(139.991301290732,3.93500022649765,31.0147196142322));
#9300=CARTESIAN_POINT('',(104.991301290732,-3.16499977350235,31.0147196142322));
#9301=CARTESIAN_POINT('',(174.991301290732,-3.16499977350235,31.0147196142322));
#9302=CARTESIAN_POINT('Origin',(104.991301290732,3.93500022649765,93.0147196142322));
#9303=CARTESIAN_POINT('',(104.991301290732,-3.16499977350235,155.014719614232));
#9304=CARTESIAN_POINT('Origin',(106.991301290732,3.93500022649765,93.0147196142322));
#9305=CARTESIAN_POINT('',(106.991301290732,18.9350002264976,85.0000011920929));
#9306=CARTESIAN_POINT('',(106.991301290732,19.9350002264977,85.0000011920929));
#9307=CARTESIAN_POINT('',(106.991301290732,18.9350002264976,93.0147196142322));
#9308=CARTESIAN_POINT('Origin',(140.491301290732,3.93500022649765,155.014719614232));
#9309=CARTESIAN_POINT('',(174.991301290732,16.4350002264976,155.014719614232));
#9310=CARTESIAN_POINT('Origin',(139.991301290732,-3.16499977350235,93.0147196142322));
#9311=CARTESIAN_POINT('',(165.817939437025,-3.16499977350235,38.5147196142322));
#9312=CARTESIAN_POINT('',(160.799939437025,-3.16499977350235,36.0147196142322));
#9313=CARTESIAN_POINT('Origin',(165.817939437025,-3.26499977350235,36.0147196142322));
#9314=CARTESIAN_POINT('Origin',(160.799939437025,-3.26499977350235,33.0147196142322));
#9315=CARTESIAN_POINT('Origin',(113.99999742955,-3.26499977350235,32.9999992623925));
#9316=CARTESIAN_POINT('Origin',(118.999997362494,-3.26499977350235,35.9999991953373));
#9317=CARTESIAN_POINT('Origin',(142.615201178548,-3.26499977350235,148.014719614232));
#9318=CARTESIAN_POINT('',(137.615201178548,-3.26499977350235,148.014719614232));
#9319=CARTESIAN_POINT('',(142.615201178548,-3.16499977350235,148.014719614232));
#9320=CARTESIAN_POINT('Origin',(109.000001624227,20.9350002264977,85.0000011920929));
#9321=CARTESIAN_POINT('',(124.495651457479,18.9350002264976,85.0000011920929));
#9322=CARTESIAN_POINT('Origin',(139.991301290732,18.9350002264976,119.529719614232));
#9323=CARTESIAN_POINT('',(142.000002115965,18.9350002264977,71.4933268210383));
#9324=CARTESIAN_POINT('',(142.000002115965,18.9350002264976,95.5115232176352));
#9325=CARTESIAN_POINT('',(142.000002115965,18.9350002264977,53.6014684060124));
#9326=CARTESIAN_POINT('Origin',(141.014938354492,18.9350002264976,62.5473976135254));
#9327=CARTESIAN_POINT('',(142.000002115965,18.9350002264976,75.2872196142321));
#9328=CARTESIAN_POINT('',(139.991301290732,18.9350002264977,53.6058000402896));
#9329=CARTESIAN_POINT('',(139.991301290732,18.9350002264976,86.5677598272609));
#9330=CARTESIAN_POINT('',(139.991301290732,18.9350002264977,71.4889951867612));
#9331=CARTESIAN_POINT('Origin',(141.014938354492,18.9350002264976,62.5473976135254));
#9332=CARTESIAN_POINT('',(139.991301290732,18.9350002264976,98.7648603882614));
#9333=CARTESIAN_POINT('',(154.000002294779,18.9350002264976,63.0000009387732));
#9334=CARTESIAN_POINT('',(163.000002428889,18.9350002264976,63.0000009387732));
#9335=CARTESIAN_POINT('',(146.995651792755,18.9350002264976,63.0000009387732));
#9336=CARTESIAN_POINT('',(163.000002428889,18.9350002264976,58.0000008642673));
#9337=CARTESIAN_POINT('',(163.000002428889,18.9350002264976,91.2648602765027));
#9338=CARTESIAN_POINT('',(154.000002294779,18.9350002264976,58.0000008642673));
#9339=CARTESIAN_POINT('',(151.495651859811,18.9350002264976,58.0000008642674));
#9340=CARTESIAN_POINT('',(154.000002294779,18.9350002264976,88.7648602392498));
#9341=CARTESIAN_POINT('',(119.000001773238,18.9350002264976,63.0000009387732));
#9342=CARTESIAN_POINT('',(128.000001907349,18.9350002264976,63.0000009387732));
#9343=CARTESIAN_POINT('',(129.495651531985,18.9350002264976,63.0000009387732));
#9344=CARTESIAN_POINT('',(128.000001907349,18.9350002264976,57.0000008493662));
#9345=CARTESIAN_POINT('',(128.000001907349,18.9350002264976,91.2648602765027));
#9346=CARTESIAN_POINT('',(119.000001773238,18.9350002264976,57.0000008493662));
#9347=CARTESIAN_POINT('',(133.99565159904,18.9350002264976,57.0000008493662));
#9348=CARTESIAN_POINT('',(119.000001773238,18.9350002264976,88.2648602317992));
#9349=CARTESIAN_POINT('Origin',(142.000002115965,20.9350002264977,31.0447196142321));
#9350=CARTESIAN_POINT('',(142.000002115965,19.7850002264977,53.6014684060124));
#9351=CARTESIAN_POINT('Origin',(139.991301290732,20.9350002264977,53.6058000402896));
#9352=CARTESIAN_POINT('',(139.991301290732,19.7850002264977,53.6058000402896));
#9353=CARTESIAN_POINT('Origin',(137.615201178548,-3.26499977350235,149.014719614232));
#9354=CARTESIAN_POINT('Origin',(142.615201178548,-3.26499977350235,153.014719614232));
#9355=CARTESIAN_POINT('Origin',(123.500001840293,10.0949999999999,60.0000008940697));
#9356=CARTESIAN_POINT('',(119.000001773238,10.0949999999999,63.0000009387732));
#9357=CARTESIAN_POINT('',(128.000001907349,10.0949999999999,63.0000009387732));
#9358=CARTESIAN_POINT('',(121.250001806766,10.0949999999999,63.0000009387732));
#9359=CARTESIAN_POINT('',(119.000001773238,10.0949999999999,57.0000008493662));
#9360=CARTESIAN_POINT('',(119.000001773238,10.0949999999999,58.5000008717179));
#9361=CARTESIAN_POINT('',(128.000001907349,10.0949999999999,57.0000008493662));
#9362=CARTESIAN_POINT('',(125.750001873821,10.0949999999999,57.0000008493662));
#9363=CARTESIAN_POINT('',(128.000001907349,10.0949999999999,61.5000009164214));
#9364=CARTESIAN_POINT('Origin',(158.500002361834,10.0949999999999,60.5000009015203));
#9365=CARTESIAN_POINT('',(154.000002294779,10.0949999999999,63.0000009387732));
#9366=CARTESIAN_POINT('',(163.000002428889,10.0949999999999,63.0000009387732));
#9367=CARTESIAN_POINT('',(156.250002328306,10.0949999999999,63.0000009387732));
#9368=CARTESIAN_POINT('',(154.000002294779,10.0949999999999,58.0000008642673));
#9369=CARTESIAN_POINT('',(154.000002294779,10.0949999999999,59.2500008828938));
#9370=CARTESIAN_POINT('',(163.000002428889,10.0949999999999,58.0000008642673));
#9371=CARTESIAN_POINT('',(160.750002395362,10.0949999999999,58.0000008642673));
#9372=CARTESIAN_POINT('',(163.000002428889,10.0949999999999,61.7500009201467));
#9373=CARTESIAN_POINT('Origin',(128.000001907349,8.09499999999991,63.0000009387732));
#9374=CARTESIAN_POINT('',(128.000001907349,8.09499999999991,57.0000008493662));
#9375=CARTESIAN_POINT('',(128.000001907349,8.09499999999991,63.0000009387732));
#9376=CARTESIAN_POINT('Origin',(128.000001907349,8.09499999999991,57.0000008493662));
#9377=CARTESIAN_POINT('',(119.000001773238,8.09499999999991,57.0000008493662));
#9378=CARTESIAN_POINT('Origin',(163.000002428889,8.09499999999991,63.0000009387732));
#9379=CARTESIAN_POINT('',(163.000002428889,8.09499999999991,58.0000008642673));
#9380=CARTESIAN_POINT('',(163.000002428889,8.09499999999991,63.0000009387732));
#9381=CARTESIAN_POINT('Origin',(163.000002428889,8.09499999999991,58.0000008642673));
#9382=CARTESIAN_POINT('',(154.000002294779,8.09499999999991,58.0000008642673));
#9383=CARTESIAN_POINT('Origin',(119.000001773238,8.09499999999991,57.0000008493662));
#9384=CARTESIAN_POINT('',(119.000001773238,8.09499999999991,63.0000009387732));
#9385=CARTESIAN_POINT('Origin',(119.000001773238,8.09499999999991,63.0000009387732));
#9386=CARTESIAN_POINT('Origin',(154.000002294779,8.09499999999991,58.0000008642673));
#9387=CARTESIAN_POINT('',(154.000002294779,8.09499999999991,63.0000009387732));
#9388=CARTESIAN_POINT('Origin',(154.000002294779,8.09499999999991,63.0000009387732));
#9389=CARTESIAN_POINT('Origin',(174.991301290732,3.93500022649765,93.0147196142322));
#9390=CARTESIAN_POINT('Origin',(142.000002115965,20.9350002264977,71.4933268210383));
#9391=CARTESIAN_POINT('',(142.000002115965,19.7850002264977,71.4933268210383));
#9392=CARTESIAN_POINT('Origin',(139.991301290732,20.9350002264977,78.0000011622906));
#9393=CARTESIAN_POINT('',(139.991301290732,19.7850002264977,71.4889951867612));
#9394=CARTESIAN_POINT('Origin',(141.014938354492,19.7850002264977,62.5473976135254));
#9395=CARTESIAN_POINT('Origin',(141.014938354492,19.7850002264977,62.5473976135254));
#9396=CARTESIAN_POINT('Origin',(140.491301290732,-3.36499977350235,152.014719614232));
#9397=CARTESIAN_POINT('',(107.991301290732,-3.56499977350235,152.014719614232));
#9398=CARTESIAN_POINT('',(107.991301290732,-3.16499999999996,152.014719614232));
#9399=CARTESIAN_POINT('',(107.991301290732,-3.46499977350235,152.014719614232));
#9400=CARTESIAN_POINT('',(171.991301290732,-3.56499977350235,152.014719614232));
#9401=CARTESIAN_POINT('',(107.991301290732,-3.56499977350235,152.014719614232));
#9402=CARTESIAN_POINT('',(171.991301290732,-3.16499999999997,152.014719614232));
#9403=CARTESIAN_POINT('',(171.991301290732,-3.46499977350235,152.014719614232));
#9404=CARTESIAN_POINT('',(140.495650645366,-3.16499999999997,152.014719614232));
#9405=CARTESIAN_POINT('Origin',(107.991301290732,-3.56499977350235,153.014719614232));
#9406=CARTESIAN_POINT('',(107.991301290732,-3.16499999999999,34.0147196142322));
#9407=CARTESIAN_POINT('',(107.991301290732,-3.16499999999997,122.279859807116));
#9408=CARTESIAN_POINT('',(107.991301290732,-3.56499977350235,34.0147196142322));
#9409=CARTESIAN_POINT('',(107.991301290732,-3.56499977350235,34.0147196142322));
#9410=CARTESIAN_POINT('',(107.991301290732,-3.56499977350235,123.014719614232));
#9411=CARTESIAN_POINT('Origin',(139.890684630514,-4.26499977350234,150.638492272621));
#9412=CARTESIAN_POINT('',(139.890684630514,-4.26499977350234,152.638492272621));
#9413=CARTESIAN_POINT('Origin',(139.890684630514,-4.26499977350234,150.638492272621));
#9414=CARTESIAN_POINT('',(139.890684630514,-4.26499977350233,151.938492272621));
#9415=CARTESIAN_POINT('Origin',(139.890684630514,-4.26499977350233,150.638492272621));
#9416=CARTESIAN_POINT('Origin',(139.890684630514,-4.76499977350234,150.638492272621));
#9417=CARTESIAN_POINT('',(139.890684630514,-5.26499977350234,152.638492272621));
#9418=CARTESIAN_POINT('Origin',(139.890684630514,-5.26499977350234,150.638492272621));
#9419=CARTESIAN_POINT('',(139.890684630514,-4.76499977350234,152.638492272621));
#9420=CARTESIAN_POINT('Origin',(139.890684630514,44.2350002264977,150.63849227262));
#9421=CARTESIAN_POINT('',(139.890684630514,-3.16499999999997,151.938492272621));
#9422=CARTESIAN_POINT('',(139.890684630514,44.2350002264977,151.93849227262));
#9423=CARTESIAN_POINT('Origin',(139.890684630514,-3.16499999999997,150.638492272621));
#9424=CARTESIAN_POINT('Origin',(163.311747607368,-4.26499977350236,36.332553358623));
#9425=CARTESIAN_POINT('',(163.311747607368,-4.26499977350236,38.332553358623));
#9426=CARTESIAN_POINT('Origin',(163.311747607368,-4.26499977350236,36.332553358623));
#9427=CARTESIAN_POINT('',(163.311747607368,-4.26499977350236,37.6325533586229));
#9428=CARTESIAN_POINT('Origin',(163.311747607368,-4.26499977350236,36.332553358623));
#9429=CARTESIAN_POINT('Origin',(163.311747607368,-4.76499977350236,36.332553358623));
#9430=CARTESIAN_POINT('',(163.311747607368,-5.26499977350236,38.332553358623));
#9431=CARTESIAN_POINT('Origin',(163.311747607368,-5.26499977350236,36.332553358623));
#9432=CARTESIAN_POINT('',(163.311747607368,-4.76499977350236,38.332553358623));
#9433=CARTESIAN_POINT('Origin',(163.311747607368,44.2350002264976,36.3325533586229));
#9434=CARTESIAN_POINT('',(163.311747607368,-3.16499999999999,37.6325533586229));
#9435=CARTESIAN_POINT('',(163.311747607368,44.2350002264976,37.6325533586229));
#9436=CARTESIAN_POINT('Origin',(163.311747607368,-3.16499999999999,36.332553358623));
#9437=CARTESIAN_POINT('Origin',(116.519260406494,-4.26499977350236,36.8535280227661));
#9438=CARTESIAN_POINT('',(116.519260406494,-4.26499977350236,38.8535280227661));
#9439=CARTESIAN_POINT('Origin',(116.519260406494,-4.26499977350236,36.8535280227661));
#9440=CARTESIAN_POINT('',(116.519260406494,-4.26499977350236,38.1535280227661));
#9441=CARTESIAN_POINT('Origin',(116.519260406494,-4.26499977350236,36.8535280227661));
#9442=CARTESIAN_POINT('Origin',(116.519260406494,-4.76499977350236,36.8535280227661));
#9443=CARTESIAN_POINT('',(116.519260406494,-5.26499977350236,38.8535280227661));
#9444=CARTESIAN_POINT('Origin',(116.519260406494,-5.26499977350236,36.8535280227661));
#9445=CARTESIAN_POINT('',(116.519260406494,-4.76499977350236,38.8535280227661));
#9446=CARTESIAN_POINT('Origin',(116.519260406494,44.2350002264976,36.8535280227661));
#9447=CARTESIAN_POINT('',(116.519260406494,-3.16499999999999,38.1535280227661));
#9448=CARTESIAN_POINT('',(116.519260406494,44.2350002264976,38.1535280227661));
#9449=CARTESIAN_POINT('Origin',(116.519260406494,-3.16499999999999,36.8535280227661));
#9450=CARTESIAN_POINT('Origin',(118.5,-2.49999999999999,48.25));
#9451=CARTESIAN_POINT('',(118.5,-0.49999999999999,46.8));
#9452=CARTESIAN_POINT('Origin',(118.5,-0.499999999999989,48.25));
#9453=CARTESIAN_POINT('',(118.5,-4.49999999999999,46.8));
#9454=CARTESIAN_POINT('',(118.5,-2.49999999999999,46.8));
#9455=CARTESIAN_POINT('Origin',(118.5,-4.49999999999999,48.25));
#9456=CARTESIAN_POINT('Origin',(118.5,-4.49999999999999,48.25));
#9457=CARTESIAN_POINT('Origin',(162.5,-2.49999999999999,48.25));
#9458=CARTESIAN_POINT('',(162.5,-0.49999999999999,46.8));
#9459=CARTESIAN_POINT('Origin',(162.5,-0.49999999999999,48.25));
#9460=CARTESIAN_POINT('',(162.5,-4.49999999999999,46.8));
#9461=CARTESIAN_POINT('',(162.5,-2.49999999999999,46.8));
#9462=CARTESIAN_POINT('Origin',(162.5,-4.49999999999999,48.25));
#9463=CARTESIAN_POINT('Origin',(162.5,-4.49999999999999,48.25));
#9464=CARTESIAN_POINT('Origin',(140.5,-2.49999999999999,137.25));
#9465=CARTESIAN_POINT('',(140.5,-0.499999999999989,135.8));
#9466=CARTESIAN_POINT('Origin',(140.5,-0.499999999999989,137.25));
#9467=CARTESIAN_POINT('',(140.5,-4.49999999999999,135.8));
#9468=CARTESIAN_POINT('',(140.5,-2.49999999999999,135.8));
#9469=CARTESIAN_POINT('Origin',(140.5,-4.49999999999999,137.25));
#9470=CARTESIAN_POINT('Origin',(140.5,-4.49999999999999,137.25));
#9471=CARTESIAN_POINT('Origin',(140.5,-0.499999999999989,137.25));
#9472=CARTESIAN_POINT('',(143.1,-3.16499999999998,137.25));
#9473=CARTESIAN_POINT('Origin',(140.5,-3.16499999999998,137.25));
#9474=CARTESIAN_POINT('',(143.1,-0.499999999999989,137.25));
#9475=CARTESIAN_POINT('',(143.1,-0.499999999999989,137.25));
#9476=CARTESIAN_POINT('Origin',(140.5,-0.499999999999989,137.25));
#9477=CARTESIAN_POINT('Origin',(140.5,-0.499999999999989,137.25));
#9478=CARTESIAN_POINT('Origin',(162.5,-0.49999999999999,48.25));
#9479=CARTESIAN_POINT('',(165.1,-3.16499999999998,48.25));
#9480=CARTESIAN_POINT('Origin',(162.5,-3.16499999999998,48.25));
#9481=CARTESIAN_POINT('',(165.1,-0.49999999999999,48.25));
#9482=CARTESIAN_POINT('',(165.1,-0.49999999999999,48.25));
#9483=CARTESIAN_POINT('Origin',(162.5,-0.49999999999999,48.25));
#9484=CARTESIAN_POINT('Origin',(162.5,-0.49999999999999,48.25));
#9485=CARTESIAN_POINT('Origin',(137.275,-3.56499999999998,97.32));
#9486=CARTESIAN_POINT('',(137.275,-3.66499999999998,98.32));
#9487=CARTESIAN_POINT('',(137.275,-3.66499999999998,87.17));
#9488=CARTESIAN_POINT('',(137.275,-3.66499999999998,94.4325));
#9489=CARTESIAN_POINT('',(137.275,-5.26499977350235,98.32));
#9490=CARTESIAN_POINT('',(137.275,-3.56499999999998,98.32));
#9491=CARTESIAN_POINT('',(137.275,-5.26499977350235,87.17));
#9492=CARTESIAN_POINT('',(137.275,-5.26499977350235,92.91));
#9493=CARTESIAN_POINT('',(137.275,-3.56499999999998,87.17));
#9494=CARTESIAN_POINT('Origin',(140.5,-3.66499999999998,91.545));
#9495=CARTESIAN_POINT('',(130.875,-3.66499999999998,95.27));
#9496=CARTESIAN_POINT('',(137.925,-3.66499999999998,102.32));
#9497=CARTESIAN_POINT('Origin',(137.925,-3.66499999999998,95.27));
#9498=CARTESIAN_POINT('',(143.075,-3.66499999999998,102.32));
#9499=CARTESIAN_POINT('',(141.6875,-3.66499999999998,102.32));
#9500=CARTESIAN_POINT('',(150.125,-3.66499999999998,95.27));
#9501=CARTESIAN_POINT('Origin',(143.075,-3.66499999999998,95.27));
#9502=CARTESIAN_POINT('',(150.125,-3.66499999999998,87.82));
#9503=CARTESIAN_POINT('',(150.125,-3.66499999999998,89.7825));
#9504=CARTESIAN_POINT('',(143.075,-3.66499999999998,80.77));
#9505=CARTESIAN_POINT('Origin',(143.075,-3.66499999999998,87.82));
#9506=CARTESIAN_POINT('',(137.925,-3.66499999999998,80.77));
#9507=CARTESIAN_POINT('',(139.3125,-3.66499999999998,80.77));
#9508=CARTESIAN_POINT('',(130.875,-3.66499999999998,87.82));
#9509=CARTESIAN_POINT('Origin',(137.925,-3.66499999999998,87.82));
#9510=CARTESIAN_POINT('',(130.875,-3.66499999999998,93.3075));
#9511=CARTESIAN_POINT('',(143.725,-3.66499999999998,98.32));
#9512=CARTESIAN_POINT('',(139.3875,-3.66499999999998,98.32));
#9513=CARTESIAN_POINT('',(143.725,-3.66499999999998,87.17));
#9514=CARTESIAN_POINT('',(139.3875,-3.66499999999998,87.17));
#9515=CARTESIAN_POINT('',(143.725,-3.66499999999998,89.8575));
#9516=CARTESIAN_POINT('Origin',(143.725,-3.56499999999998,88.17));
#9517=CARTESIAN_POINT('',(143.725,-5.26499977350235,87.17));
#9518=CARTESIAN_POINT('',(143.725,-3.56499999999998,87.17));
#9519=CARTESIAN_POINT('',(143.725,-5.26499977350235,98.32));
#9520=CARTESIAN_POINT('',(143.725,-5.26499977350235,88.335));
#9521=CARTESIAN_POINT('',(143.725,-3.56499999999998,98.32));
#9522=CARTESIAN_POINT('Origin',(138.275,-3.56499999999998,87.17));
#9523=CARTESIAN_POINT('',(139.1375,-5.26499977350235,87.17));
#9524=CARTESIAN_POINT('Origin',(142.725,-3.56499999999998,98.32));
#9525=CARTESIAN_POINT('',(139.1375,-5.26499977350235,98.32));
#9526=CARTESIAN_POINT('Origin',(105.,-4.56499977350235,88.5));
#9527=CARTESIAN_POINT('',(105.,-3.56499977350235,155.));
#9528=CARTESIAN_POINT('',(105.,-3.56499977350235,31.));
#9529=CARTESIAN_POINT('',(105.,-3.56499977350235,90.7573598071161));
#9530=CARTESIAN_POINT('',(105.,-5.26499977350236,31.));
#9531=CARTESIAN_POINT('',(105.,-4.56499977350236,31.));
#9532=CARTESIAN_POINT('',(105.,-5.26499977350234,155.));
#9533=CARTESIAN_POINT('',(105.,-5.26499977350235,88.5));
#9534=CARTESIAN_POINT('',(105.,-4.56499977350234,155.));
#9535=CARTESIAN_POINT('Origin',(175.,-4.56499977350235,88.5));
#9536=CARTESIAN_POINT('',(175.,-3.56499977350235,155.));
#9537=CARTESIAN_POINT('',(175.,-3.56499977350235,31.));
#9538=CARTESIAN_POINT('',(175.,-3.56499977350235,90.7573598071161));
#9539=CARTESIAN_POINT('',(175.,-5.26499977350234,155.));
#9540=CARTESIAN_POINT('',(175.,-4.56499977350234,155.));
#9541=CARTESIAN_POINT('',(175.,-5.26499977350236,31.));
#9542=CARTESIAN_POINT('',(175.,-5.26499977350234,146.));
#9543=CARTESIAN_POINT('',(175.,-4.56499977350236,31.));
#9544=CARTESIAN_POINT('Origin',(140.,-4.56499977350236,31.));
#9545=CARTESIAN_POINT('',(139.995650645366,-3.56499977350235,31.));
#9546=CARTESIAN_POINT('',(140.,-5.26499977350236,31.));
#9547=CARTESIAN_POINT('Origin',(139.991301290732,-3.56499977350235,93.0147196142322));
#9548=CARTESIAN_POINT('',(139.995650645366,-3.56499977350235,155.));
#9549=CARTESIAN_POINT('',(171.991301290732,-3.56499977350235,34.0147196142322));
#9550=CARTESIAN_POINT('',(123.491301290732,-3.56499977350235,34.0147196142322));
#9551=CARTESIAN_POINT('',(171.991301290732,-3.56499977350235,63.0147196142322));
#9552=CARTESIAN_POINT('Origin',(171.991301290732,-3.56499977350235,33.0147196142322));
#9553=CARTESIAN_POINT('',(171.991301290732,-3.16499999999999,34.0147196142322));
#9554=CARTESIAN_POINT('',(171.991301290732,-3.56499977350235,34.0147196142322));
#9555=CARTESIAN_POINT('',(171.991301290732,-3.16499999999999,62.2798598071161));
#9556=CARTESIAN_POINT('Origin',(106.991301290732,-3.56499977350235,34.0147196142322));
#9557=CARTESIAN_POINT('',(123.745650645366,-3.16499999999999,34.0147196142322));
#9558=CARTESIAN_POINT('Origin',(140.5,-3.16499999999998,91.545));
#9559=CARTESIAN_POINT('',(143.075,-3.16499999999998,102.32));
#9560=CARTESIAN_POINT('',(137.925,-3.16499999999998,102.32));
#9561=CARTESIAN_POINT('',(141.6875,-3.16499999999998,102.32));
#9562=CARTESIAN_POINT('',(130.875,-3.16499999999998,95.27));
#9563=CARTESIAN_POINT('Origin',(137.925,-3.16499999999998,95.27));
#9564=CARTESIAN_POINT('',(130.875,-3.16499999999998,87.82));
#9565=CARTESIAN_POINT('',(130.875,-3.16499999999998,93.3075));
#9566=CARTESIAN_POINT('',(137.925,-3.16499999999998,80.77));
#9567=CARTESIAN_POINT('Origin',(137.925,-3.16499999999998,87.82));
#9568=CARTESIAN_POINT('',(143.075,-3.16499999999998,80.77));
#9569=CARTESIAN_POINT('',(139.3125,-3.16499999999998,80.77));
#9570=CARTESIAN_POINT('',(150.125,-3.16499999999998,87.82));
#9571=CARTESIAN_POINT('Origin',(143.075,-3.16499999999998,87.82));
#9572=CARTESIAN_POINT('',(150.125,-3.16499999999998,95.27));
#9573=CARTESIAN_POINT('',(150.125,-3.16499999999998,89.7825));
#9574=CARTESIAN_POINT('Origin',(143.075,-3.16499999999998,95.27));
#9575=CARTESIAN_POINT('',(115.9,-3.16499999999998,48.25));
#9576=CARTESIAN_POINT('Origin',(118.5,-3.16499999999998,48.25));
#9577=CARTESIAN_POINT('Origin',(137.925,-3.26499999999998,95.27));
#9578=CARTESIAN_POINT('',(130.875,-3.26499999999998,95.27));
#9579=CARTESIAN_POINT('',(137.925,-3.26499999999998,102.32));
#9580=CARTESIAN_POINT('Origin',(130.875,-3.26499999999998,95.07));
#9581=CARTESIAN_POINT('',(130.875,-3.26499999999998,87.82));
#9582=CARTESIAN_POINT('Origin',(137.925,-3.26499999999998,87.82));
#9583=CARTESIAN_POINT('',(137.925,-3.26499999999998,80.77));
#9584=CARTESIAN_POINT('Origin',(142.875,-3.26499999999998,102.32));
#9585=CARTESIAN_POINT('',(143.075,-3.26499999999998,102.32));
#9586=CARTESIAN_POINT('Origin',(138.125,-3.26499999999998,80.77));
#9587=CARTESIAN_POINT('',(143.075,-3.26499999999998,80.77));
#9588=CARTESIAN_POINT('Origin',(143.075,-3.26499999999998,87.82));
#9589=CARTESIAN_POINT('',(150.125,-3.26499999999998,87.82));
#9590=CARTESIAN_POINT('Origin',(150.125,-3.26499999999998,88.02));
#9591=CARTESIAN_POINT('',(150.125,-3.26499999999998,95.27));
#9592=CARTESIAN_POINT('Origin',(143.075,-3.26499999999998,95.27));
#9593=CARTESIAN_POINT('Origin',(140.,-4.56499977350234,155.));
#9594=CARTESIAN_POINT('',(140.,-5.26499977350234,155.));
#9595=CARTESIAN_POINT('Origin',(140.,-5.26499977350235,88.5));
#9596=CARTESIAN_POINT('Origin',(118.5,1.07205910815367E-14,48.25));
#9597=CARTESIAN_POINT('',(115.9,-0.499999999999989,48.25));
#9598=CARTESIAN_POINT('',(115.9,1.07205910815367E-14,48.25));
#9599=CARTESIAN_POINT('Origin',(118.5,-0.499999999999989,48.25));
#9600=CARTESIAN_POINT('Origin',(118.5,-0.499999999999989,48.25));
#9601=CARTESIAN_POINT('Origin',(141.050175515253,20.9350002264977,62.6502864471833));
#9602=CARTESIAN_POINT('',(133.949175515253,20.9350002264977,62.6502864471833));
#9603=CARTESIAN_POINT('Origin',(141.050175515253,20.9350002264977,62.6502864471833));
#9604=CARTESIAN_POINT('',(135.949175515253,20.9350002264977,62.6502864471833));
#9605=CARTESIAN_POINT('Origin',(141.050175515253,20.9350002264977,62.6502864471833));
#9606=CARTESIAN_POINT('Origin',(141.050175515253,27.895374991525,62.6502864471833));
#9607=CARTESIAN_POINT('',(133.949175515253,27.895374991525,62.6502864471833));
#9608=CARTESIAN_POINT('Origin',(141.050175515253,27.895374991525,62.6502864471833));
#9609=CARTESIAN_POINT('Origin',(141.050175515253,18.395374991525,62.6502864471833));
#9610=CARTESIAN_POINT('',(133.949175515253,18.395374991525,62.6502864471833));
#9611=CARTESIAN_POINT('Origin',(141.050175515253,13.895374991525,62.6502864471833));
#9612=CARTESIAN_POINT('',(135.949175515253,13.895374991525,62.6502864471833));
#9613=CARTESIAN_POINT('Origin',(141.050175515253,13.895374991525,62.6502864471833));
#9614=CARTESIAN_POINT('Origin',(141.050175515253,18.395374991525,62.6502864471833));
#9615=CARTESIAN_POINT('',(135.949175515253,18.395374991525,62.6502864471833));
#9616=CARTESIAN_POINT('',(0.,0.,0.));
#9617=UNCERTAINTY_MEASURE_WITH_UNIT(LENGTH_MEASURE(0.01),#9637,
'DISTANCE_ACCURACY_VALUE',
'Maximum model space distance between geometric entities at asserted c
onnectivities');
#9618=UNCERTAINTY_MEASURE_WITH_UNIT(LENGTH_MEASURE(0.01),#9637,
'DISTANCE_ACCURACY_VALUE',
'Maximum model space distance between geometric entities at asserted c
onnectivities');
#9619=UNCERTAINTY_MEASURE_WITH_UNIT(LENGTH_MEASURE(0.01),#9637,
'DISTANCE_ACCURACY_VALUE',
'Maximum model space distance between geometric entities at asserted c
onnectivities');
#9620=UNCERTAINTY_MEASURE_WITH_UNIT(LENGTH_MEASURE(0.01),#9637,
'DISTANCE_ACCURACY_VALUE',
'Maximum model space distance between geometric entities at asserted c
onnectivities');
#9621=UNCERTAINTY_MEASURE_WITH_UNIT(LENGTH_MEASURE(0.01),#9637,
'DISTANCE_ACCURACY_VALUE',
'Maximum model space distance between geometric entities at asserted c
onnectivities');
#9622=UNCERTAINTY_MEASURE_WITH_UNIT(LENGTH_MEASURE(0.01),#9637,
'DISTANCE_ACCURACY_VALUE',
'Maximum model space distance between geometric entities at asserted c
onnectivities');
#9623=UNCERTAINTY_MEASURE_WITH_UNIT(LENGTH_MEASURE(0.01),#9637,
'DISTANCE_ACCURACY_VALUE',
'Maximum model space distance between geometric entities at asserted c
onnectivities');
#9624=UNCERTAINTY_MEASURE_WITH_UNIT(LENGTH_MEASURE(0.01),#9637,
'DISTANCE_ACCURACY_VALUE',
'Maximum model space distance between geometric entities at asserted c
onnectivities');
#9625=UNCERTAINTY_MEASURE_WITH_UNIT(LENGTH_MEASURE(0.01),#9637,
'DISTANCE_ACCURACY_VALUE',
'Maximum model space distance between geometric entities at asserted c
onnectivities');
#9626=UNCERTAINTY_MEASURE_WITH_UNIT(LENGTH_MEASURE(0.01),#9637,
'DISTANCE_ACCURACY_VALUE',
'Maximum model space distance between geometric entities at asserted c
onnectivities');
#9627=(
GEOMETRIC_REPRESENTATION_CONTEXT(3)
GLOBAL_UNCERTAINTY_ASSIGNED_CONTEXT((#9617))
GLOBAL_UNIT_ASSIGNED_CONTEXT((#9637,#9639,#9640))
REPRESENTATION_CONTEXT('','3D')
);
#9628=(
GEOMETRIC_REPRESENTATION_CONTEXT(3)
GLOBAL_UNCERTAINTY_ASSIGNED_CONTEXT((#9618))
GLOBAL_UNIT_ASSIGNED_CONTEXT((#9637,#9639,#9640))
REPRESENTATION_CONTEXT('','3D')
);
#9629=(
GEOMETRIC_REPRESENTATION_CONTEXT(3)
GLOBAL_UNCERTAINTY_ASSIGNED_CONTEXT((#9619))
GLOBAL_UNIT_ASSIGNED_CONTEXT((#9637,#9639,#9640))
REPRESENTATION_CONTEXT('','3D')
);
#9630=(
GEOMETRIC_REPRESENTATION_CONTEXT(3)
GLOBAL_UNCERTAINTY_ASSIGNED_CONTEXT((#9620))
GLOBAL_UNIT_ASSIGNED_CONTEXT((#9637,#9639,#9640))
REPRESENTATION_CONTEXT('','3D')
);
#9631=(
GEOMETRIC_REPRESENTATION_CONTEXT(3)
GLOBAL_UNCERTAINTY_ASSIGNED_CONTEXT((#9621))
GLOBAL_UNIT_ASSIGNED_CONTEXT((#9637,#9639,#9640))
REPRESENTATION_CONTEXT('','3D')
);
#9632=(
GEOMETRIC_REPRESENTATION_CONTEXT(3)
GLOBAL_UNCERTAINTY_ASSIGNED_CONTEXT((#9622))
GLOBAL_UNIT_ASSIGNED_CONTEXT((#9637,#9639,#9640))
REPRESENTATION_CONTEXT('','3D')
);
#9633=(
GEOMETRIC_REPRESENTATION_CONTEXT(3)
GLOBAL_UNCERTAINTY_ASSIGNED_CONTEXT((#9623))
GLOBAL_UNIT_ASSIGNED_CONTEXT((#9637,#9639,#9640))
REPRESENTATION_CONTEXT('','3D')
);
#9634=(
GEOMETRIC_REPRESENTATION_CONTEXT(3)
GLOBAL_UNCERTAINTY_ASSIGNED_CONTEXT((#9624))
GLOBAL_UNIT_ASSIGNED_CONTEXT((#9637,#9639,#9640))
REPRESENTATION_CONTEXT('','3D')
);
#9635=(
GEOMETRIC_REPRESENTATION_CONTEXT(3)
GLOBAL_UNCERTAINTY_ASSIGNED_CONTEXT((#9625))
GLOBAL_UNIT_ASSIGNED_CONTEXT((#9637,#9639,#9640))
REPRESENTATION_CONTEXT('','3D')
);
#9636=(
GEOMETRIC_REPRESENTATION_CONTEXT(3)
GLOBAL_UNCERTAINTY_ASSIGNED_CONTEXT((#9626))
GLOBAL_UNIT_ASSIGNED_CONTEXT((#9637,#9639,#9640))
REPRESENTATION_CONTEXT('','3D')
);
#9637=(
LENGTH_UNIT()
NAMED_UNIT(*)
SI_UNIT(.MILLI.,.METRE.)
);
#9638=(
LENGTH_UNIT()
NAMED_UNIT(*)
SI_UNIT($,.METRE.)
);
#9639=(
NAMED_UNIT(*)
PLANE_ANGLE_UNIT()
SI_UNIT($,.RADIAN.)
);
#9640=(
NAMED_UNIT(*)
SI_UNIT($,.STERADIAN.)
SOLID_ANGLE_UNIT()
);
#9641=SHAPE_DEFINITION_REPRESENTATION(#9650,#9676);
#9642=SHAPE_DEFINITION_REPRESENTATION(#9651,#9677);
#9643=SHAPE_DEFINITION_REPRESENTATION(#9652,#9678);
#9644=SHAPE_DEFINITION_REPRESENTATION(#9653,#9679);
#9645=SHAPE_DEFINITION_REPRESENTATION(#9655,#9680);
#9646=SHAPE_DEFINITION_REPRESENTATION(#9656,#9681);
#9647=SHAPE_DEFINITION_REPRESENTATION(#9657,#9682);
#9648=SHAPE_DEFINITION_REPRESENTATION(#9659,#9683);
#9649=SHAPE_DEFINITION_REPRESENTATION(#9660,#9684);
#9650=PRODUCT_DEFINITION_SHAPE('',$,#9686);
#9651=PRODUCT_DEFINITION_SHAPE('',$,#9687);
#9652=PRODUCT_DEFINITION_SHAPE('',$,#9688);
#9653=PRODUCT_DEFINITION_SHAPE('',$,#9689);
#9654=PRODUCT_DEFINITION_SHAPE($,$,#62);
#9655=PRODUCT_DEFINITION_SHAPE('',$,#9690);
#9656=PRODUCT_DEFINITION_SHAPE('',$,#9691);
#9657=PRODUCT_DEFINITION_SHAPE('',$,#9692);
#9658=PRODUCT_DEFINITION_SHAPE($,$,#63);
#9659=PRODUCT_DEFINITION_SHAPE('',$,#9693);
#9660=PRODUCT_DEFINITION_SHAPE('',$,#9694);
#9661=PRODUCT_DEFINITION_SHAPE($,$,#64);
#9662=PRODUCT_DEFINITION_SHAPE($,$,#65);
#9663=PRODUCT_DEFINITION_SHAPE($,$,#66);
#9664=PRODUCT_DEFINITION_SHAPE($,$,#67);
#9665=PRODUCT_DEFINITION_SHAPE($,$,#68);
#9666=PRODUCT_DEFINITION_SHAPE($,$,#69);
#9667=PRODUCT_DEFINITION_SHAPE($,$,#70);
#9668=PRODUCT_DEFINITION_SHAPE($,$,#71);
#9669=PRODUCT_DEFINITION_SHAPE($,$,#72);
#9670=PRODUCT_DEFINITION_SHAPE($,$,#73);
#9671=PRODUCT_DEFINITION_SHAPE($,$,#74);
#9672=PRODUCT_DEFINITION_SHAPE($,$,#75);
#9673=PRODUCT_DEFINITION_SHAPE($,$,#76);
#9674=PRODUCT_DEFINITION_SHAPE($,$,#77);
#9675=PRODUCT_DEFINITION_SHAPE($,$,#78);
#9676=SHAPE_REPRESENTATION('',(#5842,#6394),#9627);
#9677=SHAPE_REPRESENTATION('',(#5843,#6230,#6231,#6232,#6233,#6234,#6235,
#6236,#6237,#6238,#6239,#6240,#6241,#6242),#9628);
#9678=SHAPE_REPRESENTATION('',(#5844,#5940),#9629);
#9679=SHAPE_REPRESENTATION('',(#5845),#9630);
#9680=SHAPE_REPRESENTATION('',(#5941),#9631);
#9681=SHAPE_REPRESENTATION('',(#6130,#6174),#9632);
#9682=SHAPE_REPRESENTATION('',(#6131),#9633);
#9683=SHAPE_REPRESENTATION('',(#6175,#6229),#9634);
#9684=SHAPE_REPRESENTATION('',(#6176),#9635);
#9685=PRODUCT_DEFINITION_CONTEXT('part definition',#9714,'design');
#9686=PRODUCT_DEFINITION('2026-08-25-12-29-31-188','Mouse Shell',#9695,
#9685);
#9687=PRODUCT_DEFINITION('2026-08-25-22-44-05-170','DIY_Mouse',#9696,#9685);
#9688=PRODUCT_DEFINITION('2026-08-25-22-44-05-175','SOT-23 (1)',#9697,#9685);
#9689=PRODUCT_DEFINITION('2026-08-25-22-44-05-176','SOT-23',#9698,#9685);
#9690=PRODUCT_DEFINITION('2026-08-25-22-44-05-177','DIY_Mouse_PCB',#9699,
#9685);
#9691=PRODUCT_DEFINITION('2026-08-25-22-44-05-171',
'R_0805_2012Metric (1)',#9700,#9685);
#9692=PRODUCT_DEFINITION('2026-08-25-22-44-05-172','R_0805_2012Metric',
#9701,#9685);
#9693=PRODUCT_DEFINITION('2026-08-25-22-44-05-173',
'C_0805_2012Metric (1)',#9702,#9685);
#9694=PRODUCT_DEFINITION('2026-08-25-22-44-05-174','C_0805_2012Metric',
#9703,#9685);
#9695=PRODUCT_DEFINITION_FORMATION('',$,#9716);
#9696=PRODUCT_DEFINITION_FORMATION('',$,#9717);
#9697=PRODUCT_DEFINITION_FORMATION('',$,#9718);
#9698=PRODUCT_DEFINITION_FORMATION('',$,#9719);
#9699=PRODUCT_DEFINITION_FORMATION('',$,#9720);
#9700=PRODUCT_DEFINITION_FORMATION('',$,#9721);
#9701=PRODUCT_DEFINITION_FORMATION('',$,#9722);
#9702=PRODUCT_DEFINITION_FORMATION('',$,#9723);
#9703=PRODUCT_DEFINITION_FORMATION('',$,#9724);
#9704=PRODUCT_RELATED_PRODUCT_CATEGORY('Mouse Shell','Mouse Shell',(#9716));
#9705=PRODUCT_RELATED_PRODUCT_CATEGORY('DIY_Mouse','DIY_Mouse',(#9717));
#9706=PRODUCT_RELATED_PRODUCT_CATEGORY('SOT-23 (1)','SOT-23 (1)',(#9718));
#9707=PRODUCT_RELATED_PRODUCT_CATEGORY('SOT-23','SOT-23',(#9719));
#9708=PRODUCT_RELATED_PRODUCT_CATEGORY('DIY_Mouse_PCB','DIY_Mouse_PCB',
(#9720));
#9709=PRODUCT_RELATED_PRODUCT_CATEGORY('R_0805_2012Metric (1)',
'R_0805_2012Metric (1)',(#9721));
#9710=PRODUCT_RELATED_PRODUCT_CATEGORY('R_0805_2012Metric',
'R_0805_2012Metric',(#9722));
#9711=PRODUCT_RELATED_PRODUCT_CATEGORY('C_0805_2012Metric (1)',
'C_0805_2012Metric (1)',(#9723));
#9712=PRODUCT_RELATED_PRODUCT_CATEGORY('C_0805_2012Metric',
'C_0805_2012Metric',(#9724));
#9713=APPLICATION_PROTOCOL_DEFINITION('international standard',
'automotive_design',2009,#9714);
#9714=APPLICATION_CONTEXT(
'Core Data for Automotive Mechanical Design Process');
#9715=PRODUCT_CONTEXT('part definition',#9714,'mechanical');
#9716=PRODUCT('2026-08-25-12-29-31-188','Mouse Shell',$,(#9715));
#9717=PRODUCT('2026-08-25-22-44-05-170','DIY_Mouse',
'KiCad electronic assembly',(#9715));
#9718=PRODUCT('2026-08-25-22-44-05-175','SOT-23 (1)',$,(#9715));
#9719=PRODUCT('2026-08-25-22-44-05-176','SOT-23',$,(#9715));
#9720=PRODUCT('2026-08-25-22-44-05-177','DIY_Mouse_PCB',$,(#9715));
#9721=PRODUCT('2026-08-25-22-44-05-171','R_0805_2012Metric (1)',$,(#9715));
#9722=PRODUCT('2026-08-25-22-44-05-172','R_0805_2012Metric',$,(#9715));
#9723=PRODUCT('2026-08-25-22-44-05-173','C_0805_2012Metric (1)',$,(#9715));
#9724=PRODUCT('2026-08-25-22-44-05-174','C_0805_2012Metric',$,(#9715));
#9725=PRESENTATION_STYLE_ASSIGNMENT((#9734));
#9726=PRESENTATION_STYLE_ASSIGNMENT((#9735));
#9727=PRESENTATION_STYLE_ASSIGNMENT((#9736));
#9728=PRESENTATION_STYLE_ASSIGNMENT((#9737));
#9729=PRESENTATION_STYLE_ASSIGNMENT((#9738));
#9730=PRESENTATION_STYLE_ASSIGNMENT((#9739));
#9731=PRESENTATION_STYLE_ASSIGNMENT((#9740));
#9732=PRESENTATION_STYLE_ASSIGNMENT((#9741));
#9733=PRESENTATION_STYLE_ASSIGNMENT((#9742));
#9734=SURFACE_STYLE_USAGE(.BOTH.,#9743);
#9735=SURFACE_STYLE_USAGE(.BOTH.,#9744);
#9736=SURFACE_STYLE_USAGE(.BOTH.,#9745);
#9737=SURFACE_STYLE_USAGE(.BOTH.,#9746);
#9738=SURFACE_STYLE_USAGE(.BOTH.,#9747);
#9739=SURFACE_STYLE_USAGE(.BOTH.,#9748);
#9740=SURFACE_STYLE_USAGE(.BOTH.,#9749);
#9741=SURFACE_STYLE_USAGE(.BOTH.,#9750);
#9742=SURFACE_STYLE_USAGE(.BOTH.,#9751);
#9743=SURFACE_SIDE_STYLE('',(#9752));
#9744=SURFACE_SIDE_STYLE('',(#9753));
#9745=SURFACE_SIDE_STYLE('',(#9754));
#9746=SURFACE_SIDE_STYLE('',(#9755));
#9747=SURFACE_SIDE_STYLE('',(#9756));
#9748=SURFACE_SIDE_STYLE('',(#9757));
#9749=SURFACE_SIDE_STYLE('',(#9758));
#9750=SURFACE_SIDE_STYLE('',(#9759));
#9751=SURFACE_SIDE_STYLE('',(#9760));
#9752=SURFACE_STYLE_FILL_AREA(#9761);
#9753=SURFACE_STYLE_FILL_AREA(#9762);
#9754=SURFACE_STYLE_FILL_AREA(#9763);
#9755=SURFACE_STYLE_FILL_AREA(#9764);
#9756=SURFACE_STYLE_FILL_AREA(#9765);
#9757=SURFACE_STYLE_FILL_AREA(#9766);
#9758=SURFACE_STYLE_FILL_AREA(#9767);
#9759=SURFACE_STYLE_FILL_AREA(#9768);
#9760=SURFACE_STYLE_FILL_AREA(#9769);
#9761=FILL_AREA_STYLE('ABS (White)',(#9770));
#9762=FILL_AREA_STYLE('Steel - Satin',(#9771));
#9763=FILL_AREA_STYLE('Opaque(38,37,37)',(#9772));
#9764=FILL_AREA_STYLE('Opaque(210,209,199)',(#9773));
#9765=FILL_AREA_STYLE('Opaque(176,169,152)',(#9774));
#9766=FILL_AREA_STYLE('Opaque(80,124,105)',(#9775));
#9767=FILL_AREA_STYLE('Opaque(228,227,207)',(#9776));
#9768=FILL_AREA_STYLE('Opaque(21,22,24)',(#9777));
#9769=FILL_AREA_STYLE('Opaque(97,69,55)',(#9778));
#9770=FILL_AREA_STYLE_COLOUR('ABS (White)',#9779);
#9771=FILL_AREA_STYLE_COLOUR('Steel - Satin',#9780);
#9772=FILL_AREA_STYLE_COLOUR('Opaque(38,37,37)',#9781);
#9773=FILL_AREA_STYLE_COLOUR('Opaque(210,209,199)',#9782);
#9774=FILL_AREA_STYLE_COLOUR('Opaque(176,169,152)',#9783);
#9775=FILL_AREA_STYLE_COLOUR('Opaque(80,124,105)',#9784);
#9776=FILL_AREA_STYLE_COLOUR('Opaque(228,227,207)',#9785);
#9777=FILL_AREA_STYLE_COLOUR('Opaque(21,22,24)',#9786);
#9778=FILL_AREA_STYLE_COLOUR('Opaque(97,69,55)',#9787);
#9779=COLOUR_RGB('ABS (White)',0.964705882352941,0.964705882352941,0.952941176470588);
#9780=COLOUR_RGB('Steel - Satin',0.627450980392157,0.627450980392157,0.627450980392157);
#9781=COLOUR_RGB('Opaque(38,37,37)',0.149019607843137,0.145098039215686,
0.145098039215686);
#9782=COLOUR_RGB('Opaque(210,209,199)',0.823529411764706,0.819607843137255,
0.780392156862745);
#9783=COLOUR_RGB('Opaque(176,169,152)',0.690196078431373,0.662745098039216,
0.596078431372549);
#9784=COLOUR_RGB('Opaque(80,124,105)',0.313725490196078,0.486274509803922,
0.411764705882353);
#9785=COLOUR_RGB('Opaque(228,227,207)',0.894117647058824,0.890196078431372,
0.811764705882353);
#9786=COLOUR_RGB('Opaque(21,22,24)',0.0823529411764706,0.0862745098039216,
0.0941176470588235);
#9787=COLOUR_RGB('Opaque(97,69,55)',0.380392156862745,0.270588235294118,
0.215686274509804);
ENDSEC;
END-ISO-10303-21;
